run_key,dataset,config_id,backbone,pretraining,channel_mode,satlas_variant,swin_arch,tier,augment,k_shot,seed,test_acc,macro_f1,weighted_f1,kappa,roc_auc_ovr,ece,frozen_acc,frozen_macro_f1,frozen_weighted_f1,frozen_kappa,frozen_roc_auc_ovr,frozen_ece,epochs_stage1,epochs_stage2,steps_stage1,steps_stage2,steps_per_epoch_s1,steps_per_epoch_s2,min_steps_stage1,min_steps_stage2,floor_engaged_s1,floor_engaged_s2,drop_last,best_val_acc_stage1,best_val_acc_stage2,best_epoch_stage1,best_epoch_stage2,train_seconds,eval_seconds,stage1_train_seconds,stage2_train_seconds,total_seconds,n_train_pool,n_train_used,n_val,n_test,split_hash_train,split_hash_val,split_hash_test,gpu_name,protocol_fp,backbone_fp,feat_cache_hit,amp_dtype,torch_version,timestamp
eurosat|resnet50_satlas-ms_ms9|5|42,eurosat,resnet50_satlas-ms_ms9,resnet50,satlas,ms9,ms,,core,False,5,42,0.8285185185185185,0.8212307106769663,0.8270912706074116,0.809067790785585,0.9820583901360544,0.12637715806563696,0.7129629629629629,0.6933440201125812,0.7050231298970153,0.6804636140825069,0.9492843511337867,0.042517097813111776,150,100,300,200,2,2,300,200,True,True,False,0.7144444444444444,0.822962962962963,9,19,40.35,1.18,11.84,28.51,47.09,18900,50,5400,2700,e5086fc1db7ca6bb,960ff2e6743af984,88c77e93aae99847,NVIDIA A100-SXM4-80GB,6e223e81e1ad,da58b6a4a0cf9eff,False,bfloat16,2.11.0+cu128,2026-08-18T03:46:51
eurosat|resnet50_satlas-ms_ms9|10|42,eurosat,resnet50_satlas-ms_ms9,resnet50,satlas,ms9,ms,,core,False,10,42,0.8462962962962963,0.8416065031213877,0.8456958888791878,0.8290030903055969,0.9839028459750567,0.10839448236756855,0.7548148148148148,0.7406345291616981,0.7495170002489024,0.7271915565832552,0.9598067926303854,0.15650434258911347,75,50,300,200,4,4,300,200,True,True,False,0.7501851851851852,0.8462962962962963,69,44,30.34,1.25,1.63,28.71,35.38,18900,100,5400,2700,e5086fc1db7ca6bb,960ff2e6743af984,88c77e93aae99847,NVIDIA A100-SXM4-80GB,6e223e81e1ad,da58b6a4a0cf9eff,True,bfloat16,2.11.0+cu128,2026-08-18T03:47:27
eurosat|swin_b_imagenet_rgb3|5|42,eurosat,swin_b_imagenet_rgb3,swin_b,imagenet,rgb3,,swin_v2_b,core,False,5,42,0.8214814814814815,0.8154133661468196,0.8213518111445355,0.8013781735766122,0.9789455543650792,0.12305262805135164,0.7251851851851852,0.7082180805565319,0.7182639286799436,0.6942307692307692,0.9585097937641722,0.15257562217337112,150,100,300,200,2,2,300,200,True,True,False,0.7138888888888889,0.8288888888888889,9,29,165.71,4.56,43.73,121.98,174.24,18900,50,5400,2700,e5086fc1db7ca6bb,960ff2e6743af984,88c77e93aae99847,NVIDIA A100-SXM4-80GB,6e223e81e1ad,88912e7391ce9f7b,False,bfloat16,2.11.0+cu128,2026-08-18T03:50:21
eurosat|swin_b_imagenet_rgb3|10|42,eurosat,swin_b_imagenet_rgb3,swin_b,imagenet,rgb3,,swin_v2_b,core,False,10,42,0.8844444444444445,0.8773851592341005,0.8807763378550002,0.8712615572705739,0.9911911908163263,0.07773405724101595,0.8096296296296296,0.7999173359853823,0.8054655667200253,0.7878727664582792,0.9800945817460317,0.0836752147199931,75,50,300,200,4,4,300,200,True,True,False,0.8068518518518518,0.8807407407407407,24,19,124.36,4.62,1.57,122.79,131.23,18900,100,5400,2700,e5086fc1db7ca6bb,960ff2e6743af984,88c77e93aae99847,NVIDIA A100-SXM4-80GB,6e223e81e1ad,88912e7391ce9f7b,True,bfloat16,2.11.0+cu128,2026-08-18T03:52:33
eurosat|resnet50_satlas-ms_ms9|5|123,eurosat,resnet50_satlas-ms_ms9,resnet50,satlas,ms9,ms,,core,False,5,123,0.8096296296296296,0.7926787359697621,0.8031547463579446,0.78805580372483,0.9675222213718822,0.15060845954550636,0.7218518518518519,0.7101192393367372,0.7210445045358495,0.690389665913394,0.9426444249433106,0.0365344888413394,150,100,300,200,2,2,300,200,True,True,False,0.7157407407407408,0.7996296296296296,9,49,30.13,1.22,1.67,28.45,34.93,18900,50,5400,2700,e5086fc1db7ca6bb,960ff2e6743af984,88c77e93aae99847,NVIDIA A100-SXM4-80GB,6e223e81e1ad,da58b6a4a0cf9eff,True,bfloat16,2.11.0+cu128,2026-08-18T03:56:20
eurosat|swin_b_satlas-ms_ms9|5|42,eurosat,swin_b_satlas-ms_ms9,swin_b,satlas,ms9,ms,swin_v2_b,core,False,5,42,0.8529629629629629,0.8422322643338847,0.8469582599071809,0.8364672408137734,0.9868292045351474,0.12375244467346755,0.7918518518518518,0.7766413397905063,0.7843767833771564,0.7683482562000504,0.9730474727891156,0.10998520648037946,150,100,300,200,2,2,300,200,True,True,False,0.7887037037037037,0.8522222222222222,49,39,164.41,4.61,43.01,121.4,176.45,18900,50,5400,2700,e5086fc1db7ca6bb,960ff2e6743af984,88c77e93aae99847,NVIDIA A100-SXM4-80GB,6e223e81e1ad,a9bb67424136c40c,False,bfloat16,2.11.0+cu128,2026-08-18T03:59:16
eurosat|swin_b_satlas-ms_ms9|5|123,eurosat,swin_b_satlas-ms_ms9,swin_b,satlas,ms9,ms,swin_v2_b,core,False,5,123,0.8833333333333333,0.8789966928934756,0.881512836543542,0.8701596097918431,0.9888594339569161,0.1004758628209432,0.7933333333333333,0.7839264381719693,0.7908414768608856,0.7700391510405935,0.9727454045918366,0.1190928827281351,150,100,300,200,2,2,300,200,True,True,False,0.7937037037037037,0.8796296296296297,129,79,123.15,4.69,1.62,121.53,134.5,18900,50,5400,2700,e5086fc1db7ca6bb,960ff2e6743af984,88c77e93aae99847,NVIDIA A100-SXM4-80GB,6e223e81e1ad,a9bb67424136c40c,True,bfloat16,2.11.0+cu128,2026-08-18T04:01:31
eurosat|resnet50_imagenet_rgb3|5|42,eurosat,resnet50_imagenet_rgb3,resnet50,imagenet,rgb3,,,core,False,5,42,0.7666666666666667,0.7433116204341688,0.7557759215439626,0.7398784264250488,0.9664123893424035,0.1614907850380297,0.7892592592592592,0.7753042700195023,0.7821201466121046,0.7652694061833932,0.9758453760204082,0.10853799713982476,150,100,300,200,2,2,300,200,True,True,False,0.7792592592592592,0.7633333333333333,19,99,42.6,1.25,12.66,29.93,45.2,18900,50,5400,2700,e5086fc1db7ca6bb,960ff2e6743af984,88c77e93aae99847,NVIDIA A100-SXM4-80GB,6e223e81e1ad,8dbf1f2f4e43febd,False,bfloat16,2.11.0+cu128,2026-08-18T04:02:17
eurosat|resnet50_imagenet_rgb3|5|123,eurosat,resnet50_imagenet_rgb3,resnet50,imagenet,rgb3,,,core,False,5,123,0.7559259259259259,0.736096393576414,0.7449354061301439,0.7283366286748146,0.9648202640589568,0.156815072827869,0.8051851851851852,0.793151915063928,0.800523887468849,0.783205361095422,0.9792091551020408,0.1097720147282989,150,100,300,200,2,2,300,200,True,True,False,0.8103703703703704,0.7409259259259259,149,59,31.36,1.25,1.65,29.71,33.45,18900,50,5400,2700,e5086fc1db7ca6bb,960ff2e6743af984,88c77e93aae99847,NVIDIA A100-SXM4-80GB,6e223e81e1ad,8dbf1f2f4e43febd,True,bfloat16,2.11.0+cu128,2026-08-18T04:02:50
eurosat|swin_b_imagenet_rgb3|5|123,eurosat,swin_b_imagenet_rgb3,swin_b,imagenet,rgb3,,swin_v2_b,core,False,5,123,0.8451851851851852,0.8372943923414183,0.8441658386225798,0.8277117537954249,0.9837833960884355,0.10600600628941148,0.6988888888888889,0.6827662911460548,0.6923844434497275,0.6651488456170056,0.9518202382086167,0.11026355675525136,150,100,300,200,2,2,300,200,True,True,False,0.7035185185185185,0.8385185185185186,9,49,125.39,4.72,1.59,123.8,132.38,18900,50,5400,2700,e5086fc1db7ca6bb,960ff2e6743af984,88c77e93aae99847,NVIDIA A100-SXM4-80GB,6e223e81e1ad,88912e7391ce9f7b,True,bfloat16,2.11.0+cu128,2026-08-18T04:05:03
eurosat|resnet50_scratch_ms9|5|42,eurosat,resnet50_scratch_ms9,resnet50,scratch,ms9,,,core,False,5,42,0.5148148148148148,0.4899875642583112,0.49711236719025303,0.4595337963281304,0.8606133324829932,0.3750111808821007,0.44222222222222224,0.4158411941907213,0.41097219389530437,0.379613383580245,0.8335803912698413,0.11715447914821128,150,100,300,200,2,2,300,200,True,True,False,0.4338888888888889,0.515,149,59,40.64,1.19,12.12,28.52,43.0,18900,50,5400,2700,e5086fc1db7ca6bb,960ff2e6743af984,88c77e93aae99847,NVIDIA A100-SXM4-80GB,6e223e81e1ad,f0a84228f765a9b5,False,bfloat16,2.11.0+cu128,2026-08-18T04:05:46
eurosat|resnet50_scratch_ms9|5|123,eurosat,resnet50_scratch_ms9,resnet50,scratch,ms9,,,core,False,5,123,0.5740740740740741,0.5578083937306131,0.5662255957009406,0.5259252473433493,0.8727336951247165,0.33238251383657813,0.4437037037037037,0.39877594012767464,0.40427478623627183,0.38110063181027376,0.8146516397959183,0.14112103898768075,150,100,300,200,2,2,300,200,True,True,False,0.45185185185185184,0.562962962962963,109,79,40.71,1.18,11.9,28.8,42.97,18900,50,5400,2700,e5086fc1db7ca6bb,960ff2e6743af984,88c77e93aae99847,NVIDIA A100-SXM4-80GB,6e223e81e1ad,7b051e0a5b8ad687,False,bfloat16,2.11.0+cu128,2026-08-18T04:06:30
eurosat|swin_b_scratch_ms9|5|42,eurosat,swin_b_scratch_ms9,swin_b,scratch,ms9,,swin_v2_b,core,False,5,42,0.5411111111111111,0.5291543339697516,0.5263078226269611,0.48974237732798453,0.869290081632653,0.2996087921659152,0.524074074074074,0.5111621222940089,0.5121602496050087,0.47058823529411775,0.8648647792517006,0.23060389446991464,150,100,300,200,2,2,300,200,True,True,False,0.5307407407407407,0.5331481481481481,89,69,164.69,4.54,43.39,121.3,171.25,18900,50,5400,2700,e5086fc1db7ca6bb,960ff2e6743af984,88c77e93aae99847,NVIDIA A100-SXM4-80GB,6e223e81e1ad,1c220bb31401f88c,False,bfloat16,2.11.0+cu128,2026-08-18T04:09:21
eurosat|swin_b_scratch_ms9|5|123,eurosat,swin_b_scratch_ms9,swin_b,scratch,ms9,,swin_v2_b,core,False,5,123,0.5322222222222223,0.5204660845872883,0.5253098859041502,0.4803023606687291,0.8770705557256235,0.3114936178922653,0.49962962962962965,0.4821497349278282,0.4919312990448304,0.4427504239294826,0.8560166378684807,0.20732468312537228,150,100,300,200,2,2,300,200,True,True,False,0.5066666666666667,0.5344444444444445,109,69,164.8,4.53,42.83,121.97,171.35,18900,50,5400,2700,e5086fc1db7ca6bb,960ff2e6743af984,88c77e93aae99847,NVIDIA A100-SXM4-80GB,6e223e81e1ad,9239f9e0cb83fa0b,False,bfloat16,2.11.0+cu128,2026-08-18T04:12:13
eurosat|resnet50_satlas-ms_ms9|10|123,eurosat,resnet50_satlas-ms_ms9,resnet50,satlas,ms9,ms,,core,False,10,123,0.8537037037037037,0.8452939447108705,0.8530107305326372,0.8372364535402789,0.9859520207482995,0.10604338834683104,0.7677777777777778,0.7561138844021078,0.7668570366466473,0.7418336535822123,0.9656872645124718,0.09945943051466236,75,50,300,200,4,4,300,200,True,True,False,0.7670370370370371,0.86,9,49,29.56,1.2,1.62,27.93,34.68,18900,100,5400,2700,e5086fc1db7ca6bb,960ff2e6743af984,88c77e93aae99847,NVIDIA A100-SXM4-80GB,6e223e81e1ad,da58b6a4a0cf9eff,True,bfloat16,2.11.0+cu128,2026-08-18T04:12:48
eurosat|swin_b_satlas-ms_ms9|10|42,eurosat,swin_b_satlas-ms_ms9,swin_b,satlas,ms9,ms,swin_v2_b,core,False,10,42,0.92,0.9170679999905176,0.9188788447152153,0.9109121877076539,0.995279774659864,0.07021630207697548,0.8585185185185186,0.8501458348990856,0.8557975783418801,0.8425523794985307,0.9872276952380954,0.0586829192550094,75,50,300,200,4,4,300,200,True,True,False,0.8525925925925926,0.912962962962963,39,49,122.18,4.59,1.58,120.6,134.08,18900,100,5400,2700,e5086fc1db7ca6bb,960ff2e6743af984,88c77e93aae99847,NVIDIA A100-SXM4-80GB,6e223e81e1ad,a9bb67424136c40c,True,bfloat16,2.11.0+cu128,2026-08-18T04:15:02
eurosat|swin_b_satlas-ms_ms9|10|123,eurosat,swin_b_satlas-ms_ms9,swin_b,satlas,ms9,ms,swin_v2_b,core,False,10,123,0.9107407407407407,0.9082904355379849,0.9103499033348184,0.9007027262114587,0.9928205071428572,0.07364835316384284,0.847037037037037,0.8421855444764184,0.8464065522106722,0.8298700109849871,0.9850679285714286,0.07557948196375815,75,50,300,200,4,4,300,200,True,True,False,0.8437037037037037,0.9088888888888889,64,44,122.13,4.54,1.61,120.52,132.79,18900,100,5400,2700,e5086fc1db7ca6bb,960ff2e6743af984,88c77e93aae99847,NVIDIA A100-SXM4-80GB,6e223e81e1ad,a9bb67424136c40c,True,bfloat16,2.11.0+cu128,2026-08-18T04:17:15
eurosat|resnet50_imagenet_rgb3|10|42,eurosat,resnet50_imagenet_rgb3,resnet50,imagenet,rgb3,,,core,False,10,42,0.8344444444444444,0.8214271029498825,0.8286098603653643,0.815536280615949,0.9801729380952381,0.11085226764281587,0.8551851851851852,0.8482026745597866,0.8521102428237574,0.8386914402713688,0.9884750942743764,0.07725996259186,75,50,300,200,4,4,300,200,True,True,False,0.8561111111111112,0.822962962962963,54,39,30.77,1.29,1.61,29.15,32.89,18900,100,5400,2700,e5086fc1db7ca6bb,960ff2e6743af984,88c77e93aae99847,NVIDIA A100-SXM4-80GB,6e223e81e1ad,8dbf1f2f4e43febd,True,bfloat16,2.11.0+cu128,2026-08-18T04:17:49
eurosat|resnet50_imagenet_rgb3|10|123,eurosat,resnet50_imagenet_rgb3,resnet50,imagenet,rgb3,,,core,False,10,123,0.8211111111111111,0.8114047689791404,0.818464103308827,0.8009509054970885,0.9799666561224487,0.11204060022477755,0.8418518518518519,0.8327247994463617,0.8396355724691832,0.824037118720381,0.9872152854875283,0.08715799827266621,75,50,300,200,4,4,300,200,True,True,False,0.8462962962962963,0.812037037037037,59,49,30.28,1.24,1.6,28.67,32.34,18900,100,5400,2700,e5086fc1db7ca6bb,960ff2e6743af984,88c77e93aae99847,NVIDIA A100-SXM4-80GB,6e223e81e1ad,8dbf1f2f4e43febd,True,bfloat16,2.11.0+cu128,2026-08-18T04:18:21
eurosat|swin_b_imagenet_rgb3|10|123,eurosat,swin_b_imagenet_rgb3,swin_b,imagenet,rgb3,,swin_v2_b,core,False,10,123,0.89,0.8859342210652214,0.8894881171471604,0.8776033518274022,0.9908236232993197,0.07454861658590811,0.7985185185185185,0.7861520946286734,0.7956008588247283,0.7758823260143125,0.9776800445578232,0.08342143874477459,75,50,300,200,4,4,300,200,True,True,False,0.8042592592592592,0.8851851851851852,24,29,122.5,4.62,1.55,120.94,129.35,18900,100,5400,2700,e5086fc1db7ca6bb,960ff2e6743af984,88c77e93aae99847,NVIDIA A100-SXM4-80GB,6e223e81e1ad,88912e7391ce9f7b,True,bfloat16,2.11.0+cu128,2026-08-18T04:20:31
eurosat|resnet50_scratch_ms9|10|42,eurosat,resnet50_scratch_ms9,resnet50,scratch,ms9,,,core,False,10,42,0.5659259259259259,0.5570395063551159,0.5593583883593118,0.5174380480365994,0.8928048558956917,0.28933575703038106,0.4077777777777778,0.36695369874309025,0.3644600405826948,0.3426165605871424,0.8190979945578232,0.16751794611414272,75,50,300,200,4,4,300,200,True,True,False,0.39925925925925926,0.5561111111111111,74,44,28.99,1.22,1.61,27.38,30.96,18900,100,5400,2700,e5086fc1db7ca6bb,960ff2e6743af984,88c77e93aae99847,NVIDIA A100-SXM4-80GB,6e223e81e1ad,f0a84228f765a9b5,True,bfloat16,2.11.0+cu128,2026-08-18T04:21:02
eurosat|resnet50_scratch_ms9|10|123,eurosat,resnet50_scratch_ms9,resnet50,scratch,ms9,,,core,False,10,123,0.61,0.6034756898800813,0.6094108495005038,0.5665510538552427,0.8995097717687075,0.2223490982033588,0.4622222222222222,0.40771191002021184,0.41167649895143055,0.4004633700614003,0.8177735409297051,0.2613332867236049,75,50,300,200,4,4,300,200,True,True,False,0.4627777777777778,0.5962962962962963,69,49,29.12,1.15,1.63,27.48,31.0,18900,100,5400,2700,e5086fc1db7ca6bb,960ff2e6743af984,88c77e93aae99847,NVIDIA A100-SXM4-80GB,6e223e81e1ad,7b051e0a5b8ad687,True,bfloat16,2.11.0+cu128,2026-08-18T04:21:33
eurosat|swin_b_scratch_ms9|10|42,eurosat,swin_b_scratch_ms9,swin_b,scratch,ms9,,swin_v2_b,core,False,10,42,0.6148148148148148,0.5988172362628681,0.6008809287440756,0.5713435205397897,0.9108506197278912,0.16525107423464458,0.6222222222222222,0.6049324640705176,0.6089059064483991,0.5796927819789846,0.8977590575963721,0.08962779647774166,75,50,300,200,4,4,300,200,True,True,False,0.6074074074074074,0.6064814814814815,69,44,121.83,4.62,1.56,120.26,128.45,18900,100,5400,2700,e5086fc1db7ca6bb,960ff2e6743af984,88c77e93aae99847,NVIDIA A100-SXM4-80GB,6e223e81e1ad,1c220bb31401f88c,True,bfloat16,2.11.0+cu128,2026-08-18T04:23:42
eurosat|swin_b_scratch_ms9|10|123,eurosat,swin_b_scratch_ms9,swin_b,scratch,ms9,,swin_v2_b,core,False,10,123,0.6522222222222223,0.6415617344220861,0.646823146388908,0.6131232594514173,0.9221940234693877,0.1369478757734652,0.607037037037037,0.5930416060243481,0.5983097084141396,0.5626512369945726,0.8923498467120181,0.051961541998165627,75,50,300,200,4,4,300,200,True,True,False,0.5881481481481482,0.6316666666666667,64,44,122.04,4.55,1.58,120.45,128.6,18900,100,5400,2700,e5086fc1db7ca6bb,960ff2e6743af984,88c77e93aae99847,NVIDIA A100-SXM4-80GB,6e223e81e1ad,9239f9e0cb83fa0b,True,bfloat16,2.11.0+cu128,2026-08-18T04:25:51
eurosat|resnet50_satlas-ms_ms9|5|2024,eurosat,resnet50_satlas-ms_ms9,resnet50,satlas,ms9,ms,,core,False,5,2024,0.8033333333333333,0.7897476945547299,0.7982746610471897,0.7811261993633928,0.9757422196145125,0.14047210283853392,0.6644444444444444,0.6324205802326689,0.6398131064598562,0.6268078354793433,0.9369215343537416,0.047287981581908674,150,100,300,200,2,2,300,200,True,True,False,0.6651851851851852,0.8025925925925926,9,29,30.0,1.18,1.65,28.35,36.0,18900,50,5400,2700,e5086fc1db7ca6bb,960ff2e6743af984,88c77e93aae99847,NVIDIA A100-SXM4-80GB,6e223e81e1ad,da58b6a4a0cf9eff,True,bfloat16,2.11.0+cu128,2026-08-18T04:44:27
eurosat|resnet50_satlas-ms_ms9|5|7,eurosat,resnet50_satlas-ms_ms9,resnet50,satlas,ms9,ms,,core,False,5,7,0.74,0.7356746747717655,0.7443274878357633,0.7109657349375543,0.9584255306689341,0.19281659239972082,0.6948148148148148,0.680301642549711,0.6926225849780727,0.6605561277033984,0.935463214909297,0.20334045009480584,150,100,300,200,2,2,300,200,True,True,False,0.6931481481481482,0.74,99,19,30.01,1.18,1.65,28.36,35.08,18900,50,5400,2700,e5086fc1db7ca6bb,960ff2e6743af984,88c77e93aae99847,NVIDIA A100-SXM4-80GB,6e223e81e1ad,da58b6a4a0cf9eff,True,bfloat16,2.11.0+cu128,2026-08-18T04:45:02
eurosat|resnet50_satlas-ms_ms9|5|999,eurosat,resnet50_satlas-ms_ms9,resnet50,satlas,ms9,ms,,core,False,5,999,0.7962962962962963,0.7900242483485238,0.7977215887066266,0.7736953192267542,0.974220011734694,0.159474086286845,0.71,0.6997578061419489,0.7122927791362055,0.6778906952295338,0.9423817392857142,0.21369106544388664,150,100,300,200,2,2,300,200,True,True,False,0.7062962962962963,0.7935185185185185,99,49,29.9,1.17,1.68,28.23,35.36,18900,50,5400,2700,e5086fc1db7ca6bb,960ff2e6743af984,88c77e93aae99847,NVIDIA A100-SXM4-80GB,6e223e81e1ad,da58b6a4a0cf9eff,True,bfloat16,2.11.0+cu128,2026-08-18T04:45:38
eurosat|swin_b_satlas-ms_ms9|5|2024,eurosat,swin_b_satlas-ms_ms9,swin_b,satlas,ms9,ms,swin_v2_b,core,False,5,2024,0.8481481481481481,0.8344324686326312,0.8371792102896517,0.8312371369769037,0.9786887439342404,0.12197989272850535,0.7714814814814814,0.7476188468988365,0.7588456718171498,0.7454367641328514,0.9650039890022676,0.11313483388335618,150,100,300,200,2,2,300,200,True,True,False,0.7759259259259259,0.8472222222222222,49,39,123.12,4.52,1.59,121.53,133.56,18900,50,5400,2700,e5086fc1db7ca6bb,960ff2e6743af984,88c77e93aae99847,NVIDIA A100-SXM4-80GB,6e223e81e1ad,a9bb67424136c40c,True,bfloat16,2.11.0+cu128,2026-08-18T04:47:52
eurosat|swin_b_satlas-ms_ms9|5|7,eurosat,swin_b_satlas-ms_ms9,swin_b,satlas,ms9,ms,swin_v2_b,core,False,5,7,0.87,0.8624964099054724,0.8685973982174178,0.8552588372750113,0.9870524585034014,0.1115353810787201,0.8033333333333333,0.792476794308712,0.8020842545063476,0.7812314030670634,0.9700414009070295,0.04783289587056196,150,100,300,200,2,2,300,200,True,True,False,0.8009259259259259,0.8703703703703703,29,99,122.96,4.54,1.6,121.36,133.22,18900,50,5400,2700,e5086fc1db7ca6bb,960ff2e6743af984,88c77e93aae99847,NVIDIA A100-SXM4-80GB,6e223e81e1ad,a9bb67424136c40c,True,bfloat16,2.11.0+cu128,2026-08-18T04:50:05
eurosat|swin_b_satlas-ms_ms9|5|999,eurosat,swin_b_satlas-ms_ms9,swin_b,satlas,ms9,ms,swin_v2_b,core,False,5,999,0.857037037037037,0.850768874627016,0.8586096958346995,0.8412297004966333,0.9848322129818594,0.12831870015020724,0.8025925925925926,0.7951010141863841,0.8048803058956928,0.7807286190976825,0.9696169705215419,0.11651347852415511,150,100,300,200,2,2,300,200,True,True,False,0.8025925925925926,0.8535185185185186,129,59,123.86,4.52,1.65,122.21,135.45,18900,50,5400,2700,e5086fc1db7ca6bb,960ff2e6743af984,88c77e93aae99847,NVIDIA A100-SXM4-80GB,6e223e81e1ad,a9bb67424136c40c,True,bfloat16,2.11.0+cu128,2026-08-18T04:52:21
eurosat|resnet50_imagenet_rgb3|5|2024,eurosat,resnet50_imagenet_rgb3,resnet50,imagenet,rgb3,,,core,False,5,2024,0.7111111111111111,0.6880622637374818,0.6959587516531199,0.6787724409328717,0.9552949958049887,0.191724017670861,0.7503703703703704,0.7382239361297694,0.7438682668826531,0.7225089775161824,0.9722072617913831,0.03156021985742779,150,100,300,200,2,2,300,200,True,True,False,0.7442592592592593,0.7168518518518519,9,89,31.32,1.26,1.66,29.66,33.41,18900,50,5400,2700,e5086fc1db7ca6bb,960ff2e6743af984,88c77e93aae99847,NVIDIA A100-SXM4-80GB,6e223e81e1ad,8dbf1f2f4e43febd,True,bfloat16,2.11.0+cu128,2026-08-18T04:52:55
eurosat|resnet50_imagenet_rgb3|5|7,eurosat,resnet50_imagenet_rgb3,resnet50,imagenet,rgb3,,,core,False,5,7,0.715925925925926,0.6895589838589887,0.703061863428928,0.6834696217042415,0.9548499888321995,0.20534146624582786,0.7655555555555555,0.7580667409616053,0.7630922260032754,0.739160294858294,0.9736624887755102,0.14182576669587033,150,100,300,200,2,2,300,200,True,True,False,0.757962962962963,0.715925925925926,139,99,31.3,1.34,1.63,29.67,33.49,18900,50,5400,2700,e5086fc1db7ca6bb,960ff2e6743af984,88c77e93aae99847,NVIDIA A100-SXM4-80GB,6e223e81e1ad,8dbf1f2f4e43febd,True,bfloat16,2.11.0+cu128,2026-08-18T04:53:29
eurosat|resnet50_imagenet_rgb3|5|999,eurosat,resnet50_imagenet_rgb3,resnet50,imagenet,rgb3,,,core,False,5,999,0.7348148148148148,0.7159633917041364,0.7263377343279166,0.7046746104491293,0.9587286828231292,0.17751714839979452,0.8014814814814815,0.793632761189488,0.7989450736519192,0.7789673842488297,0.9790860909297052,0.1166863007677926,150,100,300,200,2,2,300,200,True,True,False,0.789074074074074,0.7394444444444445,89,69,31.33,1.26,1.65,29.67,33.42,18900,50,5400,2700,e5086fc1db7ca6bb,960ff2e6743af984,88c77e93aae99847,NVIDIA A100-SXM4-80GB,6e223e81e1ad,8dbf1f2f4e43febd,True,bfloat16,2.11.0+cu128,2026-08-18T04:54:02
eurosat|swin_b_imagenet_rgb3|5|2024,eurosat,swin_b_imagenet_rgb3,swin_b,imagenet,rgb3,,swin_v2_b,core,False,5,2024,0.7696296296296297,0.7504528164653756,0.7549409418941122,0.7437888554101988,0.9736585256235827,0.17622197026455844,0.7377777777777778,0.7273487906261656,0.7368280100038435,0.7083330154637208,0.9603278416099773,0.17145192599958842,150,100,300,200,2,2,300,200,True,True,False,0.7346296296296296,0.7759259259259259,9,49,124.34,4.55,1.61,122.73,131.14,18900,50,5400,2700,e5086fc1db7ca6bb,960ff2e6743af984,88c77e93aae99847,NVIDIA A100-SXM4-80GB,6e223e81e1ad,88912e7391ce9f7b,True,bfloat16,2.11.0+cu128,2026-08-18T04:56:14
eurosat|swin_b_imagenet_rgb3|5|7,eurosat,swin_b_imagenet_rgb3,swin_b,imagenet,rgb3,,swin_v2_b,core,False,5,7,0.8307407407407408,0.8250997770475808,0.8300267400049705,0.8116901945822206,0.9824747077097505,0.10764438848804542,0.7403703703703703,0.7305632934024251,0.7392929336912945,0.7110116957278529,0.9665531565759636,0.11293125695652431,150,100,300,200,2,2,300,200,True,True,False,0.7359259259259259,0.8194444444444444,19,69,124.29,4.6,1.59,122.7,131.14,18900,50,5400,2700,e5086fc1db7ca6bb,960ff2e6743af984,88c77e93aae99847,NVIDIA A100-SXM4-80GB,6e223e81e1ad,88912e7391ce9f7b,True,bfloat16,2.11.0+cu128,2026-08-18T04:58:25
eurosat|swin_b_imagenet_rgb3|5|999,eurosat,swin_b_imagenet_rgb3,swin_b,imagenet,rgb3,,swin_v2_b,core,False,5,999,0.8374074074074074,0.8326302463109476,0.8368728241207359,0.819156889370337,0.9852373840136055,0.11692593940982107,0.7233333333333334,0.7108372984165109,0.720629232295178,0.6918975894412025,0.9582047158730159,0.12884253671875706,150,100,300,200,2,2,300,200,True,True,False,0.7222222222222222,0.8281481481481482,9,69,124.61,4.59,1.62,122.99,131.54,18900,50,5400,2700,e5086fc1db7ca6bb,960ff2e6743af984,88c77e93aae99847,NVIDIA A100-SXM4-80GB,6e223e81e1ad,88912e7391ce9f7b,True,bfloat16,2.11.0+cu128,2026-08-18T05:00:37
eurosat|resnet50_scratch_ms9|5|2024,eurosat,resnet50_scratch_ms9,resnet50,scratch,ms9,,,core,False,5,2024,0.5355555555555556,0.5233357762752513,0.5305612596975686,0.4844495877332562,0.8553207649659864,0.3745254811203038,0.38814814814814813,0.3500798657901745,0.34577959217964,0.32140575079872213,0.7803012531746032,0.052799813543204906,150,100,300,200,2,2,300,200,True,True,False,0.3761111111111111,0.5359259259259259,149,89,39.9,1.21,11.8,28.1,41.86,18900,50,5400,2700,e5086fc1db7ca6bb,960ff2e6743af984,88c77e93aae99847,NVIDIA A100-SXM4-80GB,6e223e81e1ad,d662911b4954a020,False,bfloat16,2.11.0+cu128,2026-08-18T05:01:19
eurosat|resnet50_scratch_ms9|5|7,eurosat,resnet50_scratch_ms9,resnet50,scratch,ms9,,,core,False,5,7,0.4674074074074074,0.4668570538902669,0.4726458047602613,0.4076210092687952,0.8433332094104309,0.458327449703658,0.4166666666666667,0.3946635718191788,0.3901552887211325,0.35274957763199943,0.7987181931972789,0.08914008360218117,150,100,300,200,2,2,300,200,True,True,False,0.40425925925925926,0.4494444444444444,129,89,39.93,1.15,11.77,28.16,41.84,18900,50,5400,2700,e5086fc1db7ca6bb,960ff2e6743af984,88c77e93aae99847,NVIDIA A100-SXM4-80GB,6e223e81e1ad,38ebd6385e2a8522,False,bfloat16,2.11.0+cu128,2026-08-18T05:02:01
eurosat|resnet50_scratch_ms9|5|999,eurosat,resnet50_scratch_ms9,resnet50,scratch,ms9,,,core,False,5,999,0.53,0.5116677994538594,0.5168677290986902,0.47777777777777775,0.8669566255102042,0.40415719132732464,0.4666666666666667,0.4291700166125697,0.43352517908263527,0.40800292344235334,0.8160482918367347,0.06361266403838443,150,100,300,200,2,2,300,200,True,True,False,0.4687037037037037,0.5292592592592592,89,79,40.33,1.17,11.81,28.52,42.26,18900,50,5400,2700,e5086fc1db7ca6bb,960ff2e6743af984,88c77e93aae99847,NVIDIA A100-SXM4-80GB,6e223e81e1ad,5840958c5d0dbe7a,False,bfloat16,2.11.0+cu128,2026-08-18T05:02:44
eurosat|swin_b_scratch_ms9|5|2024,eurosat,swin_b_scratch_ms9,swin_b,scratch,ms9,,swin_v2_b,core,False,5,2024,0.5525925925925926,0.5358678755204173,0.5396600286763696,0.5025773982003965,0.8747682594671202,0.2715108434800748,0.5788888888888889,0.5612891011138309,0.5651205675954295,0.5317276304951342,0.8804280798185941,0.08867924994892545,150,100,300,200,2,2,300,200,True,True,False,0.5581481481481482,0.5444444444444444,49,79,164.01,4.46,43.0,121.01,170.45,18900,50,5400,2700,e5086fc1db7ca6bb,960ff2e6743af984,88c77e93aae99847,NVIDIA A100-SXM4-80GB,6e223e81e1ad,f33c2df290b09e42,False,bfloat16,2.11.0+cu128,2026-08-18T05:05:35
eurosat|swin_b_scratch_ms9|5|7,eurosat,swin_b_scratch_ms9,swin_b,scratch,ms9,,swin_v2_b,core,False,5,7,0.534074074074074,0.5318973318178339,0.5318142903749092,0.48185832945609297,0.8677329232993196,0.34915510656657045,0.5018518518518519,0.5106112557899957,0.5097724028002176,0.4455894476504535,0.8419474709750567,0.2865406486060884,150,100,300,200,2,2,300,200,True,True,False,0.49314814814814817,0.5159259259259259,109,89,164.19,4.48,43.46,120.73,170.73,18900,50,5400,2700,e5086fc1db7ca6bb,960ff2e6743af984,88c77e93aae99847,NVIDIA A100-SXM4-80GB,6e223e81e1ad,89badb74210fc71e,False,bfloat16,2.11.0+cu128,2026-08-18T05:08:26
eurosat|swin_b_scratch_ms9|5|999,eurosat,swin_b_scratch_ms9,swin_b,scratch,ms9,,swin_v2_b,core,False,5,999,0.5592592592592592,0.5477087185873758,0.5519677925453125,0.5104074604577453,0.8647663627551021,0.3488651767814601,0.5044444444444445,0.49564465264210844,0.49801168826595626,0.44980620007462635,0.8499250303854875,0.31022421064200223,150,100,300,200,2,2,300,200,True,True,False,0.5092592592592593,0.5603703703703704,119,79,162.69,4.44,42.76,119.93,169.22,18900,50,5400,2700,e5086fc1db7ca6bb,960ff2e6743af984,88c77e93aae99847,NVIDIA A100-SXM4-80GB,6e223e81e1ad,7e238bb62177b37a,False,bfloat16,2.11.0+cu128,2026-08-18T05:11:15
eurosat|resnet50_satlas-ms_ms9|10|2024,eurosat,resnet50_satlas-ms_ms9,resnet50,satlas,ms9,ms,,core,False,10,2024,0.837037037037037,0.8292221018268331,0.8343049901997279,0.8185830234635677,0.9810834262471657,0.12341215942744858,0.7592592592592593,0.7472218232905721,0.7558941532164863,0.7323226160697944,0.959516189909297,0.13542375589962363,75,50,300,200,4,4,300,200,True,True,False,0.747037037037037,0.8387037037037037,44,49,29.1,1.21,1.64,27.46,34.2,18900,100,5400,2700,e5086fc1db7ca6bb,960ff2e6743af984,88c77e93aae99847,NVIDIA A100-SXM4-80GB,6e223e81e1ad,da58b6a4a0cf9eff,True,bfloat16,2.11.0+cu128,2026-08-18T05:11:50
eurosat|resnet50_satlas-ms_ms9|10|7,eurosat,resnet50_satlas-ms_ms9,resnet50,satlas,ms9,ms,,core,False,10,7,0.8681481481481481,0.8617906275628535,0.8681077649266555,0.853208207023465,0.988054737244898,0.09239879443689629,0.7681481481481481,0.7580559205650677,0.7664289823814003,0.742251298122012,0.9669122685941043,0.13532547330414807,75,50,300,200,4,4,300,200,True,True,False,0.7635185185185185,0.8705555555555555,29,44,29.17,1.25,1.63,27.54,34.09,18900,100,5400,2700,e5086fc1db7ca6bb,960ff2e6743af984,88c77e93aae99847,NVIDIA A100-SXM4-80GB,6e223e81e1ad,da58b6a4a0cf9eff,True,bfloat16,2.11.0+cu128,2026-08-18T05:12:24
eurosat|resnet50_satlas-ms_ms9|10|999,eurosat,resnet50_satlas-ms_ms9,resnet50,satlas,ms9,ms,,core,False,10,999,0.8337037037037037,0.8246852556393518,0.8320283606161094,0.8148891824005008,0.9792472293650792,0.12042259663343427,0.7492592592592593,0.7382245753932783,0.7502426451002746,0.721033514437458,0.9601448312925169,0.16766017728381682,75,50,300,200,4,4,300,200,True,True,False,0.7514814814814815,0.8351851851851851,44,44,29.2,1.26,1.61,27.59,34.03,18900,100,5400,2700,e5086fc1db7ca6bb,960ff2e6743af984,88c77e93aae99847,NVIDIA A100-SXM4-80GB,6e223e81e1ad,da58b6a4a0cf9eff,True,bfloat16,2.11.0+cu128,2026-08-18T05:12:58
eurosat|swin_b_satlas-ms_ms9|10|2024,eurosat,swin_b_satlas-ms_ms9,swin_b,satlas,ms9,ms,swin_v2_b,core,False,10,2024,0.9185185185185185,0.9145617014145555,0.9177253229010429,0.9094015008236227,0.9932382344104307,0.06728070239226024,0.8403703703703703,0.8309528877332081,0.8347563640377025,0.822612115484284,0.9859817778911564,0.027079739239480757,75,50,300,200,4,4,300,200,True,True,False,0.8362962962962963,0.9083333333333333,29,49,121.91,4.52,1.6,120.31,132.07,18900,100,5400,2700,e5086fc1db7ca6bb,960ff2e6743af984,88c77e93aae99847,NVIDIA A100-SXM4-80GB,6e223e81e1ad,a9bb67424136c40c,True,bfloat16,2.11.0+cu128,2026-08-18T05:15:11
eurosat|swin_b_satlas-ms_ms9|10|7,eurosat,swin_b_satlas-ms_ms9,swin_b,satlas,ms9,ms,swin_v2_b,core,False,10,7,0.917037037037037,0.9144276509569325,0.9166650682853373,0.9076634172779945,0.9956565087868482,0.06812427050537534,0.8840740740740741,0.8779225609221288,0.8837261155908273,0.8709859627964491,0.9891691454648527,0.030172210589603107,75,50,300,200,4,4,300,200,True,True,False,0.8792592592592593,0.917962962962963,69,34,121.61,4.52,1.58,120.02,132.19,18900,100,5400,2700,e5086fc1db7ca6bb,960ff2e6743af984,88c77e93aae99847,NVIDIA A100-SXM4-80GB,6e223e81e1ad,a9bb67424136c40c,True,bfloat16,2.11.0+cu128,2026-08-18T05:17:23
eurosat|swin_b_satlas-ms_ms9|10|999,eurosat,swin_b_satlas-ms_ms9,swin_b,satlas,ms9,ms,swin_v2_b,core,False,10,999,0.9070370370370371,0.9022277452264322,0.9085834091048876,0.8966180037526886,0.9944242626984128,0.07692163586616516,0.8637037037037038,0.8552310114233871,0.8644140087739637,0.8482891301360451,0.9870612544217687,0.04465741932392123,75,50,300,200,4,4,300,200,True,True,False,0.8596296296296296,0.9053703703703704,54,49,121.6,4.53,1.58,120.02,132.54,18900,100,5400,2700,e5086fc1db7ca6bb,960ff2e6743af984,88c77e93aae99847,NVIDIA A100-SXM4-80GB,6e223e81e1ad,a9bb67424136c40c,True,bfloat16,2.11.0+cu128,2026-08-18T05:19:36
eurosat|resnet50_imagenet_rgb3|10|2024,eurosat,resnet50_imagenet_rgb3,resnet50,imagenet,rgb3,,,core,False,10,2024,0.7796296296296297,0.7634550281279602,0.7722515780040591,0.7546485433927685,0.9679021831632653,0.13514621250055453,0.8148148148148148,0.807287695995222,0.8130580863102074,0.7939009961451853,0.9787729531746031,0.10201400813129213,75,50,300,200,4,4,300,200,True,True,False,0.8159259259259259,0.7798148148148148,19,14,30.86,1.26,1.62,29.24,32.97,18900,100,5400,2700,e5086fc1db7ca6bb,960ff2e6743af984,88c77e93aae99847,NVIDIA A100-SXM4-80GB,6e223e81e1ad,8dbf1f2f4e43febd,True,bfloat16,2.11.0+cu128,2026-08-18T05:20:09
eurosat|resnet50_imagenet_rgb3|10|7,eurosat,resnet50_imagenet_rgb3,resnet50,imagenet,rgb3,,,core,False,10,7,0.8014814814814815,0.7889056243946292,0.7975516828789432,0.7790888483525542,0.9750578395691608,0.13497399865477175,0.8562962962962963,0.8517812736219437,0.8557993363812194,0.8401306301838132,0.988556987755102,0.07134247130817835,75,50,300,200,4,4,300,200,True,True,False,0.84,0.7894444444444444,24,49,30.55,1.22,1.63,28.93,32.6,18900,100,5400,2700,e5086fc1db7ca6bb,960ff2e6743af984,88c77e93aae99847,NVIDIA A100-SXM4-80GB,6e223e81e1ad,8dbf1f2f4e43febd,True,bfloat16,2.11.0+cu128,2026-08-18T05:20:42
eurosat|resnet50_imagenet_rgb3|10|999,eurosat,resnet50_imagenet_rgb3,resnet50,imagenet,rgb3,,,core,False,10,999,0.7862962962962963,0.7706506765942782,0.7803113015620263,0.7620146038923344,0.9758445912698412,0.13925635024353314,0.8262962962962963,0.8189653946358775,0.8241759050278705,0.8067012669821401,0.9854329825396825,0.10278371573598294,75,50,300,200,4,4,300,200,True,True,False,0.832037037037037,0.8033333333333333,19,29,30.88,1.27,1.62,29.26,32.98,18900,100,5400,2700,e5086fc1db7ca6bb,960ff2e6743af984,88c77e93aae99847,NVIDIA A100-SXM4-80GB,6e223e81e1ad,8dbf1f2f4e43febd,True,bfloat16,2.11.0+cu128,2026-08-18T05:21:15
eurosat|swin_b_imagenet_rgb3|10|2024,eurosat,swin_b_imagenet_rgb3,swin_b,imagenet,rgb3,,swin_v2_b,core,False,10,2024,0.8677777777777778,0.8650362635443554,0.8672387434172212,0.8529844656788353,0.9883605977324261,0.09637105799383591,0.7959259259259259,0.7871212995617355,0.7947010064106257,0.772993263193231,0.976146382312925,0.09723360619059312,75,50,300,200,4,4,300,200,True,True,False,0.7924074074074074,0.8707407407407407,54,34,122.38,4.59,1.55,120.84,129.27,18900,100,5400,2700,e5086fc1db7ca6bb,960ff2e6743af984,88c77e93aae99847,NVIDIA A100-SXM4-80GB,6e223e81e1ad,88912e7391ce9f7b,True,bfloat16,2.11.0+cu128,2026-08-18T05:23:25
eurosat|swin_b_imagenet_rgb3|10|7,eurosat,swin_b_imagenet_rgb3,swin_b,imagenet,rgb3,,swin_v2_b,core,False,10,7,0.8592592592592593,0.8496435943250467,0.8552093339095561,0.8434209321490707,0.990438091043084,0.09563114328516858,0.7996296296296296,0.7913188502613056,0.7981545837736855,0.7769634227342479,0.9794056337868481,0.08951759730224255,75,50,300,200,4,4,300,200,True,True,False,0.8072222222222222,0.8629629629629629,44,19,123.06,4.6,1.55,121.51,129.95,18900,100,5400,2700,e5086fc1db7ca6bb,960ff2e6743af984,88c77e93aae99847,NVIDIA A100-SXM4-80GB,6e223e81e1ad,88912e7391ce9f7b,True,bfloat16,2.11.0+cu128,2026-08-18T05:25:35
eurosat|swin_b_imagenet_rgb3|10|999,eurosat,swin_b_imagenet_rgb3,swin_b,imagenet,rgb3,,swin_v2_b,core,False,10,999,0.8777777777777778,0.8724216818910279,0.8765787623923995,0.8639466169891127,0.9885398008503401,0.08919018734384462,0.8003703703703704,0.7905661771680073,0.799302903401605,0.7779066484552052,0.978292234580499,0.05568652089547228,75,50,300,200,4,4,300,200,True,True,False,0.7992592592592592,0.87,9,29,123.33,4.57,1.57,121.75,130.2,18900,100,5400,2700,e5086fc1db7ca6bb,960ff2e6743af984,88c77e93aae99847,NVIDIA A100-SXM4-80GB,6e223e81e1ad,88912e7391ce9f7b,True,bfloat16,2.11.0+cu128,2026-08-18T05:27:46
eurosat|resnet50_scratch_ms9|10|2024,eurosat,resnet50_scratch_ms9,resnet50,scratch,ms9,,,core,False,10,2024,0.5981481481481481,0.5807528893779045,0.5879946597250677,0.5532085255652571,0.8910408931972789,0.24072217929142492,0.4062962962962963,0.35005829712795944,0.3525863885005578,0.34090684128374005,0.7900931354875282,0.11993985138557577,75,50,300,200,4,4,300,200,True,True,False,0.4022222222222222,0.5875925925925926,64,49,29.37,1.19,1.65,27.72,31.31,18900,100,5400,2700,e5086fc1db7ca6bb,960ff2e6743af984,88c77e93aae99847,NVIDIA A100-SXM4-80GB,6e223e81e1ad,d662911b4954a020,True,bfloat16,2.11.0+cu128,2026-08-18T05:28:17
eurosat|resnet50_scratch_ms9|10|7,eurosat,resnet50_scratch_ms9,resnet50,scratch,ms9,,,core,False,10,7,0.5592592592592592,0.5484623156285753,0.556215821291878,0.5104298404668668,0.8914257612244898,0.2628513272492974,0.43296296296296294,0.41414792738834966,0.4122659280544219,0.37028997098005156,0.8222371083900226,0.16581080947761184,75,50,300,200,4,4,300,200,True,True,False,0.42388888888888887,0.5661111111111111,74,39,29.41,1.28,1.63,27.78,31.43,18900,100,5400,2700,e5086fc1db7ca6bb,960ff2e6743af984,88c77e93aae99847,NVIDIA A100-SXM4-80GB,6e223e81e1ad,38ebd6385e2a8522,True,bfloat16,2.11.0+cu128,2026-08-18T05:28:49
eurosat|resnet50_scratch_ms9|10|999,eurosat,resnet50_scratch_ms9,resnet50,scratch,ms9,,,core,False,10,999,0.6081481481481481,0.5977826763728666,0.6050280313041834,0.5644497301253317,0.9012926574829931,0.25885607082534723,0.41962962962962963,0.3724539113716896,0.37566540402068427,0.35559583282563656,0.8055986616780044,0.09514836946019421,75,50,300,200,4,4,300,200,True,True,False,0.4224074074074074,0.6068518518518519,54,49,29.66,1.16,1.63,28.03,31.56,18900,100,5400,2700,e5086fc1db7ca6bb,960ff2e6743af984,88c77e93aae99847,NVIDIA A100-SXM4-80GB,6e223e81e1ad,5840958c5d0dbe7a,True,bfloat16,2.11.0+cu128,2026-08-18T05:29:21
eurosat|swin_b_scratch_ms9|10|2024,eurosat,swin_b_scratch_ms9,swin_b,scratch,ms9,,swin_v2_b,core,False,10,2024,0.6107407407407407,0.6029279788052306,0.6065897333200754,0.5679868464120696,0.9122630569160997,0.11990613574783007,0.6251851851851852,0.6009601972911075,0.6085065984401757,0.583103834974787,0.9013058320861678,0.09020899366449428,75,50,300,200,4,4,300,200,True,True,False,0.6183333333333333,0.6131481481481481,54,49,122.44,4.53,1.62,120.82,128.95,18900,100,5400,2700,e5086fc1db7ca6bb,960ff2e6743af984,88c77e93aae99847,NVIDIA A100-SXM4-80GB,6e223e81e1ad,f33c2df290b09e42,True,bfloat16,2.11.0+cu128,2026-08-18T05:31:30
eurosat|swin_b_scratch_ms9|10|7,eurosat,swin_b_scratch_ms9,swin_b,scratch,ms9,,swin_v2_b,core,False,10,7,0.5966666666666667,0.5894884042583215,0.5888600619980572,0.5521590130226182,0.9105008766439908,0.1260696566325647,0.5944444444444444,0.5882017266066712,0.587700182045675,0.5488704595219386,0.8980430835600905,0.09478030034237436,75,50,300,200,4,4,300,200,True,True,False,0.5748148148148148,0.585925925925926,44,49,122.57,4.56,1.57,121.0,129.11,18900,100,5400,2700,e5086fc1db7ca6bb,960ff2e6743af984,88c77e93aae99847,NVIDIA A100-SXM4-80GB,6e223e81e1ad,89badb74210fc71e,True,bfloat16,2.11.0+cu128,2026-08-18T05:33:40
eurosat|swin_b_scratch_ms9|10|999,eurosat,swin_b_scratch_ms9,swin_b,scratch,ms9,,swin_v2_b,core,False,10,999,0.61,0.5987477300034751,0.6049203851851982,0.5659223634489866,0.8956292891156462,0.2090779932781502,0.5692592592592592,0.563274024495702,0.5688169374626935,0.5214392940692367,0.8928359221088435,0.14174332232938877,75,50,300,200,4,4,300,200,True,True,False,0.5672222222222222,0.5981481481481481,69,39,122.37,4.55,1.57,120.8,128.93,18900,100,5400,2700,e5086fc1db7ca6bb,960ff2e6743af984,88c77e93aae99847,NVIDIA A100-SXM4-80GB,6e223e81e1ad,7e238bb62177b37a,True,bfloat16,2.11.0+cu128,2026-08-18T05:35:49
eurosat|resnet50_satlas-ms_ms9|25|42,eurosat,resnet50_satlas-ms_ms9,resnet50,satlas,ms9,ms,,core,False,25,42,0.9122222222222223,0.9089724297752925,0.9122776958490015,0.9023359101349959,0.9936612790249433,0.07106248645870773,0.8148148148148148,0.8061353782707753,0.8136538576896974,0.7940691927512356,0.9752067653061225,0.11944897042380441,38,25,304,200,8,8,300,200,True,True,False,0.8112962962962963,0.9085185185185185,23,24,27.11,1.17,1.55,25.56,32.11,18900,250,5400,2700,e5086fc1db7ca6bb,960ff2e6743af984,88c77e93aae99847,NVIDIA A100-SXM4-80GB,6e223e81e1ad,da58b6a4a0cf9eff,True,bfloat16,2.11.0+cu128,2026-08-18T05:36:21
eurosat|resnet50_satlas-ms_ms9|25|123,eurosat,resnet50_satlas-ms_ms9,resnet50,satlas,ms9,ms,,core,False,25,123,0.9025925925925926,0.9003610533451548,0.9028392297948687,0.8916150893286424,0.9912982056122448,0.07799611179916952,0.8074074074074075,0.7993414384639999,0.8070431265208338,0.7858629919698621,0.9750086945578232,0.12130296292128387,38,25,304,200,8,8,300,200,True,True,False,0.8081481481481482,0.9053703703703704,32,24,26.91,1.16,1.54,25.37,31.84,18900,250,5400,2700,e5086fc1db7ca6bb,960ff2e6743af984,88c77e93aae99847,NVIDIA A100-SXM4-80GB,6e223e81e1ad,da58b6a4a0cf9eff,True,bfloat16,2.11.0+cu128,2026-08-18T05:36:53
eurosat|resnet50_satlas-ms_ms9|25|2024,eurosat,resnet50_satlas-ms_ms9,resnet50,satlas,ms9,ms,,core,False,25,2024,0.9155555555555556,0.9126793230315415,0.9156901068087092,0.9060131148041558,0.9937557336167802,0.06280090981059601,0.8366666666666667,0.8309075382470807,0.8361488293203329,0.8182858712572109,0.9798894917233559,0.08080128336394271,38,25,304,200,8,8,300,200,True,True,False,0.8277777777777777,0.9155555555555556,23,24,27.29,1.19,1.5,25.79,32.1,18900,250,5400,2700,e5086fc1db7ca6bb,960ff2e6743af984,88c77e93aae99847,NVIDIA A100-SXM4-80GB,6e223e81e1ad,da58b6a4a0cf9eff,True,bfloat16,2.11.0+cu128,2026-08-18T05:37:26
eurosat|resnet50_satlas-ms_ms9|25|7,eurosat,resnet50_satlas-ms_ms9,resnet50,satlas,ms9,ms,,core,False,25,7,0.9003703703703704,0.8981276211417365,0.9002686299072851,0.889145813777788,0.9934637962585032,0.07775037500593399,0.8196296296296296,0.8125106125250738,0.8187286808933157,0.7993024657910602,0.9777173229024945,0.11243630595781186,38,25,304,200,8,8,300,200,True,True,False,0.8151851851851852,0.8994444444444445,26,23,27.27,1.19,1.53,25.74,32.15,18900,250,5400,2700,e5086fc1db7ca6bb,960ff2e6743af984,88c77e93aae99847,NVIDIA A100-SXM4-80GB,6e223e81e1ad,da58b6a4a0cf9eff,True,bfloat16,2.11.0+cu128,2026-08-18T05:37:58
eurosat|resnet50_satlas-ms_ms9|25|999,eurosat,resnet50_satlas-ms_ms9,resnet50,satlas,ms9,ms,,core,False,25,999,0.912962962962963,0.9101352360925565,0.9127514464960034,0.9031305104541186,0.9936762592403628,0.06540858114207232,0.8174074074074074,0.8108747950687233,0.8182159876654849,0.7969165986467209,0.9770194241496599,0.1110723794610412,38,25,304,200,8,8,300,200,True,True,False,0.8124074074074074,0.9072222222222223,32,23,27.19,1.28,1.54,25.64,41.36,18900,250,5400,2700,e5086fc1db7ca6bb,960ff2e6743af984,88c77e93aae99847,NVIDIA A100-SXM4-80GB,6e223e81e1ad,da58b6a4a0cf9eff,True,bfloat16,2.11.0+cu128,2026-08-18T05:38:40
eurosat|swin_b_satlas-ms_ms9|25|42,eurosat,swin_b_satlas-ms_ms9,swin_b,satlas,ms9,ms,swin_v2_b,core,False,25,42,0.9629629629629629,0.9616948145544253,0.9628924919794449,0.9587767378658565,0.9985232071995463,0.029048483195128226,0.8922222222222222,0.8868002646636128,0.8909577538414054,0.8800201569801179,0.9922750665532879,0.020655978377218633,38,25,304,200,8,8,300,200,True,True,False,0.8887037037037037,0.9587037037037037,14,23,114.8,4.69,1.47,113.33,125.27,18900,250,5400,2700,e5086fc1db7ca6bb,960ff2e6743af984,88c77e93aae99847,NVIDIA A100-SXM4-80GB,6e223e81e1ad,a9bb67424136c40c,True,bfloat16,2.11.0+cu128,2026-08-18T05:40:45
eurosat|swin_b_satlas-ms_ms9|25|123,eurosat,swin_b_satlas-ms_ms9,swin_b,satlas,ms9,ms,swin_v2_b,core,False,25,123,0.9503703703703704,0.9487538352939147,0.9504332133898813,0.9447789555621695,0.9976930991496598,0.040755203984401876,0.8937037037037037,0.8912924368958463,0.894212510207131,0.8817921103212618,0.9932163498866213,0.01583065828791373,38,25,304,200,8,8,300,200,True,True,False,0.8881481481481481,0.9424074074074074,29,20,114.63,4.71,1.5,113.13,125.81,18900,250,5400,2700,e5086fc1db7ca6bb,960ff2e6743af984,88c77e93aae99847,NVIDIA A100-SXM4-80GB,6e223e81e1ad,a9bb67424136c40c,True,bfloat16,2.11.0+cu128,2026-08-18T05:42:51
eurosat|swin_b_satlas-ms_ms9|25|2024,eurosat,swin_b_satlas-ms_ms9,swin_b,satlas,ms9,ms,swin_v2_b,core,False,25,2024,0.9603703703703703,0.9588797058030394,0.9602116593397272,0.9558968330903512,0.9984497456349206,0.029923724774961115,0.9062962962962963,0.9027567552849959,0.9058060097817913,0.8957823191523445,0.9943565532879818,0.020475173029634718,38,25,304,200,8,8,300,200,True,True,False,0.8985185185185185,0.9588888888888889,35,23,115.83,4.59,1.49,114.34,126.82,18900,250,5400,2700,e5086fc1db7ca6bb,960ff2e6743af984,88c77e93aae99847,NVIDIA A100-SXM4-80GB,6e223e81e1ad,a9bb67424136c40c,True,bfloat16,2.11.0+cu128,2026-08-18T05:44:59
eurosat|swin_b_satlas-ms_ms9|25|7,eurosat,swin_b_satlas-ms_ms9,swin_b,satlas,ms9,ms,swin_v2_b,core,False,25,7,0.9577777777777777,0.9569430076665586,0.957838600304277,0.9530087097242048,0.9985173115646259,0.033404473706528,0.9007407407407407,0.8961699617959159,0.9001341810378027,0.8895165969401777,0.9934002936507935,0.016654188511548235,38,25,304,200,8,8,300,200,True,True,False,0.9,0.9588888888888889,29,17,114.34,4.62,1.49,112.85,125.98,18900,250,5400,2700,e5086fc1db7ca6bb,960ff2e6743af984,88c77e93aae99847,NVIDIA A100-SXM4-80GB,6e223e81e1ad,a9bb67424136c40c,True,bfloat16,2.11.0+cu128,2026-08-18T05:47:05
eurosat|swin_b_satlas-ms_ms9|25|999,eurosat,swin_b_satlas-ms_ms9,swin_b,satlas,ms9,ms,swin_v2_b,core,False,25,999,0.9511111111111111,0.9490928139182528,0.9512752806360378,0.9456060559811972,0.998147026473923,0.04110103379797053,0.8996296296296297,0.8950636400954364,0.9001679832710101,0.888373583121024,0.9930893742630387,0.021573626200358072,38,25,304,200,8,8,300,200,True,True,False,0.892962962962963,0.945925925925926,32,23,114.17,4.75,1.56,112.61,124.73,18900,250,5400,2700,e5086fc1db7ca6bb,960ff2e6743af984,88c77e93aae99847,NVIDIA A100-SXM4-80GB,6e223e81e1ad,a9bb67424136c40c,True,bfloat16,2.11.0+cu128,2026-08-18T05:49:10
eurosat|resnet50_imagenet_rgb3|25|42,eurosat,resnet50_imagenet_rgb3,resnet50,imagenet,rgb3,,,core,False,25,42,0.8985185185185185,0.8927941199729237,0.8974572476018006,0.887063780417061,0.992980662414966,0.06803071671062044,0.8977777777777778,0.8938983164775361,0.89713636756879,0.8862342182800788,0.9932555451247165,0.05231829287829226,38,25,304,200,8,8,300,200,True,True,False,0.8966666666666666,0.8944444444444445,29,20,28.76,1.24,1.53,27.24,30.86,18900,250,5400,2700,e5086fc1db7ca6bb,960ff2e6743af984,88c77e93aae99847,NVIDIA A100-SXM4-80GB,6e223e81e1ad,8dbf1f2f4e43febd,True,bfloat16,2.11.0+cu128,2026-08-18T05:49:41
eurosat|resnet50_imagenet_rgb3|25|123,eurosat,resnet50_imagenet_rgb3,resnet50,imagenet,rgb3,,,core,False,25,123,0.8703703703703703,0.8633518765389624,0.8699837508010153,0.855828642043114,0.9868006086167801,0.09015533846837506,0.8944444444444445,0.8895650839079126,0.8937309426920794,0.8825280512937944,0.9939119253968254,0.05161407206897381,38,25,304,200,8,8,300,200,True,True,False,0.892962962962963,0.8679629629629629,17,24,28.84,1.28,1.53,27.31,30.98,18900,250,5400,2700,e5086fc1db7ca6bb,960ff2e6743af984,88c77e93aae99847,NVIDIA A100-SXM4-80GB,6e223e81e1ad,8dbf1f2f4e43febd,True,bfloat16,2.11.0+cu128,2026-08-18T05:50:12
eurosat|resnet50_imagenet_rgb3|25|2024,eurosat,resnet50_imagenet_rgb3,resnet50,imagenet,rgb3,,,core,False,25,2024,0.867037037037037,0.8606615766822516,0.865859381173577,0.8520818867838149,0.9897040715419501,0.09119767001381623,0.8962962962962963,0.8920201351614934,0.8955408965140333,0.8845933671716979,0.9940353811791383,0.045693463616900964,38,25,304,200,8,8,300,200,True,True,False,0.8994444444444445,0.8774074074074074,29,24,28.71,1.3,1.56,27.15,30.88,18900,250,5400,2700,e5086fc1db7ca6bb,960ff2e6743af984,88c77e93aae99847,NVIDIA A100-SXM4-80GB,6e223e81e1ad,8dbf1f2f4e43febd,True,bfloat16,2.11.0+cu128,2026-08-18T05:50:43
eurosat|resnet50_imagenet_rgb3|25|7,eurosat,resnet50_imagenet_rgb3,resnet50,imagenet,rgb3,,,core,False,25,7,0.8496296296296296,0.842483055006641,0.8471186497333588,0.832639943816365,0.987461138605442,0.10372279195873829,0.9092592592592592,0.9046965088594444,0.9088680108046547,0.8990253619593507,0.994198247165533,0.04419856011867527,38,25,304,200,8,8,300,200,True,True,False,0.8996296296296297,0.8592592592592593,20,17,28.66,1.25,1.55,27.1,30.76,18900,250,5400,2700,e5086fc1db7ca6bb,960ff2e6743af984,88c77e93aae99847,NVIDIA A100-SXM4-80GB,6e223e81e1ad,8dbf1f2f4e43febd,True,bfloat16,2.11.0+cu128,2026-08-18T05:51:15
eurosat|resnet50_imagenet_rgb3|25|999,eurosat,resnet50_imagenet_rgb3,resnet50,imagenet,rgb3,,,core,False,25,999,0.8674074074074074,0.8585890471832404,0.8639984189370341,0.852461268411814,0.9884078994331066,0.09064093275202645,0.8881481481481481,0.8845339927368366,0.888129687858496,0.8755485008279977,0.9932423099773242,0.06549009105673548,38,25,304,200,8,8,300,200,True,True,False,0.8861111111111111,0.8662962962962963,26,20,28.89,1.29,1.58,27.31,31.03,18900,250,5400,2700,e5086fc1db7ca6bb,960ff2e6743af984,88c77e93aae99847,NVIDIA A100-SXM4-80GB,6e223e81e1ad,8dbf1f2f4e43febd,True,bfloat16,2.11.0+cu128,2026-08-18T05:51:46
eurosat|swin_b_imagenet_rgb3|25|42,eurosat,swin_b_imagenet_rgb3,swin_b,imagenet,rgb3,,swin_v2_b,core,False,25,42,0.9451851851851852,0.9431614627533339,0.9449355798316841,0.9389658095507205,0.9977651221088435,0.039803851059189585,0.8881481481481481,0.8827941743830567,0.887209101749788,0.8754933921713837,0.99104761723356,0.04626579720664905,38,25,304,200,8,8,300,200,True,True,False,0.8787037037037037,0.9383333333333334,29,20,116.26,4.61,1.49,114.77,123.16,18900,250,5400,2700,e5086fc1db7ca6bb,960ff2e6743af984,88c77e93aae99847,NVIDIA A100-SXM4-80GB,6e223e81e1ad,88912e7391ce9f7b,True,bfloat16,2.11.0+cu128,2026-08-18T05:53:49
eurosat|swin_b_imagenet_rgb3|25|123,eurosat,swin_b_imagenet_rgb3,swin_b,imagenet,rgb3,,swin_v2_b,core,False,25,123,0.9481481481481482,0.9457217779109044,0.9477366779419802,0.9422909573899635,0.9976897963718822,0.0369377821904642,0.8725925925925926,0.8668731412933856,0.8721516170959142,0.8582385127864649,0.9897783312925169,0.04740180834575933,38,25,304,200,8,8,300,200,True,True,False,0.872037037037037,0.9292592592592592,11,23,115.98,4.71,1.52,114.46,123.02,18900,250,5400,2700,e5086fc1db7ca6bb,960ff2e6743af984,88c77e93aae99847,NVIDIA A100-SXM4-80GB,6e223e81e1ad,88912e7391ce9f7b,True,bfloat16,2.11.0+cu128,2026-08-18T05:55:53
eurosat|swin_b_imagenet_rgb3|25|2024,eurosat,swin_b_imagenet_rgb3,swin_b,imagenet,rgb3,,swin_v2_b,core,False,25,2024,0.9388888888888889,0.937526427722054,0.9385617155765578,0.9319821367227756,0.9971810787981858,0.04148881610896851,0.8785185185185185,0.8723929581873607,0.8772144547797096,0.8648227859694111,0.9908504002267573,0.05487379514508778,38,25,304,200,8,8,300,200,True,True,False,0.8748148148148148,0.9285185185185185,29,24,115.52,4.68,1.5,114.02,122.46,18900,250,5400,2700,e5086fc1db7ca6bb,960ff2e6743af984,88c77e93aae99847,NVIDIA A100-SXM4-80GB,6e223e81e1ad,88912e7391ce9f7b,True,bfloat16,2.11.0+cu128,2026-08-18T05:57:55
eurosat|swin_b_imagenet_rgb3|25|7,eurosat,swin_b_imagenet_rgb3,swin_b,imagenet,rgb3,,swin_v2_b,core,False,25,7,0.94,0.9377932670550235,0.9395349561856126,0.933198937047558,0.9975026343537415,0.03963706806853967,0.8792592592592593,0.8750002710928715,0.8785642962310619,0.8656101135947233,0.9916497085034013,0.0476219337405982,38,25,304,200,8,8,300,200,True,True,False,0.8781481481481481,0.935,23,23,116.34,4.74,1.51,114.83,123.55,18900,250,5400,2700,e5086fc1db7ca6bb,960ff2e6743af984,88c77e93aae99847,NVIDIA A100-SXM4-80GB,6e223e81e1ad,88912e7391ce9f7b,True,bfloat16,2.11.0+cu128,2026-08-18T05:59:59
eurosat|swin_b_imagenet_rgb3|25|999,eurosat,swin_b_imagenet_rgb3,swin_b,imagenet,rgb3,,swin_v2_b,core,False,25,999,0.917037037037037,0.9146713505103479,0.9169159287032169,0.907716955941255,0.9955377638321995,0.06025513620288278,0.8655555555555555,0.858587924336059,0.864507722421847,0.850404096677936,0.9894302163265305,0.05737691563588601,38,25,304,200,8,8,300,200,True,True,False,0.8590740740740741,0.9064814814814814,17,24,115.56,4.67,1.49,114.07,122.51,18900,250,5400,2700,e5086fc1db7ca6bb,960ff2e6743af984,88c77e93aae99847,NVIDIA A100-SXM4-80GB,6e223e81e1ad,88912e7391ce9f7b,True,bfloat16,2.11.0+cu128,2026-08-18T06:02:02
eurosat|resnet50_scratch_ms9|25|42,eurosat,resnet50_scratch_ms9,resnet50,scratch,ms9,,,core,False,25,42,0.6877777777777778,0.6817989460032194,0.6861989766941464,0.6526682028352995,0.9365947630385486,0.14040073506810047,0.4062962962962963,0.33541095823021366,0.3363377940511881,0.33734976651611437,0.8266441086734695,0.19231793929581287,38,25,304,200,8,8,300,200,True,True,False,0.4127777777777778,0.6764814814814815,29,23,27.46,1.28,1.55,25.91,29.5,18900,250,5400,2700,e5086fc1db7ca6bb,960ff2e6743af984,88c77e93aae99847,NVIDIA A100-SXM4-80GB,6e223e81e1ad,f0a84228f765a9b5,True,bfloat16,2.11.0+cu128,2026-08-18T06:02:32
eurosat|resnet50_scratch_ms9|25|123,eurosat,resnet50_scratch_ms9,resnet50,scratch,ms9,,,core,False,25,123,0.6818518518518518,0.6721133592156209,0.675982435366956,0.646194682165576,0.9344896250566894,0.11777756551349604,0.41703703703703704,0.3386960953170296,0.3451322459681955,0.35011392656706386,0.8246761734126984,0.23225751204623116,38,25,304,200,8,8,300,200,True,True,False,0.4225925925925926,0.6677777777777778,29,20,27.46,1.15,1.52,25.94,29.35,18900,250,5400,2700,e5086fc1db7ca6bb,960ff2e6743af984,88c77e93aae99847,NVIDIA A100-SXM4-80GB,6e223e81e1ad,7b051e0a5b8ad687,True,bfloat16,2.11.0+cu128,2026-08-18T06:03:01
eurosat|resnet50_scratch_ms9|25|2024,eurosat,resnet50_scratch_ms9,resnet50,scratch,ms9,,,core,False,25,2024,0.6911111111111111,0.679428193701846,0.6857352970220322,0.6565047936481303,0.9412720772108845,0.12010272522767385,0.4462962962962963,0.38654724033160615,0.3915820589206477,0.3839614794691981,0.8235636900226757,0.1295198767935788,38,25,304,200,8,8,300,200,True,True,False,0.4375925925925926,0.6975925925925925,37,24,27.89,1.19,1.53,26.35,29.84,18900,250,5400,2700,e5086fc1db7ca6bb,960ff2e6743af984,88c77e93aae99847,NVIDIA A100-SXM4-80GB,6e223e81e1ad,d662911b4954a020,True,bfloat16,2.11.0+cu128,2026-08-18T06:03:32
eurosat|resnet50_scratch_ms9|25|7,eurosat,resnet50_scratch_ms9,resnet50,scratch,ms9,,,core,False,25,7,0.6862962962962963,0.6777275113016074,0.6830949261996131,0.6512197167847364,0.9401638674603175,0.1314932765673708,0.44851851851851854,0.40822764147259855,0.40886563808924176,0.38681756133273326,0.8282944526643992,0.1760626259998039,38,25,304,200,8,8,300,200,True,True,False,0.44425925925925924,0.6846296296296296,32,23,27.72,1.18,1.57,26.15,29.66,18900,250,5400,2700,e5086fc1db7ca6bb,960ff2e6743af984,88c77e93aae99847,NVIDIA A100-SXM4-80GB,6e223e81e1ad,38ebd6385e2a8522,True,bfloat16,2.11.0+cu128,2026-08-18T06:04:01
eurosat|resnet50_scratch_ms9|25|999,eurosat,resnet50_scratch_ms9,resnet50,scratch,ms9,,,core,False,25,999,0.6811111111111111,0.6775250558639108,0.6823843913176615,0.645316814915399,0.9377215708616781,0.16598252186620677,0.4211111111111111,0.3766068830733726,0.3803561290056648,0.356579278379594,0.825964652494331,0.12965489462018015,38,25,304,200,8,8,300,200,True,True,False,0.4187037037037037,0.6811111111111111,35,23,27.45,1.28,1.55,25.91,29.48,18900,250,5400,2700,e5086fc1db7ca6bb,960ff2e6743af984,88c77e93aae99847,NVIDIA A100-SXM4-80GB,6e223e81e1ad,5840958c5d0dbe7a,True,bfloat16,2.11.0+cu128,2026-08-18T06:04:31
eurosat|swin_b_scratch_ms9|25|42,eurosat,swin_b_scratch_ms9,swin_b,scratch,ms9,,swin_v2_b,core,False,25,42,0.6914814814814815,0.6762166054375021,0.6798645238330882,0.6568878718535469,0.9406274984126984,0.0606748498921041,0.654074074074074,0.6352597375928826,0.6389963606751435,0.6153916544655931,0.9257199571428572,0.03686908858241858,38,25,304,200,8,8,300,200,True,True,False,0.6425925925925926,0.6788888888888889,37,23,115.03,4.65,1.49,113.54,121.66,18900,250,5400,2700,e5086fc1db7ca6bb,960ff2e6743af984,88c77e93aae99847,NVIDIA A100-SXM4-80GB,6e223e81e1ad,1c220bb31401f88c,True,bfloat16,2.11.0+cu128,2026-08-18T06:06:33
eurosat|swin_b_scratch_ms9|25|123,eurosat,swin_b_scratch_ms9,swin_b,scratch,ms9,,swin_v2_b,core,False,25,123,0.6903703703703704,0.6840027031802713,0.6859620622150218,0.6559539686773614,0.9436312443310658,0.09864023237316696,0.6533333333333333,0.6399034253512883,0.6447926851407376,0.6142562771884301,0.9130698549886622,0.03284162318264996,38,25,304,200,8,8,300,200,True,True,False,0.6268518518518519,0.6733333333333333,32,23,114.51,4.54,1.49,113.02,121.09,18900,250,5400,2700,e5086fc1db7ca6bb,960ff2e6743af984,88c77e93aae99847,NVIDIA A100-SXM4-80GB,6e223e81e1ad,9239f9e0cb83fa0b,True,bfloat16,2.11.0+cu128,2026-08-18T06:08:35
eurosat|swin_b_scratch_ms9|25|2024,eurosat,swin_b_scratch_ms9,swin_b,scratch,ms9,,swin_v2_b,core,False,25,2024,0.6807407407407408,0.6588275605676666,0.6634729254092232,0.6449048716110035,0.938312898015873,0.06626937473261799,0.6744444444444444,0.6680368540075218,0.6703217276240266,0.6381088890752586,0.9297360839002267,0.029523620009422307,38,25,304,200,8,8,300,200,True,True,False,0.6631481481481482,0.6772222222222222,26,20,114.97,4.48,1.49,113.48,121.48,18900,250,5400,2700,e5086fc1db7ca6bb,960ff2e6743af984,88c77e93aae99847,NVIDIA A100-SXM4-80GB,6e223e81e1ad,f33c2df290b09e42,True,bfloat16,2.11.0+cu128,2026-08-18T06:10:36
eurosat|swin_b_scratch_ms9|25|7,eurosat,swin_b_scratch_ms9,swin_b,scratch,ms9,,swin_v2_b,core,False,25,7,0.7125925925925926,0.704602365509909,0.707196229971372,0.6803807606059219,0.9513938800453514,0.037716379518862135,0.67,0.6589742384505005,0.6604331247053536,0.6329081087679678,0.9267044035147393,0.028408583976604323,38,25,304,200,8,8,300,200,True,True,False,0.6587037037037037,0.7022222222222222,29,23,114.73,4.51,1.48,113.25,121.25,18900,250,5400,2700,e5086fc1db7ca6bb,960ff2e6743af984,88c77e93aae99847,NVIDIA A100-SXM4-80GB,6e223e81e1ad,89badb74210fc71e,True,bfloat16,2.11.0+cu128,2026-08-18T06:12:38
eurosat|swin_b_scratch_ms9|25|999,eurosat,swin_b_scratch_ms9,swin_b,scratch,ms9,,swin_v2_b,core,False,25,999,0.7266666666666667,0.7099877958312806,0.7137891914514208,0.6959301704536784,0.9422939645124717,0.05636988476470664,0.6470370370370371,0.6348894005054442,0.6389478225131994,0.6074599542334097,0.9232601147392291,0.03252663638304783,38,25,304,200,8,8,300,200,True,True,False,0.6370370370370371,0.7094444444444444,29,24,114.64,4.6,1.48,113.15,121.24,18900,250,5400,2700,e5086fc1db7ca6bb,960ff2e6743af984,88c77e93aae99847,NVIDIA A100-SXM4-80GB,6e223e81e1ad,7e238bb62177b37a,True,bfloat16,2.11.0+cu128,2026-08-18T06:14:39
eurosat|resnet50_satlas-ms_ms9|50|42,eurosat,resnet50_satlas-ms_ms9,resnet50,satlas,ms9,ms,,core,False,50,42,0.9388888888888889,0.9372190811281758,0.9390235686648158,0.9319904435505416,0.9973402451814058,0.04051273595403747,0.8514814814814815,0.8438196824000986,0.8489479302462223,0.8347401358467527,0.985616671882086,0.051258274040840296,19,13,304,208,16,16,300,200,True,True,False,0.8507407407407407,0.94,5,12,23.62,1.19,1.34,22.28,28.66,18900,500,5400,2700,e5086fc1db7ca6bb,960ff2e6743af984,88c77e93aae99847,NVIDIA A100-SXM4-80GB,6e223e81e1ad,da58b6a4a0cf9eff,True,bfloat16,2.11.0+cu128,2026-08-18T06:15:08
eurosat|resnet50_satlas-ms_ms9|50|123,eurosat,resnet50_satlas-ms_ms9,resnet50,satlas,ms9,ms,,core,False,50,123,0.9222222222222223,0.9195596845355579,0.9225649293819819,0.9134694625034337,0.9951059147959184,0.06103491033668873,0.8422222222222222,0.8358321593757173,0.8419543476800114,0.8245482904059857,0.9834774066893424,0.08734499922505129,19,13,304,208,16,16,300,200,True,True,False,0.85,0.927037037037037,15,12,23.56,1.17,1.36,22.2,28.71,18900,500,5400,2700,e5086fc1db7ca6bb,960ff2e6743af984,88c77e93aae99847,NVIDIA A100-SXM4-80GB,6e223e81e1ad,da58b6a4a0cf9eff,True,bfloat16,2.11.0+cu128,2026-08-18T06:15:37
eurosat|resnet50_satlas-ms_ms9|50|2024,eurosat,resnet50_satlas-ms_ms9,resnet50,satlas,ms9,ms,,core,False,50,2024,0.9311111111111111,0.9293681752040486,0.9309780649471106,0.9233171223307197,0.9969174520408164,0.05171848177909849,0.8611111111111112,0.856655743619196,0.8612008639000378,0.845448162168763,0.9870865812925171,0.06918671354099554,19,13,304,208,16,16,300,200,True,True,False,0.8603703703703703,0.9348148148148148,13,9,23.28,1.16,1.36,21.92,28.71,18900,500,5400,2700,e5086fc1db7ca6bb,960ff2e6743af984,88c77e93aae99847,NVIDIA A100-SXM4-80GB,6e223e81e1ad,da58b6a4a0cf9eff,True,bfloat16,2.11.0+cu128,2026-08-18T06:16:06
eurosat|resnet50_satlas-ms_ms9|50|7,eurosat,resnet50_satlas-ms_ms9,resnet50,satlas,ms9,ms,,core,False,50,7,0.9292592592592592,0.9273892210091554,0.9296938121213368,0.9212593616160383,0.9955588171768708,0.053522497680452155,0.8403703703703703,0.8345457824298963,0.8394467973297958,0.8224822283918601,0.9830304230158731,0.0947079211804602,19,13,304,208,16,16,300,200,True,True,False,0.8407407407407408,0.9342592592592592,18,11,23.1,1.16,1.38,21.73,28.24,18900,500,5400,2700,e5086fc1db7ca6bb,960ff2e6743af984,88c77e93aae99847,NVIDIA A100-SXM4-80GB,6e223e81e1ad,da58b6a4a0cf9eff,True,bfloat16,2.11.0+cu128,2026-08-18T06:16:35
eurosat|resnet50_satlas-ms_ms9|50|999,eurosat,resnet50_satlas-ms_ms9,resnet50,satlas,ms9,ms,,core,False,50,999,0.9385185185185185,0.9362252833750618,0.9385756184209076,0.9315751307202015,0.9964235057256235,0.046592598844457545,0.8474074074074074,0.8442259988486652,0.8492572575693714,0.8302353264353082,0.9837808815192745,0.08910117821560962,19,13,304,208,16,16,300,200,True,True,False,0.8444444444444444,0.9307407407407408,11,12,23.32,1.28,1.35,21.97,28.32,18900,500,5400,2700,e5086fc1db7ca6bb,960ff2e6743af984,88c77e93aae99847,NVIDIA A100-SXM4-80GB,6e223e81e1ad,da58b6a4a0cf9eff,True,bfloat16,2.11.0+cu128,2026-08-18T06:17:03
eurosat|swin_b_satlas-ms_ms9|50|42,eurosat,swin_b_satlas-ms_ms9,swin_b,satlas,ms9,ms,swin_v2_b,core,False,50,42,0.9614814814814815,0.9601557406643091,0.9613623828448723,0.957118314053373,0.9988384380385487,0.026654523379272915,0.9159259259259259,0.9112618785792869,0.9154005990281561,0.9064346233111976,0.995214445351474,0.013647228369006394,19,13,304,208,16,16,300,200,True,True,False,0.9087037037037037,0.9581481481481482,15,9,98.42,4.54,1.31,97.11,109.65,18900,500,5400,2700,e5086fc1db7ca6bb,960ff2e6743af984,88c77e93aae99847,NVIDIA A100-SXM4-80GB,6e223e81e1ad,a9bb67424136c40c,True,bfloat16,2.11.0+cu128,2026-08-18T06:18:53
eurosat|swin_b_satlas-ms_ms9|50|123,eurosat,swin_b_satlas-ms_ms9,swin_b,satlas,ms9,ms,swin_v2_b,core,False,50,123,0.9611111111111111,0.9592787730232034,0.9609490093346557,0.9567172268490599,0.9986328754535148,0.02844092514779833,0.92,0.9166021486442402,0.9198085430922135,0.9109788208357184,0.9949175285714287,0.013859691056940305,19,13,304,208,16,16,300,200,True,True,False,0.9114814814814814,0.9611111111111111,17,11,98.31,4.63,1.31,97.0,109.15,18900,500,5400,2700,e5086fc1db7ca6bb,960ff2e6743af984,88c77e93aae99847,NVIDIA A100-SXM4-80GB,6e223e81e1ad,a9bb67424136c40c,True,bfloat16,2.11.0+cu128,2026-08-18T06:20:43
eurosat|swin_b_satlas-ms_ms9|50|2024,eurosat,swin_b_satlas-ms_ms9,swin_b,satlas,ms9,ms,swin_v2_b,core,False,50,2024,0.9633333333333334,0.9616789338402156,0.9633116612228516,0.9592070323230474,0.998426703628118,0.025944764945242095,0.9125925925925926,0.9090753134084057,0.9125538878336361,0.9027613517576053,0.99507650430839,0.012303180804959067,19,13,304,208,16,16,300,200,True,True,False,0.9085185185185185,0.9631481481481482,18,11,97.88,4.58,1.3,96.58,108.75,18900,500,5400,2700,e5086fc1db7ca6bb,960ff2e6743af984,88c77e93aae99847,NVIDIA A100-SXM4-80GB,6e223e81e1ad,a9bb67424136c40c,True,bfloat16,2.11.0+cu128,2026-08-18T06:22:32
eurosat|swin_b_satlas-ms_ms9|50|7,eurosat,swin_b_satlas-ms_ms9,swin_b,satlas,ms9,ms,swin_v2_b,core,False,50,7,0.9614814814814815,0.9601342964010356,0.9614121381580096,0.9571444923499561,0.9988828467120181,0.02925959220638979,0.9181481481481482,0.914522960826344,0.917794096133935,0.9089299613864257,0.9944383396825396,0.022441288961304543,19,13,304,208,16,16,300,200,True,True,False,0.9135185185185185,0.9633333333333334,17,12,97.33,4.67,1.3,96.02,109.12,18900,500,5400,2700,e5086fc1db7ca6bb,960ff2e6743af984,88c77e93aae99847,NVIDIA A100-SXM4-80GB,6e223e81e1ad,a9bb67424136c40c,True,bfloat16,2.11.0+cu128,2026-08-18T06:24:21
eurosat|swin_b_satlas-ms_ms9|50|999,eurosat,swin_b_satlas-ms_ms9,swin_b,satlas,ms9,ms,swin_v2_b,core,False,50,999,0.9588888888888889,0.9573252457795526,0.9588532679922924,0.9542358905448326,0.9989869089002268,0.031062549507176445,0.9148148148148149,0.9105175808735042,0.9144141354690789,0.9052053121660815,0.9951026055555555,0.013325970338450508,19,13,304,208,16,16,300,200,True,True,False,0.9111111111111111,0.9587037037037037,15,9,97.47,4.67,1.31,96.16,109.16,18900,500,5400,2700,e5086fc1db7ca6bb,960ff2e6743af984,88c77e93aae99847,NVIDIA A100-SXM4-80GB,6e223e81e1ad,a9bb67424136c40c,True,bfloat16,2.11.0+cu128,2026-08-18T06:26:11
eurosat|resnet50_imagenet_rgb3|50|42,eurosat,resnet50_imagenet_rgb3,resnet50,imagenet,rgb3,,,core,False,50,42,0.9322222222222222,0.9286234757649409,0.9316601338374775,0.9245671887881286,0.9962973166666668,0.04328607356106798,0.9237037037037037,0.9205567273986108,0.9232959122219789,0.9150910992206761,0.9961698073696145,0.037258207339931404,19,13,304,208,16,16,300,200,True,True,False,0.922037037037037,0.9237037037037037,9,12,24.25,1.24,1.37,22.88,26.35,18900,500,5400,2700,e5086fc1db7ca6bb,960ff2e6743af984,88c77e93aae99847,NVIDIA A100-SXM4-80GB,6e223e81e1ad,8dbf1f2f4e43febd,True,bfloat16,2.11.0+cu128,2026-08-18T06:26:38
eurosat|resnet50_imagenet_rgb3|50|123,eurosat,resnet50_imagenet_rgb3,resnet50,imagenet,rgb3,,,core,False,50,123,0.9111111111111111,0.9053224696500587,0.9099497357056986,0.901073233287025,0.9946933722222223,0.06020410831327788,0.922962962962963,0.9194147001473052,0.9228499298290677,0.9142719758203008,0.9959382580498864,0.03711044620584564,19,13,304,208,16,16,300,200,True,True,False,0.9214814814814815,0.9183333333333333,11,9,24.14,1.32,1.35,22.79,26.32,18900,500,5400,2700,e5086fc1db7ca6bb,960ff2e6743af984,88c77e93aae99847,NVIDIA A100-SXM4-80GB,6e223e81e1ad,8dbf1f2f4e43febd,True,bfloat16,2.11.0+cu128,2026-08-18T06:27:04
eurosat|resnet50_imagenet_rgb3|50|2024,eurosat,resnet50_imagenet_rgb3,resnet50,imagenet,rgb3,,,core,False,50,2024,0.917037037037037,0.912624921711948,0.9161473874073899,0.907661302635195,0.9954086017006804,0.05869088201611126,0.9151851851851852,0.9116067499796566,0.9148157594444698,0.9056261065999145,0.995564641043084,0.040781413272575076,19,13,304,208,16,16,300,200,True,True,False,0.9118518518518518,0.9194444444444444,9,12,24.66,1.25,1.38,23.28,26.77,18900,500,5400,2700,e5086fc1db7ca6bb,960ff2e6743af984,88c77e93aae99847,NVIDIA A100-SXM4-80GB,6e223e81e1ad,8dbf1f2f4e43febd,True,bfloat16,2.11.0+cu128,2026-08-18T06:27:31
eurosat|resnet50_imagenet_rgb3|50|7,eurosat,resnet50_imagenet_rgb3,resnet50,imagenet,rgb3,,,core,False,50,7,0.9111111111111111,0.906651538226009,0.910286497073181,0.9010709678404312,0.9940935702947845,0.06227384870802914,0.9196296296296296,0.9154985423166675,0.9195627534714964,0.9105598595580658,0.9955086824263037,0.041300098432434915,19,13,304,208,16,16,300,200,True,True,False,0.9214814814814815,0.9127777777777778,13,9,24.25,1.24,1.37,22.88,26.35,18900,500,5400,2700,e5086fc1db7ca6bb,960ff2e6743af984,88c77e93aae99847,NVIDIA A100-SXM4-80GB,6e223e81e1ad,8dbf1f2f4e43febd,True,bfloat16,2.11.0+cu128,2026-08-18T06:27:58
eurosat|resnet50_imagenet_rgb3|50|999,eurosat,resnet50_imagenet_rgb3,resnet50,imagenet,rgb3,,,core,False,50,999,0.9177777777777778,0.9134379973214342,0.9172952342553806,0.9085122945189797,0.9955569368480726,0.05351056160750216,0.9166666666666666,0.913913757712064,0.9165823349687994,0.9072582799654986,0.9959909688208617,0.0429647361790692,19,13,304,208,16,16,300,200,True,True,False,0.9142592592592592,0.9218518518518518,15,7,24.22,1.28,1.4,22.82,26.35,18900,500,5400,2700,e5086fc1db7ca6bb,960ff2e6743af984,88c77e93aae99847,NVIDIA A100-SXM4-80GB,6e223e81e1ad,8dbf1f2f4e43febd,True,bfloat16,2.11.0+cu128,2026-08-18T06:28:24
eurosat|swin_b_imagenet_rgb3|50|42,eurosat,swin_b_imagenet_rgb3,swin_b,imagenet,rgb3,,swin_v2_b,core,False,50,42,0.952962962962963,0.9520583647309518,0.9532634453740384,0.9476420604200545,0.9975740863378686,0.035650473700629376,0.9092592592592592,0.9050179297821426,0.9089594547930017,0.8990114881111408,0.9944891006802722,0.03677833199501038,19,13,304,208,16,16,300,200,True,True,False,0.9055555555555556,0.9411111111111111,13,11,98.48,4.63,1.3,97.18,105.47,18900,500,5400,2700,e5086fc1db7ca6bb,960ff2e6743af984,88c77e93aae99847,NVIDIA A100-SXM4-80GB,6e223e81e1ad,88912e7391ce9f7b,True,bfloat16,2.11.0+cu128,2026-08-18T06:30:10
eurosat|swin_b_imagenet_rgb3|50|123,eurosat,swin_b_imagenet_rgb3,swin_b,imagenet,rgb3,,swin_v2_b,core,False,50,123,0.9614814814814815,0.9600909670512829,0.9613589144128105,0.9571268255070959,0.9985987692743764,0.026980159017774792,0.904074074074074,0.8999179799454259,0.9039245778855975,0.8932439756047295,0.9939543156462586,0.03728292419954582,19,13,304,208,16,16,300,200,True,True,False,0.8948148148148148,0.9501851851851851,13,12,98.53,4.62,1.31,97.22,105.44,18900,500,5400,2700,e5086fc1db7ca6bb,960ff2e6743af984,88c77e93aae99847,NVIDIA A100-SXM4-80GB,6e223e81e1ad,88912e7391ce9f7b,True,bfloat16,2.11.0+cu128,2026-08-18T06:31:56
eurosat|swin_b_imagenet_rgb3|50|2024,eurosat,swin_b_imagenet_rgb3,swin_b,imagenet,rgb3,,swin_v2_b,core,False,50,2024,0.9588888888888889,0.9575604271403615,0.9589754336372796,0.9542568454470527,0.9986512270975056,0.02688052793343859,0.9114814814814814,0.9084830948598386,0.9113026979684742,0.9015042241912219,0.9942664785714286,0.03566905945539475,19,13,304,208,16,16,300,200,True,True,False,0.902962962962963,0.952037037037037,15,12,99.18,4.61,1.28,97.9,106.08,18900,500,5400,2700,e5086fc1db7ca6bb,960ff2e6743af984,88c77e93aae99847,NVIDIA A100-SXM4-80GB,6e223e81e1ad,88912e7391ce9f7b,True,bfloat16,2.11.0+cu128,2026-08-18T06:33:42
eurosat|swin_b_imagenet_rgb3|50|7,eurosat,swin_b_imagenet_rgb3,swin_b,imagenet,rgb3,,swin_v2_b,core,False,50,7,0.9577777777777777,0.9559006939962036,0.957598064990459,0.9530101444960957,0.9985333840702948,0.032276048020080286,0.9055555555555556,0.9016879641120236,0.9056967618881904,0.8949223936632938,0.9937806595238096,0.03220699787139894,19,13,304,208,16,16,300,200,True,True,False,0.8987037037037037,0.9496296296296296,15,12,98.56,4.64,1.33,97.22,105.5,18900,500,5400,2700,e5086fc1db7ca6bb,960ff2e6743af984,88c77e93aae99847,NVIDIA A100-SXM4-80GB,6e223e81e1ad,88912e7391ce9f7b,True,bfloat16,2.11.0+cu128,2026-08-18T06:35:28
eurosat|swin_b_imagenet_rgb3|50|999,eurosat,swin_b_imagenet_rgb3,swin_b,imagenet,rgb3,,swin_v2_b,core,False,50,999,0.9555555555555556,0.9542240012722596,0.9554672418817366,0.9505339735417828,0.9979011785147394,0.031931440510131665,0.9062962962962963,0.9025829834131678,0.9063812442761139,0.8957266392410377,0.9939668299319727,0.037007316119141084,19,13,304,208,16,16,300,200,True,True,False,0.904074074074074,0.9455555555555556,13,12,98.92,4.77,1.3,97.62,106.02,18900,500,5400,2700,e5086fc1db7ca6bb,960ff2e6743af984,88c77e93aae99847,NVIDIA A100-SXM4-80GB,6e223e81e1ad,88912e7391ce9f7b,True,bfloat16,2.11.0+cu128,2026-08-18T06:37:14
eurosat|resnet50_scratch_ms9|50|42,eurosat,resnet50_scratch_ms9,resnet50,scratch,ms9,,,core,False,50,42,0.7485185185185185,0.7356987983111838,0.742179881718422,0.7201025969862134,0.9541071841269841,0.039374659105583465,0.32814814814814813,0.25204872022956215,0.25727160109098074,0.2519873238898859,0.806699960770975,0.16820888720728733,19,13,304,208,16,16,300,200,True,True,False,0.332037037037037,0.725,11,11,23.69,1.16,1.35,22.34,25.6,18900,500,5400,2700,e5086fc1db7ca6bb,960ff2e6743af984,88c77e93aae99847,NVIDIA A100-SXM4-80GB,6e223e81e1ad,f0a84228f765a9b5,True,bfloat16,2.11.0+cu128,2026-08-18T06:37:40
eurosat|resnet50_scratch_ms9|50|123,eurosat,resnet50_scratch_ms9,resnet50,scratch,ms9,,,core,False,50,123,0.7255555555555555,0.7182826207337275,0.72271286407874,0.6947895929154939,0.9515079647392289,0.03175310427391969,0.3611111111111111,0.316004106441202,0.32199062458664474,0.2936653573757563,0.7832395085034014,0.2028974232795062,19,13,304,208,16,16,300,200,True,True,False,0.36907407407407405,0.7131481481481482,15,11,23.41,1.2,1.35,22.06,25.36,18900,500,5400,2700,e5086fc1db7ca6bb,960ff2e6743af984,88c77e93aae99847,NVIDIA A100-SXM4-80GB,6e223e81e1ad,7b051e0a5b8ad687,True,bfloat16,2.11.0+cu128,2026-08-18T06:38:06
eurosat|resnet50_scratch_ms9|50|2024,eurosat,resnet50_scratch_ms9,resnet50,scratch,ms9,,,core,False,50,2024,0.7181481481481482,0.7030460519320697,0.7099578874824003,0.6865637489703146,0.950591019387755,0.06867206774376057,0.42777777777777776,0.3638887078855297,0.3667023377694076,0.36351360629849183,0.8156778426303856,0.14046226601357814,19,13,304,208,16,16,300,200,True,True,False,0.42703703703703705,0.7129629629629629,17,11,23.12,1.17,1.34,21.78,25.05,18900,500,5400,2700,e5086fc1db7ca6bb,960ff2e6743af984,88c77e93aae99847,NVIDIA A100-SXM4-80GB,6e223e81e1ad,d662911b4954a020,True,bfloat16,2.11.0+cu128,2026-08-18T06:38:31
eurosat|resnet50_scratch_ms9|50|7,eurosat,resnet50_scratch_ms9,resnet50,scratch,ms9,,,core,False,50,7,0.7,0.6924446442382562,0.6998068101464849,0.666211338436062,0.9476472002267574,0.04983583455284436,0.3933333333333333,0.3508942806566312,0.3531988827040855,0.32578205988170017,0.8205689096371882,0.15353944230410788,19,13,304,208,16,16,300,200,True,True,False,0.39740740740740743,0.7,17,11,23.51,1.21,1.35,22.17,25.47,18900,500,5400,2700,e5086fc1db7ca6bb,960ff2e6743af984,88c77e93aae99847,NVIDIA A100-SXM4-80GB,6e223e81e1ad,38ebd6385e2a8522,True,bfloat16,2.11.0+cu128,2026-08-18T06:38:57
eurosat|resnet50_scratch_ms9|50|999,eurosat,resnet50_scratch_ms9,resnet50,scratch,ms9,,,core,False,50,999,0.7314814814814815,0.7223199655238456,0.7276595661660428,0.7014686370499154,0.9550894510204081,0.0711492064760791,0.41,0.3701996685541262,0.3735605007572746,0.34362409962153584,0.8157022929705215,0.15718973791157756,19,13,304,208,16,16,300,200,True,True,False,0.41333333333333333,0.7175925925925926,13,11,23.94,1.18,1.34,22.6,25.88,18900,500,5400,2700,e5086fc1db7ca6bb,960ff2e6743af984,88c77e93aae99847,NVIDIA A100-SXM4-80GB,6e223e81e1ad,5840958c5d0dbe7a,True,bfloat16,2.11.0+cu128,2026-08-18T06:39:23
eurosat|swin_b_scratch_ms9|50|42,eurosat,swin_b_scratch_ms9,swin_b,scratch,ms9,,swin_v2_b,core,False,50,42,0.7255555555555555,0.7030647238571335,0.7082706234783008,0.6947546686195534,0.9491053468253968,0.02664261519908904,0.6903703703703704,0.675553136760149,0.6798455127947374,0.6557362047402617,0.9379944777777778,0.05603232725902839,19,13,304,208,16,16,300,200,True,True,False,0.6755555555555556,0.7055555555555556,18,12,97.72,4.54,1.31,96.41,104.25,18900,500,5400,2700,e5086fc1db7ca6bb,960ff2e6743af984,88c77e93aae99847,NVIDIA A100-SXM4-80GB,6e223e81e1ad,1c220bb31401f88c,True,bfloat16,2.11.0+cu128,2026-08-18T06:41:08
eurosat|swin_b_scratch_ms9|50|123,eurosat,swin_b_scratch_ms9,swin_b,scratch,ms9,,swin_v2_b,core,False,50,123,0.7322222222222222,0.7135035363517495,0.7190238974323192,0.701921682101711,0.9557170511337869,0.03946163553882527,0.6555555555555556,0.6431787377151332,0.6467739571133609,0.6170680005490066,0.9224103063492064,0.07213558125827048,19,13,304,208,16,16,300,200,True,True,False,0.6346296296296297,0.71,17,12,98.6,4.71,1.31,97.29,105.31,18900,500,5400,2700,e5086fc1db7ca6bb,960ff2e6743af984,88c77e93aae99847,NVIDIA A100-SXM4-80GB,6e223e81e1ad,9239f9e0cb83fa0b,True,bfloat16,2.11.0+cu128,2026-08-18T06:42:53
eurosat|swin_b_scratch_ms9|50|2024,eurosat,swin_b_scratch_ms9,swin_b,scratch,ms9,,swin_v2_b,core,False,50,2024,0.7085185185185185,0.6942240722723726,0.6979160302344334,0.6756199766435391,0.949689513265306,0.041918710834450215,0.6844444444444444,0.6720424174310903,0.675555938621965,0.6489010989010988,0.9417596825396825,0.042144679261578444,19,13,304,208,16,16,300,200,True,True,False,0.6792592592592592,0.6901851851851852,18,12,98.1,4.5,1.33,96.77,104.58,18900,500,5400,2700,e5086fc1db7ca6bb,960ff2e6743af984,88c77e93aae99847,NVIDIA A100-SXM4-80GB,6e223e81e1ad,f33c2df290b09e42,True,bfloat16,2.11.0+cu128,2026-08-18T06:44:38
eurosat|swin_b_scratch_ms9|50|7,eurosat,swin_b_scratch_ms9,swin_b,scratch,ms9,,swin_v2_b,core,False,50,7,0.7037037037037037,0.6908070794176009,0.6942728701839332,0.6702919290211792,0.9448968688208617,0.03092232725134603,0.6825925925925926,0.6718253447705063,0.6734321354571354,0.6469645881329813,0.9377414799319727,0.04819122531899701,19,13,304,208,16,16,300,200,True,True,False,0.6757407407407408,0.6898148148148148,17,12,98.21,4.54,1.34,96.87,104.74,18900,500,5400,2700,e5086fc1db7ca6bb,960ff2e6743af984,88c77e93aae99847,NVIDIA A100-SXM4-80GB,6e223e81e1ad,89badb74210fc71e,True,bfloat16,2.11.0+cu128,2026-08-18T06:46:23
eurosat|swin_b_scratch_ms9|50|999,eurosat,swin_b_scratch_ms9,swin_b,scratch,ms9,,swin_v2_b,core,False,50,999,0.705925925925926,0.6906505362548131,0.6944552515085586,0.6731862737625196,0.9451273269274377,0.025169236759344744,0.6548148148148148,0.6405484118854353,0.6427455805819347,0.6162386384432379,0.9272508578231292,0.05386154981123077,19,13,304,208,16,16,300,200,True,True,False,0.644074074074074,0.7011111111111111,18,11,98.33,4.58,1.3,97.03,105.04,18900,500,5400,2700,e5086fc1db7ca6bb,960ff2e6743af984,88c77e93aae99847,NVIDIA A100-SXM4-80GB,6e223e81e1ad,7e238bb62177b37a,True,bfloat16,2.11.0+cu128,2026-08-18T06:48:09
eurosat|resnet50_satlas-ms_ms9|100|42,eurosat,resnet50_satlas-ms_ms9,resnet50,satlas,ms9,ms,,core,False,100,42,0.9481481481481482,0.9463599959263764,0.9482792115048928,0.9422891952548894,0.9981650538548752,0.037332930962244694,0.88,0.8757869158795746,0.8796727087302869,0.8664590584356109,0.9894231990929704,0.059079222127243355,15,10,480,320,32,32,300,200,False,False,False,0.882962962962963,0.9446296296296296,10,9,34.14,1.21,2.03,32.1,39.22,18900,1000,5400,2700,e5086fc1db7ca6bb,960ff2e6743af984,88c77e93aae99847,NVIDIA A100-SXM4-80GB,6e223e81e1ad,da58b6a4a0cf9eff,True,bfloat16,2.11.0+cu128,2026-08-18T06:48:48
eurosat|resnet50_satlas-ms_ms9|100|123,eurosat,resnet50_satlas-ms_ms9,resnet50,satlas,ms9,ms,,core,False,100,123,0.9651851851851851,0.9641896291384706,0.9652541914219908,0.9612507252129836,0.9985030574263037,0.02302536237019083,0.8774074074074074,0.8718031132638406,0.8763703832412796,0.8636030646195171,0.989524162244898,0.06098771333694454,15,10,480,320,32,32,300,200,False,False,False,0.8785185185185185,0.957962962962963,13,8,34.34,1.17,2.06,32.28,39.22,18900,1000,5400,2700,e5086fc1db7ca6bb,960ff2e6743af984,88c77e93aae99847,NVIDIA A100-SXM4-80GB,6e223e81e1ad,da58b6a4a0cf9eff,True,bfloat16,2.11.0+cu128,2026-08-18T06:49:28
eurosat|resnet50_satlas-ms_ms9|100|2024,eurosat,resnet50_satlas-ms_ms9,resnet50,satlas,ms9,ms,,core,False,100,2024,0.9596296296296296,0.9584372527037776,0.9596696110754426,0.9550618415025195,0.9988946740362813,0.026412479767092975,0.8970370370370371,0.8946387103198801,0.8969545773145917,0.8854351890716221,0.9917264941043085,0.048070527392405096,15,10,480,320,32,32,300,200,False,False,False,0.8894444444444445,0.9553703703703704,11,8,34.21,1.2,2.07,32.14,38.89,18900,1000,5400,2700,e5086fc1db7ca6bb,960ff2e6743af984,88c77e93aae99847,NVIDIA A100-SXM4-80GB,6e223e81e1ad,da58b6a4a0cf9eff,True,bfloat16,2.11.0+cu128,2026-08-18T06:50:07
eurosat|resnet50_satlas-ms_ms9|100|7,eurosat,resnet50_satlas-ms_ms9,resnet50,satlas,ms9,ms,,core,False,100,7,0.9585185185185185,0.9571270497252902,0.9584194731869913,0.9538214858364511,0.9983420140022675,0.026966138945685506,0.882962962962963,0.878925157254707,0.8823606159124581,0.8697871755934894,0.9897760948979591,0.058909887781849635,15,10,480,320,32,32,300,200,False,False,False,0.8818518518518519,0.9574074074074074,11,8,35.06,1.18,2.04,33.02,39.81,18900,1000,5400,2700,e5086fc1db7ca6bb,960ff2e6743af984,88c77e93aae99847,NVIDIA A100-SXM4-80GB,6e223e81e1ad,da58b6a4a0cf9eff,True,bfloat16,2.11.0+cu128,2026-08-18T06:50:47
eurosat|resnet50_satlas-ms_ms9|100|999,eurosat,resnet50_satlas-ms_ms9,resnet50,satlas,ms9,ms,,core,False,100,999,0.9562962962962963,0.9545034048206826,0.9562752786469545,0.951364347593787,0.998228502324263,0.03273924113423733,0.8807407407407407,0.8764616323124909,0.8801851611578311,0.8672935142643444,0.9897733304988663,0.06552003668414219,15,10,480,320,32,32,300,200,False,False,False,0.8809259259259259,0.9507407407407408,10,8,34.31,1.22,2.04,32.27,39.47,18900,1000,5400,2700,e5086fc1db7ca6bb,960ff2e6743af984,88c77e93aae99847,NVIDIA A100-SXM4-80GB,6e223e81e1ad,da58b6a4a0cf9eff,True,bfloat16,2.11.0+cu128,2026-08-18T06:51:27
eurosat|swin_b_satlas-ms_ms9|100|42,eurosat,swin_b_satlas-ms_ms9,swin_b,satlas,ms9,ms,swin_v2_b,core,False,100,42,0.9748148148148148,0.9740160698854894,0.9748175554698955,0.9719718191602232,0.999356382936508,0.018112232089042626,0.9359259259259259,0.9330615386048924,0.9356999744613801,0.9286772228245103,0.9971155461451247,0.009610170081809755,15,10,480,320,32,32,300,200,False,False,False,0.9287037037037037,0.9722222222222222,12,9,144.89,4.86,2.07,142.82,155.64,18900,1000,5400,2700,e5086fc1db7ca6bb,960ff2e6743af984,88c77e93aae99847,NVIDIA A100-SXM4-80GB,6e223e81e1ad,a9bb67424136c40c,True,bfloat16,2.11.0+cu128,2026-08-18T06:54:03
eurosat|swin_b_satlas-ms_ms9|100|123,eurosat,swin_b_satlas-ms_ms9,swin_b,satlas,ms9,ms,swin_v2_b,core,False,100,123,0.9748148148148148,0.9738143223824307,0.9747419566388158,0.9719688237135201,0.9993220378684807,0.01843039011513748,0.9411111111111111,0.9387251366785492,0.9411151056139561,0.934461017052654,0.9965059034013606,0.01280237434086975,15,10,480,320,32,32,300,200,False,False,False,0.9309259259259259,0.975,14,9,147.56,4.66,2.03,145.54,158.62,18900,1000,5400,2700,e5086fc1db7ca6bb,960ff2e6743af984,88c77e93aae99847,NVIDIA A100-SXM4-80GB,6e223e81e1ad,a9bb67424136c40c,True,bfloat16,2.11.0+cu128,2026-08-18T06:56:42
eurosat|swin_b_satlas-ms_ms9|100|2024,eurosat,swin_b_satlas-ms_ms9,swin_b,satlas,ms9,ms,swin_v2_b,core,False,100,2024,0.9788888888888889,0.9781326087390502,0.9789141887438984,0.9765050722480478,0.9995602892290251,0.013659691744380476,0.937037037037037,0.9346374232189181,0.9372697904218161,0.9299514696456368,0.997007856462585,0.015470809925485567,15,10,480,320,32,32,300,200,False,False,False,0.9322222222222222,0.975925925925926,13,8,147.41,4.72,2.03,145.38,159.91,18900,1000,5400,2700,e5086fc1db7ca6bb,960ff2e6743af984,88c77e93aae99847,NVIDIA A100-SXM4-80GB,6e223e81e1ad,a9bb67424136c40c,True,bfloat16,2.11.0+cu128,2026-08-18T06:59:22
eurosat|swin_b_satlas-ms_ms9|100|7,eurosat,swin_b_satlas-ms_ms9,swin_b,satlas,ms9,ms,swin_v2_b,core,False,100,7,0.9737037037037037,0.972911170818818,0.9736839035167557,0.9707384087006297,0.9993519757369613,0.021631294466831028,0.9322222222222222,0.9295594495922002,0.9317334547767302,0.9245591266508894,0.9972247063492065,0.012367328184622283,15,10,480,320,32,32,300,200,False,False,False,0.932037037037037,0.9735185185185186,12,9,147.07,4.68,2.09,144.98,157.89,18900,1000,5400,2700,e5086fc1db7ca6bb,960ff2e6743af984,88c77e93aae99847,NVIDIA A100-SXM4-80GB,6e223e81e1ad,a9bb67424136c40c,True,bfloat16,2.11.0+cu128,2026-08-18T07:02:00
eurosat|swin_b_satlas-ms_ms9|100|999,eurosat,swin_b_satlas-ms_ms9,swin_b,satlas,ms9,ms,swin_v2_b,core,False,100,999,0.9740740740740741,0.9732938541842925,0.9740589110793841,0.9711421744142549,0.9992488291383219,0.020740409979113777,0.9381481481481482,0.935707907285378,0.9380302830016626,0.9311629327124918,0.9971407358276645,0.01016611976755991,15,10,480,320,32,32,300,200,False,False,False,0.9344444444444444,0.9714814814814815,14,9,146.29,4.68,2.06,144.23,157.78,18900,1000,5400,2700,e5086fc1db7ca6bb,960ff2e6743af984,88c77e93aae99847,NVIDIA A100-SXM4-80GB,6e223e81e1ad,a9bb67424136c40c,True,bfloat16,2.11.0+cu128,2026-08-18T07:04:38
eurosat|resnet50_imagenet_rgb3|100|42,eurosat,resnet50_imagenet_rgb3,resnet50,imagenet,rgb3,,,core,False,100,42,0.9437037037037037,0.9410612306773141,0.9435057858046095,0.9373435114503816,0.9975677318027211,0.040221030701089774,0.9318518518518518,0.9293389875463433,0.9317745589718738,0.9241613555699729,0.9970817235827665,0.03404502122490498,15,10,480,320,32,32,300,200,False,False,False,0.937037037037037,0.9455555555555556,12,9,36.32,1.34,2.1,34.22,38.53,18900,1000,5400,2700,e5086fc1db7ca6bb,960ff2e6743af984,88c77e93aae99847,NVIDIA A100-SXM4-80GB,6e223e81e1ad,8dbf1f2f4e43febd,True,bfloat16,2.11.0+cu128,2026-08-18T07:05:17
eurosat|resnet50_imagenet_rgb3|100|123,eurosat,resnet50_imagenet_rgb3,resnet50,imagenet,rgb3,,,core,False,100,123,0.9537037037037037,0.952121428822954,0.9536835066438479,0.9484776087504103,0.9975975836167802,0.031234659685028886,0.9333333333333333,0.9305061936206716,0.9332856621735621,0.9258060576453346,0.9969949960317461,0.03569752484560014,15,10,480,320,32,32,300,200,False,False,False,0.9333333333333333,0.9427777777777778,14,9,36.12,1.32,2.08,34.04,38.31,18900,1000,5400,2700,e5086fc1db7ca6bb,960ff2e6743af984,88c77e93aae99847,NVIDIA A100-SXM4-80GB,6e223e81e1ad,8dbf1f2f4e43febd,True,bfloat16,2.11.0+cu128,2026-08-18T07:05:56
eurosat|resnet50_imagenet_rgb3|100|2024,eurosat,resnet50_imagenet_rgb3,resnet50,imagenet,rgb3,,,core,False,100,2024,0.9448148148148148,0.9426797554877092,0.9448455848207988,0.938589997023378,0.9977763116780046,0.036138514401736106,0.9303703703703704,0.928881185948389,0.9304672251749505,0.922510323560617,0.9970242070294784,0.0354035392182845,15,10,480,320,32,32,300,200,False,False,False,0.9307407407407408,0.9494444444444444,8,9,35.76,1.3,2.04,33.72,37.94,18900,1000,5400,2700,e5086fc1db7ca6bb,960ff2e6743af984,88c77e93aae99847,NVIDIA A100-SXM4-80GB,6e223e81e1ad,8dbf1f2f4e43febd,True,bfloat16,2.11.0+cu128,2026-08-18T07:06:34
eurosat|resnet50_imagenet_rgb3|100|7,eurosat,resnet50_imagenet_rgb3,resnet50,imagenet,rgb3,,,core,False,100,7,0.9411111111111111,0.9391861384812221,0.9410367335572493,0.9344635183305219,0.9973049717687074,0.041957112142333323,0.9325925925925926,0.9299363569216071,0.9323888352149238,0.9249788172789936,0.9968990404761906,0.03775142207189839,15,10,480,320,32,32,300,200,False,False,False,0.9309259259259259,0.9411111111111111,14,9,35.85,1.24,2.03,33.82,37.95,18900,1000,5400,2700,e5086fc1db7ca6bb,960ff2e6743af984,88c77e93aae99847,NVIDIA A100-SXM4-80GB,6e223e81e1ad,8dbf1f2f4e43febd,True,bfloat16,2.11.0+cu128,2026-08-18T07:07:12
eurosat|resnet50_imagenet_rgb3|100|999,eurosat,resnet50_imagenet_rgb3,resnet50,imagenet,rgb3,,,core,False,100,999,0.9488888888888889,0.9468785796119216,0.9487437457895009,0.943114938053908,0.9975718328798185,0.03647354299271545,0.9377777777777778,0.9355017080947483,0.9377077307133097,0.9307539061605514,0.9971166276643991,0.030463335072552757,15,10,480,320,32,32,300,200,False,False,False,0.9327777777777778,0.9440740740740741,7,9,35.53,1.32,2.06,33.47,37.71,18900,1000,5400,2700,e5086fc1db7ca6bb,960ff2e6743af984,88c77e93aae99847,NVIDIA A100-SXM4-80GB,6e223e81e1ad,8dbf1f2f4e43febd,True,bfloat16,2.11.0+cu128,2026-08-18T07:07:50
eurosat|swin_b_imagenet_rgb3|100|42,eurosat,swin_b_imagenet_rgb3,swin_b,imagenet,rgb3,,swin_v2_b,core,False,100,42,0.9703703703703703,0.9695693586575235,0.9703740589444154,0.96702541790703,0.9991360170068028,0.02142813056707387,0.9285185185185185,0.925584801015028,0.9285188168658476,0.9204567137067537,0.9964502150793653,0.031097154904294905,15,10,480,320,32,32,300,200,False,False,False,0.9168518518518518,0.9653703703703703,8,9,146.42,4.61,2.02,144.4,153.33,18900,1000,5400,2700,e5086fc1db7ca6bb,960ff2e6743af984,88c77e93aae99847,NVIDIA A100-SXM4-80GB,6e223e81e1ad,88912e7391ce9f7b,True,bfloat16,2.11.0+cu128,2026-08-18T07:10:24
eurosat|swin_b_imagenet_rgb3|100|123,eurosat,swin_b_imagenet_rgb3,swin_b,imagenet,rgb3,,swin_v2_b,core,False,100,123,0.9725925925925926,0.9712676440247636,0.9725104572673339,0.9694950188938509,0.9990712035714285,0.021327442482665694,0.9314814814814815,0.927894334597374,0.9311984905195019,0.9237491890241576,0.9967101858276642,0.028215136450749904,15,10,480,320,32,32,300,200,False,False,False,0.9203703703703704,0.9581481481481482,11,9,186.43,4.59,43.95,142.48,193.3,18900,1000,5400,2700,e5086fc1db7ca6bb,960ff2e6743af984,88c77e93aae99847,NVIDIA A100-SXM4-80GB,6e223e81e1ad,88912e7391ce9f7b,False,bfloat16,2.11.0+cu128,2026-08-18T13:18:54
eurosat|swin_b_imagenet_rgb3|100|2024,eurosat,swin_b_imagenet_rgb3,swin_b,imagenet,rgb3,,swin_v2_b,core,False,100,2024,0.9725925925925926,0.9717631967759891,0.9726672695928321,0.9694987443802429,0.9992986472222221,0.019533155715024036,0.9374074074074074,0.9352373241340256,0.9373961967987006,0.9303438537572034,0.9965785026077096,0.023916539726433976,15,10,480,320,32,32,300,200,False,False,False,0.9242592592592592,0.9637037037037037,14,6,147.01,4.78,1.95,145.06,154.11,18900,1000,5400,2700,e5086fc1db7ca6bb,960ff2e6743af984,88c77e93aae99847,NVIDIA A100-SXM4-80GB,6e223e81e1ad,88912e7391ce9f7b,True,bfloat16,2.11.0+cu128,2026-08-18T13:21:28
eurosat|swin_b_imagenet_rgb3|100|7,eurosat,swin_b_imagenet_rgb3,swin_b,imagenet,rgb3,,swin_v2_b,core,False,100,7,0.9685185185185186,0.9674746146336213,0.9684589146247624,0.9649623669867635,0.9992498589569161,0.022090816619219654,0.9218518518518518,0.91813451012035,0.9217812494944788,0.9130401599682506,0.9954302897959184,0.03177917407618627,15,10,480,320,32,32,300,200,False,False,False,0.9153703703703704,0.9627777777777777,6,8,147.62,4.59,2.02,145.6,154.54,18900,1000,5400,2700,e5086fc1db7ca6bb,960ff2e6743af984,88c77e93aae99847,NVIDIA A100-SXM4-80GB,6e223e81e1ad,88912e7391ce9f7b,True,bfloat16,2.11.0+cu128,2026-08-18T13:24:03
eurosat|swin_b_imagenet_rgb3|100|999,eurosat,swin_b_imagenet_rgb3,swin_b,imagenet,rgb3,,swin_v2_b,core,False,100,999,0.9748148148148148,0.9741157633651467,0.9748014777344423,0.9719647574401807,0.9990062216553287,0.018603780026789047,0.924074074074074,0.9209377400641493,0.9241140435830357,0.915499408419526,0.9956216630385487,0.033085569220560586,15,10,480,320,32,32,300,200,False,False,False,0.9155555555555556,0.9627777777777777,10,9,145.17,4.61,1.99,143.18,152.1,18900,1000,5400,2700,e5086fc1db7ca6bb,960ff2e6743af984,88c77e93aae99847,NVIDIA A100-SXM4-80GB,6e223e81e1ad,88912e7391ce9f7b,True,bfloat16,2.11.0+cu128,2026-08-18T13:26:36
eurosat|resnet50_scratch_ms9|100|42,eurosat,resnet50_scratch_ms9,resnet50,scratch,ms9,,,core,False,100,42,0.7751851851851852,0.7601201671609399,0.7668349150862985,0.7498225448217435,0.9622733348072563,0.025771696633762768,0.43,0.38656935966373596,0.38851799479060994,0.3658402582240232,0.8343830962585035,0.16786909468196054,15,10,480,320,32,32,300,200,False,False,False,0.43648148148148147,0.7627777777777778,14,9,46.11,1.23,12.73,33.38,48.12,18900,1000,5400,2700,e5086fc1db7ca6bb,960ff2e6743af984,88c77e93aae99847,NVIDIA A100-SXM4-80GB,6e223e81e1ad,f0a84228f765a9b5,False,bfloat16,2.11.0+cu128,2026-08-18T13:27:24
eurosat|resnet50_scratch_ms9|100|123,eurosat,resnet50_scratch_ms9,resnet50,scratch,ms9,,,core,False,100,123,0.7659259259259259,0.7553080604606156,0.7603048538615768,0.7395067665040873,0.9669649394557822,0.030019491016864776,0.42185185185185187,0.3843139600503564,0.38270106681994503,0.358756675338902,0.8098138779478458,0.19533720431504425,15,10,480,320,32,32,300,200,False,False,False,0.41833333333333333,0.7566666666666667,13,9,45.52,1.24,12.5,33.01,47.54,18900,1000,5400,2700,e5086fc1db7ca6bb,960ff2e6743af984,88c77e93aae99847,NVIDIA A100-SXM4-80GB,6e223e81e1ad,7b051e0a5b8ad687,False,bfloat16,2.11.0+cu128,2026-08-18T13:28:12
eurosat|resnet50_scratch_ms9|100|2024,eurosat,resnet50_scratch_ms9,resnet50,scratch,ms9,,,core,False,100,2024,0.7825925925925926,0.7685832665818145,0.7740650470103064,0.7580582376063809,0.9680513955782313,0.03165255668538588,0.4525925925925926,0.3866347414446719,0.39163415828324527,0.39169537514100194,0.8349525514739227,0.10172651225769962,15,10,480,320,32,32,300,200,False,False,False,0.44592592592592595,0.7781481481481481,12,9,49.5,1.26,13.34,36.16,51.55,18900,1000,5400,2700,e5086fc1db7ca6bb,960ff2e6743af984,88c77e93aae99847,NVIDIA A100-SXM4-80GB,6e223e81e1ad,d662911b4954a020,False,bfloat16,2.11.0+cu128,2026-08-18T13:29:04
eurosat|resnet50_scratch_ms9|100|7,eurosat,resnet50_scratch_ms9,resnet50,scratch,ms9,,,core,False,100,7,0.7481481481481481,0.7358358091472773,0.7407198520776541,0.7196925167367689,0.96488710861678,0.033191750292424806,0.45555555555555555,0.42212024525869224,0.42574459532050124,0.3942677492216592,0.8443723160997733,0.14485497553591375,15,10,480,320,32,32,300,200,False,False,False,0.44592592592592595,0.755,14,9,49.25,1.27,12.91,36.33,51.32,18900,1000,5400,2700,e5086fc1db7ca6bb,960ff2e6743af984,88c77e93aae99847,NVIDIA A100-SXM4-80GB,6e223e81e1ad,38ebd6385e2a8522,False,bfloat16,2.11.0+cu128,2026-08-18T13:29:55
eurosat|resnet50_scratch_ms9|100|999,eurosat,resnet50_scratch_ms9,resnet50,scratch,ms9,,,core,False,100,999,0.7725925925925926,0.7626935104694522,0.7681677248163619,0.7470340049897382,0.9668068821995466,0.03078310454885163,0.43037037037037035,0.3843324383612795,0.3897385346724002,0.36647469392425336,0.830554449319728,0.1278225264505104,15,10,480,320,32,32,300,200,False,False,False,0.41888888888888887,0.7725925925925926,14,9,47.48,1.18,13.1,34.37,49.44,18900,1000,5400,2700,e5086fc1db7ca6bb,960ff2e6743af984,88c77e93aae99847,NVIDIA A100-SXM4-80GB,6e223e81e1ad,5840958c5d0dbe7a,False,bfloat16,2.11.0+cu128,2026-08-18T13:30:45
eurosat|swin_b_scratch_ms9|100|42,eurosat,swin_b_scratch_ms9,swin_b,scratch,ms9,,swin_v2_b,core,False,100,42,0.7318518518518519,0.7080231315246577,0.71224458285024,0.7016551818868615,0.9557201931972787,0.0351512773555738,0.7114814814814815,0.6942372427885084,0.6989193302079038,0.6790692351707038,0.9505517760770974,0.036797853686191394,15,10,480,320,32,32,300,200,False,False,False,0.7064814814814815,0.7090740740740741,13,9,184.56,4.52,42.86,141.69,191.13,18900,1000,5400,2700,e5086fc1db7ca6bb,960ff2e6743af984,88c77e93aae99847,NVIDIA A100-SXM4-80GB,6e223e81e1ad,1c220bb31401f88c,False,bfloat16,2.11.0+cu128,2026-08-18T13:33:56
eurosat|swin_b_scratch_ms9|100|123,eurosat,swin_b_scratch_ms9,swin_b,scratch,ms9,,swin_v2_b,core,False,100,123,0.7614814814814815,0.7540823810031545,0.7581252610154765,0.7347368421052631,0.9682113232426305,0.022813761322586636,0.7,0.6876956952911213,0.6909069307203691,0.6662851911192493,0.9388617632653062,0.07013177164174891,15,10,480,320,32,32,300,200,False,False,False,0.6783333333333333,0.7505555555555555,13,9,187.62,4.66,43.01,144.62,194.3,18900,1000,5400,2700,e5086fc1db7ca6bb,960ff2e6743af984,88c77e93aae99847,NVIDIA A100-SXM4-80GB,6e223e81e1ad,9239f9e0cb83fa0b,False,bfloat16,2.11.0+cu128,2026-08-18T13:37:11
eurosat|swin_b_scratch_ms9|100|2024,eurosat,swin_b_scratch_ms9,swin_b,scratch,ms9,,swin_v2_b,core,False,100,2024,0.7466666666666667,0.7318953056064634,0.7363523504185505,0.7181576778683271,0.9593627759637187,0.034111737189469526,0.7240740740740741,0.71047989651875,0.7137027038636592,0.6929593589009732,0.9522078166666667,0.05214012989843334,15,10,480,320,32,32,300,200,False,False,False,0.7098148148148148,0.7346296296296296,14,9,186.05,4.55,44.08,141.97,192.66,18900,1000,5400,2700,e5086fc1db7ca6bb,960ff2e6743af984,88c77e93aae99847,NVIDIA A100-SXM4-80GB,6e223e81e1ad,f33c2df290b09e42,False,bfloat16,2.11.0+cu128,2026-08-18T13:40:24
eurosat|swin_b_scratch_ms9|100|7,eurosat,swin_b_scratch_ms9,swin_b,scratch,ms9,,swin_v2_b,core,False,100,7,0.7444444444444445,0.7287708371262671,0.7325623841889931,0.7154552258182763,0.9561404342403627,0.03411935571167203,0.71,0.6962894420379785,0.6987833607370875,0.6771454532959691,0.9485687866213152,0.03727234403292337,15,10,480,320,32,32,300,200,False,False,False,0.7003703703703704,0.7277777777777777,12,9,183.61,4.45,42.51,141.1,190.08,18900,1000,5400,2700,e5086fc1db7ca6bb,960ff2e6743af984,88c77e93aae99847,NVIDIA A100-SXM4-80GB,6e223e81e1ad,89badb74210fc71e,False,bfloat16,2.11.0+cu128,2026-08-18T13:43:34
eurosat|swin_b_scratch_ms9|100|999,eurosat,swin_b_scratch_ms9,swin_b,scratch,ms9,,swin_v2_b,core,False,100,999,0.772962962962963,0.7658058468240307,0.7688538942066738,0.7473129770992366,0.9693558578231292,0.02776185936397975,0.6885185185185185,0.6747622849635457,0.6777358029236856,0.6536851336409044,0.9395084735827665,0.045895212336822776,15,10,480,320,32,32,300,200,False,False,False,0.6812962962962963,0.7631481481481481,12,9,189.11,4.68,43.13,145.97,195.83,18900,1000,5400,2700,e5086fc1db7ca6bb,960ff2e6743af984,88c77e93aae99847,NVIDIA A100-SXM4-80GB,6e223e81e1ad,7e238bb62177b37a,False,bfloat16,2.11.0+cu128,2026-08-18T13:46:51
eurosat|resnet50_satlas-ms_ms9|full|42,eurosat,resnet50_satlas-ms_ms9,resnet50,satlas,ms9,ms,,core,False,full,42,0.9914814814814815,0.9911018235857814,0.9914830143811155,0.9905190115955084,0.9996210688208617,0.007464794163350755,0.9440740740740741,0.941775073041158,0.9440432023832923,0.9377562003343486,0.9973859382653062,0.03269075434516981,15,10,8865,5910,591,591,300,200,False,False,False,0.9440740740740741,0.9875925925925926,14,9,266.66,1.21,31.26,235.41,273.96,18900,18900,5400,2700,e5086fc1db7ca6bb,960ff2e6743af984,88c77e93aae99847,NVIDIA A100-SXM4-80GB,6e223e81e1ad,da58b6a4a0cf9eff,False,bfloat16,2.11.0+cu128,2026-08-18T15:43:56
eurosat|resnet50_satlas-ms_ms9|full|123,eurosat,resnet50_satlas-ms_ms9,resnet50,satlas,ms9,ms,,core,False,full,123,0.9914814814814815,0.9908551270287106,0.9914871365916963,0.9905188668442789,0.9994569833900228,0.00796971184236031,0.9433333333333334,0.9404406057624761,0.943093123727584,0.9369264829376288,0.9973585954648525,0.03426546393721197,15,10,8865,5910,591,591,300,200,False,False,False,0.9444444444444444,0.9879629629629629,11,9,264.55,1.2,20.71,243.84,270.68,18900,18900,5400,2700,e5086fc1db7ca6bb,960ff2e6743af984,88c77e93aae99847,NVIDIA A100-SXM4-80GB,6e223e81e1ad,da58b6a4a0cf9eff,True,bfloat16,2.11.0+cu128,2026-08-18T15:48:27
eurosat|resnet50_satlas-ms_ms9|full|2024,eurosat,resnet50_satlas-ms_ms9,resnet50,satlas,ms9,ms,,core,False,full,2024,0.9918518518518519,0.9914801080407729,0.9918379106135885,0.9909302591899836,0.9997673052154195,0.007889523417861335,0.9462962962962963,0.9440945592322969,0.9462813337310295,0.9402285513629876,0.9976331240362812,0.03416764874149257,15,10,8865,5910,591,591,300,200,False,False,False,0.9433333333333334,0.9890740740740741,12,7,255.82,1.28,20.6,235.22,261.25,18900,18900,5400,2700,e5086fc1db7ca6bb,960ff2e6743af984,88c77e93aae99847,NVIDIA A100-SXM4-80GB,6e223e81e1ad,da58b6a4a0cf9eff,True,bfloat16,2.11.0+cu128,2026-08-18T15:52:49
eurosat|resnet50_satlas-ms_ms9|full|7,eurosat,resnet50_satlas-ms_ms9,resnet50,satlas,ms9,ms,,core,False,full,7,0.9903703703703703,0.9898629772935805,0.990374352995694,0.9892816245514925,0.9997144632653061,0.008761290510495503,0.9433333333333334,0.9409310233793209,0.9433007814293664,0.9369322605761744,0.9975085176870747,0.037010953150413604,15,10,8865,5910,591,591,300,200,False,False,False,0.945925925925926,0.9879629629629629,13,9,259.29,1.19,21.68,237.61,265.39,18900,18900,5400,2700,e5086fc1db7ca6bb,960ff2e6743af984,88c77e93aae99847,NVIDIA A100-SXM4-80GB,6e223e81e1ad,da58b6a4a0cf9eff,True,bfloat16,2.11.0+cu128,2026-08-18T15:57:15
eurosat|resnet50_satlas-ms_ms9|full|999,eurosat,resnet50_satlas-ms_ms9,resnet50,satlas,ms9,ms,,core,False,full,999,0.9918518518518519,0.9914626997569751,0.9918487858308321,0.9909311592543397,0.9997244250566893,0.007955084840456607,0.9466666666666667,0.9442551506229776,0.9466244851878879,0.9406357834305432,0.9976435138321996,0.03427737573782603,15,10,8865,5910,591,591,300,200,False,False,False,0.9422222222222222,0.9896296296296296,12,7,258.88,1.27,20.62,238.26,263.9,18900,18900,5400,2700,e5086fc1db7ca6bb,960ff2e6743af984,88c77e93aae99847,NVIDIA A100-SXM4-80GB,6e223e81e1ad,da58b6a4a0cf9eff,True,bfloat16,2.11.0+cu128,2026-08-18T16:01:39
eurosat|swin_b_satlas-ms_ms9|full|42,eurosat,swin_b_satlas-ms_ms9,swin_b,satlas,ms9,ms,swin_v2_b,core,False,full,42,0.9922222222222222,0.9918293610897031,0.9922216504843616,0.9913431149518298,0.9998305502267574,0.007035253643989563,0.9777777777777777,0.9763985093357412,0.9777824799691314,0.9752675531671272,0.9995136478458051,0.00846832478487936,15,10,8865,5910,591,591,300,200,False,False,False,0.975925925925926,0.992037037037037,13,7,1180.21,4.56,64.13,1116.08,1192.91,18900,18900,5400,2700,e5086fc1db7ca6bb,960ff2e6743af984,88c77e93aae99847,NVIDIA A100-SXM4-80GB,6e223e81e1ad,a9bb67424136c40c,False,bfloat16,2.11.0+cu128,2026-08-18T16:21:32
eurosat|swin_b_satlas-ms_ms9|full|123,eurosat,swin_b_satlas-ms_ms9,swin_b,satlas,ms9,ms,swin_v2_b,core,False,full,123,0.9911111111111112,0.9907051742480787,0.9911171509120683,0.9901067191865525,0.9997464332766441,0.007951882967242434,0.9781481481481481,0.9769860981069854,0.978169727013607,0.9756801319043693,0.9995426010204082,0.007661350568135553,15,10,8865,5910,591,591,300,200,False,False,False,0.9753703703703703,0.9927777777777778,14,8,1137.16,4.56,20.79,1116.37,1148.99,18900,18900,5400,2700,e5086fc1db7ca6bb,960ff2e6743af984,88c77e93aae99847,NVIDIA A100-SXM4-80GB,6e223e81e1ad,a9bb67424136c40c,True,bfloat16,2.11.0+cu128,2026-08-18T16:40:41
eurosat|swin_b_satlas-ms_ms9|full|2024,eurosat,swin_b_satlas-ms_ms9,swin_b,satlas,ms9,ms,swin_v2_b,core,False,full,2024,0.99,0.9894584402000504,0.9899949575670955,0.9888698891569209,0.9997225702380952,0.009048317516291607,0.98,0.9789561926753179,0.9800088734504212,0.97774130758368,0.9995347653061224,0.0061099283121250625,15,10,8865,5910,591,591,300,200,False,False,False,0.9762962962962963,0.9924074074074074,14,9,1143.87,4.59,20.11,1123.76,1155.09,18900,18900,5400,2700,e5086fc1db7ca6bb,960ff2e6743af984,88c77e93aae99847,NVIDIA A100-SXM4-80GB,6e223e81e1ad,a9bb67424136c40c,True,bfloat16,2.11.0+cu128,2026-08-18T16:59:57
eurosat|swin_b_satlas-ms_ms9|full|7,eurosat,swin_b_satlas-ms_ms9,swin_b,satlas,ms9,ms,swin_v2_b,core,False,full,7,0.9903703703703703,0.9899711908124214,0.9903751429295774,0.9892822791187652,0.9997015363378685,0.008895142122551252,0.9785185185185186,0.9772468429898881,0.9785041561040282,0.9760921505614375,0.9995332609977325,0.00646278911166716,15,10,8865,5910,591,591,300,200,False,False,False,0.9740740740740741,0.9922222222222222,11,8,1131.62,4.5,20.33,1111.29,1142.6,18900,18900,5400,2700,e5086fc1db7ca6bb,960ff2e6743af984,88c77e93aae99847,NVIDIA A100-SXM4-80GB,6e223e81e1ad,a9bb67424136c40c,True,bfloat16,2.11.0+cu128,2026-08-18T17:19:00
eurosat|swin_b_satlas-ms_ms9|full|999,eurosat,swin_b_satlas-ms_ms9,swin_b,satlas,ms9,ms,swin_v2_b,core,False,full,999,0.9903703703703703,0.9898752629431999,0.9903663006243536,0.9892820336654071,0.9998122098072562,0.008175564606984412,0.9796296296296296,0.978508717873791,0.9796410944454708,0.9773291095759704,0.9995234137188209,0.008396287505273421,15,10,8865,5910,591,591,300,200,False,False,False,0.9748148148148148,0.9924074074074074,14,8,1142.18,4.5,60.16,1082.02,1156.2,18900,18900,5400,2700,e5086fc1db7ca6bb,960ff2e6743af984,88c77e93aae99847,NVIDIA A100-SXM4-80GB,6e223e81e1ad,a9bb67424136c40c,False,bfloat16,2.11.0+cu128,2026-08-18T17:51:07
eurosat|resnet50_imagenet_rgb3|full|42,eurosat,resnet50_imagenet_rgb3,resnet50,imagenet,rgb3,,,core,False,full,42,0.9859259259259259,0.9851455912901874,0.9859013142373982,0.9843345624441747,0.9995335420068028,0.01350486252042978,0.9707407407407408,0.9689025603705763,0.9707243969506081,0.9674328770678902,0.9987824962585033,0.022438870480767054,15,10,8865,5910,591,591,300,200,False,False,False,0.9679629629629629,0.9868518518518519,13,8,262.62,1.24,31.48,231.14,265.72,18900,18900,5400,2700,e5086fc1db7ca6bb,960ff2e6743af984,88c77e93aae99847,NVIDIA A100-SXM4-80GB,6e223e81e1ad,8dbf1f2f4e43febd,False,bfloat16,2.11.0+cu128,2026-08-18T17:55:34
eurosat|resnet50_imagenet_rgb3|full|123,eurosat,resnet50_imagenet_rgb3,resnet50,imagenet,rgb3,,,core,False,full,123,0.99,0.9897404663094711,0.989994221298011,0.9888693793419345,0.9994556552154196,0.009315800821339672,0.9696296296296296,0.9678163729258478,0.9696571063298113,0.9661971830985916,0.9988447867346938,0.021441190066161027,15,10,8865,5910,591,591,300,200,False,False,False,0.9690740740740741,0.9881481481481481,10,9,250.55,1.23,20.27,230.28,252.64,18900,18900,5400,2700,e5086fc1db7ca6bb,960ff2e6743af984,88c77e93aae99847,NVIDIA A100-SXM4-80GB,6e223e81e1ad,8dbf1f2f4e43febd,True,bfloat16,2.11.0+cu128,2026-08-18T17:59:47
eurosat|resnet50_imagenet_rgb3|full|2024,eurosat,resnet50_imagenet_rgb3,resnet50,imagenet,rgb3,,,core,False,full,2024,0.9888888888888889,0.988385919143578,0.9888819341025358,0.9876328325393917,0.9994565091836733,0.010539750324355222,0.9692592592592593,0.9674156136179561,0.9692864185896543,0.9657873042044518,0.9988926476190476,0.023882913611553352,15,10,8865,5910,591,591,300,200,False,False,False,0.9696296296296296,0.9898148148148148,13,8,250.05,1.29,19.86,230.18,252.19,18900,18900,5400,2700,e5086fc1db7ca6bb,960ff2e6743af984,88c77e93aae99847,NVIDIA A100-SXM4-80GB,6e223e81e1ad,8dbf1f2f4e43febd,True,bfloat16,2.11.0+cu128,2026-08-18T18:03:59
eurosat|resnet50_imagenet_rgb3|full|7,eurosat,resnet50_imagenet_rgb3,resnet50,imagenet,rgb3,,,core,False,full,7,0.9892592592592593,0.9888525314488745,0.989244938567276,0.9880458927794444,0.9993406581065759,0.009117729045726584,0.9685185185185186,0.9664494845582962,0.9684664484380747,0.9649591571875715,0.9988631507936508,0.024806603093942017,15,10,8865,5910,591,591,300,200,False,False,False,0.9679629629629629,0.9866666666666667,11,8,250.95,1.25,20.19,230.76,253.05,18900,18900,5400,2700,e5086fc1db7ca6bb,960ff2e6743af984,88c77e93aae99847,NVIDIA A100-SXM4-80GB,6e223e81e1ad,8dbf1f2f4e43febd,True,bfloat16,2.11.0+cu128,2026-08-18T18:08:13
eurosat|resnet50_imagenet_rgb3|full|999,eurosat,resnet50_imagenet_rgb3,resnet50,imagenet,rgb3,,,core,False,full,999,0.9896296296296296,0.98920556391129,0.9896261159816198,0.9884571341323766,0.9993293973922903,0.009445850562166324,0.9711111111111111,0.969364969775776,0.9710959541031456,0.9678470828021588,0.9989176029478457,0.022081447740395915,15,10,8865,5910,591,591,300,200,False,False,False,0.9681481481481482,0.9888888888888889,12,9,250.48,1.31,19.92,230.56,252.64,18900,18900,5400,2700,e5086fc1db7ca6bb,960ff2e6743af984,88c77e93aae99847,NVIDIA A100-SXM4-80GB,6e223e81e1ad,8dbf1f2f4e43febd,True,bfloat16,2.11.0+cu128,2026-08-18T18:12:26
eurosat|swin_b_imagenet_rgb3|full|42,eurosat,swin_b_imagenet_rgb3,swin_b,imagenet,rgb3,,swin_v2_b,core,False,full,42,0.9925925925925926,0.9921556283549311,0.9925856266564289,0.9917552216929278,0.9998499520975057,0.007003511344944982,0.9681481481481482,0.9665988865354175,0.9681050211508222,0.9645455586517541,0.9990326815192745,0.02214567816919755,15,10,8865,5910,591,591,300,200,False,False,False,0.9622222222222222,0.9922222222222222,11,9,1153.6,4.68,61.45,1092.15,1163.27,18900,18900,5400,2700,e5086fc1db7ca6bb,960ff2e6743af984,88c77e93aae99847,NVIDIA A100-SXM4-80GB,6e223e81e1ad,88912e7391ce9f7b,False,bfloat16,2.11.0+cu128,2026-08-18T18:31:49
eurosat|swin_b_imagenet_rgb3|full|123,eurosat,swin_b_imagenet_rgb3,swin_b,imagenet,rgb3,,swin_v2_b,core,False,full,123,0.9914814814814815,0.9910065692771042,0.9914736193945739,0.9905187944670066,0.999841906632653,0.007600469390551225,0.9729629629629629,0.9718326124183833,0.9729396132796897,0.9699065591791866,0.9990980603174602,0.017208401913996103,15,10,8865,5910,591,591,300,200,False,False,False,0.9629629629629629,0.99,12,8,1108.87,4.53,20.1,1088.77,1115.67,18900,18900,5400,2700,e5086fc1db7ca6bb,960ff2e6743af984,88c77e93aae99847,NVIDIA A100-SXM4-80GB,6e223e81e1ad,88912e7391ce9f7b,True,bfloat16,2.11.0+cu128,2026-08-18T18:50:25
eurosat|swin_b_imagenet_rgb3|full|2024,eurosat,swin_b_imagenet_rgb3,swin_b,imagenet,rgb3,,swin_v2_b,core,False,full,2024,0.9925925925925926,0.9921580012447336,0.9925883119608475,0.9917552216929278,0.9997661416099772,0.006640750434663541,0.9722222222222222,0.970858573669978,0.9721893791946771,0.9690827894194435,0.9990915057823129,0.01783594485786228,15,10,8865,5910,591,591,300,200,False,False,False,0.9614814814814815,0.9909259259259259,11,9,1101.6,4.45,19.28,1082.32,1108.29,18900,18900,5400,2700,e5086fc1db7ca6bb,960ff2e6743af984,88c77e93aae99847,NVIDIA A100-SXM4-80GB,6e223e81e1ad,88912e7391ce9f7b,True,bfloat16,2.11.0+cu128,2026-08-18T19:08:54
eurosat|swin_b_imagenet_rgb3|full|7,eurosat,swin_b_imagenet_rgb3,swin_b,imagenet,rgb3,,swin_v2_b,core,False,full,7,0.99,0.9894581664954393,0.9899968200096609,0.9888697192237812,0.999890030952381,0.008938430680169005,0.9718518518518519,0.9703176741221169,0.9718250077748994,0.9686703207780509,0.9991069214285716,0.019119789556220727,15,10,8865,5910,591,591,300,200,False,False,False,0.9618518518518518,0.99,13,7,1104.39,4.52,20.08,1084.31,1111.18,18900,18900,5400,2700,e5086fc1db7ca6bb,960ff2e6743af984,88c77e93aae99847,NVIDIA A100-SXM4-80GB,6e223e81e1ad,88912e7391ce9f7b,True,bfloat16,2.11.0+cu128,2026-08-18T19:27:25
eurosat|swin_b_imagenet_rgb3|full|999,eurosat,swin_b_imagenet_rgb3,swin_b,imagenet,rgb3,,swin_v2_b,core,False,full,999,0.9911111111111112,0.9906771535923392,0.9910926906307796,0.9901064170878056,0.999725495521542,0.008834686213069471,0.9711111111111111,0.9698562789868681,0.9710925094100845,0.9678458555353681,0.9991058763038548,0.01867694428673492,15,10,8865,5910,591,591,300,200,False,False,False,0.9612962962962963,0.9903703703703703,13,8,1105.54,4.6,19.7,1085.84,1112.37,18900,18900,5400,2700,e5086fc1db7ca6bb,960ff2e6743af984,88c77e93aae99847,NVIDIA A100-SXM4-80GB,6e223e81e1ad,88912e7391ce9f7b,True,bfloat16,2.11.0+cu128,2026-08-18T19:45:58
eurosat|resnet50_scratch_ms9|full|42,eurosat,resnet50_scratch_ms9,resnet50,scratch,ms9,,,core,False,full,42,0.9785185185185186,0.9780610906539785,0.9784850566609081,0.9760899603789573,0.9994872791383219,0.010557518193015295,0.6796296296296296,0.6573026866971696,0.6611304188223077,0.6434432799248873,0.940736553628118,0.052047083317129705,15,10,8865,5910,591,591,300,200,False,False,False,0.6824074074074075,0.9727777777777777,12,9,252.92,1.2,30.34,222.58,255.18,18900,18900,5400,2700,e5086fc1db7ca6bb,960ff2e6743af984,88c77e93aae99847,NVIDIA A100-SXM4-80GB,6e223e81e1ad,f0a84228f765a9b5,False,bfloat16,2.11.0+cu128,2026-08-18T19:50:13
eurosat|resnet50_scratch_ms9|full|123,eurosat,resnet50_scratch_ms9,resnet50,scratch,ms9,,,core,False,full,123,0.9733333333333334,0.9720674726967182,0.9733563769502729,0.9703249147070272,0.9994140089569161,0.013241271409723539,0.6759259259259259,0.6498951567294059,0.6548510956761169,0.6393845496313708,0.9337953158730159,0.05130609494668467,15,10,8865,5910,591,591,300,200,False,False,False,0.677962962962963,0.970925925925926,13,9,251.74,1.17,30.35,221.39,253.68,18900,18900,5400,2700,e5086fc1db7ca6bb,960ff2e6743af984,88c77e93aae99847,NVIDIA A100-SXM4-80GB,6e223e81e1ad,7b051e0a5b8ad687,False,bfloat16,2.11.0+cu128,2026-08-18T19:54:27
eurosat|resnet50_scratch_ms9|full|2024,eurosat,resnet50_scratch_ms9,resnet50,scratch,ms9,,,core,False,full,2024,0.9729629629629629,0.972002357117514,0.9729193920608106,0.9699095454371971,0.9994146825396826,0.013688759704430946,0.7314814814814815,0.7138337089181075,0.7176338630357705,0.701195219123506,0.9539359329931972,0.08388472023937436,15,10,8865,5910,591,591,300,200,False,False,False,0.7227777777777777,0.9703703703703703,14,9,250.08,1.19,30.62,219.45,252.05,18900,18900,5400,2700,e5086fc1db7ca6bb,960ff2e6743af984,88c77e93aae99847,NVIDIA A100-SXM4-80GB,6e223e81e1ad,d662911b4954a020,False,bfloat16,2.11.0+cu128,2026-08-18T19:58:40
eurosat|resnet50_scratch_ms9|full|7,eurosat,resnet50_scratch_ms9,resnet50,scratch,ms9,,,core,False,full,7,0.9733333333333334,0.9724375255970802,0.9733211679177806,0.9703231026402364,0.9993956680272109,0.013381777295359904,0.7125925925925926,0.6937308342029885,0.6977910161984481,0.6800903906494538,0.9466497447845805,0.07155805859852722,15,10,8865,5910,591,591,300,200,False,False,False,0.705,0.9718518518518519,14,8,251.14,1.25,30.62,220.52,253.15,18900,18900,5400,2700,e5086fc1db7ca6bb,960ff2e6743af984,88c77e93aae99847,NVIDIA A100-SXM4-80GB,6e223e81e1ad,38ebd6385e2a8522,False,bfloat16,2.11.0+cu128,2026-08-18T20:02:53
eurosat|resnet50_scratch_ms9|full|999,eurosat,resnet50_scratch_ms9,resnet50,scratch,ms9,,,core,False,full,999,0.9781481481481481,0.977245710098982,0.9781454712574763,0.9756782753408553,0.9995006153061224,0.010285655260086072,0.7262962962962963,0.7095010947068116,0.7159919112900937,0.695171602514647,0.9529201536281178,0.07466902241662697,15,10,8865,5910,591,591,300,200,False,False,False,0.7261111111111112,0.9688888888888889,14,9,250.31,1.17,30.21,220.1,252.26,18900,18900,5400,2700,e5086fc1db7ca6bb,960ff2e6743af984,88c77e93aae99847,NVIDIA A100-SXM4-80GB,6e223e81e1ad,5840958c5d0dbe7a,False,bfloat16,2.11.0+cu128,2026-08-18T20:07:06
eurosat|swin_b_scratch_ms9|full|42,eurosat,swin_b_scratch_ms9,swin_b,scratch,ms9,,swin_v2_b,core,False,full,42,0.9633333333333334,0.9615374185697135,0.9633319619214575,0.9591920857378401,0.9988178795918368,0.02230986849025441,0.8792592592592593,0.8722859628780117,0.8766518764264046,0.8655844602075332,0.9879445887755102,0.015468955691213922,15,10,8865,5910,591,591,300,200,False,False,False,0.8679629629629629,0.9627777777777777,12,9,1135.72,4.35,60.25,1075.47,1142.79,18900,18900,5400,2700,e5086fc1db7ca6bb,960ff2e6743af984,88c77e93aae99847,NVIDIA A100-SXM4-80GB,6e223e81e1ad,1c220bb31401f88c,False,bfloat16,2.11.0+cu128,2026-08-18T20:26:09
eurosat|swin_b_scratch_ms9|full|123,eurosat,swin_b_scratch_ms9,swin_b,scratch,ms9,,swin_v2_b,core,False,full,123,0.96,0.958286155246241,0.9599746338115276,0.95548261516736,0.9985264573696145,0.018372660632486645,0.8725925925925926,0.8635822767226042,0.8682374625669305,0.8581399966398363,0.986458331292517,0.016108212769031537,15,10,8865,5910,591,591,300,200,False,False,False,0.8633333333333333,0.9544444444444444,13,9,1138.59,4.54,60.23,1078.36,1145.08,18900,18900,5400,2700,e5086fc1db7ca6bb,960ff2e6743af984,88c77e93aae99847,NVIDIA A100-SXM4-80GB,6e223e81e1ad,9239f9e0cb83fa0b,False,bfloat16,2.11.0+cu128,2026-08-18T20:45:14
eurosat|swin_b_scratch_ms9|full|2024,eurosat,swin_b_scratch_ms9,swin_b,scratch,ms9,,swin_v2_b,core,False,full,2024,0.9614814814814815,0.9594522889528487,0.9615211930135591,0.9571350064114307,0.998651327664399,0.023627749262032663,0.8803703703703704,0.8722751692188713,0.8768380126797594,0.8668112433852333,0.9887310801587301,0.01383771781568172,15,10,8865,5910,591,591,300,200,False,False,False,0.8677777777777778,0.9607407407407408,14,9,1135.06,4.54,59.83,1075.22,1141.57,18900,18900,5400,2700,e5086fc1db7ca6bb,960ff2e6743af984,88c77e93aae99847,NVIDIA A100-SXM4-80GB,6e223e81e1ad,f33c2df290b09e42,False,bfloat16,2.11.0+cu128,2026-08-18T21:04:16
eurosat|swin_b_scratch_ms9|full|7,eurosat,swin_b_scratch_ms9,swin_b,scratch,ms9,,swin_v2_b,core,False,full,7,0.957037037037037,0.955268227731165,0.9570329603872024,0.9521835711177777,0.9987737272108843,0.023199300567309046,0.8685185185185185,0.8595571090849254,0.8645295977230926,0.8536093653351253,0.9878969893424034,0.01617123929438767,15,10,8865,5910,591,591,300,200,False,False,False,0.8622222222222222,0.9572222222222222,13,9,1136.67,4.5,59.84,1076.83,1143.19,18900,18900,5400,2700,e5086fc1db7ca6bb,960ff2e6743af984,88c77e93aae99847,NVIDIA A100-SXM4-80GB,6e223e81e1ad,89badb74210fc71e,False,bfloat16,2.11.0+cu128,2026-08-18T21:23:19
eurosat|swin_b_scratch_ms9|full|999,eurosat,swin_b_scratch_ms9,swin_b,scratch,ms9,,swin_v2_b,core,False,full,999,0.9577777777777777,0.9561508216357069,0.9576846117714801,0.9530108618491859,0.9984714239229024,0.022580776578850208,0.8759259259259259,0.8676742802926645,0.8720997755682073,0.8618693829554913,0.9874251141723356,0.023790195396652922,15,10,8865,5910,591,591,300,200,False,False,False,0.8585185185185186,0.9588888888888889,13,9,1142.17,4.45,59.81,1082.36,1148.58,18900,18900,5400,2700,e5086fc1db7ca6bb,960ff2e6743af984,88c77e93aae99847,NVIDIA A100-SXM4-80GB,6e223e81e1ad,7e238bb62177b37a,False,bfloat16,2.11.0+cu128,2026-08-18T21:42:28
eurosat|resnet50_satlas-rgb_rgb3|5|42,eurosat,resnet50_satlas-rgb_rgb3,resnet50,satlas,rgb3,rgb,,factorial,False,5,42,0.7625925925925926,0.7548744460640282,0.7632718199938354,0.7354519191085431,0.9566179323696146,0.1839110377651674,0.7474074074074074,0.7310961803522289,0.7451073606546863,0.7186103194553748,0.9610402421768708,0.027657282440750695,150,100,300,200,2,2,300,200,True,True,False,0.7385185185185185,0.7540740740740741,9,39,41.79,1.23,12.64,29.14,47.34,18900,50,5400,2700,e5086fc1db7ca6bb,960ff2e6743af984,88c77e93aae99847,NVIDIA A100-SXM4-80GB,6e223e81e1ad,86f6e7d57f4b9cb1,False,bfloat16,2.11.0+cu128,2026-08-19T05:36:41
eurosat|resnet50_satlas-rgb_rgb3|5|123,eurosat,resnet50_satlas-rgb_rgb3,resnet50,satlas,rgb3,rgb,,factorial,False,5,123,0.7418518518518519,0.7133140473826346,0.7249441878360783,0.7123444712787748,0.9499355378117913,0.1945250504657074,0.7433333333333333,0.7196336312571272,0.7374325809795117,0.7143162507347833,0.9501189541383221,0.18887964119513834,150,100,300,200,2,2,300,200,True,True,False,0.7287037037037037,0.7283333333333334,99,19,30.23,1.26,1.64,28.6,35.64,18900,50,5400,2700,e5086fc1db7ca6bb,960ff2e6743af984,88c77e93aae99847,NVIDIA A100-SXM4-80GB,6e223e81e1ad,86f6e7d57f4b9cb1,True,bfloat16,2.11.0+cu128,2026-08-19T05:37:17
eurosat|resnet50_satlas-rgb_rgb3|5|2024,eurosat,resnet50_satlas-rgb_rgb3,resnet50,satlas,rgb3,rgb,,factorial,False,5,2024,0.7092592592592593,0.6943069448216928,0.7023342346826367,0.6759744081698172,0.9465495143424036,0.22943933363314029,0.7333333333333333,0.7222284966565904,0.7345076317597066,0.7033397172265925,0.9580013920634922,0.16160741240889942,150,100,300,200,2,2,300,200,True,True,False,0.72,0.7072222222222222,19,89,30.66,1.24,1.63,29.02,37.53,18900,50,5400,2700,e5086fc1db7ca6bb,960ff2e6743af984,88c77e93aae99847,NVIDIA A100-SXM4-80GB,6e223e81e1ad,86f6e7d57f4b9cb1,True,bfloat16,2.11.0+cu128,2026-08-19T05:37:55
eurosat|resnet50_satlas-rgb_rgb3|5|7,eurosat,resnet50_satlas-rgb_rgb3,resnet50,satlas,rgb3,rgb,,factorial,False,5,7,0.7203703703703703,0.7098049714588474,0.7179256026298717,0.6887572428640136,0.9562322269841269,0.22841515930714423,0.7481481481481481,0.7306895557420598,0.7437674607355725,0.7195212306846218,0.9636982327664398,0.01810021181901298,150,100,300,200,2,2,300,200,True,True,False,0.7244444444444444,0.71,9,99,30.46,1.29,1.61,28.84,35.62,18900,50,5400,2700,e5086fc1db7ca6bb,960ff2e6743af984,88c77e93aae99847,NVIDIA A100-SXM4-80GB,6e223e81e1ad,86f6e7d57f4b9cb1,True,bfloat16,2.11.0+cu128,2026-08-19T05:38:31
eurosat|resnet50_satlas-rgb_rgb3|5|999,eurosat,resnet50_satlas-rgb_rgb3,resnet50,satlas,rgb3,rgb,,factorial,False,5,999,0.7344444444444445,0.7171140904974183,0.7244300033761389,0.7044765866503836,0.9447303349206349,0.21461751025584008,0.7540740740740741,0.7400289547779473,0.752768648777687,0.7263569204469137,0.9606595885487529,0.16261766728427676,150,100,300,200,2,2,300,200,True,True,False,0.7396296296296296,0.7183333333333334,89,69,30.31,1.23,1.62,28.69,35.39,18900,50,5400,2700,e5086fc1db7ca6bb,960ff2e6743af984,88c77e93aae99847,NVIDIA A100-SXM4-80GB,6e223e81e1ad,86f6e7d57f4b9cb1,True,bfloat16,2.11.0+cu128,2026-08-19T05:39:06
eurosat|swin_b_satlas-rgb_rgb3|5|42,eurosat,swin_b_satlas-rgb_rgb3,swin_b,satlas,rgb3,rgb,swin_v2_b,factorial,False,5,42,0.8529629629629629,0.8424186815127536,0.8490174091977882,0.8364847033339181,0.9817496600907031,0.10433026839185647,0.8196296296296296,0.8056287403093296,0.8131411332432326,0.7990709188429272,0.9838357094104309,0.09563080764479108,150,100,300,200,2,2,300,200,True,True,False,0.8057407407407408,0.8448148148148148,129,19,161.6,4.51,41.93,119.67,175.47,18900,50,5400,2700,e5086fc1db7ca6bb,960ff2e6743af984,88c77e93aae99847,NVIDIA A100-SXM4-80GB,6e223e81e1ad,8eb346c9c99a4bf3,False,bfloat16,2.11.0+cu128,2026-08-19T05:42:02
eurosat|swin_b_satlas-rgb_rgb3|5|123,eurosat,swin_b_satlas-rgb_rgb3,swin_b,satlas,rgb3,rgb,swin_v2_b,factorial,False,5,123,0.8537037037037037,0.8454498328940312,0.8540179932890322,0.837343195943112,0.9818367595804988,0.12479636973804903,0.7981481481481482,0.7843165575332074,0.7960153285226481,0.7754891864057674,0.9711869080498866,0.11309761727297749,150,100,300,200,2,2,300,200,True,True,False,0.7737037037037037,0.8390740740740741,129,89,121.32,4.47,1.55,119.77,134.33,18900,50,5400,2700,e5086fc1db7ca6bb,960ff2e6743af984,88c77e93aae99847,NVIDIA A100-SXM4-80GB,6e223e81e1ad,8eb346c9c99a4bf3,True,bfloat16,2.11.0+cu128,2026-08-19T05:44:17
eurosat|swin_b_satlas-rgb_rgb3|5|2024,eurosat,swin_b_satlas-rgb_rgb3,swin_b,satlas,rgb3,rgb,swin_v2_b,factorial,False,5,2024,0.7922222222222223,0.7796363687045794,0.7855875644567832,0.7688945172142841,0.9671200742630386,0.1791358685493469,0.807037037037037,0.7982723540704795,0.8071367174987037,0.7854250085802539,0.9770578608843536,0.09992403971928134,150,100,300,200,2,2,300,200,True,True,False,0.7962962962962963,0.7764814814814814,109,49,121.37,4.55,1.62,119.75,133.23,18900,50,5400,2700,e5086fc1db7ca6bb,960ff2e6743af984,88c77e93aae99847,NVIDIA A100-SXM4-80GB,6e223e81e1ad,8eb346c9c99a4bf3,True,bfloat16,2.11.0+cu128,2026-08-19T05:46:30
eurosat|swin_b_satlas-rgb_rgb3|5|7,eurosat,swin_b_satlas-rgb_rgb3,swin_b,satlas,rgb3,rgb,swin_v2_b,factorial,False,5,7,0.817037037037037,0.806829946929134,0.814884328045252,0.7963912804542956,0.9725300600340135,0.15585208797896352,0.8203703703703704,0.8051316321059693,0.8170364264046579,0.800058020582038,0.977791496031746,0.0847977156440417,150,100,300,200,2,2,300,200,True,True,False,0.7953703703703704,0.8018518518518518,99,49,120.85,4.52,1.56,119.28,133.4,18900,50,5400,2700,e5086fc1db7ca6bb,960ff2e6743af984,88c77e93aae99847,NVIDIA A100-SXM4-80GB,6e223e81e1ad,8eb346c9c99a4bf3,True,bfloat16,2.11.0+cu128,2026-08-19T05:48:44
eurosat|swin_b_satlas-rgb_rgb3|5|999,eurosat,swin_b_satlas-rgb_rgb3,swin_b,satlas,rgb3,rgb,swin_v2_b,factorial,False,5,999,0.8214814814814815,0.8099366003100961,0.8165404220065159,0.8011384039423921,0.971277414739229,0.1527952610121833,0.8277777777777777,0.8150747227579653,0.8242030420072083,0.8083381674961072,0.9792659934240364,0.08071999068613403,150,100,300,200,2,2,300,200,True,True,False,0.8157407407407408,0.8048148148148148,79,59,121.4,4.5,1.59,119.81,133.82,18900,50,5400,2700,e5086fc1db7ca6bb,960ff2e6743af984,88c77e93aae99847,NVIDIA A100-SXM4-80GB,6e223e81e1ad,8eb346c9c99a4bf3,True,bfloat16,2.11.0+cu128,2026-08-19T05:50:58
eurosat|resnet50_imagenet_ms9|5|42,eurosat,resnet50_imagenet_ms9,resnet50,imagenet,ms9,,,factorial,False,5,42,0.7685185185185185,0.749436465081408,0.7590357171500697,0.742071073748567,0.9630554739229027,0.15641979432768296,0.807037037037037,0.7987086704167281,0.8031589718585447,0.7848951006177748,0.9788017099773244,0.08426931660484385,150,100,300,200,2,2,300,200,True,True,False,0.8042592592592592,0.779074074074074,19,29,39.09,1.12,11.48,27.61,42.13,18900,50,5400,2700,e5086fc1db7ca6bb,960ff2e6743af984,88c77e93aae99847,NVIDIA A100-SXM4-80GB,6e223e81e1ad,fb5ddb422c06b507,False,bfloat16,2.11.0+cu128,2026-08-19T05:51:40
eurosat|resnet50_imagenet_ms9|5|123,eurosat,resnet50_imagenet_ms9,resnet50,imagenet,ms9,,,factorial,False,5,123,0.7551851851851852,0.7377180228355998,0.7460137492668422,0.7272477190408511,0.9621481732426304,0.16926778065937537,0.7622222222222222,0.7587590724353985,0.7621494913292961,0.7352011121125557,0.9684441918367346,0.14351643915529605,150,100,300,200,2,2,300,200,True,True,False,0.7535185185185185,0.7516666666666667,99,29,29.03,1.14,1.59,27.44,31.0,18900,50,5400,2700,e5086fc1db7ca6bb,960ff2e6743af984,88c77e93aae99847,NVIDIA A100-SXM4-80GB,6e223e81e1ad,fb5ddb422c06b507,True,bfloat16,2.11.0+cu128,2026-08-19T05:52:12
eurosat|resnet50_imagenet_ms9|5|2024,eurosat,resnet50_imagenet_ms9,resnet50,imagenet,ms9,,,factorial,False,5,2024,0.7525925925925926,0.7417675539875753,0.7460711814602097,0.7247588816994263,0.9655731467120182,0.15412766323045446,0.7133333333333334,0.7018637436406878,0.7069557678606887,0.6814887634027571,0.9688741225623583,0.033183241343056724,150,100,300,200,2,2,300,200,True,True,False,0.7188888888888889,0.7379629629629629,9,19,29.36,1.15,1.6,27.76,31.32,18900,50,5400,2700,e5086fc1db7ca6bb,960ff2e6743af984,88c77e93aae99847,NVIDIA A100-SXM4-80GB,6e223e81e1ad,fb5ddb422c06b507,True,bfloat16,2.11.0+cu128,2026-08-19T05:52:43
eurosat|resnet50_imagenet_ms9|5|7,eurosat,resnet50_imagenet_ms9,resnet50,imagenet,ms9,,,factorial,False,5,7,0.7811111111111111,0.7617563956475963,0.7709430218714525,0.7561173180088341,0.9740244219954649,0.1528924752495907,0.7340740740740741,0.7254982958517788,0.729459568421662,0.7040508667343466,0.9668875085034013,0.016642679704560164,150,100,300,200,2,2,300,200,True,True,False,0.702962962962963,0.7796296296296297,9,29,29.48,1.14,1.57,27.91,31.44,18900,50,5400,2700,e5086fc1db7ca6bb,960ff2e6743af984,88c77e93aae99847,NVIDIA A100-SXM4-80GB,6e223e81e1ad,fb5ddb422c06b507,True,bfloat16,2.11.0+cu128,2026-08-19T05:53:15
eurosat|resnet50_imagenet_ms9|5|999,eurosat,resnet50_imagenet_ms9,resnet50,imagenet,ms9,,,factorial,False,5,999,0.7855555555555556,0.7720833976282465,0.7813221208570852,0.7613974572261482,0.9737287247732425,0.149356271425883,0.7337037037037037,0.7256827133631568,0.7318906365923458,0.703726878700934,0.9683871297052153,0.022372147131849207,150,100,300,200,2,2,300,200,True,True,False,0.7331481481481481,0.7696296296296297,9,29,29.26,1.13,1.66,27.6,31.22,18900,50,5400,2700,e5086fc1db7ca6bb,960ff2e6743af984,88c77e93aae99847,NVIDIA A100-SXM4-80GB,6e223e81e1ad,fb5ddb422c06b507,True,bfloat16,2.11.0+cu128,2026-08-19T05:53:46
eurosat|swin_b_imagenet_ms9|5|42,eurosat,swin_b_imagenet_ms9,swin_b,imagenet,ms9,,swin_v2_b,factorial,False,5,42,0.8240740740740741,0.8220134332541311,0.8227994526247094,0.8043448412637875,0.9799062053287981,0.13514030032687713,0.73,0.7174688955929788,0.7247222440898239,0.6988225573228672,0.9578412596938775,0.13617523433433637,150,100,300,200,2,2,300,200,True,True,False,0.7348148148148148,0.8244444444444444,29,89,160.22,4.38,41.6,118.63,166.82,18900,50,5400,2700,e5086fc1db7ca6bb,960ff2e6743af984,88c77e93aae99847,NVIDIA A100-SXM4-80GB,6e223e81e1ad,c7289b27a56d8cbe,False,bfloat16,2.11.0+cu128,2026-08-19T05:56:34
eurosat|swin_b_imagenet_ms9|5|123,eurosat,swin_b_imagenet_ms9,swin_b,imagenet,ms9,,swin_v2_b,factorial,False,5,123,0.8081481481481482,0.8132315633535084,0.8102385710330878,0.7864700224430907,0.9739200181405897,0.14512770680365736,0.6940740740740741,0.6954261992595185,0.6976131565686565,0.6594178552884762,0.9474684286848072,0.18040875205287227,150,100,300,200,2,2,300,200,True,True,False,0.6646296296296297,0.8072222222222222,79,59,120.12,4.47,1.53,118.59,126.82,18900,50,5400,2700,e5086fc1db7ca6bb,960ff2e6743af984,88c77e93aae99847,NVIDIA A100-SXM4-80GB,6e223e81e1ad,c7289b27a56d8cbe,True,bfloat16,2.11.0+cu128,2026-08-19T05:58:41
eurosat|swin_b_imagenet_ms9|5|2024,eurosat,swin_b_imagenet_ms9,swin_b,imagenet,ms9,,swin_v2_b,factorial,False,5,2024,0.8322222222222222,0.8266343324331947,0.8301807295331657,0.8133384204502098,0.9807644892857142,0.12745365842624945,0.7351851851851852,0.7244472558644157,0.7319173380628795,0.7055279294670369,0.9549486196145125,0.1888699724442429,150,100,300,200,2,2,300,200,True,True,False,0.7140740740740741,0.8207407407407408,9,79,119.48,4.31,1.55,117.94,126.01,18900,50,5400,2700,e5086fc1db7ca6bb,960ff2e6743af984,88c77e93aae99847,NVIDIA A100-SXM4-80GB,6e223e81e1ad,c7289b27a56d8cbe,True,bfloat16,2.11.0+cu128,2026-08-19T06:00:47
eurosat|swin_b_imagenet_ms9|5|7,eurosat,swin_b_imagenet_ms9,swin_b,imagenet,ms9,,swin_v2_b,factorial,False,5,7,0.8077777777777778,0.8028643136411144,0.8016826375519518,0.7862112104476247,0.977585017403628,0.14926228208122433,0.6985185185185185,0.6901867231068991,0.6973931880928311,0.6649260956069003,0.9586726588435376,0.17380309887506346,150,100,300,200,2,2,300,200,True,True,False,0.6937037037037037,0.8094444444444444,69,89,119.91,4.51,1.54,118.36,126.65,18900,50,5400,2700,e5086fc1db7ca6bb,960ff2e6743af984,88c77e93aae99847,NVIDIA A100-SXM4-80GB,6e223e81e1ad,c7289b27a56d8cbe,True,bfloat16,2.11.0+cu128,2026-08-19T06:02:54
eurosat|swin_b_imagenet_ms9|5|999,eurosat,swin_b_imagenet_ms9,swin_b,imagenet,ms9,,swin_v2_b,factorial,False,5,999,0.8333333333333334,0.8278644928991319,0.832790382990298,0.8147371631151603,0.9833247142857144,0.12158657888571421,0.7433333333333333,0.7285028907416192,0.7360460623418926,0.7143184316599487,0.9655799103174605,0.12958490226003858,150,100,300,200,2,2,300,200,True,True,False,0.73,0.8342592592592593,99,69,119.71,4.36,1.58,118.13,126.31,18900,50,5400,2700,e5086fc1db7ca6bb,960ff2e6743af984,88c77e93aae99847,NVIDIA A100-SXM4-80GB,6e223e81e1ad,c7289b27a56d8cbe,True,bfloat16,2.11.0+cu128,2026-08-19T06:05:00
eurosat|resnet50_satlas-rgb_rgb3|10|42,eurosat,resnet50_satlas-rgb_rgb3,resnet50,satlas,rgb3,rgb,,factorial,False,10,42,0.837037037037037,0.8254758504858062,0.8334028446085369,0.818599644223208,0.977460216723356,0.12521211088807493,0.804074074074074,0.7873385637324338,0.7958134209348974,0.7817023032600223,0.9718535422902495,0.12210934835451617,75,50,300,200,4,4,300,200,True,True,False,0.7924074074074074,0.8305555555555556,34,49,30.1,1.22,1.61,28.5,35.12,18900,100,5400,2700,e5086fc1db7ca6bb,960ff2e6743af984,88c77e93aae99847,NVIDIA A100-SXM4-80GB,6e223e81e1ad,86f6e7d57f4b9cb1,True,bfloat16,2.11.0+cu128,2026-08-19T06:05:36
eurosat|resnet50_satlas-rgb_rgb3|10|123,eurosat,resnet50_satlas-rgb_rgb3,resnet50,satlas,rgb3,rgb,,factorial,False,10,123,0.8333333333333334,0.8220349930396109,0.8291306182423072,0.8144372408421342,0.9775440359977324,0.11590322316796696,0.8074074074074075,0.7900395984484613,0.8009451994374571,0.7857208265925949,0.9759055959183673,0.11081961342581992,75,50,300,200,4,4,300,200,True,True,False,0.7898148148148149,0.8205555555555556,24,49,29.8,1.25,1.58,28.22,34.75,18900,100,5400,2700,e5086fc1db7ca6bb,960ff2e6743af984,88c77e93aae99847,NVIDIA A100-SXM4-80GB,6e223e81e1ad,86f6e7d57f4b9cb1,True,bfloat16,2.11.0+cu128,2026-08-19T06:06:11
eurosat|resnet50_satlas-rgb_rgb3|10|2024,eurosat,resnet50_satlas-rgb_rgb3,resnet50,satlas,rgb3,rgb,,factorial,False,10,2024,0.782962962962963,0.7762044082617392,0.7812368328980729,0.7582452843161972,0.967161094727891,0.15512760912930523,0.7914814814814815,0.7783427493008748,0.7893097735714534,0.7679466923129765,0.9702604327664398,0.12582257891142806,75,50,300,200,4,4,300,200,True,True,False,0.7788888888888889,0.789074074074074,54,19,30.37,1.21,1.6,28.78,35.36,18900,100,5400,2700,e5086fc1db7ca6bb,960ff2e6743af984,88c77e93aae99847,NVIDIA A100-SXM4-80GB,6e223e81e1ad,86f6e7d57f4b9cb1,True,bfloat16,2.11.0+cu128,2026-08-19T06:06:46
eurosat|resnet50_satlas-rgb_rgb3|10|7,eurosat,resnet50_satlas-rgb_rgb3,resnet50,satlas,rgb3,rgb,,factorial,False,10,7,0.8281481481481482,0.8202781808156541,0.8270804289771776,0.808770778318807,0.9756382112244898,0.13112395031584628,0.7955555555555556,0.775751715796207,0.7877470712865913,0.772352011241876,0.9740385302721088,0.11466605505457628,75,50,300,200,4,4,300,200,True,True,False,0.7812962962962963,0.8187037037037037,19,39,29.98,1.25,1.58,28.4,35.19,18900,100,5400,2700,e5086fc1db7ca6bb,960ff2e6743af984,88c77e93aae99847,NVIDIA A100-SXM4-80GB,6e223e81e1ad,86f6e7d57f4b9cb1,True,bfloat16,2.11.0+cu128,2026-08-19T06:07:22
eurosat|resnet50_satlas-rgb_rgb3|10|999,eurosat,resnet50_satlas-rgb_rgb3,resnet50,satlas,rgb3,rgb,,factorial,False,10,999,0.7744444444444445,0.7622159437623294,0.7726747222132643,0.7489158319081359,0.9665257517006804,0.16063274401205557,0.7918518518518518,0.7767322547185783,0.7908856903501699,0.7684189641884209,0.970579031972789,0.12620165918712264,75,50,300,200,4,4,300,200,True,True,False,0.7859259259259259,0.7738888888888888,29,44,30.44,1.22,1.63,28.82,35.4,18900,100,5400,2700,e5086fc1db7ca6bb,960ff2e6743af984,88c77e93aae99847,NVIDIA A100-SXM4-80GB,6e223e81e1ad,86f6e7d57f4b9cb1,True,bfloat16,2.11.0+cu128,2026-08-19T06:07:58
eurosat|swin_b_satlas-rgb_rgb3|10|42,eurosat,swin_b_satlas-rgb_rgb3,swin_b,satlas,rgb3,rgb,swin_v2_b,factorial,False,10,42,0.9022222222222223,0.897912802028672,0.9007291148192254,0.891115727728217,0.992977031972789,0.08007375575877998,0.8655555555555555,0.8564784593127055,0.8625053788250355,0.8503344226246832,0.9891600495464854,0.058166362852961895,75,50,300,200,4,4,300,200,True,True,False,0.8611111111111112,0.8961111111111111,69,39,120.79,4.46,1.54,119.25,132.32,18900,100,5400,2700,e5086fc1db7ca6bb,960ff2e6743af984,88c77e93aae99847,NVIDIA A100-SXM4-80GB,6e223e81e1ad,8eb346c9c99a4bf3,True,bfloat16,2.11.0+cu128,2026-08-19T06:10:10
eurosat|swin_b_satlas-rgb_rgb3|10|123,eurosat,swin_b_satlas-rgb_rgb3,swin_b,satlas,rgb3,rgb,swin_v2_b,factorial,False,10,123,0.8785185185185185,0.875620106410166,0.8772113211231324,0.8649639766706056,0.9900130127551019,0.09969569825463821,0.8696296296296296,0.8621999725748084,0.8684705515079769,0.854946161888264,0.9895282826530613,0.058430899845229284,75,50,300,200,4,4,300,200,True,True,False,0.8657407407407407,0.8642592592592593,64,29,121.05,4.57,1.53,119.52,132.76,18900,100,5400,2700,e5086fc1db7ca6bb,960ff2e6743af984,88c77e93aae99847,NVIDIA A100-SXM4-80GB,6e223e81e1ad,8eb346c9c99a4bf3,True,bfloat16,2.11.0+cu128,2026-08-19T06:12:23
eurosat|swin_b_satlas-rgb_rgb3|10|2024,eurosat,swin_b_satlas-rgb_rgb3,swin_b,satlas,rgb3,rgb,swin_v2_b,factorial,False,10,2024,0.8622222222222222,0.855154482609714,0.8594828240586708,0.8468248642713353,0.9882724026077098,0.11667370618493464,0.8496296296296296,0.8405142548489101,0.8483364794894831,0.8326782620641232,0.9861389790249433,0.03450780696339075,75,50,300,200,4,4,300,200,True,True,False,0.8427777777777777,0.8553703703703703,29,49,121.26,4.55,1.57,119.69,133.74,18900,100,5400,2700,e5086fc1db7ca6bb,960ff2e6743af984,88c77e93aae99847,NVIDIA A100-SXM4-80GB,6e223e81e1ad,8eb346c9c99a4bf3,True,bfloat16,2.11.0+cu128,2026-08-19T06:14:37
eurosat|swin_b_satlas-rgb_rgb3|10|7,eurosat,swin_b_satlas-rgb_rgb3,swin_b,satlas,rgb3,rgb,swin_v2_b,factorial,False,10,7,0.8951851851851852,0.8904456647387772,0.8939311398492484,0.8833435114503817,0.9929638294217688,0.08102489452671119,0.8703703703703703,0.8632272465156609,0.869170399557598,0.8557306973016298,0.9900191090702947,0.04879001195783965,75,50,300,200,4,4,300,200,True,True,False,0.8624074074074074,0.8862962962962962,44,44,121.15,4.59,1.56,119.59,133.7,18900,100,5400,2700,e5086fc1db7ca6bb,960ff2e6743af984,88c77e93aae99847,NVIDIA A100-SXM4-80GB,6e223e81e1ad,8eb346c9c99a4bf3,True,bfloat16,2.11.0+cu128,2026-08-19T06:16:51
eurosat|swin_b_satlas-rgb_rgb3|10|999,eurosat,swin_b_satlas-rgb_rgb3,swin_b,satlas,rgb3,rgb,swin_v2_b,factorial,False,10,999,0.8688888888888889,0.8586765184847407,0.8647511562103354,0.8540718800574063,0.9901204299319728,0.10918337751317903,0.8596296296296296,0.8479964021617779,0.8562631920344829,0.8437316270510892,0.9851038106575961,0.06235612723562449,75,50,300,200,4,4,300,200,True,True,False,0.8535185185185186,0.875,49,24,121.08,4.53,1.58,119.49,132.94,18900,100,5400,2700,e5086fc1db7ca6bb,960ff2e6743af984,88c77e93aae99847,NVIDIA A100-SXM4-80GB,6e223e81e1ad,8eb346c9c99a4bf3,True,bfloat16,2.11.0+cu128,2026-08-19T06:19:05
eurosat|resnet50_imagenet_ms9|10|42,eurosat,resnet50_imagenet_ms9,resnet50,imagenet,ms9,,,factorial,False,10,42,0.8062962962962963,0.7934054652651845,0.8000413678171331,0.7842557579924372,0.9750621074263041,0.13320389978311684,0.8388888888888889,0.831901921771642,0.8363710631873283,0.820593896068188,0.9862201673469387,0.0857074228591389,75,50,300,200,4,4,300,200,True,True,False,0.8411111111111111,0.7951851851851852,44,34,28.76,1.15,1.58,27.19,30.75,18900,100,5400,2700,e5086fc1db7ca6bb,960ff2e6743af984,88c77e93aae99847,NVIDIA A100-SXM4-80GB,6e223e81e1ad,fb5ddb422c06b507,True,bfloat16,2.11.0+cu128,2026-08-19T06:19:36
eurosat|resnet50_imagenet_ms9|10|123,eurosat,resnet50_imagenet_ms9,resnet50,imagenet,ms9,,,factorial,False,10,123,0.8348148148148148,0.8290507331122852,0.8339023533055374,0.8161919589706017,0.9796100532312926,0.1162469783314952,0.8292592592592593,0.8225470042645785,0.8280762015111364,0.8099854210715131,0.9843626265306122,0.09660788841269635,75,50,300,200,4,4,300,200,True,True,False,0.8174074074074074,0.8218518518518518,64,49,29.09,1.16,1.6,27.5,31.08,18900,100,5400,2700,e5086fc1db7ca6bb,960ff2e6743af984,88c77e93aae99847,NVIDIA A100-SXM4-80GB,6e223e81e1ad,fb5ddb422c06b507,True,bfloat16,2.11.0+cu128,2026-08-19T06:20:07
eurosat|resnet50_imagenet_ms9|10|2024,eurosat,resnet50_imagenet_ms9,resnet50,imagenet,ms9,,,factorial,False,10,2024,0.7837037037037037,0.7733135406051075,0.7789348755047282,0.7592543112990771,0.9715467448979591,0.14685970192706144,0.8148148148148148,0.8091966556062102,0.8137729784804728,0.7939135810950059,0.9831979564625849,0.10582824778777578,75,50,300,200,4,4,300,200,True,True,False,0.8253703703703704,0.7844444444444445,54,14,28.53,1.15,1.6,26.92,30.51,18900,100,5400,2700,e5086fc1db7ca6bb,960ff2e6743af984,88c77e93aae99847,NVIDIA A100-SXM4-80GB,6e223e81e1ad,fb5ddb422c06b507,True,bfloat16,2.11.0+cu128,2026-08-19T06:20:38
eurosat|resnet50_imagenet_ms9|10|7,eurosat,resnet50_imagenet_ms9,resnet50,imagenet,ms9,,,factorial,False,10,7,0.83,0.8253953657171079,0.8293203127665056,0.8108833986967999,0.9809666722789115,0.1212628328137928,0.8237037037037037,0.8158021181679578,0.8219873654537049,0.8039419087136929,0.983237534920635,0.09421037498447635,75,50,300,200,4,4,300,200,True,True,False,0.8185185185185185,0.8275925925925925,59,29,29.12,1.26,1.58,27.55,31.21,18900,100,5400,2700,e5086fc1db7ca6bb,960ff2e6743af984,88c77e93aae99847,NVIDIA A100-SXM4-80GB,6e223e81e1ad,fb5ddb422c06b507,True,bfloat16,2.11.0+cu128,2026-08-19T06:21:09
eurosat|resnet50_imagenet_ms9|10|999,eurosat,resnet50_imagenet_ms9,resnet50,imagenet,ms9,,,factorial,False,10,999,0.8207407407407408,0.8088336373720854,0.8168719780661311,0.8006148775966373,0.9792703412698411,0.13331767202527436,0.825925925925926,0.819298563327305,0.824700484306729,0.8062787662293055,0.9831678785714286,0.09678473821392769,75,50,300,200,4,4,300,200,True,True,False,0.8251851851851851,0.8192592592592592,74,44,29.06,1.15,1.62,27.44,31.04,18900,100,5400,2700,e5086fc1db7ca6bb,960ff2e6743af984,88c77e93aae99847,NVIDIA A100-SXM4-80GB,6e223e81e1ad,fb5ddb422c06b507,True,bfloat16,2.11.0+cu128,2026-08-19T06:21:40
eurosat|swin_b_imagenet_ms9|10|42,eurosat,swin_b_imagenet_ms9,swin_b,imagenet,ms9,,swin_v2_b,factorial,False,10,42,0.9011111111111111,0.8978327403742604,0.8997171402578631,0.8898851347223071,0.9924989037414965,0.07600492627532393,0.8022222222222222,0.7937005652658773,0.7991646642895013,0.7796137355456539,0.9753764429705214,0.10104017315087499,75,50,300,200,4,4,300,200,True,True,False,0.7962962962962963,0.9062962962962963,39,49,120.96,4.47,1.55,119.41,127.68,18900,100,5400,2700,e5086fc1db7ca6bb,960ff2e6743af984,88c77e93aae99847,NVIDIA A100-SXM4-80GB,6e223e81e1ad,c7289b27a56d8cbe,True,bfloat16,2.11.0+cu128,2026-08-19T06:23:48
eurosat|swin_b_imagenet_ms9|10|123,eurosat,swin_b_imagenet_ms9,swin_b,imagenet,ms9,,swin_v2_b,factorial,False,10,123,0.8862962962962962,0.8827418312942067,0.8858271705528461,0.8733227374147996,0.9867609187074831,0.08625153643113599,0.8007407407407408,0.7944711074966548,0.7985857476593241,0.7782780911096017,0.9785492523809524,0.10027039266294904,75,50,300,200,4,4,300,200,True,True,False,0.7761111111111111,0.8751851851851852,44,29,120.57,4.44,1.52,119.04,127.26,18900,100,5400,2700,e5086fc1db7ca6bb,960ff2e6743af984,88c77e93aae99847,NVIDIA A100-SXM4-80GB,6e223e81e1ad,c7289b27a56d8cbe,True,bfloat16,2.11.0+cu128,2026-08-19T06:25:56
eurosat|swin_b_imagenet_ms9|10|2024,eurosat,swin_b_imagenet_ms9,swin_b,imagenet,ms9,,swin_v2_b,factorial,False,10,2024,0.832962962962963,0.826918140406171,0.8278838846405343,0.814171041386888,0.9839042760204082,0.13517827461163207,0.7807407407407407,0.7713812468558647,0.7787271923580391,0.7560327853839461,0.9708040123582767,0.11058544543606265,75,50,300,200,4,4,300,200,True,True,False,0.7822222222222223,0.8422222222222222,44,49,120.35,4.56,1.57,118.78,127.17,18900,100,5400,2700,e5086fc1db7ca6bb,960ff2e6743af984,88c77e93aae99847,NVIDIA A100-SXM4-80GB,6e223e81e1ad,c7289b27a56d8cbe,True,bfloat16,2.11.0+cu128,2026-08-19T06:28:03
eurosat|swin_b_imagenet_ms9|10|7,eurosat,swin_b_imagenet_ms9,swin_b,imagenet,ms9,,swin_v2_b,factorial,False,10,7,0.8822222222222222,0.8777417151474166,0.8809382731790676,0.8689760415077064,0.9889812696712017,0.08872550475376628,0.7948148148148149,0.7850880037377868,0.7918041398348177,0.7717451016297382,0.9769690529478459,0.10151497281259965,75,50,300,200,4,4,300,200,True,True,False,0.7957407407407407,0.8831481481481481,59,49,121.35,4.48,1.54,119.81,128.05,18900,100,5400,2700,e5086fc1db7ca6bb,960ff2e6743af984,88c77e93aae99847,NVIDIA A100-SXM4-80GB,6e223e81e1ad,c7289b27a56d8cbe,True,bfloat16,2.11.0+cu128,2026-08-19T06:30:12
eurosat|swin_b_imagenet_ms9|10|999,eurosat,swin_b_imagenet_ms9,swin_b,imagenet,ms9,,swin_v2_b,factorial,False,10,999,0.8707407407407407,0.8647319296113377,0.8682433386309286,0.8560802761401473,0.9874738381519276,0.10119821510933061,0.7977777777777778,0.7905142817462613,0.7970681939106108,0.775104690276962,0.9774935616213153,0.09769195705100345,75,50,300,200,4,4,300,200,True,True,False,0.7898148148148149,0.8688888888888889,59,39,120.79,4.43,1.54,119.26,127.46,18900,100,5400,2700,e5086fc1db7ca6bb,960ff2e6743af984,88c77e93aae99847,NVIDIA A100-SXM4-80GB,6e223e81e1ad,c7289b27a56d8cbe,True,bfloat16,2.11.0+cu128,2026-08-19T06:32:19
eurosat|resnet50_satlas-rgb_rgb3|25|42,eurosat,resnet50_satlas-rgb_rgb3,resnet50,satlas,rgb3,rgb,,factorial,False,25,42,0.8918518518518519,0.8881772524947001,0.8913037600332542,0.8796464499977101,0.9901514485260771,0.08334162341223826,0.8566666666666667,0.8492334293011202,0.8551437812786574,0.8404684112491985,0.9828796945011338,0.08519462529155943,38,25,304,200,8,8,300,200,True,True,False,0.8531481481481481,0.8735185185185185,14,24,28.07,1.2,1.52,26.55,32.97,18900,250,5400,2700,e5086fc1db7ca6bb,960ff2e6743af984,88c77e93aae99847,NVIDIA A100-SXM4-80GB,6e223e81e1ad,86f6e7d57f4b9cb1,True,bfloat16,2.11.0+cu128,2026-08-19T06:32:53
eurosat|resnet50_satlas-rgb_rgb3|25|123,eurosat,resnet50_satlas-rgb_rgb3,resnet50,satlas,rgb3,rgb,,factorial,False,25,123,0.8837037037037037,0.8788558425145311,0.8826039221118648,0.8705540159860752,0.9893896370181405,0.08933910565243831,0.8577777777777778,0.8492042777417407,0.8561955580739589,0.8417582417582418,0.9851675724489797,0.08582025062154844,38,25,304,200,8,8,300,200,True,True,False,0.845925925925926,0.8772222222222222,32,24,27.96,1.22,1.5,26.46,33.4,18900,250,5400,2700,e5086fc1db7ca6bb,960ff2e6743af984,88c77e93aae99847,NVIDIA A100-SXM4-80GB,6e223e81e1ad,86f6e7d57f4b9cb1,True,bfloat16,2.11.0+cu128,2026-08-19T06:33:26
eurosat|resnet50_satlas-rgb_rgb3|25|2024,eurosat,resnet50_satlas-rgb_rgb3,resnet50,satlas,rgb3,rgb,,factorial,False,25,2024,0.8833333333333333,0.8779669015251542,0.8824073363893261,0.8701368106028218,0.9911778533446711,0.08612386830427024,0.8448148148148148,0.8378896472379644,0.8458876669052232,0.8273773193359375,0.9831696046485261,0.09062862630243654,38,25,304,200,8,8,300,200,True,True,False,0.8351851851851851,0.8862962962962962,35,23,28.08,1.23,1.52,26.57,33.59,18900,250,5400,2700,e5086fc1db7ca6bb,960ff2e6743af984,88c77e93aae99847,NVIDIA A100-SXM4-80GB,6e223e81e1ad,86f6e7d57f4b9cb1,True,bfloat16,2.11.0+cu128,2026-08-19T06:34:00
eurosat|resnet50_satlas-rgb_rgb3|25|7,eurosat,resnet50_satlas-rgb_rgb3,resnet50,satlas,rgb3,rgb,,factorial,False,25,7,0.8718518518518519,0.8656284412612616,0.870226041925294,0.8573500893279787,0.9881037339002268,0.09897362732224999,0.8403703703703703,0.8296049843953849,0.8377419678187247,0.822310106045915,0.9824747202380953,0.09475946435221919,38,25,304,200,8,8,300,200,True,True,False,0.8346296296296296,0.8733333333333333,20,23,27.88,1.28,1.54,26.34,33.11,18900,250,5400,2700,e5086fc1db7ca6bb,960ff2e6743af984,88c77e93aae99847,NVIDIA A100-SXM4-80GB,6e223e81e1ad,86f6e7d57f4b9cb1,True,bfloat16,2.11.0+cu128,2026-08-19T06:34:34
eurosat|resnet50_satlas-rgb_rgb3|25|999,eurosat,resnet50_satlas-rgb_rgb3,resnet50,satlas,rgb3,rgb,,factorial,False,25,999,0.8807407407407407,0.8754134646837473,0.8795396124861848,0.8672773070757958,0.988153263038549,0.0925032539389752,0.8518518518518519,0.8435284617017734,0.851539588009703,0.8351912468239979,0.9836503151927436,0.09192032883564634,38,25,304,200,8,8,300,200,True,True,False,0.8461111111111111,0.8762962962962964,32,24,28.04,1.26,1.51,26.52,32.68,18900,250,5400,2700,e5086fc1db7ca6bb,960ff2e6743af984,88c77e93aae99847,NVIDIA A100-SXM4-80GB,6e223e81e1ad,86f6e7d57f4b9cb1,True,bfloat16,2.11.0+cu128,2026-08-19T06:35:07
eurosat|swin_b_satlas-rgb_rgb3|25|42,eurosat,swin_b_satlas-rgb_rgb3,swin_b,satlas,rgb3,rgb,swin_v2_b,factorial,False,25,42,0.93,0.9268485117104953,0.929957144420195,0.9221254873833523,0.9964602062358277,0.057337982963632614,0.9088888888888889,0.9050825448715246,0.9087696150393163,0.8986093513868323,0.9950800123582766,0.022402649047198134,38,25,304,200,8,8,300,200,True,True,False,0.9009259259259259,0.9274074074074075,26,24,112.15,4.57,1.43,110.72,124.77,18900,250,5400,2700,e5086fc1db7ca6bb,960ff2e6743af984,88c77e93aae99847,NVIDIA A100-SXM4-80GB,6e223e81e1ad,8eb346c9c99a4bf3,True,bfloat16,2.11.0+cu128,2026-08-19T06:37:12
eurosat|swin_b_satlas-rgb_rgb3|25|123,eurosat,swin_b_satlas-rgb_rgb3,swin_b,satlas,rgb3,rgb,swin_v2_b,factorial,False,25,123,0.9348148148148148,0.9334152067417136,0.9349084977159523,0.9274625635389476,0.9955506921768708,0.04852445692927751,0.9003703703703704,0.8966065031428126,0.900779814867647,0.889170341659927,0.9939966178004533,0.030168480641312077,38,25,304,200,8,8,300,200,True,True,False,0.8864814814814815,0.9285185185185185,35,17,113.04,4.53,1.47,111.56,125.85,18900,250,5400,2700,e5086fc1db7ca6bb,960ff2e6743af984,88c77e93aae99847,NVIDIA A100-SXM4-80GB,6e223e81e1ad,8eb346c9c99a4bf3,True,bfloat16,2.11.0+cu128,2026-08-19T06:39:18
eurosat|swin_b_satlas-rgb_rgb3|25|2024,eurosat,swin_b_satlas-rgb_rgb3,swin_b,satlas,rgb3,rgb,swin_v2_b,factorial,False,25,2024,0.9351851851851852,0.9336613240054137,0.9350637667991879,0.9278994712627893,0.9966961207482994,0.04776410146995826,0.9077777777777778,0.9025576812358314,0.9071535787527342,0.8973846282997413,0.9941847504535147,0.02592338233082382,38,25,304,200,8,8,300,200,True,True,False,0.9035185185185185,0.9355555555555556,35,24,112.9,4.61,1.44,111.46,124.94,18900,250,5400,2700,e5086fc1db7ca6bb,960ff2e6743af984,88c77e93aae99847,NVIDIA A100-SXM4-80GB,6e223e81e1ad,8eb346c9c99a4bf3,True,bfloat16,2.11.0+cu128,2026-08-19T06:41:23
eurosat|swin_b_satlas-rgb_rgb3|25|7,eurosat,swin_b_satlas-rgb_rgb3,swin_b,satlas,rgb3,rgb,swin_v2_b,factorial,False,25,7,0.937037037037037,0.9341351482426375,0.9370954855695794,0.9299562799001991,0.995739919727891,0.04681504386442678,0.9125925925925926,0.9081608994334209,0.9121634404802833,0.902726467804476,0.9950784741496598,0.013315925123514979,38,25,304,200,8,8,300,200,True,True,False,0.9016666666666666,0.9292592592592592,26,23,113.19,4.61,1.48,111.71,126.08,18900,250,5400,2700,e5086fc1db7ca6bb,960ff2e6743af984,88c77e93aae99847,NVIDIA A100-SXM4-80GB,6e223e81e1ad,8eb346c9c99a4bf3,True,bfloat16,2.11.0+cu128,2026-08-19T06:43:29
eurosat|swin_b_satlas-rgb_rgb3|25|999,eurosat,swin_b_satlas-rgb_rgb3,swin_b,satlas,rgb3,rgb,swin_v2_b,factorial,False,25,999,0.9155555555555556,0.9116140393359414,0.9151726411446126,0.9060633111309483,0.9936100442176871,0.06910254911140161,0.8996296296296297,0.8926378456549298,0.8985777135308668,0.8883062761889498,0.9932923968253968,0.029725046621428587,38,25,304,200,8,8,300,200,True,True,False,0.8887037037037037,0.9101851851851852,29,24,112.94,4.68,1.46,111.48,126.6,18900,250,5400,2700,e5086fc1db7ca6bb,960ff2e6743af984,88c77e93aae99847,NVIDIA A100-SXM4-80GB,6e223e81e1ad,8eb346c9c99a4bf3,True,bfloat16,2.11.0+cu128,2026-08-19T06:45:36
eurosat|resnet50_imagenet_ms9|25|42,eurosat,resnet50_imagenet_ms9,resnet50,imagenet,ms9,,,factorial,False,25,42,0.8874074074074074,0.8831131171741227,0.8862062819948551,0.8746056601611734,0.9914473037981859,0.08337900863753421,0.8818518518518519,0.8773847220406946,0.8816252461726986,0.8685459623632118,0.9907356947845806,0.0538618683152729,38,25,304,200,8,8,300,200,True,True,False,0.8851851851851852,0.8890740740740741,8,17,26.71,1.16,1.48,25.23,28.73,18900,250,5400,2700,e5086fc1db7ca6bb,960ff2e6743af984,88c77e93aae99847,NVIDIA A100-SXM4-80GB,6e223e81e1ad,fb5ddb422c06b507,True,bfloat16,2.11.0+cu128,2026-08-19T06:46:05
eurosat|resnet50_imagenet_ms9|25|123,eurosat,resnet50_imagenet_ms9,resnet50,imagenet,ms9,,,factorial,False,25,123,0.8966666666666666,0.8930224881365378,0.8965665063007492,0.8849765616649616,0.9890723810657596,0.08092358099089732,0.8774074074074074,0.8737462104712025,0.8771969206427588,0.8636186755583364,0.992383764739229,0.065050778179257,38,25,304,200,8,8,300,200,True,True,False,0.8766666666666667,0.8870370370370371,26,23,26.84,1.15,1.51,25.33,28.83,18900,250,5400,2700,e5086fc1db7ca6bb,960ff2e6743af984,88c77e93aae99847,NVIDIA A100-SXM4-80GB,6e223e81e1ad,fb5ddb422c06b507,True,bfloat16,2.11.0+cu128,2026-08-19T06:46:34
eurosat|resnet50_imagenet_ms9|25|2024,eurosat,resnet50_imagenet_ms9,resnet50,imagenet,ms9,,,factorial,False,25,2024,0.8837037037037037,0.8774832948702171,0.8825132930649505,0.8706330253530583,0.9902172624716552,0.08165722559999536,0.8903703703703704,0.8864154389625813,0.8897166268675252,0.8779949775209716,0.9929019832199547,0.048341991305351294,38,25,304,200,8,8,300,200,True,True,False,0.892962962962963,0.8764814814814815,29,17,26.86,1.24,1.49,25.37,28.95,18900,250,5400,2700,e5086fc1db7ca6bb,960ff2e6743af984,88c77e93aae99847,NVIDIA A100-SXM4-80GB,6e223e81e1ad,fb5ddb422c06b507,True,bfloat16,2.11.0+cu128,2026-08-19T06:47:04
eurosat|resnet50_imagenet_ms9|25|7,eurosat,resnet50_imagenet_ms9,resnet50,imagenet,ms9,,,factorial,False,25,7,0.8896296296296297,0.8853087486444808,0.8891938294889021,0.877227783203125,0.9925746501133785,0.08304453653317913,0.8822222222222222,0.8780995556323316,0.8818608210448136,0.8689790406140558,0.9927731538548752,0.06361911044076639,38,25,304,200,8,8,300,200,True,True,False,0.8931481481481481,0.8966666666666666,35,20,27.03,1.19,1.48,25.55,29.06,18900,250,5400,2700,e5086fc1db7ca6bb,960ff2e6743af984,88c77e93aae99847,NVIDIA A100-SXM4-80GB,6e223e81e1ad,fb5ddb422c06b507,True,bfloat16,2.11.0+cu128,2026-08-19T06:47:33
eurosat|resnet50_imagenet_ms9|25|999,eurosat,resnet50_imagenet_ms9,resnet50,imagenet,ms9,,,factorial,False,25,999,0.9003703703703704,0.8959318431478934,0.8993915223599914,0.8890848700034361,0.9924891367913832,0.07340135366828357,0.8770370370370371,0.8734942603174357,0.8763253089399456,0.8631784602234569,0.9898676023809523,0.06449022421130429,38,25,304,200,8,8,300,200,True,True,False,0.8840740740740741,0.8909259259259259,17,24,27.14,1.14,1.53,25.61,29.12,18900,250,5400,2700,e5086fc1db7ca6bb,960ff2e6743af984,88c77e93aae99847,NVIDIA A100-SXM4-80GB,6e223e81e1ad,fb5ddb422c06b507,True,bfloat16,2.11.0+cu128,2026-08-19T06:48:02
eurosat|swin_b_imagenet_ms9|25|42,eurosat,swin_b_imagenet_ms9,swin_b,imagenet,ms9,,swin_v2_b,factorial,False,25,42,0.9311111111111111,0.9286254593584251,0.9305962334420358,0.9233264883928639,0.9960463687074832,0.05137073331409027,0.8533333333333334,0.8488968098168309,0.8530754816622093,0.8367733268197362,0.9861259828231294,0.07315642891106786,38,25,304,200,8,8,300,200,True,True,False,0.85,0.927037037037037,29,24,111.82,4.51,1.49,110.33,118.62,18900,250,5400,2700,e5086fc1db7ca6bb,960ff2e6743af984,88c77e93aae99847,NVIDIA A100-SXM4-80GB,6e223e81e1ad,c7289b27a56d8cbe,True,bfloat16,2.11.0+cu128,2026-08-19T06:50:01
eurosat|swin_b_imagenet_ms9|25|123,eurosat,swin_b_imagenet_ms9,swin_b,imagenet,ms9,,swin_v2_b,factorial,False,25,123,0.9403703703703704,0.9382605916752196,0.9404319651014128,0.9336442249715694,0.9957388742063491,0.04509257889456223,0.8696296296296296,0.8670100540760022,0.8706251533035373,0.8548719593201705,0.9875786548752833,0.0602178419298596,38,25,304,200,8,8,300,200,True,True,False,0.8466666666666667,0.9283333333333333,29,24,111.74,4.43,1.42,110.31,118.43,18900,250,5400,2700,e5086fc1db7ca6bb,960ff2e6743af984,88c77e93aae99847,NVIDIA A100-SXM4-80GB,6e223e81e1ad,c7289b27a56d8cbe,True,bfloat16,2.11.0+cu128,2026-08-19T06:52:00
eurosat|swin_b_imagenet_ms9|25|2024,eurosat,swin_b_imagenet_ms9,swin_b,imagenet,ms9,,swin_v2_b,factorial,False,25,2024,0.932962962962963,0.9320763067826521,0.9328595791252277,0.925412087912088,0.9967144128117914,0.04583796852164797,0.8688888888888889,0.864096250945223,0.8684310573472691,0.8540429105902115,0.9883826366213153,0.0600771474396741,38,25,304,200,8,8,300,200,True,True,False,0.8637037037037038,0.9309259259259259,35,24,111.77,4.4,1.46,110.32,118.45,18900,250,5400,2700,e5086fc1db7ca6bb,960ff2e6743af984,88c77e93aae99847,NVIDIA A100-SXM4-80GB,6e223e81e1ad,c7289b27a56d8cbe,True,bfloat16,2.11.0+cu128,2026-08-19T06:53:59
eurosat|swin_b_imagenet_ms9|25|7,eurosat,swin_b_imagenet_ms9,swin_b,imagenet,ms9,,swin_v2_b,factorial,False,25,7,0.9233333333333333,0.9210531795324695,0.9226839431248175,0.9146437380208771,0.9960780162698413,0.055683627261055815,0.8744444444444445,0.8705010346262039,0.8742057297356437,0.8602051180230471,0.9893760277777778,0.04412774258189733,38,25,304,200,8,8,300,200,True,True,False,0.8638888888888889,0.9238888888888889,11,17,112.43,4.43,1.45,110.98,119.25,18900,250,5400,2700,e5086fc1db7ca6bb,960ff2e6743af984,88c77e93aae99847,NVIDIA A100-SXM4-80GB,6e223e81e1ad,c7289b27a56d8cbe,True,bfloat16,2.11.0+cu128,2026-08-19T06:55:58
eurosat|swin_b_imagenet_ms9|25|999,eurosat,swin_b_imagenet_ms9,swin_b,imagenet,ms9,,swin_v2_b,factorial,False,25,999,0.9318518518518518,0.929445951305864,0.9314881787949638,0.9241769814258024,0.9972405437641724,0.049987604960247296,0.8544444444444445,0.8516936863512484,0.8547490984084467,0.8380531581236693,0.9893318369614512,0.0693692633288878,38,25,304,200,8,8,300,200,True,True,False,0.8527777777777777,0.9268518518518518,23,14,111.27,4.45,1.46,109.81,117.98,18900,250,5400,2700,e5086fc1db7ca6bb,960ff2e6743af984,88c77e93aae99847,NVIDIA A100-SXM4-80GB,6e223e81e1ad,c7289b27a56d8cbe,True,bfloat16,2.11.0+cu128,2026-08-19T06:57:57
eurosat|resnet50_satlas-rgb_rgb3|50|42,eurosat,resnet50_satlas-rgb_rgb3,resnet50,satlas,rgb3,rgb,,factorial,False,50,42,0.9122222222222223,0.9085890501266023,0.911963391940466,0.9023060892664941,0.9930984510770975,0.06366134748414708,0.8803703703703704,0.8745415623035031,0.8795120533524975,0.8668661410110601,0.9899327243764171,0.07035211606158154,19,13,304,208,16,16,300,200,True,True,False,0.8733333333333333,0.9062962962962963,17,12,23.97,1.25,1.38,22.59,29.37,18900,500,5400,2700,e5086fc1db7ca6bb,960ff2e6743af984,88c77e93aae99847,NVIDIA A100-SXM4-80GB,6e223e81e1ad,86f6e7d57f4b9cb1,True,bfloat16,2.11.0+cu128,2026-08-19T06:58:26
eurosat|resnet50_satlas-rgb_rgb3|50|123,eurosat,resnet50_satlas-rgb_rgb3,resnet50,satlas,rgb3,rgb,,factorial,False,50,123,0.9088888888888889,0.905281869601134,0.9083839514281316,0.8985923234297231,0.9929808756235827,0.06946289442203663,0.8844444444444445,0.8793790460352534,0.8843801963991734,0.8714148336971288,0.9893856216553288,0.0690755525893635,19,13,304,208,16,16,300,200,True,True,False,0.872037037037037,0.9,11,11,23.81,1.21,1.3,22.51,28.98,18900,500,5400,2700,e5086fc1db7ca6bb,960ff2e6743af984,88c77e93aae99847,NVIDIA A100-SXM4-80GB,6e223e81e1ad,86f6e7d57f4b9cb1,True,bfloat16,2.11.0+cu128,2026-08-19T06:58:55
eurosat|resnet50_satlas-rgb_rgb3|50|2024,eurosat,resnet50_satlas-rgb_rgb3,resnet50,satlas,rgb3,rgb,,factorial,False,50,2024,0.9044444444444445,0.9013425224773455,0.9041379981704561,0.8936569727501718,0.9929456811224491,0.06917535263079186,0.8818518518518519,0.8761030209150583,0.8821668546816289,0.868561007805764,0.9883348695011337,0.05812729271473706,19,13,304,208,16,16,300,200,True,True,False,0.8635185185185185,0.8985185185185185,11,12,24.17,1.24,1.31,22.86,29.25,18900,500,5400,2700,e5086fc1db7ca6bb,960ff2e6743af984,88c77e93aae99847,NVIDIA A100-SXM4-80GB,6e223e81e1ad,86f6e7d57f4b9cb1,True,bfloat16,2.11.0+cu128,2026-08-19T06:59:25
eurosat|resnet50_satlas-rgb_rgb3|50|7,eurosat,resnet50_satlas-rgb_rgb3,resnet50,satlas,rgb3,rgb,,factorial,False,50,7,0.91,0.9055973566861596,0.9091773041239078,0.8998297670939029,0.9937899838435374,0.06505605279295534,0.8774074074074074,0.8708226096176936,0.8768963007287115,0.8635759971912256,0.9886860499999999,0.06899282555889202,19,13,304,208,16,16,300,200,True,True,False,0.867037037037037,0.9018518518518519,17,12,24.01,1.23,1.33,22.68,29.24,18900,500,5400,2700,e5086fc1db7ca6bb,960ff2e6743af984,88c77e93aae99847,NVIDIA A100-SXM4-80GB,6e223e81e1ad,86f6e7d57f4b9cb1,True,bfloat16,2.11.0+cu128,2026-08-19T06:59:54
eurosat|resnet50_satlas-rgb_rgb3|50|999,eurosat,resnet50_satlas-rgb_rgb3,resnet50,satlas,rgb3,rgb,,factorial,False,50,999,0.9051851851851852,0.9029302561053181,0.9056171522776227,0.8945046894436007,0.9933495933673469,0.07065232966785073,0.8774074074074074,0.8716539798201106,0.8779882930545485,0.8636322021484375,0.9884631371882084,0.06929881273596379,19,13,304,208,16,16,300,200,True,True,False,0.8688888888888889,0.8983333333333333,17,12,23.6,1.26,1.31,22.29,28.52,18900,500,5400,2700,e5086fc1db7ca6bb,960ff2e6743af984,88c77e93aae99847,NVIDIA A100-SXM4-80GB,6e223e81e1ad,86f6e7d57f4b9cb1,True,bfloat16,2.11.0+cu128,2026-08-19T07:00:23
eurosat|swin_b_satlas-rgb_rgb3|50|42,eurosat,swin_b_satlas-rgb_rgb3,swin_b,satlas,rgb3,rgb,swin_v2_b,factorial,False,50,42,0.9551851851851851,0.9540850327462268,0.9552076992124049,0.950125563892557,0.9984665077097505,0.031239679588211933,0.9277777777777778,0.9244636237866339,0.9276969063926753,0.9196256831435288,0.9964697390022674,0.010204237180727497,19,13,304,208,16,16,300,200,True,True,False,0.915,0.9483333333333334,18,11,96.6,4.46,1.29,95.31,109.86,18900,500,5400,2700,e5086fc1db7ca6bb,960ff2e6743af984,88c77e93aae99847,NVIDIA A100-SXM4-80GB,6e223e81e1ad,8eb346c9c99a4bf3,True,bfloat16,2.11.0+cu128,2026-08-19T07:02:13
eurosat|swin_b_satlas-rgb_rgb3|50|123,eurosat,swin_b_satlas-rgb_rgb3,swin_b,satlas,rgb3,rgb,swin_v2_b,factorial,False,50,123,0.9477777777777778,0.9461337342200691,0.9480077287973366,0.9418956043956044,0.9970933722222224,0.03782532465678672,0.9174074074074074,0.9131920189686898,0.9170876184197378,0.9080952780724584,0.995875764399093,0.011526128539332598,19,13,304,208,16,16,300,200,True,True,False,0.9114814814814814,0.9451851851851852,18,11,96.45,4.55,1.28,95.17,109.02,18900,500,5400,2700,e5086fc1db7ca6bb,960ff2e6743af984,88c77e93aae99847,NVIDIA A100-SXM4-80GB,6e223e81e1ad,8eb346c9c99a4bf3,True,bfloat16,2.11.0+cu128,2026-08-19T07:04:03
eurosat|swin_b_satlas-rgb_rgb3|50|2024,eurosat,swin_b_satlas-rgb_rgb3,swin_b,satlas,rgb3,rgb,swin_v2_b,factorial,False,50,2024,0.9566666666666667,0.9555972897245709,0.9568122121097149,0.9517923362175525,0.9985848219954647,0.026509750882784493,0.9307407407407408,0.9273953711179587,0.9307002021586124,0.9229389723670052,0.9964243682539682,0.01275425734895247,19,13,304,208,16,16,300,200,True,True,False,0.9174074074074074,0.952037037037037,17,11,96.91,4.51,1.3,95.61,108.71,18900,500,5400,2700,e5086fc1db7ca6bb,960ff2e6743af984,88c77e93aae99847,NVIDIA A100-SXM4-80GB,6e223e81e1ad,8eb346c9c99a4bf3,True,bfloat16,2.11.0+cu128,2026-08-19T07:05:52
eurosat|swin_b_satlas-rgb_rgb3|50|7,eurosat,swin_b_satlas-rgb_rgb3,swin_b,satlas,rgb3,rgb,swin_v2_b,factorial,False,50,7,0.96,0.958157697251956,0.9601245846800373,0.9554887309861627,0.9983967569160997,0.026981060394534385,0.9303703703703704,0.9270923695001925,0.930438311900449,0.9225203773239308,0.9967424823129252,0.008432539679386003,19,13,304,208,16,16,300,200,True,True,False,0.9216666666666666,0.9553703703703704,18,12,96.53,4.45,1.29,95.24,108.78,18900,500,5400,2700,e5086fc1db7ca6bb,960ff2e6743af984,88c77e93aae99847,NVIDIA A100-SXM4-80GB,6e223e81e1ad,8eb346c9c99a4bf3,True,bfloat16,2.11.0+cu128,2026-08-19T07:07:41
eurosat|swin_b_satlas-rgb_rgb3|50|999,eurosat,swin_b_satlas-rgb_rgb3,swin_b,satlas,rgb3,rgb,swin_v2_b,factorial,False,50,999,0.9525925925925925,0.9501256084243925,0.9525912916176155,0.9472503319749073,0.9976952887755104,0.033587914043002626,0.9207407407407407,0.9171173486971179,0.9207107085189081,0.9118131868131868,0.9960729107709749,0.012248513477819927,19,13,304,208,16,16,300,200,True,True,False,0.9120370370370371,0.9446296296296296,13,11,96.35,4.51,1.28,95.08,107.62,18900,500,5400,2700,e5086fc1db7ca6bb,960ff2e6743af984,88c77e93aae99847,NVIDIA A100-SXM4-80GB,6e223e81e1ad,8eb346c9c99a4bf3,True,bfloat16,2.11.0+cu128,2026-08-19T07:09:29
eurosat|resnet50_imagenet_ms9|50|42,eurosat,resnet50_imagenet_ms9,resnet50,imagenet,ms9,,,factorial,False,50,42,0.9292592592592592,0.9258860771128854,0.9291629452500642,0.9212635693237858,0.9965235684240362,0.04828831863624081,0.9059259259259259,0.9021725311711177,0.905481603984139,0.8952993084075052,0.994353725623583,0.04821138715302502,19,13,304,208,16,16,300,200,True,True,False,0.9046296296296297,0.93,9,12,22.72,1.25,1.3,21.41,24.84,18900,500,5400,2700,e5086fc1db7ca6bb,960ff2e6743af984,88c77e93aae99847,NVIDIA A100-SXM4-80GB,6e223e81e1ad,fb5ddb422c06b507,True,bfloat16,2.11.0+cu128,2026-08-19T07:09:54
eurosat|resnet50_imagenet_ms9|50|123,eurosat,resnet50_imagenet_ms9,resnet50,imagenet,ms9,,,factorial,False,50,123,0.924074074074074,0.9215107156536682,0.924196241111935,0.915521978021978,0.9948671027210884,0.054245096445083574,0.9044444444444445,0.9011985578962134,0.9043727366116597,0.8936796959660556,0.9947226793650794,0.04889623827404447,19,13,304,208,16,16,300,200,True,True,False,0.9033333333333333,0.9183333333333333,17,11,23.42,1.24,1.33,22.09,25.5,18900,500,5400,2700,e5086fc1db7ca6bb,960ff2e6743af984,88c77e93aae99847,NVIDIA A100-SXM4-80GB,6e223e81e1ad,fb5ddb422c06b507,True,bfloat16,2.11.0+cu128,2026-08-19T07:10:20
eurosat|resnet50_imagenet_ms9|50|2024,eurosat,resnet50_imagenet_ms9,resnet50,imagenet,ms9,,,factorial,False,50,2024,0.9292592592592592,0.9271079880445076,0.9290707999858062,0.9212707814909241,0.9965415895691612,0.048563074723437995,0.91,0.907308081736347,0.9101840721838377,0.8998565235972892,0.9955430261904763,0.0408886816876906,19,13,304,208,16,16,300,200,True,True,False,0.9166666666666666,0.924074074074074,15,12,22.88,1.16,1.29,21.59,24.89,18900,500,5400,2700,e5086fc1db7ca6bb,960ff2e6743af984,88c77e93aae99847,NVIDIA A100-SXM4-80GB,6e223e81e1ad,fb5ddb422c06b507,True,bfloat16,2.11.0+cu128,2026-08-19T07:10:45
eurosat|resnet50_imagenet_ms9|50|7,eurosat,resnet50_imagenet_ms9,resnet50,imagenet,ms9,,,factorial,False,50,7,0.9244444444444444,0.9212319809738176,0.9239977091463614,0.9159039032620063,0.9960634297619047,0.05482271177901161,0.9018518518518519,0.8990241672190405,0.9020818384224029,0.8907975366488351,0.9946560648526075,0.05090407910170377,19,13,304,208,16,16,300,200,True,True,False,0.9077777777777778,0.9237037037037037,11,11,22.67,1.19,1.32,21.35,24.72,18900,500,5400,2700,e5086fc1db7ca6bb,960ff2e6743af984,88c77e93aae99847,NVIDIA A100-SXM4-80GB,6e223e81e1ad,fb5ddb422c06b507,True,bfloat16,2.11.0+cu128,2026-08-19T07:11:10
eurosat|resnet50_imagenet_ms9|50|999,eurosat,resnet50_imagenet_ms9,resnet50,imagenet,ms9,,,factorial,False,50,999,0.922962962962963,0.9201823070568234,0.9229181571881773,0.914263468848755,0.9953170628684808,0.050269564853774165,0.9059259259259259,0.903842776701058,0.9057477154133285,0.8953057018548203,0.994419762585034,0.055115414416348485,19,13,304,208,16,16,300,200,True,True,False,0.9075925925925926,0.9231481481481482,17,5,23.1,1.2,1.34,21.77,25.15,18900,500,5400,2700,e5086fc1db7ca6bb,960ff2e6743af984,88c77e93aae99847,NVIDIA A100-SXM4-80GB,6e223e81e1ad,fb5ddb422c06b507,True,bfloat16,2.11.0+cu128,2026-08-19T07:11:35
eurosat|swin_b_imagenet_ms9|50|42,eurosat,swin_b_imagenet_ms9,swin_b,imagenet,ms9,,swin_v2_b,factorial,False,50,42,0.9522222222222222,0.9507980338394878,0.9521979653962488,0.946826862891776,0.9977365606575963,0.03516483316818877,0.8851851851851852,0.8821253006692669,0.885289995922521,0.8722351971424647,0.9908467739229024,0.05104817500820866,19,13,304,208,16,16,300,200,True,True,False,0.8777777777777778,0.9487037037037037,15,12,95.91,4.47,1.28,94.63,102.66,18900,500,5400,2700,e5086fc1db7ca6bb,960ff2e6743af984,88c77e93aae99847,NVIDIA A100-SXM4-80GB,6e223e81e1ad,c7289b27a56d8cbe,True,bfloat16,2.11.0+cu128,2026-08-19T07:13:18
eurosat|swin_b_imagenet_ms9|50|123,eurosat,swin_b_imagenet_ms9,swin_b,imagenet,ms9,,swin_v2_b,factorial,False,50,123,0.9466666666666667,0.9451984067922341,0.9466750534460573,0.9406557176872825,0.9978019084467119,0.04052991488465559,0.8959259259259259,0.8929531003286761,0.8961917230591634,0.8841812006258826,0.9926551699546486,0.04280839508330382,19,13,304,208,16,16,300,200,True,True,False,0.8794444444444445,0.9427777777777778,15,11,95.91,4.49,1.27,94.65,102.66,18900,500,5400,2700,e5086fc1db7ca6bb,960ff2e6743af984,88c77e93aae99847,NVIDIA A100-SXM4-80GB,6e223e81e1ad,c7289b27a56d8cbe,True,bfloat16,2.11.0+cu128,2026-08-19T07:15:01
eurosat|swin_b_imagenet_ms9|50|2024,eurosat,swin_b_imagenet_ms9,swin_b,imagenet,ms9,,swin_v2_b,factorial,False,50,2024,0.9537037037037037,0.9519490649717213,0.9535834335377964,0.9484724957632941,0.9980613170068026,0.029763434926668764,0.8970370370370371,0.8945665662224644,0.8973092055378415,0.8854229474664367,0.993131622675737,0.04320504581486738,19,13,304,208,16,16,300,200,True,True,False,0.887962962962963,0.947037037037037,18,11,96.15,4.37,1.28,94.87,102.78,18900,500,5400,2700,e5086fc1db7ca6bb,960ff2e6743af984,88c77e93aae99847,NVIDIA A100-SXM4-80GB,6e223e81e1ad,c7289b27a56d8cbe,True,bfloat16,2.11.0+cu128,2026-08-19T07:16:44
eurosat|swin_b_imagenet_ms9|50|7,eurosat,swin_b_imagenet_ms9,swin_b,imagenet,ms9,,swin_v2_b,factorial,False,50,7,0.9562962962962963,0.9550526281810017,0.9563030662974957,0.9513662036330331,0.9981892784013604,0.029659307764636145,0.9018518518518519,0.8986770232622495,0.9019084496501409,0.8907591892820337,0.9937209293650794,0.038801153423609576,19,13,304,208,16,16,300,200,True,True,False,0.8838888888888888,0.9475925925925925,18,12,95.83,4.33,1.28,94.55,102.46,18900,500,5400,2700,e5086fc1db7ca6bb,960ff2e6743af984,88c77e93aae99847,NVIDIA A100-SXM4-80GB,6e223e81e1ad,c7289b27a56d8cbe,True,bfloat16,2.11.0+cu128,2026-08-19T07:18:27
eurosat|swin_b_imagenet_ms9|50|999,eurosat,swin_b_imagenet_ms9,swin_b,imagenet,ms9,,swin_v2_b,factorial,False,50,999,0.9481481481481482,0.9469597874974482,0.9482105324291932,0.9422887547043062,0.9978627375283446,0.03765459860916492,0.8922222222222222,0.8891213036169512,0.8918292786107016,0.8800256531631266,0.9928054111111111,0.046162630573466965,19,13,304,208,16,16,300,200,True,True,False,0.8835185185185185,0.9501851851851851,15,11,96.0,4.4,1.26,94.74,102.67,18900,500,5400,2700,e5086fc1db7ca6bb,960ff2e6743af984,88c77e93aae99847,NVIDIA A100-SXM4-80GB,6e223e81e1ad,c7289b27a56d8cbe,True,bfloat16,2.11.0+cu128,2026-08-19T07:20:10
eurosat|resnet50_satlas-rgb_rgb3|100|42,eurosat,resnet50_satlas-rgb_rgb3,resnet50,satlas,rgb3,rgb,,factorial,False,100,42,0.9311111111111111,0.92802509298312,0.9308634048917622,0.9233288295509194,0.9957496577097504,0.048650101103164506,0.8951851851851852,0.890829727315599,0.8951905751610529,0.8833533062109289,0.9919744125850339,0.06281788232149904,15,10,480,320,32,32,300,200,False,False,False,0.8962962962962963,0.9264814814814815,13,9,34.74,1.23,2.04,32.7,40.37,18900,1000,5400,2700,e5086fc1db7ca6bb,960ff2e6743af984,88c77e93aae99847,NVIDIA A100-SXM4-80GB,6e223e81e1ad,86f6e7d57f4b9cb1,True,bfloat16,2.11.0+cu128,2026-08-19T07:20:50
eurosat|resnet50_satlas-rgb_rgb3|100|123,eurosat,resnet50_satlas-rgb_rgb3,resnet50,satlas,rgb3,rgb,,factorial,False,100,123,0.9425925925925925,0.9400928466682688,0.9426396184603958,0.9361083333969451,0.9964110658163265,0.03891434592229353,0.9014814814814814,0.8961163517300881,0.900619846468072,0.8903528190409307,0.9918317374149661,0.060213906279316685,15,10,480,320,32,32,300,200,False,False,False,0.8975925925925926,0.9287037037037037,12,8,34.39,1.31,1.99,32.4,39.91,18900,1000,5400,2700,e5086fc1db7ca6bb,960ff2e6743af984,88c77e93aae99847,NVIDIA A100-SXM4-80GB,6e223e81e1ad,86f6e7d57f4b9cb1,True,bfloat16,2.11.0+cu128,2026-08-19T07:21:31
eurosat|resnet50_satlas-rgb_rgb3|100|2024,eurosat,resnet50_satlas-rgb_rgb3,resnet50,satlas,rgb3,rgb,,factorial,False,100,2024,0.9422222222222222,0.939990508657992,0.9421357560080388,0.9356951473652872,0.9962763532879817,0.04047542009088728,0.8948148148148148,0.8895666752084394,0.894582338307142,0.8829509548014838,0.9921823183673469,0.05680599508462131,15,10,480,320,32,32,300,200,False,False,False,0.8914814814814814,0.9342592592592592,11,8,35.07,1.26,2.01,33.06,40.17,18900,1000,5400,2700,e5086fc1db7ca6bb,960ff2e6743af984,88c77e93aae99847,NVIDIA A100-SXM4-80GB,6e223e81e1ad,86f6e7d57f4b9cb1,True,bfloat16,2.11.0+cu128,2026-08-19T07:22:11
eurosat|resnet50_satlas-rgb_rgb3|100|7,eurosat,resnet50_satlas-rgb_rgb3,resnet50,satlas,rgb3,rgb,,factorial,False,100,7,0.9362962962962963,0.9344154671896165,0.9359797734842178,0.9290878690477099,0.9956146925170067,0.04168530964189105,0.8996296296296297,0.8945311713020476,0.8987035972632131,0.8882806953255618,0.9921869558956915,0.051190173107164914,15,10,480,320,32,32,300,200,False,False,False,0.8931481481481481,0.9288888888888889,7,8,34.63,1.22,1.99,32.64,39.29,18900,1000,5400,2700,e5086fc1db7ca6bb,960ff2e6743af984,88c77e93aae99847,NVIDIA A100-SXM4-80GB,6e223e81e1ad,86f6e7d57f4b9cb1,True,bfloat16,2.11.0+cu128,2026-08-19T07:22:51
eurosat|resnet50_satlas-rgb_rgb3|100|999,eurosat,resnet50_satlas-rgb_rgb3,resnet50,satlas,rgb3,rgb,,factorial,False,100,999,0.9351851851851852,0.9328323072675234,0.9351323491215381,0.9278625954198473,0.996352657142857,0.047119998302724606,0.8992592592592593,0.8939903052241777,0.8991917562379942,0.8878641666157698,0.9922835403061224,0.054641434528209534,15,10,480,320,32,32,300,200,False,False,False,0.8987037037037037,0.9305555555555556,9,9,34.81,1.28,1.99,32.81,39.96,18900,1000,5400,2700,e5086fc1db7ca6bb,960ff2e6743af984,88c77e93aae99847,NVIDIA A100-SXM4-80GB,6e223e81e1ad,86f6e7d57f4b9cb1,True,bfloat16,2.11.0+cu128,2026-08-19T07:23:31
eurosat|swin_b_satlas-rgb_rgb3|100|42,eurosat,swin_b_satlas-rgb_rgb3,swin_b,satlas,rgb3,rgb,swin_v2_b,factorial,False,100,42,0.965925925925926,0.9655221114150481,0.966016837757671,0.9620829930622867,0.9990366314058958,0.024090539492942615,0.9348148148148148,0.9314595488332887,0.9347233179823589,0.9274609026171776,0.9974637706349206,0.009552378566176842,15,10,480,320,32,32,300,200,False,False,False,0.9287037037037037,0.957037037037037,14,9,141.98,4.51,1.96,140.02,154.56,18900,1000,5400,2700,e5086fc1db7ca6bb,960ff2e6743af984,88c77e93aae99847,NVIDIA A100-SXM4-80GB,6e223e81e1ad,8eb346c9c99a4bf3,True,bfloat16,2.11.0+cu128,2026-08-19T07:26:06
eurosat|swin_b_satlas-rgb_rgb3|100|123,eurosat,swin_b_satlas-rgb_rgb3,swin_b,satlas,rgb3,rgb,swin_v2_b,factorial,False,100,123,0.9688888888888889,0.967631554002266,0.9689074546066194,0.9653761602344895,0.998431023015873,0.01993871631445707,0.9366666666666666,0.9327934060576636,0.9364953336963747,0.9295243619489559,0.9973337884353741,0.006389089193609016,15,10,480,320,32,32,300,200,False,False,False,0.9333333333333333,0.9657407407407408,12,8,142.2,4.47,1.93,140.27,154.33,18900,1000,5400,2700,e5086fc1db7ca6bb,960ff2e6743af984,88c77e93aae99847,NVIDIA A100-SXM4-80GB,6e223e81e1ad,8eb346c9c99a4bf3,True,bfloat16,2.11.0+cu128,2026-08-19T07:28:40
eurosat|swin_b_satlas-rgb_rgb3|100|2024,eurosat,swin_b_satlas-rgb_rgb3,swin_b,satlas,rgb3,rgb,swin_v2_b,factorial,False,100,2024,0.9751851851851852,0.9744768822787465,0.9752322190885513,0.9723821010366254,0.9990801302721088,0.017544892717290837,0.9411111111111111,0.938417290802243,0.9410775872777,0.934472021247367,0.9977599267573698,0.012295213264447642,15,10,480,320,32,32,300,200,False,False,False,0.9337037037037037,0.9672222222222222,11,8,141.61,4.54,1.94,139.67,153.73,18900,1000,5400,2700,e5086fc1db7ca6bb,960ff2e6743af984,88c77e93aae99847,NVIDIA A100-SXM4-80GB,6e223e81e1ad,8eb346c9c99a4bf3,True,bfloat16,2.11.0+cu128,2026-08-19T07:31:14
eurosat|swin_b_satlas-rgb_rgb3|100|7,eurosat,swin_b_satlas-rgb_rgb3,swin_b,satlas,rgb3,rgb,swin_v2_b,factorial,False,100,7,0.9681481481481482,0.9670398577783145,0.968152914604459,0.9645534065061749,0.9987295708049887,0.02294646894490282,0.9474074074074074,0.9450241278294671,0.9474149478049457,0.9414656488549619,0.9978751693877552,0.010579323867956835,15,10,480,320,32,32,300,200,False,False,False,0.9355555555555556,0.9664814814814815,11,8,141.7,4.59,1.95,139.75,156.35,18900,1000,5400,2700,e5086fc1db7ca6bb,960ff2e6743af984,88c77e93aae99847,NVIDIA A100-SXM4-80GB,6e223e81e1ad,8eb346c9c99a4bf3,True,bfloat16,2.11.0+cu128,2026-08-19T07:33:51
eurosat|swin_b_satlas-rgb_rgb3|100|999,eurosat,swin_b_satlas-rgb_rgb3,swin_b,satlas,rgb3,rgb,swin_v2_b,factorial,False,100,999,0.9681481481481482,0.967204201222874,0.968156978525586,0.964554218154896,0.9990930467120179,0.02335163267674275,0.942962962962963,0.9396216762824118,0.9427727823745151,0.9365248984825818,0.997909813265306,0.007902453906006319,15,10,480,320,32,32,300,200,False,False,False,0.9335185185185185,0.9625925925925926,12,9,141.89,4.47,1.97,139.92,154.64,18900,1000,5400,2700,e5086fc1db7ca6bb,960ff2e6743af984,88c77e93aae99847,NVIDIA A100-SXM4-80GB,6e223e81e1ad,8eb346c9c99a4bf3,True,bfloat16,2.11.0+cu128,2026-08-19T07:36:26
eurosat|resnet50_imagenet_ms9|100|42,eurosat,resnet50_imagenet_ms9,resnet50,imagenet,ms9,,,factorial,False,100,42,0.9492592592592592,0.9471041859550008,0.9489355406247874,0.9435275797316072,0.9976086623582766,0.03790985471672478,0.922962962962963,0.9203497676019434,0.9229418944712666,0.9142608509793744,0.9962285806122448,0.04002802802456754,15,10,480,320,32,32,300,200,False,False,False,0.9203703703703704,0.947037037037037,9,9,33.08,1.26,2.01,31.08,35.22,18900,1000,5400,2700,e5086fc1db7ca6bb,960ff2e6743af984,88c77e93aae99847,NVIDIA A100-SXM4-80GB,6e223e81e1ad,fb5ddb422c06b507,True,bfloat16,2.11.0+cu128,2026-08-19T07:37:02
eurosat|resnet50_imagenet_ms9|100|123,eurosat,resnet50_imagenet_ms9,resnet50,imagenet,ms9,,,factorial,False,100,123,0.957037037037037,0.9554713012569603,0.9569819715120166,0.952182476068337,0.9982144621315193,0.03190129132182507,0.927037037037037,0.9243245448013246,0.927242369278307,0.9188131052956934,0.9967618365079364,0.03526876853571999,15,10,480,320,32,32,300,200,False,False,False,0.9274074074074075,0.9522222222222222,10,7,33.39,1.25,1.98,31.41,35.5,18900,1000,5400,2700,e5086fc1db7ca6bb,960ff2e6743af984,88c77e93aae99847,NVIDIA A100-SXM4-80GB,6e223e81e1ad,fb5ddb422c06b507,True,bfloat16,2.11.0+cu128,2026-08-19T07:37:37
eurosat|resnet50_imagenet_ms9|100|2024,eurosat,resnet50_imagenet_ms9,resnet50,imagenet,ms9,,,factorial,False,100,2024,0.9544444444444444,0.9524563053876577,0.9544472887545952,0.9492973228803273,0.9985642539682539,0.03143271469407616,0.9277777777777778,0.9258224776992481,0.9281678515834035,0.9196312041581121,0.99690863707483,0.03609726004026557,15,10,480,320,32,32,300,200,False,False,False,0.9298148148148148,0.95,11,9,33.46,1.26,1.98,31.47,35.57,18900,1000,5400,2700,e5086fc1db7ca6bb,960ff2e6743af984,88c77e93aae99847,NVIDIA A100-SXM4-80GB,6e223e81e1ad,fb5ddb422c06b507,True,bfloat16,2.11.0+cu128,2026-08-19T07:38:13
eurosat|resnet50_imagenet_ms9|100|7,eurosat,resnet50_imagenet_ms9,resnet50,imagenet,ms9,,,factorial,False,100,7,0.9507407407407408,0.9492313324794963,0.9503690761879037,0.9451751540088092,0.9981441256802721,0.03465643648748043,0.9237037037037037,0.9212853755653378,0.9237312681335372,0.9150865622423743,0.9966296988662131,0.04240871734089319,15,10,480,320,32,32,300,200,False,False,False,0.9248148148148149,0.9487037037037037,10,8,33.16,1.14,2.04,31.12,35.16,18900,1000,5400,2700,e5086fc1db7ca6bb,960ff2e6743af984,88c77e93aae99847,NVIDIA A100-SXM4-80GB,6e223e81e1ad,fb5ddb422c06b507,True,bfloat16,2.11.0+cu128,2026-08-19T07:38:49
eurosat|resnet50_imagenet_ms9|100|999,eurosat,resnet50_imagenet_ms9,resnet50,imagenet,ms9,,,factorial,False,100,999,0.9533333333333334,0.9518715433601302,0.9532189941901089,0.948067015227264,0.9982883555555555,0.032854166582778656,0.9255555555555556,0.9233098416349892,0.9254581480093527,0.9171437731873769,0.9967990115646257,0.04176618461255672,15,10,480,320,32,32,300,200,False,False,False,0.932037037037037,0.9462962962962963,13,9,33.41,1.15,2.01,31.4,35.41,18900,1000,5400,2700,e5086fc1db7ca6bb,960ff2e6743af984,88c77e93aae99847,NVIDIA A100-SXM4-80GB,6e223e81e1ad,fb5ddb422c06b507,True,bfloat16,2.11.0+cu128,2026-08-19T07:39:24
eurosat|swin_b_imagenet_ms9|100|42,eurosat,swin_b_imagenet_ms9,swin_b,imagenet,ms9,,swin_v2_b,factorial,False,100,42,0.9622222222222222,0.9610914365788297,0.9622874200306002,0.9579602958349552,0.9990695260770976,0.028029004666540333,0.9125925925925926,0.9104115532954168,0.9125823342970862,0.9027398305731512,0.9948258856009069,0.034116484048189955,15,10,480,320,32,32,300,200,False,False,False,0.9057407407407407,0.9562962962962963,12,9,140.71,4.51,1.93,138.77,147.47,18900,1000,5400,2700,e5086fc1db7ca6bb,960ff2e6743af984,88c77e93aae99847,NVIDIA A100-SXM4-80GB,6e223e81e1ad,c7289b27a56d8cbe,True,bfloat16,2.11.0+cu128,2026-08-19T07:41:52
eurosat|swin_b_imagenet_ms9|100|123,eurosat,swin_b_imagenet_ms9,swin_b,imagenet,ms9,,swin_v2_b,factorial,False,100,123,0.9666666666666667,0.965379847890752,0.9666206016001005,0.9629018961253092,0.9992158221088434,0.021696612757665164,0.924074074074074,0.922187178172425,0.9243357268135219,0.9154929577464789,0.9953450432539682,0.03382463554541268,15,10,480,320,32,32,300,200,False,False,False,0.905,0.9618518518518518,12,8,140.77,4.46,1.97,138.8,147.48,18900,1000,5400,2700,e5086fc1db7ca6bb,960ff2e6743af984,88c77e93aae99847,NVIDIA A100-SXM4-80GB,6e223e81e1ad,c7289b27a56d8cbe,True,bfloat16,2.11.0+cu128,2026-08-19T07:44:20
eurosat|swin_b_imagenet_ms9|100|2024,eurosat,swin_b_imagenet_ms9,swin_b,imagenet,ms9,,swin_v2_b,factorial,False,100,2024,0.9674074074074074,0.9663356297183547,0.9674180197129719,0.9637285134186181,0.9989213638321995,0.020877415317076205,0.9207407407407407,0.9181345783701529,0.9209686385304989,0.9118172244860583,0.9954226897959183,0.02731116292653263,15,10,480,320,32,32,300,200,False,False,False,0.8964814814814814,0.9648148148148148,10,9,140.0,4.49,1.96,138.04,146.96,18900,1000,5400,2700,e5086fc1db7ca6bb,960ff2e6743af984,88c77e93aae99847,NVIDIA A100-SXM4-80GB,6e223e81e1ad,c7289b27a56d8cbe,True,bfloat16,2.11.0+cu128,2026-08-19T07:46:47
eurosat|swin_b_imagenet_ms9|100|7,eurosat,swin_b_imagenet_ms9,swin_b,imagenet,ms9,,swin_v2_b,factorial,False,100,7,0.9722222222222222,0.9712924124969652,0.9721951767221944,0.9690818453176172,0.9991442394557822,0.02108874400456746,0.9207407407407407,0.9183296170735135,0.9205339386601324,0.9117700952846323,0.9957087363945577,0.03416463972241789,15,10,480,320,32,32,300,200,False,False,False,0.9020370370370371,0.960925925925926,12,7,140.35,4.38,1.94,138.41,147.03,18900,1000,5400,2700,e5086fc1db7ca6bb,960ff2e6743af984,88c77e93aae99847,NVIDIA A100-SXM4-80GB,6e223e81e1ad,c7289b27a56d8cbe,True,bfloat16,2.11.0+cu128,2026-08-19T07:49:14
eurosat|swin_b_imagenet_ms9|100|999,eurosat,swin_b_imagenet_ms9,swin_b,imagenet,ms9,,swin_v2_b,factorial,False,100,999,0.9625925925925926,0.9611754134455908,0.9625751753417539,0.9583695901076253,0.9988802958049886,0.02753259524151133,0.9166666666666666,0.9138526216347886,0.9165642959198201,0.9072349132665527,0.9948942052721088,0.03484635401655123,15,10,480,320,32,32,300,200,False,False,False,0.9081481481481481,0.9611111111111111,11,9,141.02,4.38,1.93,139.09,147.67,18900,1000,5400,2700,e5086fc1db7ca6bb,960ff2e6743af984,88c77e93aae99847,NVIDIA A100-SXM4-80GB,6e223e81e1ad,c7289b27a56d8cbe,True,bfloat16,2.11.0+cu128,2026-08-19T07:51:42
eurosat|resnet50_satlas-rgb_rgb3|full|42,eurosat,resnet50_satlas-rgb_rgb3,resnet50,satlas,rgb3,rgb,,factorial,False,full,42,0.9851851851851852,0.9845564915168529,0.9851860812759139,0.9835098139510028,0.9995342083333334,0.013051384444589913,0.95,0.9472677021291206,0.9499432844459782,0.9443519946260363,0.9975911895124716,0.03210712538825136,15,10,8865,5910,591,591,300,200,False,False,False,0.9537037037037037,0.9811111111111112,12,8,245.3,1.22,19.97,225.33,250.5,18900,18900,5400,2700,e5086fc1db7ca6bb,960ff2e6743af984,88c77e93aae99847,NVIDIA A100-SXM4-80GB,6e223e81e1ad,86f6e7d57f4b9cb1,True,bfloat16,2.11.0+cu128,2026-08-19T07:55:53
eurosat|resnet50_satlas-rgb_rgb3|full|123,eurosat,resnet50_satlas-rgb_rgb3,resnet50,satlas,rgb3,rgb,,factorial,False,full,123,0.9837037037037037,0.9827770740413879,0.9836879846361931,0.9818614877244412,0.9995567907596371,0.014977232835910903,0.9492592592592592,0.9462964113345007,0.9490064279959003,0.9435254242463568,0.9978358403628119,0.03492757563237791,15,10,8865,5910,591,591,300,200,False,False,False,0.9535185185185185,0.9824074074074074,11,9,244.6,1.3,20.24,224.37,249.77,18900,18900,5400,2700,e5086fc1db7ca6bb,960ff2e6743af984,88c77e93aae99847,NVIDIA A100-SXM4-80GB,6e223e81e1ad,86f6e7d57f4b9cb1,True,bfloat16,2.11.0+cu128,2026-08-19T08:00:03
eurosat|resnet50_satlas-rgb_rgb3|full|2024,eurosat,resnet50_satlas-rgb_rgb3,resnet50,satlas,rgb3,rgb,,factorial,False,full,2024,0.9825925925925926,0.9820234458786065,0.9825753463331658,0.9806246230657069,0.9995475268707483,0.014123945920555717,0.9522222222222222,0.9493337382218957,0.9520092531568324,0.946824427480916,0.9976811160997732,0.029912707761481923,15,10,8865,5910,591,591,300,200,False,False,False,0.9538888888888889,0.9822222222222222,14,8,244.33,1.29,20.15,224.18,249.05,18900,18900,5400,2700,e5086fc1db7ca6bb,960ff2e6743af984,88c77e93aae99847,NVIDIA A100-SXM4-80GB,6e223e81e1ad,86f6e7d57f4b9cb1,True,bfloat16,2.11.0+cu128,2026-08-19T08:04:12
eurosat|resnet50_satlas-rgb_rgb3|full|7,eurosat,resnet50_satlas-rgb_rgb3,resnet50,satlas,rgb3,rgb,,factorial,False,full,7,0.9888888888888889,0.9882615916959511,0.9888893991478266,0.9876325492980327,0.9996690539115646,0.01030549978768384,0.952962962962963,0.9503852367323719,0.9528744125500537,0.9476500538155614,0.9978633912131519,0.03026377544358929,15,10,8865,5910,591,591,300,200,False,False,False,0.952962962962963,0.9814814814814815,12,9,243.64,1.28,19.92,223.72,248.3,18900,18900,5400,2700,e5086fc1db7ca6bb,960ff2e6743af984,88c77e93aae99847,NVIDIA A100-SXM4-80GB,6e223e81e1ad,86f6e7d57f4b9cb1,True,bfloat16,2.11.0+cu128,2026-08-19T08:08:21
eurosat|resnet50_satlas-rgb_rgb3|full|999,eurosat,resnet50_satlas-rgb_rgb3,resnet50,satlas,rgb3,rgb,,factorial,False,full,999,0.9840740740740741,0.9834511792135686,0.9840685381950102,0.9822733206605134,0.9995458797619048,0.013691634061159893,0.95,0.947181688702784,0.949782077946517,0.9443524194102425,0.9975558236961453,0.03583598036456994,15,10,8865,5910,591,591,300,200,False,False,False,0.9537037037037037,0.9805555555555555,12,8,244.09,1.27,19.98,224.11,249.65,18900,18900,5400,2700,e5086fc1db7ca6bb,960ff2e6743af984,88c77e93aae99847,NVIDIA A100-SXM4-80GB,6e223e81e1ad,86f6e7d57f4b9cb1,True,bfloat16,2.11.0+cu128,2026-08-19T08:12:31
eurosat|swin_b_satlas-rgb_rgb3|full|42,eurosat,swin_b_satlas-rgb_rgb3,swin_b,satlas,rgb3,rgb,swin_v2_b,factorial,False,full,42,0.9907407407407407,0.9903016092955417,0.990741797267168,0.9896948138196363,0.9996215835034012,0.009077433226285184,0.9788888888888889,0.9774535705399426,0.9788960153345708,0.976502919958777,0.9994797821995466,0.007373367040245592,15,10,8865,5910,591,591,300,200,False,False,False,0.9724074074074074,0.9883333333333333,11,9,1097.06,4.55,19.91,1077.15,1110.04,18900,18900,5400,2700,e5086fc1db7ca6bb,960ff2e6743af984,88c77e93aae99847,NVIDIA A100-SXM4-80GB,6e223e81e1ad,8eb346c9c99a4bf3,True,bfloat16,2.11.0+cu128,2026-08-19T08:31:01
eurosat|swin_b_satlas-rgb_rgb3|full|123,eurosat,swin_b_satlas-rgb_rgb3,swin_b,satlas,rgb3,rgb,swin_v2_b,factorial,False,full,123,0.99,0.9894643847382429,0.9900003100455251,0.9888700590848716,0.999712296712018,0.008700423836708071,0.9796296296296296,0.9781906583603088,0.9796548506342668,0.9773282442748091,0.999585869047619,0.004107935494846796,15,10,8865,5910,591,591,300,200,False,False,False,0.9735185185185186,0.9885185185185185,12,9,1097.07,4.51,20.19,1076.88,1110.03,18900,18900,5400,2700,e5086fc1db7ca6bb,960ff2e6743af984,88c77e93aae99847,NVIDIA A100-SXM4-80GB,6e223e81e1ad,8eb346c9c99a4bf3,True,bfloat16,2.11.0+cu128,2026-08-19T08:49:32
eurosat|swin_b_satlas-rgb_rgb3|full|2024,eurosat,swin_b_satlas-rgb_rgb3,swin_b,satlas,rgb3,rgb,swin_v2_b,factorial,False,full,2024,0.9896296296296296,0.9890801122954864,0.9896357866584349,0.9884588081734843,0.9998311146825397,0.008536923373186978,0.9796296296296296,0.9783233752936724,0.9796403202953464,0.9773275519863202,0.9995511121315193,0.008591869970162721,15,10,8865,5910,591,591,300,200,False,False,False,0.972037037037037,0.9890740740740741,13,6,1097.5,4.53,20.01,1077.5,1109.66,18900,18900,5400,2700,e5086fc1db7ca6bb,960ff2e6743af984,88c77e93aae99847,NVIDIA A100-SXM4-80GB,6e223e81e1ad,8eb346c9c99a4bf3,True,bfloat16,2.11.0+cu128,2026-08-19T09:08:02
eurosat|swin_b_satlas-rgb_rgb3|full|7,eurosat,swin_b_satlas-rgb_rgb3,swin_b,satlas,rgb3,rgb,swin_v2_b,factorial,False,full,7,0.9888888888888889,0.9883326219205779,0.9888890177218959,0.9876335877862595,0.9997616867346938,0.010196786876078045,0.9785185185185186,0.9773647795601983,0.9785422514943517,0.9760919680615563,0.9994971488662131,0.006335648993651119,15,10,8865,5910,591,591,300,200,False,False,False,0.9735185185185186,0.9887037037037038,9,9,1098.45,4.48,20.36,1078.09,1111.99,18900,18900,5400,2700,e5086fc1db7ca6bb,960ff2e6743af984,88c77e93aae99847,NVIDIA A100-SXM4-80GB,6e223e81e1ad,8eb346c9c99a4bf3,True,bfloat16,2.11.0+cu128,2026-08-19T09:26:34
eurosat|swin_b_satlas-rgb_rgb3|full|999,eurosat,swin_b_satlas-rgb_rgb3,swin_b,satlas,rgb3,rgb,swin_v2_b,factorial,False,full,999,0.9903703703703703,0.9899594279436684,0.9903649880897281,0.9892822791187652,0.9996398163832201,0.008616387104546576,0.9796296296296296,0.9781846998000173,0.9796607836660916,0.9773285904032,0.9995479383219955,0.007158232684488695,15,10,8865,5910,591,591,300,200,False,False,False,0.9731481481481481,0.9890740740740741,12,7,1099.97,4.57,19.97,1080.0,1112.13,18900,18900,5400,2700,e5086fc1db7ca6bb,960ff2e6743af984,88c77e93aae99847,NVIDIA A100-SXM4-80GB,6e223e81e1ad,8eb346c9c99a4bf3,True,bfloat16,2.11.0+cu128,2026-08-19T09:45:06
eurosat|resnet50_imagenet_ms9|full|42,eurosat,resnet50_imagenet_ms9,resnet50,imagenet,ms9,,,factorial,False,full,42,0.9888888888888889,0.9882521402247949,0.9888764125153247,0.9876333045794942,0.9996918458616781,0.010065647827254439,0.9629629629629629,0.9607312593191878,0.962940892546014,0.9587779966106353,0.9992042450113379,0.02670963037897038,15,10,8865,5910,591,591,300,200,False,False,False,0.9651851851851851,0.9890740740740741,10,8,239.18,1.15,20.12,219.07,241.44,18900,18900,5400,2700,e5086fc1db7ca6bb,960ff2e6743af984,88c77e93aae99847,NVIDIA A100-SXM4-80GB,6e223e81e1ad,fb5ddb422c06b507,True,bfloat16,2.11.0+cu128,2026-08-19T09:49:08
eurosat|resnet50_imagenet_ms9|full|123,eurosat,resnet50_imagenet_ms9,resnet50,imagenet,ms9,,,factorial,False,full,123,0.9903703703703703,0.9897252118135196,0.9903774932091921,0.9892826063724218,0.9997146233560091,0.007756192882855709,0.9674074074074074,0.9659218198096198,0.9674319870796997,0.9637274059599413,0.9990898763605441,0.02677807592683372,15,10,8865,5910,591,591,300,200,False,False,False,0.9644444444444444,0.9883333333333333,10,9,238.76,1.17,20.25,218.51,240.78,18900,18900,5400,2700,e5086fc1db7ca6bb,960ff2e6743af984,88c77e93aae99847,NVIDIA A100-SXM4-80GB,6e223e81e1ad,fb5ddb422c06b507,True,bfloat16,2.11.0+cu128,2026-08-19T09:53:09
eurosat|resnet50_imagenet_ms9|full|2024,eurosat,resnet50_imagenet_ms9,resnet50,imagenet,ms9,,,factorial,False,full,2024,0.9874074074074074,0.9868772531996255,0.9873953949241614,0.985985481691818,0.9997672532879818,0.01146756185425651,0.9640740740740741,0.9623163029138329,0.9641227883873666,0.9600131304726207,0.9990071160997733,0.026077477998203646,15,10,8865,5910,591,591,300,200,False,False,False,0.9644444444444444,0.9890740740740741,9,7,239.46,1.15,20.19,219.27,241.48,18900,18900,5400,2700,e5086fc1db7ca6bb,960ff2e6743af984,88c77e93aae99847,NVIDIA A100-SXM4-80GB,6e223e81e1ad,fb5ddb422c06b507,True,bfloat16,2.11.0+cu128,2026-08-19T09:57:11
eurosat|resnet50_imagenet_ms9|full|7,eurosat,resnet50_imagenet_ms9,resnet50,imagenet,ms9,,,factorial,False,full,7,0.9877777777777778,0.9870440856427006,0.9877829495938815,0.9863974657455822,0.9995660601473924,0.012078347382722067,0.9677777777777777,0.9660878796618297,0.967769282328142,0.9641368570512527,0.999231735600907,0.021999716361363768,15,10,8865,5910,591,591,300,200,False,False,False,0.9648148148148148,0.9888888888888889,11,9,238.26,1.22,20.27,217.99,240.32,18900,18900,5400,2700,e5086fc1db7ca6bb,960ff2e6743af984,88c77e93aae99847,NVIDIA A100-SXM4-80GB,6e223e81e1ad,fb5ddb422c06b507,True,bfloat16,2.11.0+cu128,2026-08-19T10:01:11
eurosat|resnet50_imagenet_ms9|full|999,eurosat,resnet50_imagenet_ms9,resnet50,imagenet,ms9,,,factorial,False,full,999,0.9892592592592593,0.9887234137716238,0.9892623272918822,0.9880461665292662,0.9997962439909298,0.01056465546290079,0.965925925925926,0.9639765584545902,0.9659393975042372,0.9620757568817845,0.9991648866213151,0.026332957016097225,15,10,8865,5910,591,591,300,200,False,False,False,0.967037037037037,0.9892592592592593,12,9,238.94,1.17,20.13,218.82,240.96,18900,18900,5400,2700,e5086fc1db7ca6bb,960ff2e6743af984,88c77e93aae99847,NVIDIA A100-SXM4-80GB,6e223e81e1ad,fb5ddb422c06b507,True,bfloat16,2.11.0+cu128,2026-08-19T10:05:13
eurosat|swin_b_imagenet_ms9|full|42,eurosat,swin_b_imagenet_ms9,swin_b,imagenet,ms9,,swin_v2_b,factorial,False,full,42,0.9903703703703703,0.9897128634186532,0.9903672973244405,0.9892825245608812,0.9998444176870749,0.008980351885159835,0.9637037037037037,0.9622905205392321,0.9636770016938354,0.9596030534351145,0.9989406555555556,0.021886413870034413,15,10,8865,5910,591,591,300,200,False,False,False,0.955,0.9911111111111112,14,8,1092.49,4.43,19.7,1072.79,1099.98,18900,18900,5400,2700,e5086fc1db7ca6bb,960ff2e6743af984,88c77e93aae99847,NVIDIA A100-SXM4-80GB,6e223e81e1ad,c7289b27a56d8cbe,True,bfloat16,2.11.0+cu128,2026-08-19T10:23:33
eurosat|swin_b_imagenet_ms9|full|123,eurosat,swin_b_imagenet_ms9,swin_b,imagenet,ms9,,swin_v2_b,factorial,False,full,123,0.9907407407407407,0.9903687227988156,0.9907439193401198,0.9896944991526588,0.9997484263605442,0.00839671468293228,0.9622222222222222,0.9603592413218797,0.9621835644723737,0.9579529145928121,0.9989660835600906,0.02320280196490112,15,10,8865,5910,591,591,300,200,False,False,False,0.9555555555555556,0.9914814814814815,14,9,1093.78,4.43,20.31,1073.46,1100.45,18900,18900,5400,2700,e5086fc1db7ca6bb,960ff2e6743af984,88c77e93aae99847,NVIDIA A100-SXM4-80GB,6e223e81e1ad,c7289b27a56d8cbe,True,bfloat16,2.11.0+cu128,2026-08-19T10:41:54
eurosat|swin_b_imagenet_ms9|full|2024,eurosat,swin_b_imagenet_ms9,swin_b,imagenet,ms9,,swin_v2_b,factorial,False,full,2024,0.9866666666666667,0.9860372882197087,0.9866837942828153,0.9851608717224534,0.9997201974489796,0.011326744545389147,0.9588888888888889,0.9569602278930672,0.9588296237595585,0.9542442748091603,0.9987554215419502,0.0242188426741847,15,10,8865,5910,591,591,300,200,False,False,False,0.9540740740740741,0.9905555555555555,12,6,1092.1,4.46,20.07,1072.04,1098.85,18900,18900,5400,2700,e5086fc1db7ca6bb,960ff2e6743af984,88c77e93aae99847,NVIDIA A100-SXM4-80GB,6e223e81e1ad,c7289b27a56d8cbe,True,bfloat16,2.11.0+cu128,2026-08-19T11:00:13
eurosat|swin_b_imagenet_ms9|full|7,eurosat,swin_b_imagenet_ms9,swin_b,imagenet,ms9,,swin_v2_b,factorial,False,full,7,0.9907407407407407,0.9901847375925144,0.9907519448514124,0.989695521750082,0.9999216746031745,0.008121591099986338,0.965925925925926,0.9644361989576309,0.9658697709612706,0.9620743093142382,0.9989282048752834,0.021188670054629953,15,10,8865,5910,591,591,300,200,False,False,False,0.9572222222222222,0.9898148148148148,13,6,1094.6,4.38,20.2,1074.39,1101.22,18900,18900,5400,2700,e5086fc1db7ca6bb,960ff2e6743af984,88c77e93aae99847,NVIDIA A100-SXM4-80GB,6e223e81e1ad,c7289b27a56d8cbe,True,bfloat16,2.11.0+cu128,2026-08-19T11:18:34
eurosat|swin_b_imagenet_ms9|full|999,eurosat,swin_b_imagenet_ms9,swin_b,imagenet,ms9,,swin_v2_b,factorial,False,full,999,0.9892592592592593,0.9886487030518459,0.9892632797198081,0.9880452539810983,0.9998533095238097,0.009868639663413718,0.9607407407407408,0.9590057837959934,0.9607324651860721,0.9563053435114504,0.9988745436507938,0.02393667186851857,15,10,8865,5910,591,591,300,200,False,False,False,0.9551851851851851,0.992037037037037,11,7,1094.65,4.42,19.73,1074.92,1101.33,18900,18900,5400,2700,e5086fc1db7ca6bb,960ff2e6743af984,88c77e93aae99847,NVIDIA A100-SXM4-80GB,6e223e81e1ad,c7289b27a56d8cbe,True,bfloat16,2.11.0+cu128,2026-08-19T11:36:56
eurosat|resnet50_satlas-ms_ms9_aug|5|42,eurosat,resnet50_satlas-ms_ms9_aug,resnet50,satlas,ms9,ms,,aug,True,5,42,0.8281481481481482,0.8200239699077381,0.8252117714443473,0.8086247193070896,0.9777712095238096,0.1372896250420146,0.7425925925925926,0.7331402980254721,0.7408333363265484,0.7137649104609658,0.9550185655328797,0.17465158359871974,150,100,300,200,2,2,300,200,True,True,False,0.7368518518518519,0.832962962962963,99,89,88.81,2.3,61.01,27.79,94.14,18900,50,5400,2700,e5086fc1db7ca6bb,960ff2e6743af984,88c77e93aae99847,NVIDIA A100-SXM4-80GB,6e223e81e1ad,da58b6a4a0cf9eff,False,bfloat16,2.11.0+cu128,2026-08-19T15:35:51
eurosat|resnet50_satlas-ms_ms9_aug|5|123,eurosat,resnet50_satlas-ms_ms9_aug,resnet50,satlas,ms9,ms,,aug,True,5,123,0.8277777777777777,0.8169292326866021,0.823574412330364,0.8081829709868149,0.9773776146258502,0.13127187027975365,0.7203703703703703,0.7051995086638246,0.7163117652642567,0.6886574162460195,0.9429058451247165,0.20301060548535105,150,100,300,200,2,2,300,200,True,True,False,0.7131481481481482,0.8103703703703704,89,59,89.98,2.34,61.63,28.36,96.36,18900,50,5400,2700,e5086fc1db7ca6bb,960ff2e6743af984,88c77e93aae99847,NVIDIA A100-SXM4-80GB,6e223e81e1ad,da58b6a4a0cf9eff,False,bfloat16,2.11.0+cu128,2026-08-19T15:37:28
eurosat|resnet50_satlas-ms_ms9_aug|5|2024,eurosat,resnet50_satlas-ms_ms9_aug,resnet50,satlas,ms9,ms,,aug,True,5,2024,0.772962962962963,0.7636440189097684,0.7689632622305315,0.7476404665700999,0.973488852494331,0.162620876442503,0.6614814814814814,0.6426952230060786,0.6510390367933457,0.6234493492225766,0.9360210756235828,0.19033695884324892,150,100,300,200,2,2,300,200,True,True,False,0.6622222222222223,0.7837037037037037,29,19,89.54,2.39,61.51,28.03,95.86,18900,50,5400,2700,e5086fc1db7ca6bb,960ff2e6743af984,88c77e93aae99847,NVIDIA A100-SXM4-80GB,6e223e81e1ad,da58b6a4a0cf9eff,False,bfloat16,2.11.0+cu128,2026-08-19T15:39:04
eurosat|resnet50_satlas-ms_ms9_aug|5|7,eurosat,resnet50_satlas-ms_ms9_aug,resnet50,satlas,ms9,ms,,aug,True,5,7,0.7637037037037037,0.7561695171735506,0.7630121401081658,0.7374685666387258,0.9637280600340136,0.18822660807106228,0.6781481481481482,0.6694943996943764,0.6789479775745871,0.6425720553287428,0.9260024829931973,0.24851993835634661,150,100,300,200,2,2,300,200,True,True,False,0.6838888888888889,0.7603703703703704,109,89,89.17,2.32,61.32,27.85,94.74,18900,50,5400,2700,e5086fc1db7ca6bb,960ff2e6743af984,88c77e93aae99847,NVIDIA A100-SXM4-80GB,6e223e81e1ad,da58b6a4a0cf9eff,False,bfloat16,2.11.0+cu128,2026-08-19T15:40:39
eurosat|resnet50_satlas-ms_ms9_aug|5|999,eurosat,resnet50_satlas-ms_ms9_aug,resnet50,satlas,ms9,ms,,aug,True,5,999,0.7977777777777778,0.7864999152292276,0.7907244095494774,0.7751750011437983,0.9794037561791382,0.15573937086043538,0.7103703703703703,0.6973543846458484,0.7104421376246538,0.6778922798800906,0.9449905437641724,0.22142606483565438,150,100,300,200,2,2,300,200,True,True,False,0.7181481481481482,0.8016666666666666,119,19,90.0,2.23,61.48,28.53,96.39,18900,50,5400,2700,e5086fc1db7ca6bb,960ff2e6743af984,88c77e93aae99847,NVIDIA A100-SXM4-80GB,6e223e81e1ad,da58b6a4a0cf9eff,False,bfloat16,2.11.0+cu128,2026-08-19T15:42:16
eurosat|swin_b_satlas-ms_ms9_aug|5|42,eurosat,swin_b_satlas-ms_ms9_aug,swin_b,satlas,ms9,ms,swin_v2_b,aug,True,5,42,0.8751851851851852,0.8693584405607698,0.873063622128578,0.8610723037812336,0.9903233376984127,0.1047457628559183,0.8025925925925926,0.7899159802977553,0.7970302989492849,0.7801658952385317,0.9721192616780046,0.1161595483069067,150,100,300,200,2,2,300,200,True,True,False,0.7783333333333333,0.8722222222222222,119,59,285.63,8.82,165.91,119.71,346.92,18900,50,5400,2700,e5086fc1db7ca6bb,960ff2e6743af984,88c77e93aae99847,NVIDIA A100-SXM4-80GB,6e223e81e1ad,a9bb67424136c40c,False,bfloat16,2.11.0+cu128,2026-08-19T15:48:03
eurosat|swin_b_satlas-ms_ms9_aug|5|123,eurosat,swin_b_satlas-ms_ms9_aug,swin_b,satlas,ms9,ms,swin_v2_b,aug,True,5,123,0.8618518518518519,0.8550502327475578,0.8586405407780977,0.8462888627726308,0.9899325404761903,0.11504396359125776,0.8048148148148148,0.7924544391302277,0.8001560027374958,0.7828213835998016,0.9722769431972788,0.10019140898077578,150,100,300,200,2,2,300,200,True,True,False,0.8001851851851852,0.8640740740740741,89,99,285.56,8.72,165.76,119.8,302.31,18900,50,5400,2700,e5086fc1db7ca6bb,960ff2e6743af984,88c77e93aae99847,NVIDIA A100-SXM4-80GB,6e223e81e1ad,a9bb67424136c40c,False,bfloat16,2.11.0+cu128,2026-08-19T15:53:05
eurosat|swin_b_satlas-ms_ms9_aug|5|2024,eurosat,swin_b_satlas-ms_ms9_aug,swin_b,satlas,ms9,ms,swin_v2_b,aug,True,5,2024,0.8551851851851852,0.8462908021832536,0.8507414289543741,0.8390271795067281,0.9834513350907029,0.12098031928141913,0.8081481481481482,0.7923635598750673,0.802193285503058,0.7863281160483077,0.9712233534013606,0.03717471554323477,150,100,300,200,2,2,300,200,True,True,False,0.8105555555555556,0.8607407407407407,39,69,285.13,8.73,166.43,118.71,301.57,18900,50,5400,2700,e5086fc1db7ca6bb,960ff2e6743af984,88c77e93aae99847,NVIDIA A100-SXM4-80GB,6e223e81e1ad,a9bb67424136c40c,False,bfloat16,2.11.0+cu128,2026-08-19T15:58:07
eurosat|swin_b_satlas-ms_ms9_aug|5|7,eurosat,swin_b_satlas-ms_ms9_aug,swin_b,satlas,ms9,ms,swin_v2_b,aug,True,5,7,0.8707407407407407,0.8658921324453267,0.8699517937347174,0.8561626584645443,0.9872985734126983,0.10470063505349339,0.8018518518518518,0.7871134854316433,0.7959795402474802,0.7793763889207084,0.9678340475056689,0.05529730689746364,150,100,300,200,2,2,300,200,True,True,False,0.7925925925925926,0.872037037037037,39,69,284.79,8.68,166.08,118.71,300.52,18900,50,5400,2700,e5086fc1db7ca6bb,960ff2e6743af984,88c77e93aae99847,NVIDIA A100-SXM4-80GB,6e223e81e1ad,a9bb67424136c40c,False,bfloat16,2.11.0+cu128,2026-08-19T16:03:08
eurosat|swin_b_satlas-ms_ms9_aug|5|999,eurosat,swin_b_satlas-ms_ms9_aug,swin_b,satlas,ms9,ms,swin_v2_b,aug,True,5,999,0.8651851851851852,0.8586517366540558,0.8643368859664573,0.8501086666412476,0.9904614855442176,0.11403784621644902,0.7937037037037037,0.7768006735691914,0.7885707684867665,0.7705090642739425,0.9694751732426303,0.08041232702908695,150,100,300,200,2,2,300,200,True,True,False,0.7916666666666666,0.8616666666666667,39,99,286.38,8.69,166.42,119.96,301.83,18900,50,5400,2700,e5086fc1db7ca6bb,960ff2e6743af984,88c77e93aae99847,NVIDIA A100-SXM4-80GB,6e223e81e1ad,a9bb67424136c40c,False,bfloat16,2.11.0+cu128,2026-08-19T16:08:10
eurosat|resnet50_imagenet_rgb3_aug|5|42,eurosat,resnet50_imagenet_rgb3_aug,resnet50,imagenet,rgb3,,,aug,True,5,42,0.7803703703703704,0.770295494612209,0.7780628568601442,0.755646785910506,0.9721583124716554,0.16740487890111078,0.8262962962962963,0.8168071226776116,0.822226150006595,0.8066688041038794,0.9849787163265307,0.10375593662261962,150,100,300,200,2,2,300,200,True,True,False,0.82,0.782962962962963,69,39,93.77,2.53,63.98,29.8,96.83,18900,50,5400,2700,e5086fc1db7ca6bb,960ff2e6743af984,88c77e93aae99847,NVIDIA A100-SXM4-80GB,6e223e81e1ad,8dbf1f2f4e43febd,False,bfloat16,2.11.0+cu128,2026-08-19T16:09:47
eurosat|resnet50_imagenet_rgb3_aug|5|123,eurosat,resnet50_imagenet_rgb3_aug,resnet50,imagenet,rgb3,,,aug,True,5,123,0.7685185185185185,0.7550710622365465,0.7628988533335772,0.7422385152938482,0.9699185766439908,0.1688050965799226,0.8222222222222222,0.8137620309200335,0.8193883404879976,0.8021842159488975,0.9838580519841271,0.10162850546616098,150,100,300,200,2,2,300,200,True,True,False,0.8187037037037037,0.7557407407407407,109,89,93.17,2.42,63.64,29.53,96.12,18900,50,5400,2700,e5086fc1db7ca6bb,960ff2e6743af984,88c77e93aae99847,NVIDIA A100-SXM4-80GB,6e223e81e1ad,8dbf1f2f4e43febd,False,bfloat16,2.11.0+cu128,2026-08-19T16:11:24
eurosat|resnet50_imagenet_rgb3_aug|5|2024,eurosat,resnet50_imagenet_rgb3_aug,resnet50,imagenet,rgb3,,,aug,True,5,2024,0.7744444444444445,0.7619284242611636,0.7707230541531624,0.7492336551219289,0.9677468835600905,0.1340611935876034,0.7548148148148148,0.7427496828007678,0.7489526148765258,0.7272956128372761,0.9715577064625849,0.15157667070075317,150,100,300,200,2,2,300,200,True,True,False,0.755,0.7631481481481481,39,19,93.77,2.47,63.77,29.99,96.78,18900,50,5400,2700,e5086fc1db7ca6bb,960ff2e6743af984,88c77e93aae99847,NVIDIA A100-SXM4-80GB,6e223e81e1ad,8dbf1f2f4e43febd,False,bfloat16,2.11.0+cu128,2026-08-19T16:13:01
eurosat|resnet50_imagenet_rgb3_aug|5|7,eurosat,resnet50_imagenet_rgb3_aug,resnet50,imagenet,rgb3,,,aug,True,5,7,0.7474074074074074,0.7397664091251094,0.7456121146532316,0.7193501188806926,0.971056703968254,0.15889364894893432,0.752962962962963,0.7490694900917956,0.7536915075225357,0.7253972126498125,0.9718286459183674,0.1390654963696445,150,100,300,200,2,2,300,200,True,True,False,0.7512962962962964,0.7381481481481481,19,19,93.03,2.54,63.18,29.85,96.1,18900,50,5400,2700,e5086fc1db7ca6bb,960ff2e6743af984,88c77e93aae99847,NVIDIA A100-SXM4-80GB,6e223e81e1ad,8dbf1f2f4e43febd,False,bfloat16,2.11.0+cu128,2026-08-19T16:14:37
eurosat|resnet50_imagenet_rgb3_aug|5|999,eurosat,resnet50_imagenet_rgb3_aug,resnet50,imagenet,rgb3,,,aug,True,5,999,0.7407407407407407,0.7227701635788044,0.73227023542701,0.7110401027412967,0.9657118995464853,0.19542828835822917,0.8007407407407408,0.790729834184996,0.7972817305465432,0.7782831674705416,0.9790200569160998,0.11351414414467637,150,100,300,200,2,2,300,200,True,True,False,0.7916666666666666,0.7416666666666667,19,69,93.57,2.43,63.55,30.02,96.54,18900,50,5400,2700,e5086fc1db7ca6bb,960ff2e6743af984,88c77e93aae99847,NVIDIA A100-SXM4-80GB,6e223e81e1ad,8dbf1f2f4e43febd,False,bfloat16,2.11.0+cu128,2026-08-19T16:16:14
eurosat|swin_b_imagenet_rgb3_aug|5|42,eurosat,swin_b_imagenet_rgb3_aug,swin_b,imagenet,rgb3,,swin_v2_b,aug,True,5,42,0.835925925925926,0.8290107045236759,0.8341742914083965,0.8173697952452934,0.9774772209750567,0.12184243605092716,0.797037037037037,0.7891771988355294,0.7964784083701886,0.7742774544428257,0.9753961676303856,0.09779733025917299,150,100,300,200,2,2,300,200,True,True,False,0.7974074074074075,0.8372222222222222,149,39,286.07,8.86,165.6,120.47,296.94,18900,50,5400,2700,e5086fc1db7ca6bb,960ff2e6743af984,88c77e93aae99847,NVIDIA A100-SXM4-80GB,6e223e81e1ad,88912e7391ce9f7b,False,bfloat16,2.11.0+cu128,2026-08-19T16:21:11
eurosat|swin_b_imagenet_rgb3_aug|5|123,eurosat,swin_b_imagenet_rgb3_aug,swin_b,imagenet,rgb3,,swin_v2_b,aug,True,5,123,0.8303703703703704,0.8210626777142535,0.8289239852120398,0.8112968572365962,0.9825459670634921,0.12805491970645058,0.7585185185185185,0.7395273833998295,0.7509533526997361,0.7314355019565665,0.9658231946712018,0.130455847967554,150,100,300,200,2,2,300,200,True,True,False,0.7512962962962964,0.827962962962963,99,49,286.9,8.75,166.11,120.79,297.61,18900,50,5400,2700,e5086fc1db7ca6bb,960ff2e6743af984,88c77e93aae99847,NVIDIA A100-SXM4-80GB,6e223e81e1ad,88912e7391ce9f7b,False,bfloat16,2.11.0+cu128,2026-08-19T16:26:09
eurosat|swin_b_imagenet_rgb3_aug|5|2024,eurosat,swin_b_imagenet_rgb3_aug,swin_b,imagenet,rgb3,,swin_v2_b,aug,True,5,2024,0.8092592592592592,0.7991216391690287,0.8061023700503281,0.7876418393683471,0.9764633052154196,0.13961336762816812,0.7359259259259259,0.7283139203477653,0.7360482501282103,0.7065888341893889,0.9645011029478459,0.13102709116759123,150,100,300,200,2,2,300,200,True,True,False,0.74,0.8055555555555556,39,39,286.51,8.83,166.09,120.43,297.28,18900,50,5400,2700,e5086fc1db7ca6bb,960ff2e6743af984,88c77e93aae99847,NVIDIA A100-SXM4-80GB,6e223e81e1ad,88912e7391ce9f7b,False,bfloat16,2.11.0+cu128,2026-08-19T16:31:07
eurosat|swin_b_imagenet_rgb3_aug|5|7,eurosat,swin_b_imagenet_rgb3_aug,swin_b,imagenet,rgb3,,swin_v2_b,aug,True,5,7,0.8307407407407408,0.8269006428931387,0.8319045647528223,0.8116815726015689,0.983511598015873,0.12144827063436864,0.7662962962962963,0.7537234912599337,0.7628951753738038,0.7399348196090703,0.9708160280045351,0.10087278396994978,150,100,300,200,2,2,300,200,True,True,False,0.7646296296296297,0.8268518518518518,29,99,286.9,8.79,166.24,120.65,297.61,18900,50,5400,2700,e5086fc1db7ca6bb,960ff2e6743af984,88c77e93aae99847,NVIDIA A100-SXM4-80GB,6e223e81e1ad,88912e7391ce9f7b,False,bfloat16,2.11.0+cu128,2026-08-19T16:36:05
eurosat|swin_b_imagenet_rgb3_aug|5|999,eurosat,swin_b_imagenet_rgb3_aug,swin_b,imagenet,rgb3,,swin_v2_b,aug,True,5,999,0.8333333333333334,0.825413549765609,0.8312406788636537,0.8146537915884857,0.9827808021541948,0.13120746901741734,0.7662962962962963,0.7542711202277886,0.761739345753991,0.7398097099833534,0.9688174764172335,0.12809418727954228,150,100,300,200,2,2,300,200,True,True,False,0.757962962962963,0.8177777777777778,69,89,286.69,8.76,165.74,120.95,297.37,18900,50,5400,2700,e5086fc1db7ca6bb,960ff2e6743af984,88c77e93aae99847,NVIDIA A100-SXM4-80GB,6e223e81e1ad,88912e7391ce9f7b,False,bfloat16,2.11.0+cu128,2026-08-19T16:41:02
eurosat|resnet50_scratch_ms9_aug|5|42,eurosat,resnet50_scratch_ms9_aug,resnet50,scratch,ms9,,,aug,True,5,42,0.554074074074074,0.5471598306982262,0.5515135911643891,0.5044436652997759,0.8836237785714285,0.32709365550014713,0.4477777777777778,0.4205665996535746,0.4152018395307934,0.38509359462947823,0.8378150283446711,0.16136175519890256,150,100,300,200,2,2,300,200,True,True,False,0.45351851851851854,0.5575925925925926,129,99,90.83,2.28,62.53,28.3,93.56,18900,50,5400,2700,e5086fc1db7ca6bb,960ff2e6743af984,88c77e93aae99847,NVIDIA A100-SXM4-80GB,6e223e81e1ad,f0a84228f765a9b5,False,bfloat16,2.11.0+cu128,2026-08-19T16:42:36
eurosat|resnet50_scratch_ms9_aug|5|123,eurosat,resnet50_scratch_ms9_aug,resnet50,scratch,ms9,,,aug,True,5,123,0.5855555555555556,0.5778338449614937,0.5843958474083212,0.5384897388700919,0.8736238020408165,0.30129851003487906,0.4688888888888889,0.41053538730451755,0.415009376965755,0.4087049480757484,0.8271646663265306,0.17677422899890824,150,100,300,200,2,2,300,200,True,True,False,0.4792592592592593,0.5738888888888889,129,79,90.98,2.25,62.91,28.07,93.66,18900,50,5400,2700,e5086fc1db7ca6bb,960ff2e6743af984,88c77e93aae99847,NVIDIA A100-SXM4-80GB,6e223e81e1ad,7b051e0a5b8ad687,False,bfloat16,2.11.0+cu128,2026-08-19T16:44:10
eurosat|resnet50_scratch_ms9_aug|5|2024,eurosat,resnet50_scratch_ms9_aug,resnet50,scratch,ms9,,,aug,True,5,2024,0.5418518518518518,0.5238121754958132,0.5306455230887558,0.49076410541803583,0.8641737446145126,0.3370486201842626,0.4025925925925926,0.35612706475593753,0.35409827718227,0.3376273764258556,0.78103509569161,0.07600406033573327,150,100,300,200,2,2,300,200,True,True,False,0.3888888888888889,0.5412962962962963,129,89,91.09,2.47,62.71,28.38,94.01,18900,50,5400,2700,e5086fc1db7ca6bb,960ff2e6743af984,88c77e93aae99847,NVIDIA A100-SXM4-80GB,6e223e81e1ad,d662911b4954a020,False,bfloat16,2.11.0+cu128,2026-08-19T16:45:45
eurosat|resnet50_scratch_ms9_aug|5|7,eurosat,resnet50_scratch_ms9_aug,resnet50,scratch,ms9,,,aug,True,5,7,0.4866666666666667,0.47828941297323774,0.4806966182394772,0.43026353851072585,0.8453845221655328,0.4121768974816358,0.43333333333333335,0.41431245796876925,0.40965511786640535,0.3712520166813795,0.7948999639455783,0.12371438589360977,150,100,300,200,2,2,300,200,True,True,False,0.4212962962962963,0.4848148148148148,129,79,90.97,2.31,63.0,27.96,93.73,18900,50,5400,2700,e5086fc1db7ca6bb,960ff2e6743af984,88c77e93aae99847,NVIDIA A100-SXM4-80GB,6e223e81e1ad,38ebd6385e2a8522,False,bfloat16,2.11.0+cu128,2026-08-19T16:47:19
eurosat|resnet50_scratch_ms9_aug|5|999,eurosat,resnet50_scratch_ms9_aug,resnet50,scratch,ms9,,,aug,True,5,999,0.5307407407407407,0.5229967715683297,0.5322823102397586,0.479695199853988,0.8640166202380952,0.3507723424169752,0.4625925925925926,0.4245985466378017,0.4304349926975185,0.4032990130376507,0.8242957718820861,0.07679550274102774,150,100,300,200,2,2,300,200,True,True,False,0.4714814814814815,0.537962962962963,99,59,91.24,2.39,63.32,27.93,94.08,18900,50,5400,2700,e5086fc1db7ca6bb,960ff2e6743af984,88c77e93aae99847,NVIDIA A100-SXM4-80GB,6e223e81e1ad,5840958c5d0dbe7a,False,bfloat16,2.11.0+cu128,2026-08-19T16:48:53
eurosat|swin_b_scratch_ms9_aug|5|42,eurosat,swin_b_scratch_ms9_aug,swin_b,scratch,ms9,,swin_v2_b,aug,True,5,42,0.5259259259259259,0.5067287872087097,0.5064074022430448,0.47280507059011967,0.865902231632653,0.28492030097378623,0.547037037037037,0.5319442744238329,0.5346253827001085,0.4961203048822358,0.8710152501133785,0.20769718903634285,150,100,300,200,2,2,300,200,True,True,False,0.5453703703703704,0.5174074074074074,129,99,285.71,8.64,165.35,120.37,296.0,18900,50,5400,2700,e5086fc1db7ca6bb,960ff2e6743af984,88c77e93aae99847,NVIDIA A100-SXM4-80GB,6e223e81e1ad,1c220bb31401f88c,False,bfloat16,2.11.0+cu128,2026-08-19T16:53:49
eurosat|swin_b_scratch_ms9_aug|5|123,eurosat,swin_b_scratch_ms9_aug,swin_b,scratch,ms9,,swin_v2_b,aug,True,5,123,0.5325925925925926,0.5202086998958054,0.5290727791374993,0.4801751361576835,0.8791247332199547,0.2957158427326767,0.512962962962963,0.4885159074011356,0.4972689053745918,0.4579182411542425,0.857046660770975,0.18554199209367792,150,100,300,200,2,2,300,200,True,True,False,0.5109259259259259,0.5275925925925926,109,69,285.78,8.76,166.47,119.31,296.19,18900,50,5400,2700,e5086fc1db7ca6bb,960ff2e6743af984,88c77e93aae99847,NVIDIA A100-SXM4-80GB,6e223e81e1ad,9239f9e0cb83fa0b,False,bfloat16,2.11.0+cu128,2026-08-19T16:58:46
eurosat|swin_b_scratch_ms9_aug|5|2024,eurosat,swin_b_scratch_ms9_aug,swin_b,scratch,ms9,,swin_v2_b,aug,True,5,2024,0.5296296296296297,0.5186525309481808,0.5184416654926449,0.47837595265984156,0.866396692687075,0.3082354583122112,0.5703703703703704,0.5558273585095972,0.559483884198041,0.5226555713044672,0.8799618265306123,0.10461435017762362,150,100,300,200,2,2,300,200,True,True,False,0.5568518518518518,0.5251851851851852,49,99,285.59,8.64,166.2,119.4,295.88,18900,50,5400,2700,e5086fc1db7ca6bb,960ff2e6743af984,88c77e93aae99847,NVIDIA A100-SXM4-80GB,6e223e81e1ad,f33c2df290b09e42,False,bfloat16,2.11.0+cu128,2026-08-19T17:03:42
eurosat|swin_b_scratch_ms9_aug|5|7,eurosat,swin_b_scratch_ms9_aug,swin_b,scratch,ms9,,swin_v2_b,aug,True,5,7,0.5451851851851852,0.5341582147187696,0.5364775697427668,0.49399465852727975,0.8672149959183674,0.3154728665616777,0.5048148148148148,0.5075963366164753,0.5084429872703753,0.4492906178489703,0.8435959362811791,0.266108260055383,150,100,300,200,2,2,300,200,True,True,False,0.4968518518518519,0.534074074074074,109,79,286.12,8.72,165.77,120.35,296.54,18900,50,5400,2700,e5086fc1db7ca6bb,960ff2e6743af984,88c77e93aae99847,NVIDIA A100-SXM4-80GB,6e223e81e1ad,89badb74210fc71e,False,bfloat16,2.11.0+cu128,2026-08-19T17:08:39
eurosat|swin_b_scratch_ms9_aug|5|999,eurosat,swin_b_scratch_ms9_aug,swin_b,scratch,ms9,,swin_v2_b,aug,True,5,999,0.5555555555555556,0.5407259725193757,0.5457017806109199,0.5064060571898661,0.8779367484693876,0.33724964943197033,0.5196296296296297,0.5052348998505669,0.5073941652441424,0.46692139073250927,0.8568280825396826,0.25608239513856396,150,100,300,200,2,2,300,200,True,True,False,0.5274074074074074,0.5633333333333334,89,79,284.73,8.68,165.2,119.54,295.13,18900,50,5400,2700,e5086fc1db7ca6bb,960ff2e6743af984,88c77e93aae99847,NVIDIA A100-SXM4-80GB,6e223e81e1ad,7e238bb62177b37a,False,bfloat16,2.11.0+cu128,2026-08-19T17:13:34
