run_key,dataset,config_id,backbone,pretraining,channel_mode,satlas_variant,swin_arch,tier,augment,k_shot,seed,test_acc,macro_f1,weighted_f1,kappa,roc_auc_ovr,ece,frozen_acc,frozen_macro_f1,frozen_weighted_f1,frozen_kappa,frozen_roc_auc_ovr,frozen_ece,epochs_stage1,epochs_stage2,steps_stage1,steps_stage2,steps_per_epoch_s1,steps_per_epoch_s2,min_steps_stage1,min_steps_stage2,floor_engaged_s1,floor_engaged_s2,drop_last,best_val_acc_stage1,best_val_acc_stage2,best_epoch_stage1,best_epoch_stage2,train_seconds,eval_seconds,stage1_train_seconds,stage2_train_seconds,total_seconds,n_train_pool,n_train_used,n_val,n_test,split_hash_train,split_hash_val,split_hash_test,gpu_name,protocol_fp,backbone_fp,feat_cache_hit,amp_dtype,torch_version,timestamp
resisc45|resnet50_satlas-rgb_rgb3|5|42,resisc45,resnet50_satlas-rgb_rgb3,resnet50,satlas,rgb3,rgb,,core,False,5,42,0.40613756613756613,0.40124718702492645,0.4012471870249264,0.3926406926406927,0.9025800865800867,0.37020252311828905,0.37396825396825395,0.3691587274379398,0.3691587274379398,0.3597402597402597,0.9010847706085803,0.27447863526760585,43,29,301,203,7,7,300,200,True,True,True,0.36698412698412697,0.4035978835978836,23,23,58.25,2.81,20.1,38.15,67.16,22050,225,4725,4725,ecd123415640404b,83effe21d6483a43,88f3492c76be44b5,NVIDIA A100-SXM4-80GB,6e223e81e1ad,86f6e7d57f4b9cb1,False,bfloat16,2.11.0+cu128,2026-08-18T09:43:25
resisc45|resnet50_satlas-rgb_rgb3|5|123,resisc45,resnet50_satlas-rgb_rgb3,resnet50,satlas,rgb3,rgb,,core,False,5,123,0.4167195767195767,0.40275416336649644,0.4027541633664965,0.4034632034632034,0.9055274513845942,0.34797431048419736,0.3748148148148148,0.36875622637805094,0.36875622637805083,0.3606060606060606,0.9036149705673515,0.27643868379965036,43,29,301,203,7,7,300,200,True,True,True,0.3676190476190476,0.4033862433862434,41,14,39.25,2.91,1.67,37.58,45.85,22050,225,4725,4725,ecd123415640404b,83effe21d6483a43,88f3492c76be44b5,NVIDIA A100-SXM4-80GB,6e223e81e1ad,86f6e7d57f4b9cb1,True,bfloat16,2.11.0+cu128,2026-08-18T09:44:11
resisc45|resnet50_satlas-rgb_rgb3|5|2024,resisc45,resnet50_satlas-rgb_rgb3,resnet50,satlas,rgb3,rgb,,core,False,5,2024,0.43555555555555553,0.42508923837837886,0.4250892383783788,0.42272727272727273,0.9145450651641128,0.33296848594826994,0.3961904761904762,0.3909887709661085,0.39098877096610846,0.3824675324675325,0.902832130832131,0.2547742174084855,43,29,301,203,7,7,300,200,True,True,True,0.4,0.43386243386243384,35,11,38.84,3.02,1.73,37.11,45.92,22050,225,4725,4725,ecd123415640404b,83effe21d6483a43,88f3492c76be44b5,NVIDIA A100-SXM4-80GB,6e223e81e1ad,86f6e7d57f4b9cb1,True,bfloat16,2.11.0+cu128,2026-08-18T09:44:58
resisc45|resnet50_satlas-rgb_rgb3|5|7,resisc45,resnet50_satlas-rgb_rgb3,resnet50,satlas,rgb3,rgb,,core,False,5,7,0.3904761904761905,0.38591724051150345,0.3859172405115035,0.37662337662337664,0.9006886552600839,0.3873923029155327,0.36423280423280424,0.35807204155033534,0.35807204155033534,0.34978354978354975,0.8959003641860784,0.2954834802519708,43,29,301,203,7,7,300,200,True,True,True,0.36804232804232806,0.397037037037037,23,17,39.76,2.94,1.68,38.08,46.31,22050,225,4725,4725,ecd123415640404b,83effe21d6483a43,88f3492c76be44b5,NVIDIA A100-SXM4-80GB,6e223e81e1ad,86f6e7d57f4b9cb1,True,bfloat16,2.11.0+cu128,2026-08-18T09:45:44
resisc45|resnet50_satlas-rgb_rgb3|5|999,resisc45,resnet50_satlas-rgb_rgb3,resnet50,satlas,rgb3,rgb,,core,False,5,999,0.4016931216931217,0.390393660621093,0.39039366062109293,0.38809523809523805,0.9033658123181932,0.358075115866762,0.36232804232804233,0.35819778424316656,0.3581977842431665,0.34783549783549783,0.8890441833298977,0.2862209064115292,43,29,301,203,7,7,300,200,True,True,True,0.353015873015873,0.38222222222222224,23,28,39.02,2.99,1.71,37.3,45.51,22050,225,4725,4725,ecd123415640404b,83effe21d6483a43,88f3492c76be44b5,NVIDIA A100-SXM4-80GB,6e223e81e1ad,86f6e7d57f4b9cb1,True,bfloat16,2.11.0+cu128,2026-08-18T09:46:30
resisc45|swin_b_satlas-rgb_rgb3|5|42,resisc45,swin_b_satlas-rgb_rgb3,swin_b,satlas,rgb3,rgb,swin_v2_b,core,False,5,42,0.539047619047619,0.5329341718996204,0.5329341718996204,0.5285714285714286,0.9500291119814929,0.3261635164955936,0.4311111111111111,0.4324641057372428,0.4324641057372429,0.4181818181818182,0.9310238438809868,0.18304058342068283,43,29,301,203,7,7,300,200,True,True,True,0.43492063492063493,0.5307936507936508,35,28,174.49,8.07,57.17,117.32,190.97,22050,225,4725,4725,ecd123415640404b,83effe21d6483a43,88f3492c76be44b5,NVIDIA A100-SXM4-80GB,6e223e81e1ad,8eb346c9c99a4bf3,False,bfloat16,2.11.0+cu128,2026-08-18T09:49:42
resisc45|swin_b_satlas-rgb_rgb3|5|123,resisc45,swin_b_satlas-rgb_rgb3,swin_b,satlas,rgb3,rgb,swin_v2_b,core,False,5,123,0.5307936507936508,0.5291358104983138,0.5291358104983137,0.5201298701298701,0.9513367003367006,0.32953581437232005,0.4541798941798942,0.45234725611119114,0.45234725611119125,0.4417748917748918,0.931970544446735,0.16477360202837243,43,29,301,203,7,7,300,200,True,True,True,0.43767195767195766,0.5216931216931217,35,28,121.09,8.37,1.49,119.6,137.38,22050,225,4725,4725,ecd123415640404b,83effe21d6483a43,88f3492c76be44b5,NVIDIA A100-SXM4-80GB,6e223e81e1ad,8eb346c9c99a4bf3,True,bfloat16,2.11.0+cu128,2026-08-18T09:52:00
resisc45|swin_b_satlas-rgb_rgb3|5|2024,resisc45,swin_b_satlas-rgb_rgb3,swin_b,satlas,rgb3,rgb,swin_v2_b,core,False,5,2024,0.5104761904761905,0.5068895463193044,0.5068895463193045,0.4993506493506493,0.9435601594173023,0.3575323379323596,0.43915343915343913,0.4368816346575016,0.43688163465750157,0.42640692640692646,0.92014672805149,0.19914496613558008,43,29,301,203,7,7,300,200,True,True,True,0.4486772486772487,0.5261375661375661,38,26,120.02,8.28,1.51,118.5,136.75,22050,225,4725,4725,ecd123415640404b,83effe21d6483a43,88f3492c76be44b5,NVIDIA A100-SXM4-80GB,6e223e81e1ad,8eb346c9c99a4bf3,True,bfloat16,2.11.0+cu128,2026-08-18T09:54:17
resisc45|swin_b_satlas-rgb_rgb3|5|7,resisc45,swin_b_satlas-rgb_rgb3,swin_b,satlas,rgb3,rgb,swin_v2_b,core,False,5,7,0.5183068783068783,0.5120164163514314,0.5120164163514314,0.5073593073593073,0.947771730914588,0.3517313960115746,0.44423280423280426,0.44295038962669225,0.4429503896266922,0.43160173160173165,0.9295661833757072,0.17809871256351473,43,29,301,203,7,7,300,200,True,True,True,0.4228571428571429,0.5051851851851852,35,26,119.58,8.34,1.51,118.07,134.59,22050,225,4725,4725,ecd123415640404b,83effe21d6483a43,88f3492c76be44b5,NVIDIA A100-SXM4-80GB,6e223e81e1ad,8eb346c9c99a4bf3,True,bfloat16,2.11.0+cu128,2026-08-18T09:56:32
resisc45|swin_b_satlas-rgb_rgb3|5|999,resisc45,swin_b_satlas-rgb_rgb3,swin_b,satlas,rgb3,rgb,swin_v2_b,core,False,5,999,0.5147089947089947,0.5092360834520963,0.5092360834520963,0.5036796536796537,0.94342694518885,0.3407089023741464,0.4328042328042328,0.4331212938718862,0.4331212938718862,0.4199134199134199,0.9262210769829816,0.17451639641214295,43,29,301,203,7,7,300,200,True,True,True,0.42243386243386244,0.49777777777777776,26,26,119.91,8.29,1.49,118.42,134.93,22050,225,4725,4725,ecd123415640404b,83effe21d6483a43,88f3492c76be44b5,NVIDIA A100-SXM4-80GB,6e223e81e1ad,8eb346c9c99a4bf3,True,bfloat16,2.11.0+cu128,2026-08-18T09:58:47
resisc45|resnet50_imagenet_rgb3|5|42,resisc45,resnet50_imagenet_rgb3,resnet50,imagenet,rgb3,,,core,False,5,42,0.6205291005291005,0.6198686084101102,0.6198686084101103,0.611904761904762,0.9711834902311094,0.17160961991895443,0.6442328042328043,0.6465598558305619,0.646559855830562,0.6361471861471861,0.9763140704093083,0.10534509739547811,43,29,301,203,7,7,300,200,True,True,True,0.6423280423280423,0.6296296296296297,38,8,52.46,2.62,18.37,34.09,56.66,22050,225,4725,4725,ecd123415640404b,83effe21d6483a43,88f3492c76be44b5,NVIDIA A100-SXM4-80GB,6e223e81e1ad,8dbf1f2f4e43febd,False,bfloat16,2.11.0+cu128,2026-08-18T09:59:44
resisc45|resnet50_imagenet_rgb3|5|123,resisc45,resnet50_imagenet_rgb3,resnet50,imagenet,rgb3,,,core,False,5,123,0.6302645502645503,0.6289023207707749,0.6289023207707749,0.6218614718614719,0.9700077418172655,0.15126327708915432,0.6344973544973544,0.6379639642482472,0.6379639642482472,0.6261904761904762,0.9746119242309718,0.1132986215498082,43,29,301,203,7,7,300,200,True,True,True,0.6431746031746032,0.6203174603174603,35,26,37.52,2.61,1.56,35.97,41.18,22050,225,4725,4725,ecd123415640404b,83effe21d6483a43,88f3492c76be44b5,NVIDIA A100-SXM4-80GB,6e223e81e1ad,8dbf1f2f4e43febd,True,bfloat16,2.11.0+cu128,2026-08-18T10:00:25
resisc45|resnet50_imagenet_rgb3|5|2024,resisc45,resnet50_imagenet_rgb3,resnet50,imagenet,rgb3,,,core,False,5,2024,0.6421164021164021,0.6408325695009667,0.6408325695009667,0.633982683982684,0.9684737854737852,0.1585426195178713,0.6215873015873016,0.622807066848576,0.6228070668485759,0.612987012987013,0.972617558808035,0.11503699230138587,43,29,301,203,7,7,300,200,True,True,True,0.6222222222222222,0.6325925925925926,26,20,35.89,2.61,1.57,34.33,39.55,22050,225,4725,4725,ecd123415640404b,83effe21d6483a43,88f3492c76be44b5,NVIDIA A100-SXM4-80GB,6e223e81e1ad,8dbf1f2f4e43febd,True,bfloat16,2.11.0+cu128,2026-08-18T10:01:05
resisc45|resnet50_imagenet_rgb3|5|7,resisc45,resnet50_imagenet_rgb3,resnet50,imagenet,rgb3,,,core,False,5,7,0.6152380952380953,0.6122345875115901,0.6122345875115901,0.6064935064935064,0.9633971002542432,0.18014763248660576,0.6160846560846561,0.6202084336868394,0.6202084336868395,0.6073593073593073,0.9690278293135437,0.13416561688695636,43,29,301,203,7,7,300,200,True,True,True,0.6038095238095238,0.6050793650793651,38,28,37.47,2.75,1.53,35.94,41.25,22050,225,4725,4725,ecd123415640404b,83effe21d6483a43,88f3492c76be44b5,NVIDIA A100-SXM4-80GB,6e223e81e1ad,8dbf1f2f4e43febd,True,bfloat16,2.11.0+cu128,2026-08-18T10:01:47
resisc45|resnet50_imagenet_rgb3|5|999,resisc45,resnet50_imagenet_rgb3,resnet50,imagenet,rgb3,,,core,False,5,999,0.6141798941798942,0.6199465309097374,0.6199465309097375,0.6054112554112554,0.9681006436244531,0.16963114199814977,0.6355555555555555,0.6379344545871433,0.6379344545871433,0.6272727272727272,0.9693801965230538,0.0998904261481825,43,29,301,203,7,7,300,200,True,True,True,0.6217989417989418,0.5993650793650793,17,28,36.93,2.77,1.56,35.37,40.76,22050,225,4725,4725,ecd123415640404b,83effe21d6483a43,88f3492c76be44b5,NVIDIA A100-SXM4-80GB,6e223e81e1ad,8dbf1f2f4e43febd,True,bfloat16,2.11.0+cu128,2026-08-18T10:02:28
resisc45|swin_b_imagenet_rgb3|5|42,resisc45,swin_b_imagenet_rgb3,swin_b,imagenet,rgb3,,swin_v2_b,core,False,5,42,0.6977777777777778,0.6951871275669176,0.6951871275669177,0.6909090909090909,0.9774677844201652,0.15953204416251054,0.6169312169312169,0.6174451780345966,0.6174451780345965,0.6082251082251082,0.9695060812203667,0.1258318634102584,43,29,301,203,7,7,300,200,True,True,True,0.6112169312169312,0.6888888888888889,41,20,170.45,8.18,52.79,117.66,182.97,22050,225,4725,4725,ecd123415640404b,83effe21d6483a43,88f3492c76be44b5,NVIDIA A100-SXM4-80GB,6e223e81e1ad,88912e7391ce9f7b,False,bfloat16,2.11.0+cu128,2026-08-18T10:05:31
resisc45|swin_b_imagenet_rgb3|5|123,resisc45,swin_b_imagenet_rgb3,swin_b,imagenet,rgb3,,swin_v2_b,core,False,5,123,0.6713227513227513,0.6667579496072832,0.6667579496072832,0.6638528138528139,0.9761450789069838,0.1883614936675975,0.5964021164021164,0.5942812992983245,0.5942812992983246,0.5872294372294372,0.9691186696900982,0.14065136497298247,43,29,301,203,7,7,300,200,True,True,True,0.5976719576719577,0.6736507936507936,41,26,121.13,8.27,1.49,119.65,131.91,22050,225,4725,4725,ecd123415640404b,83effe21d6483a43,88f3492c76be44b5,NVIDIA A100-SXM4-80GB,6e223e81e1ad,88912e7391ce9f7b,True,bfloat16,2.11.0+cu128,2026-08-18T10:07:43
resisc45|swin_b_imagenet_rgb3|5|2024,resisc45,swin_b_imagenet_rgb3,swin_b,imagenet,rgb3,,swin_v2_b,core,False,5,2024,0.6821164021164021,0.6817648374475704,0.6817648374475704,0.6748917748917749,0.9759892576559241,0.17875804831111242,0.604021164021164,0.6059212307634383,0.6059212307634384,0.595021645021645,0.9677021919879061,0.14208622014396405,43,29,301,203,7,7,300,200,True,True,True,0.606984126984127,0.6848677248677248,35,28,119.81,8.5,1.5,118.31,130.85,22050,225,4725,4725,ecd123415640404b,83effe21d6483a43,88f3492c76be44b5,NVIDIA A100-SXM4-80GB,6e223e81e1ad,88912e7391ce9f7b,True,bfloat16,2.11.0+cu128,2026-08-18T10:09:54
resisc45|swin_b_imagenet_rgb3|5|7,resisc45,swin_b_imagenet_rgb3,swin_b,imagenet,rgb3,,swin_v2_b,core,False,5,7,0.6780952380952381,0.6795876291288192,0.6795876291288192,0.6707792207792207,0.9759458072791407,0.18657975398358845,0.5980952380952381,0.5997073042100778,0.5997073042100777,0.5889610389610389,0.9660224008795438,0.13764645251962873,43,29,301,203,7,7,300,200,True,True,True,0.5796825396825397,0.6704761904761904,38,28,121.23,8.23,1.47,119.77,131.96,22050,225,4725,4725,ecd123415640404b,83effe21d6483a43,88f3492c76be44b5,NVIDIA A100-SXM4-80GB,6e223e81e1ad,88912e7391ce9f7b,True,bfloat16,2.11.0+cu128,2026-08-18T10:12:07
resisc45|swin_b_imagenet_rgb3|5|999,resisc45,swin_b_imagenet_rgb3,swin_b,imagenet,rgb3,,swin_v2_b,core,False,5,999,0.6891005291005291,0.6865751869857462,0.6865751869857463,0.682034632034632,0.9771383678050345,0.1725780790476572,0.6086772486772487,0.6102478098192674,0.6102478098192674,0.5997835497835498,0.9678468586087634,0.13326269951446978,43,29,301,203,7,7,300,200,True,True,True,0.5925925925925926,0.6734391534391534,42,28,120.06,8.38,1.49,118.57,130.94,22050,225,4725,4725,ecd123415640404b,83effe21d6483a43,88f3492c76be44b5,NVIDIA A100-SXM4-80GB,6e223e81e1ad,88912e7391ce9f7b,True,bfloat16,2.11.0+cu128,2026-08-18T10:14:18
resisc45|resnet50_scratch_rgb3|5|42,resisc45,resnet50_scratch_rgb3,resnet50,scratch,rgb3,,,core,False,5,42,0.20126984126984127,0.19670099057412216,0.19670099057412221,0.18311688311688312,0.802755949517854,0.20194255738031297,0.04698412698412698,0.01581257977586651,0.01581257977586651,0.025324675324675305,0.5975162280400376,0.022172317101605353,43,29,301,203,7,7,300,200,True,True,True,0.05396825396825397,0.21121693121693122,35,28,52.14,2.83,17.91,34.24,55.93,22050,225,4725,4725,ecd123415640404b,83effe21d6483a43,88f3492c76be44b5,NVIDIA A100-SXM4-80GB,6e223e81e1ad,0bb509cc681b05be,False,bfloat16,2.11.0+cu128,2026-08-18T10:15:14
resisc45|resnet50_scratch_rgb3|5|123,resisc45,resnet50_scratch_rgb3,resnet50,scratch,rgb3,,,core,False,5,123,0.18878306878306877,0.18150303993357456,0.18150303993357458,0.17034632034632036,0.7931977599120458,0.20897915661019623,0.02941798941798942,0.004394222167955846,0.004394222167955846,0.007359307359307343,0.5795647403742641,0.004590095594604181,43,29,301,203,7,7,300,200,True,True,True,0.027513227513227514,0.19111111111111112,8,26,52.67,2.63,17.89,34.78,56.23,22050,225,4725,4725,ecd123415640404b,83effe21d6483a43,88f3492c76be44b5,NVIDIA A100-SXM4-80GB,6e223e81e1ad,ead1bf14194341d9,False,bfloat16,2.11.0+cu128,2026-08-18T10:16:11
resisc45|resnet50_scratch_rgb3|5|2024,resisc45,resnet50_scratch_rgb3,resnet50,scratch,rgb3,,,core,False,5,2024,0.21015873015873016,0.20326949113793907,0.20326949113793907,0.19220779220779216,0.8111506905792619,0.20930617179820152,0.04126984126984127,0.011443210148115559,0.01144321014811556,0.01948051948051943,0.612704505371172,0.015207112432708815,43,29,301,203,7,7,300,200,True,True,True,0.04275132275132275,0.2165079365079365,8,28,51.61,2.61,17.83,33.78,55.14,22050,225,4725,4725,ecd123415640404b,83effe21d6483a43,88f3492c76be44b5,NVIDIA A100-SXM4-80GB,6e223e81e1ad,319c432283a11129,False,bfloat16,2.11.0+cu128,2026-08-18T10:17:06
resisc45|resnet50_scratch_rgb3|5|7,resisc45,resnet50_scratch_rgb3,resnet50,scratch,rgb3,,,core,False,5,7,0.1964021164021164,0.19225785062566184,0.1922578506256619,0.17813852813852815,0.803902127854509,0.18771807857291406,0.06306878306878307,0.014680485105325568,0.014680485105325568,0.0417748917748918,0.6580833047023524,0.03419186190677383,43,29,301,203,7,7,300,200,True,True,True,0.06328042328042328,0.20444444444444446,11,28,51.62,2.64,17.73,33.89,55.18,22050,225,4725,4725,ecd123415640404b,83effe21d6483a43,88f3492c76be44b5,NVIDIA A100-SXM4-80GB,6e223e81e1ad,9fbe17ee78e1ca6e,False,bfloat16,2.11.0+cu128,2026-08-18T10:18:01
resisc45|resnet50_scratch_rgb3|5|999,resisc45,resnet50_scratch_rgb3,resnet50,scratch,rgb3,,,core,False,5,999,0.19322751322751322,0.1817225615282388,0.18172256152823885,0.17489177489177488,0.7933960466341418,0.212799459115538,0.02687830687830688,0.004291534097026087,0.004291534097026088,0.004761904761904967,0.5925609152752009,0.004673851417801366,43,29,301,203,7,7,300,200,True,True,True,0.025608465608465608,0.19343915343915344,5,23,53.47,2.54,18.09,35.38,56.94,22050,225,4725,4725,ecd123415640404b,83effe21d6483a43,88f3492c76be44b5,NVIDIA A100-SXM4-80GB,6e223e81e1ad,631d764cc50df590,False,bfloat16,2.11.0+cu128,2026-08-18T10:18:59
resisc45|swin_b_scratch_rgb3|5|42,resisc45,swin_b_scratch_rgb3,swin_b,scratch,rgb3,,swin_v2_b,core,False,5,42,0.2019047619047619,0.19527645613157815,0.19527645613157826,0.1837662337662338,0.8002040358230835,0.3163936934584663,0.19767195767195767,0.18624040180020154,0.18624040180020154,0.1794372294372294,0.7913754323278132,0.1618327028883828,43,29,301,203,7,7,300,200,True,True,True,0.20296296296296296,0.20275132275132274,35,28,170.43,8.24,52.46,117.97,180.86,22050,225,4725,4725,ecd123415640404b,83effe21d6483a43,88f3492c76be44b5,NVIDIA A100-SXM4-80GB,6e223e81e1ad,b8ec45178d7aaa3b,False,bfloat16,2.11.0+cu128,2026-08-18T10:22:00
resisc45|swin_b_scratch_rgb3|5|123,resisc45,swin_b_scratch_rgb3,swin_b,scratch,rgb3,,swin_v2_b,core,False,5,123,0.2217989417989418,0.21079313649185996,0.21079313649186002,0.20411255411255413,0.8194006275911038,0.4178051993960426,0.21206349206349207,0.19459262901431285,0.19459262901431287,0.1941558441558442,0.8087066126113743,0.23720826125334182,43,29,301,203,7,7,300,200,True,True,True,0.2141798941798942,0.2275132275132275,29,26,173.58,8.37,53.15,120.43,184.14,22050,225,4725,4725,ecd123415640404b,83effe21d6483a43,88f3492c76be44b5,NVIDIA A100-SXM4-80GB,6e223e81e1ad,b3e6b98e74745596,False,bfloat16,2.11.0+cu128,2026-08-18T10:25:04
resisc45|swin_b_scratch_rgb3|5|2024,resisc45,swin_b_scratch_rgb3,swin_b,scratch,rgb3,,swin_v2_b,core,False,5,2024,0.21714285714285714,0.20710941475418657,0.20710941475418657,0.1993506493506494,0.8015770860532765,0.38296332807137223,0.23005291005291006,0.22059758813089492,0.22059758813089497,0.2125541125541126,0.8113086419753087,0.16775174426654033,43,29,301,203,7,7,300,200,True,True,True,0.22306878306878306,0.21968253968253967,35,26,171.13,8.4,52.85,118.28,181.8,22050,225,4725,4725,ecd123415640404b,83effe21d6483a43,88f3492c76be44b5,NVIDIA A100-SXM4-80GB,6e223e81e1ad,c63d77d8523e8532,False,bfloat16,2.11.0+cu128,2026-08-18T10:28:06
resisc45|swin_b_scratch_rgb3|5|7,resisc45,swin_b_scratch_rgb3,swin_b,scratch,rgb3,,swin_v2_b,core,False,5,7,0.19682539682539682,0.19662107154413092,0.19662107154413092,0.1785714285714286,0.7977101628530201,0.39789405508016146,0.1985185185185185,0.19753776521751282,0.19753776521751282,0.1803030303030303,0.795243409148171,0.2185385420335033,43,29,301,203,7,7,300,200,True,True,True,0.2038095238095238,0.20063492063492064,42,26,171.74,8.43,52.7,119.04,182.37,22050,225,4725,4725,ecd123415640404b,83effe21d6483a43,88f3492c76be44b5,NVIDIA A100-SXM4-80GB,6e223e81e1ad,8ff7909cbedb589b,False,bfloat16,2.11.0+cu128,2026-08-18T10:31:09
resisc45|swin_b_scratch_rgb3|5|999,resisc45,swin_b_scratch_rgb3,swin_b,scratch,rgb3,,swin_v2_b,core,False,5,999,0.20656084656084656,0.1918954117315745,0.1918954117315745,0.18852813852813854,0.8079610618658236,0.34349389833117283,0.20148148148148148,0.18579603702470365,0.18579603702470368,0.18333333333333346,0.7982394466203987,0.14166748749200628,43,29,301,203,7,7,300,200,True,True,True,0.20126984126984127,0.21227513227513228,35,26,170.72,8.83,52.32,118.4,181.77,22050,225,4725,4725,ecd123415640404b,83effe21d6483a43,88f3492c76be44b5,NVIDIA A100-SXM4-80GB,6e223e81e1ad,0b817b7aa74cba60,False,bfloat16,2.11.0+cu128,2026-08-18T10:34:11
resisc45|resnet50_satlas-rgb_rgb3|10|42,resisc45,resnet50_satlas-rgb_rgb3,resnet50,satlas,rgb3,rgb,,core,False,10,42,0.5051851851851852,0.4955738359075547,0.49557383590755477,0.4939393939393939,0.9374201424677614,0.2906669822887138,0.45650793650793653,0.45575787030225523,0.4557578703022552,0.4441558441558442,0.9288155477679289,0.22932413085112496,20,14,300,210,15,15,300,200,True,True,False,0.44952380952380955,0.5079365079365079,17,11,27.98,2.76,1.27,26.71,34.12,22050,450,4725,4725,ecd123415640404b,83effe21d6483a43,88f3492c76be44b5,NVIDIA A100-SXM4-80GB,6e223e81e1ad,86f6e7d57f4b9cb1,True,bfloat16,2.11.0+cu128,2026-08-18T10:34:45
resisc45|resnet50_satlas-rgb_rgb3|10|123,resisc45,resnet50_satlas-rgb_rgb3,resnet50,satlas,rgb3,rgb,,core,False,10,123,0.4852910052910053,0.47713690449574014,0.47713690449574037,0.47359307359307357,0.934952999381571,0.3063855816983672,0.45396825396825397,0.4478844660042623,0.44788446600426235,0.4415584415584416,0.9305528298861633,0.23215572629340742,20,14,300,210,15,15,300,200,True,True,False,0.4444444444444444,0.48275132275132276,17,13,27.53,2.68,1.27,26.26,33.2,22050,450,4725,4725,ecd123415640404b,83effe21d6483a43,88f3492c76be44b5,NVIDIA A100-SXM4-80GB,6e223e81e1ad,86f6e7d57f4b9cb1,True,bfloat16,2.11.0+cu128,2026-08-18T10:35:19
resisc45|resnet50_satlas-rgb_rgb3|10|2024,resisc45,resnet50_satlas-rgb_rgb3,resnet50,satlas,rgb3,rgb,,core,False,10,2024,0.5011640211640211,0.4936459498585549,0.4936459498585549,0.48982683982683983,0.9349656886323552,0.29619796227841144,0.4546031746031746,0.4515611639487815,0.4515611639487816,0.44220779220779216,0.9289534345724823,0.2479043500385587,20,14,300,210,15,15,300,200,True,True,False,0.45756613756613757,0.49164021164021166,13,9,27.55,2.55,1.28,26.27,33.45,22050,450,4725,4725,ecd123415640404b,83effe21d6483a43,88f3492c76be44b5,NVIDIA A100-SXM4-80GB,6e223e81e1ad,86f6e7d57f4b9cb1,True,bfloat16,2.11.0+cu128,2026-08-18T10:35:53
resisc45|resnet50_satlas-rgb_rgb3|10|7,resisc45,resnet50_satlas-rgb_rgb3,resnet50,satlas,rgb3,rgb,,core,False,10,7,0.49396825396825395,0.4882188745894285,0.4882188745894285,0.4824675324675325,0.9355361552028219,0.2882413678005259,0.44994708994708993,0.44662314206494325,0.44662314206494347,0.4374458874458874,0.9300818617009097,0.2373815427886115,20,14,300,210,15,15,300,200,True,True,False,0.46010582010582013,0.48634920634920636,13,11,27.74,2.61,1.26,26.48,33.45,22050,450,4725,4725,ecd123415640404b,83effe21d6483a43,88f3492c76be44b5,NVIDIA A100-SXM4-80GB,6e223e81e1ad,86f6e7d57f4b9cb1,True,bfloat16,2.11.0+cu128,2026-08-18T10:36:26
resisc45|resnet50_satlas-rgb_rgb3|10|999,resisc45,resnet50_satlas-rgb_rgb3,resnet50,satlas,rgb3,rgb,,core,False,10,999,0.4901587301587302,0.48147497513662707,0.481474975136627,0.47857142857142854,0.9374500103071534,0.28294251479799787,0.46010582010582013,0.46063568151809825,0.4606356815180984,0.4478354978354978,0.9297521702283608,0.2302332308289235,20,14,300,210,15,15,300,200,True,True,False,0.4452910052910053,0.4848677248677249,19,13,28.55,2.92,1.26,27.3,34.98,22050,450,4725,4725,ecd123415640404b,83effe21d6483a43,88f3492c76be44b5,NVIDIA A100-SXM4-80GB,6e223e81e1ad,86f6e7d57f4b9cb1,True,bfloat16,2.11.0+cu128,2026-08-18T10:37:02
resisc45|swin_b_satlas-rgb_rgb3|10|42,resisc45,swin_b_satlas-rgb_rgb3,swin_b,satlas,rgb3,rgb,swin_v2_b,core,False,10,42,0.624973544973545,0.6246087848259093,0.6246087848259093,0.6164502164502165,0.9720672026386312,0.22576603397490486,0.5151322751322751,0.5148488626007705,0.5148488626007705,0.504112554112554,0.9536198263817314,0.03665221800879827,20,14,300,210,15,15,300,200,True,True,False,0.5096296296296297,0.6169312169312169,19,13,100.89,8.92,1.2,99.69,116.65,22050,450,4725,4725,ecd123415640404b,83effe21d6483a43,88f3492c76be44b5,NVIDIA A100-SXM4-80GB,6e223e81e1ad,8eb346c9c99a4bf3,True,bfloat16,2.11.0+cu128,2026-08-18T10:38:59
resisc45|swin_b_satlas-rgb_rgb3|10|123,resisc45,swin_b_satlas-rgb_rgb3,swin_b,satlas,rgb3,rgb,swin_v2_b,core,False,10,123,0.6336507936507937,0.629061041576216,0.629061041576216,0.6253246753246753,0.9738772074486362,0.23198234284365615,0.5382010582010582,0.5364720069592857,0.5364720069592855,0.5277056277056278,0.9595801094848715,0.034843938971953425,20,14,300,210,15,15,300,200,True,True,False,0.5227513227513227,0.6190476190476191,17,13,102.41,8.86,1.31,101.1,118.13,22050,450,4725,4725,ecd123415640404b,83effe21d6483a43,88f3492c76be44b5,NVIDIA A100-SXM4-80GB,6e223e81e1ad,8eb346c9c99a4bf3,True,bfloat16,2.11.0+cu128,2026-08-18T10:40:57
resisc45|swin_b_satlas-rgb_rgb3|10|2024,resisc45,swin_b_satlas-rgb_rgb3,swin_b,satlas,rgb3,rgb,swin_v2_b,core,False,10,2024,0.6061375661375661,0.605652362616639,0.6056523626166387,0.5971861471861473,0.9682827366636892,0.2451542457007857,0.5028571428571429,0.5019577825122594,0.5019577825122594,0.49155844155844153,0.9500643624453147,0.06487419619604394,20,14,300,210,15,15,300,200,True,True,False,0.5231746031746032,0.6057142857142858,17,13,100.88,8.61,1.3,99.58,116.08,22050,450,4725,4725,ecd123415640404b,83effe21d6483a43,88f3492c76be44b5,NVIDIA A100-SXM4-80GB,6e223e81e1ad,8eb346c9c99a4bf3,True,bfloat16,2.11.0+cu128,2026-08-18T10:42:53
resisc45|swin_b_satlas-rgb_rgb3|10|7,resisc45,swin_b_satlas-rgb_rgb3,swin_b,satlas,rgb3,rgb,swin_v2_b,core,False,10,7,0.64,0.6375870401050309,0.6375870401050309,0.6318181818181818,0.9737693946265377,0.2096206107120665,0.5439153439153439,0.5453743464472287,0.545374346447229,0.5335497835497836,0.9575683364254792,0.022851195959817792,20,14,300,210,15,15,300,200,True,True,False,0.5216931216931217,0.6192592592592593,19,13,99.33,8.55,1.21,98.13,114.53,22050,450,4725,4725,ecd123415640404b,83effe21d6483a43,88f3492c76be44b5,NVIDIA A100-SXM4-80GB,6e223e81e1ad,8eb346c9c99a4bf3,True,bfloat16,2.11.0+cu128,2026-08-18T10:44:48
resisc45|swin_b_satlas-rgb_rgb3|10|999,resisc45,swin_b_satlas-rgb_rgb3,swin_b,satlas,rgb3,rgb,swin_v2_b,core,False,10,999,0.6332275132275133,0.6348263432674564,0.6348263432674564,0.6248917748917748,0.9697865045007903,0.2304480220022656,0.5337566137566138,0.5353848493680545,0.5353848493680545,0.5231601731601732,0.9531819327057423,0.035999951151312964,20,14,300,210,15,15,300,200,True,True,False,0.5225396825396825,0.6063492063492063,17,13,98.37,8.42,1.24,97.14,114.27,22050,450,4725,4725,ecd123415640404b,83effe21d6483a43,88f3492c76be44b5,NVIDIA A100-SXM4-80GB,6e223e81e1ad,8eb346c9c99a4bf3,True,bfloat16,2.11.0+cu128,2026-08-18T10:46:43
resisc45|resnet50_imagenet_rgb3|10|42,resisc45,resnet50_imagenet_rgb3,resnet50,imagenet,rgb3,,,core,False,10,42,0.7155555555555555,0.7153810330653583,0.7153810330653582,0.7090909090909091,0.9818095696190933,0.133788074201377,0.7204232804232804,0.7218694284335718,0.7218694284335719,0.7140692640692641,0.9851756567947043,0.08584185708136788,20,14,300,210,15,15,300,200,True,True,False,0.717037037037037,0.7125925925925926,13,9,27.83,2.63,1.27,26.55,31.52,22050,450,4725,4725,ecd123415640404b,83effe21d6483a43,88f3492c76be44b5,NVIDIA A100-SXM4-80GB,6e223e81e1ad,8dbf1f2f4e43febd,True,bfloat16,2.11.0+cu128,2026-08-18T10:47:15
resisc45|resnet50_imagenet_rgb3|10|123,resisc45,resnet50_imagenet_rgb3,resnet50,imagenet,rgb3,,,core,False,10,123,0.7176719576719577,0.7131201365958774,0.7131201365958773,0.7112554112554113,0.9810618658237706,0.1227764120461449,0.7187301587301588,0.720181138588477,0.720181138588477,0.7123376623376623,0.9849311253120779,0.07786436926750906,20,14,300,210,15,15,300,200,True,True,False,0.7172486772486772,0.7043386243386244,11,9,27.74,2.65,1.27,26.47,31.43,22050,450,4725,4725,ecd123415640404b,83effe21d6483a43,88f3492c76be44b5,NVIDIA A100-SXM4-80GB,6e223e81e1ad,8dbf1f2f4e43febd,True,bfloat16,2.11.0+cu128,2026-08-18T10:47:46
resisc45|resnet50_imagenet_rgb3|10|2024,resisc45,resnet50_imagenet_rgb3,resnet50,imagenet,rgb3,,,core,False,10,2024,0.7098412698412698,0.705884852374848,0.705884852374848,0.7032467532467532,0.9823063973063972,0.13679328543799266,0.7159788359788359,0.7152860830082768,0.7152860830082768,0.7095238095238094,0.9834749765225955,0.08394506462351983,20,14,300,210,15,15,300,200,True,True,False,0.7045502645502646,0.6960846560846561,13,7,28.59,2.61,1.25,27.33,32.24,22050,450,4725,4725,ecd123415640404b,83effe21d6483a43,88f3492c76be44b5,NVIDIA A100-SXM4-80GB,6e223e81e1ad,8dbf1f2f4e43febd,True,bfloat16,2.11.0+cu128,2026-08-18T10:48:19
resisc45|resnet50_imagenet_rgb3|10|7,resisc45,resnet50_imagenet_rgb3,resnet50,imagenet,rgb3,,,core,False,10,7,0.7092063492063492,0.7077806059767061,0.7077806059767063,0.7025974025974027,0.9806711560044895,0.13158865908150952,0.7176719576719577,0.7185244906759731,0.718524490675973,0.7112554112554113,0.9841554318697175,0.08477470950474816,20,14,300,210,15,15,300,200,True,True,False,0.6973544973544974,0.7030687830687831,13,13,27.82,2.72,1.24,26.58,31.6,22050,450,4725,4725,ecd123415640404b,83effe21d6483a43,88f3492c76be44b5,NVIDIA A100-SXM4-80GB,6e223e81e1ad,8dbf1f2f4e43febd,True,bfloat16,2.11.0+cu128,2026-08-18T10:48:51
resisc45|resnet50_imagenet_rgb3|10|999,resisc45,resnet50_imagenet_rgb3,resnet50,imagenet,rgb3,,,core,False,10,999,0.7007407407407408,0.6958070485906489,0.6958070485906489,0.693939393939394,0.9791042396756683,0.13748231084889206,0.7125925925925926,0.7138684896593064,0.7138684896593065,0.706060606060606,0.9833500996358139,0.08990794174254886,20,14,300,210,15,15,300,200,True,True,False,0.7098412698412698,0.6912169312169312,17,11,28.35,2.66,1.26,27.09,32.05,22050,450,4725,4725,ecd123415640404b,83effe21d6483a43,88f3492c76be44b5,NVIDIA A100-SXM4-80GB,6e223e81e1ad,8dbf1f2f4e43febd,True,bfloat16,2.11.0+cu128,2026-08-18T10:49:23
resisc45|swin_b_imagenet_rgb3|10|42,resisc45,swin_b_imagenet_rgb3,swin_b,imagenet,rgb3,,swin_v2_b,core,False,10,42,0.7887830687830688,0.7888137032774203,0.7888137032774204,0.783982683982684,0.9900951006665292,0.11194657686841551,0.6954497354497354,0.6962489938168847,0.6962489938168847,0.6885281385281385,0.9824627682722921,0.07294854198498703,20,14,300,210,15,15,300,200,True,True,False,0.6859259259259259,0.7803174603174603,11,13,96.14,8.88,1.23,94.92,107.51,22050,450,4725,4725,ecd123415640404b,83effe21d6483a43,88f3492c76be44b5,NVIDIA A100-SXM4-80GB,6e223e81e1ad,88912e7391ce9f7b,True,bfloat16,2.11.0+cu128,2026-08-18T10:51:11
resisc45|swin_b_imagenet_rgb3|10|123,resisc45,swin_b_imagenet_rgb3,swin_b,imagenet,rgb3,,swin_v2_b,core,False,10,123,0.7712169312169312,0.7685797261815206,0.7685797261815205,0.766017316017316,0.9888274582560298,0.1230386318857708,0.6903703703703704,0.6889765225534146,0.6889765225534145,0.6833333333333333,0.9823004649671317,0.0845612029959916,20,14,300,210,15,15,300,200,True,True,False,0.6831746031746032,0.7718518518518519,15,9,95.83,8.35,1.19,94.64,106.69,22050,450,4725,4725,ecd123415640404b,83effe21d6483a43,88f3492c76be44b5,NVIDIA A100-SXM4-80GB,6e223e81e1ad,88912e7391ce9f7b,True,bfloat16,2.11.0+cu128,2026-08-18T10:52:58
resisc45|swin_b_imagenet_rgb3|10|2024,resisc45,swin_b_imagenet_rgb3,swin_b,imagenet,rgb3,,swin_v2_b,core,False,10,2024,0.782010582010582,0.7802859246923101,0.7802859246923098,0.777056277056277,0.9889373096039763,0.12230349709747962,0.6916402116402116,0.6912788071495891,0.6912788071495892,0.6846320346320347,0.9826263542454018,0.08806881671544736,20,14,300,210,15,15,300,200,True,True,False,0.6844444444444444,0.7877248677248677,19,13,97.27,8.41,1.22,96.05,108.19,22050,450,4725,4725,ecd123415640404b,83effe21d6483a43,88f3492c76be44b5,NVIDIA A100-SXM4-80GB,6e223e81e1ad,88912e7391ce9f7b,True,bfloat16,2.11.0+cu128,2026-08-18T10:54:46
resisc45|swin_b_imagenet_rgb3|10|7,resisc45,swin_b_imagenet_rgb3,swin_b,imagenet,rgb3,,swin_v2_b,core,False,10,7,0.7936507936507936,0.7911676246164537,0.7911676246164536,0.788961038961039,0.990609839895554,0.11060719899399568,0.7039153439153439,0.7051159258398376,0.7051159258398375,0.6971861471861471,0.9842652374080946,0.05208126259543906,20,14,300,210,15,15,300,200,True,True,False,0.6941798941798942,0.783068783068783,11,13,97.67,8.66,1.19,96.49,108.84,22050,450,4725,4725,ecd123415640404b,83effe21d6483a43,88f3492c76be44b5,NVIDIA A100-SXM4-80GB,6e223e81e1ad,88912e7391ce9f7b,True,bfloat16,2.11.0+cu128,2026-08-18T10:56:36
resisc45|swin_b_imagenet_rgb3|10|999,resisc45,swin_b_imagenet_rgb3,swin_b,imagenet,rgb3,,swin_v2_b,core,False,10,999,0.7703703703703704,0.7681598426253885,0.7681598426253885,0.7651515151515151,0.9883221328935614,0.13017655410463846,0.6903703703703704,0.6926143482911422,0.6926143482911422,0.6833333333333333,0.9805578231292518,0.08900380915119535,20,14,300,210,15,15,300,200,True,True,False,0.6751322751322751,0.7724867724867724,19,13,100.55,8.76,1.25,99.3,111.94,22050,450,4725,4725,ecd123415640404b,83effe21d6483a43,88f3492c76be44b5,NVIDIA A100-SXM4-80GB,6e223e81e1ad,88912e7391ce9f7b,True,bfloat16,2.11.0+cu128,2026-08-18T10:58:28
resisc45|resnet50_scratch_rgb3|10|42,resisc45,resnet50_scratch_rgb3,resnet50,scratch,rgb3,,,core,False,10,42,0.22645502645502646,0.20974028288176888,0.20974028288176885,0.20887445887445888,0.8402235506997411,0.059377020727547386,0.027513227513227514,0.005600192382061712,0.005600192382061712,0.005411255411255422,0.5854765798575322,0.0003872244564629111,20,14,300,210,15,15,300,200,True,True,False,0.026455026455026454,0.23365079365079366,5,11,27.91,2.72,1.32,26.59,31.59,22050,450,4725,4725,ecd123415640404b,83effe21d6483a43,88f3492c76be44b5,NVIDIA A100-SXM4-80GB,6e223e81e1ad,0bb509cc681b05be,True,bfloat16,2.11.0+cu128,2026-08-18T10:59:00
resisc45|resnet50_scratch_rgb3|10|123,resisc45,resnet50_scratch_rgb3,resnet50,scratch,rgb3,,,core,False,10,123,0.23513227513227514,0.2154316648464193,0.21543166484641932,0.2177489177489178,0.8409447307542545,0.06604401513855294,0.022222222222222223,0.000966183574879227,0.000966183574879227,0.0,0.6192023866785772,0.025016746090518103,20,14,300,210,15,15,300,200,True,True,False,0.022222222222222223,0.23576719576719576,1,13,28.56,2.59,1.27,27.29,32.07,22050,450,4725,4725,ecd123415640404b,83effe21d6483a43,88f3492c76be44b5,NVIDIA A100-SXM4-80GB,6e223e81e1ad,ead1bf14194341d9,True,bfloat16,2.11.0+cu128,2026-08-18T10:59:32
resisc45|resnet50_scratch_rgb3|10|2024,resisc45,resnet50_scratch_rgb3,resnet50,scratch,rgb3,,,core,False,10,2024,0.21947089947089948,0.20019998521037444,0.2001999852103744,0.20173160173160176,0.8342990906800429,0.08052949870389606,0.02328042328042328,0.0028510615346665083,0.0028510615346665083,0.0010822510822511289,0.6138765203050917,0.0005541144342964925,20,14,300,210,15,15,300,200,True,True,False,0.026455026455026454,0.23597883597883598,13,13,28.01,2.67,1.28,26.73,31.57,22050,450,4725,4725,ecd123415640404b,83effe21d6483a43,88f3492c76be44b5,NVIDIA A100-SXM4-80GB,6e223e81e1ad,319c432283a11129,True,bfloat16,2.11.0+cu128,2026-08-18T11:00:04
resisc45|resnet50_scratch_rgb3|10|7,resisc45,resnet50_scratch_rgb3,resnet50,scratch,rgb3,,,core,False,10,7,0.22306878306878306,0.20505316903887966,0.20505316903887968,0.20541125541125538,0.8380559792940746,0.05919201234897608,0.030476190476190476,0.00410964149464227,0.00410964149464227,0.008441558441558472,0.5868349252158777,0.0062336794570797965,20,14,300,210,15,15,300,200,True,True,False,0.02962962962962963,0.22624338624338625,7,11,29.05,2.57,1.29,27.76,32.52,22050,450,4725,4725,ecd123415640404b,83effe21d6483a43,88f3492c76be44b5,NVIDIA A100-SXM4-80GB,6e223e81e1ad,9fbe17ee78e1ca6e,True,bfloat16,2.11.0+cu128,2026-08-18T11:00:37
resisc45|resnet50_scratch_rgb3|10|999,resisc45,resnet50_scratch_rgb3,resnet50,scratch,rgb3,,,core,False,10,999,0.2273015873015873,0.20887737143758456,0.20887737143758464,0.20974025974025956,0.8380758606472892,0.07039863722664969,0.022222222222222223,0.000966183574879227,0.000966183574879227,0.0,0.6102945326278659,0.019730000363455878,20,14,300,210,15,15,300,200,True,True,False,0.022222222222222223,0.23153439153439154,1,13,27.47,2.58,1.29,26.19,30.98,22050,450,4725,4725,ecd123415640404b,83effe21d6483a43,88f3492c76be44b5,NVIDIA A100-SXM4-80GB,6e223e81e1ad,631d764cc50df590,True,bfloat16,2.11.0+cu128,2026-08-18T11:01:08
resisc45|swin_b_scratch_rgb3|10|42,resisc45,swin_b_scratch_rgb3,swin_b,scratch,rgb3,,swin_v2_b,core,False,10,42,0.20275132275132274,0.18543885479582214,0.18543885479582212,0.1846320346320346,0.8350754254563777,0.12377884891298083,0.22624338624338625,0.21353003810146332,0.21353003810146334,0.20865800865800865,0.8266656359513503,0.04504006270693724,20,14,300,210,15,15,300,200,True,True,False,0.23216931216931216,0.21608465608465607,19,13,96.39,8.33,1.22,95.17,106.88,22050,450,4725,4725,ecd123415640404b,83effe21d6483a43,88f3492c76be44b5,NVIDIA A100-SXM4-80GB,6e223e81e1ad,b8ec45178d7aaa3b,True,bfloat16,2.11.0+cu128,2026-08-18T11:02:55
resisc45|swin_b_scratch_rgb3|10|123,resisc45,swin_b_scratch_rgb3,swin_b,scratch,rgb3,,swin_v2_b,core,False,10,123,0.24063492063492065,0.22033081854316253,0.22033081854316253,0.22337662337662334,0.8415203279965183,0.12084856720197769,0.24592592592592594,0.23271949097570774,0.2327194909757077,0.22878787878787876,0.8424943768753294,0.07863541197839868,20,14,300,210,15,15,300,200,True,True,False,0.24656084656084656,0.2419047619047619,19,11,99.97,8.74,1.23,98.74,110.88,22050,450,4725,4725,ecd123415640404b,83effe21d6483a43,88f3492c76be44b5,NVIDIA A100-SXM4-80GB,6e223e81e1ad,b3e6b98e74745596,True,bfloat16,2.11.0+cu128,2026-08-18T11:04:46
resisc45|swin_b_scratch_rgb3|10|2024,resisc45,swin_b_scratch_rgb3,swin_b,scratch,rgb3,,swin_v2_b,core,False,10,2024,0.24275132275132275,0.21976337572645077,0.21976337572645072,0.2255411255411255,0.8391833528024005,0.17491486114484298,0.25164021164021166,0.23329634320536122,0.23329634320536122,0.23463203463203464,0.831759568473854,0.05339514129691653,20,14,300,210,15,15,300,200,True,True,False,0.24825396825396825,0.23365079365079366,19,13,99.01,8.45,1.28,97.72,109.61,22050,450,4725,4725,ecd123415640404b,83effe21d6483a43,88f3492c76be44b5,NVIDIA A100-SXM4-80GB,6e223e81e1ad,c63d77d8523e8532,True,bfloat16,2.11.0+cu128,2026-08-18T11:06:36
resisc45|swin_b_scratch_rgb3|10|7,resisc45,swin_b_scratch_rgb3,swin_b,scratch,rgb3,,swin_v2_b,core,False,10,7,0.2311111111111111,0.21092762826650813,0.21092762826650813,0.21363636363636362,0.8358030188506379,0.1454021935109739,0.24063492063492065,0.2226660217050847,0.2226660217050848,0.22337662337662334,0.8369061361918505,0.05206848594877455,20,14,300,210,15,15,300,200,True,True,False,0.24211640211640212,0.2342857142857143,15,13,95.97,8.52,1.22,94.75,106.62,22050,450,4725,4725,ecd123415640404b,83effe21d6483a43,88f3492c76be44b5,NVIDIA A100-SXM4-80GB,6e223e81e1ad,8ff7909cbedb589b,True,bfloat16,2.11.0+cu128,2026-08-18T11:08:23
resisc45|swin_b_scratch_rgb3|10|999,resisc45,swin_b_scratch_rgb3,swin_b,scratch,rgb3,,swin_v2_b,core,False,10,999,0.22031746031746033,0.19579969589819027,0.19579969589819018,0.20259740259740255,0.83079736136879,0.1457671367680585,0.22497354497354496,0.20447115277657726,0.20447115277657726,0.2073593073593074,0.8236390664009712,0.0407417198779091,20,14,300,210,15,15,300,200,True,True,False,0.2273015873015873,0.21566137566137566,13,13,96.08,8.29,1.19,94.88,106.52,22050,450,4725,4725,ecd123415640404b,83effe21d6483a43,88f3492c76be44b5,NVIDIA A100-SXM4-80GB,6e223e81e1ad,0b817b7aa74cba60,True,bfloat16,2.11.0+cu128,2026-08-18T11:10:10
resisc45|resnet50_satlas-rgb_rgb3|25|42,resisc45,resnet50_satlas-rgb_rgb3,resnet50,satlas,rgb3,rgb,,core,False,25,42,0.6135449735449735,0.610785401954808,0.6107854019548079,0.6047619047619048,0.966587026729884,0.23700676053289382,0.5441269841269841,0.5442444365626704,0.5442444365626704,0.5337662337662338,0.9555901875901877,0.2131999240035102,15,10,540,360,36,36,300,200,False,False,False,0.5371428571428571,0.6082539682539683,14,8,42.68,2.88,2.06,40.62,48.81,22050,1125,4725,4725,ecd123415640404b,83effe21d6483a43,88f3492c76be44b5,NVIDIA A100-SXM4-80GB,6e223e81e1ad,86f6e7d57f4b9cb1,True,bfloat16,2.11.0+cu128,2026-08-18T11:10:59
resisc45|resnet50_satlas-rgb_rgb3|25|123,resisc45,resnet50_satlas-rgb_rgb3,resnet50,satlas,rgb3,rgb,,core,False,25,123,0.6323809523809524,0.6279557419625211,0.627955741962521,0.624025974025974,0.9691225635035158,0.2161970844975224,0.540952380952381,0.5367998942381539,0.5367998942381538,0.5305194805194805,0.9552438443390825,0.21548212974002123,15,10,540,360,36,36,300,200,False,False,False,0.5392592592592592,0.606984126984127,12,9,45.14,2.93,2.11,43.02,51.34,22050,1125,4725,4725,ecd123415640404b,83effe21d6483a43,88f3492c76be44b5,NVIDIA A100-SXM4-80GB,6e223e81e1ad,86f6e7d57f4b9cb1,True,bfloat16,2.11.0+cu128,2026-08-18T11:11:51
resisc45|resnet50_satlas-rgb_rgb3|25|2024,resisc45,resnet50_satlas-rgb_rgb3,resnet50,satlas,rgb3,rgb,,core,False,25,2024,0.6154497354497355,0.6120813263015927,0.6120813263015927,0.6067099567099568,0.9644573398382922,0.22260722850050246,0.5432804232804233,0.538158553897092,0.5381585538970919,0.5329004329004329,0.9547815112577018,0.21149556024364694,15,10,540,360,36,36,300,200,False,False,False,0.5388359788359789,0.606984126984127,12,8,46.55,3.54,2.15,44.4,53.22,22050,1125,4725,4725,ecd123415640404b,83effe21d6483a43,88f3492c76be44b5,NVIDIA A100-SXM4-80GB,6e223e81e1ad,86f6e7d57f4b9cb1,True,bfloat16,2.11.0+cu128,2026-08-18T11:12:44
resisc45|resnet50_satlas-rgb_rgb3|25|7,resisc45,resnet50_satlas-rgb_rgb3,resnet50,satlas,rgb3,rgb,,core,False,25,7,0.6188359788359789,0.6150619177028279,0.6150619177028278,0.6101731601731601,0.9657100025195264,0.22119316580434323,0.5422222222222223,0.5438563434208311,0.5438563434208311,0.5318181818181817,0.9537372821182345,0.21113398315099183,15,10,540,360,36,36,300,200,False,False,False,0.55005291005291,0.6139682539682539,12,8,46.76,2.6,2.15,44.62,52.78,22050,1125,4725,4725,ecd123415640404b,83effe21d6483a43,88f3492c76be44b5,NVIDIA A100-SXM4-80GB,6e223e81e1ad,86f6e7d57f4b9cb1,True,bfloat16,2.11.0+cu128,2026-08-18T11:13:38
resisc45|resnet50_satlas-rgb_rgb3|25|999,resisc45,resnet50_satlas-rgb_rgb3,resnet50,satlas,rgb3,rgb,,core,False,25,999,0.624973544973545,0.6194741529775687,0.6194741529775684,0.6164502164502165,0.9657347625919055,0.21538012108790178,0.5468783068783069,0.54647244521046,0.5464724452104601,0.5365800865800866,0.9534162486543438,0.21126016402055348,15,10,540,360,36,36,300,200,False,False,False,0.5468783068783069,0.6057142857142858,13,8,42.92,2.68,2.08,40.84,48.88,22050,1125,4725,4725,ecd123415640404b,83effe21d6483a43,88f3492c76be44b5,NVIDIA A100-SXM4-80GB,6e223e81e1ad,86f6e7d57f4b9cb1,True,bfloat16,2.11.0+cu128,2026-08-18T11:14:27
resisc45|swin_b_satlas-rgb_rgb3|25|42,resisc45,swin_b_satlas-rgb_rgb3,swin_b,satlas,rgb3,rgb,swin_v2_b,core,False,25,42,0.7434920634920635,0.7422624237441144,0.7422624237441146,0.7376623376623377,0.9871143177809846,0.15772419340711424,0.6247619047619047,0.6241801483866601,0.6241801483866602,0.6162337662337662,0.97449309420738,0.026790775681929602,15,10,540,360,36,36,300,200,False,False,False,0.6173544973544973,0.7278306878306878,14,9,147.8,8.31,2.04,145.76,163.62,22050,1125,4725,4725,ecd123415640404b,83effe21d6483a43,88f3492c76be44b5,NVIDIA A100-SXM4-80GB,6e223e81e1ad,8eb346c9c99a4bf3,True,bfloat16,2.11.0+cu128,2026-08-18T11:17:11
resisc45|swin_b_satlas-rgb_rgb3|25|123,resisc45,swin_b_satlas-rgb_rgb3,swin_b,satlas,rgb3,rgb,swin_v2_b,core,False,25,123,0.748994708994709,0.7478132680293742,0.7478132680293741,0.7432900432900432,0.9884816876245447,0.155987433056352,0.638095238095238,0.6371568385971005,0.6371568385971006,0.6298701298701299,0.9756687968116541,0.013863701132870226,15,10,540,360,36,36,300,200,False,False,False,0.6175661375661375,0.7307936507936508,14,8,150.38,8.7,2.02,148.35,165.94,22050,1125,4725,4725,ecd123415640404b,83effe21d6483a43,88f3492c76be44b5,NVIDIA A100-SXM4-80GB,6e223e81e1ad,8eb346c9c99a4bf3,True,bfloat16,2.11.0+cu128,2026-08-18T11:19:57
resisc45|swin_b_satlas-rgb_rgb3|25|2024,resisc45,swin_b_satlas-rgb_rgb3,swin_b,satlas,rgb3,rgb,swin_v2_b,core,False,25,2024,0.7430687830687831,0.742638938388209,0.7426389383882089,0.7372294372294372,0.9863237362284979,0.1623813537945823,0.6243386243386243,0.6229617249102009,0.6229617249102007,0.6158008658008658,0.9735415836368215,0.027454006626177082,15,10,540,360,36,36,300,200,False,False,False,0.6175661375661375,0.7428571428571429,12,8,150.35,8.26,2.08,148.26,165.44,22050,1125,4725,4725,ecd123415640404b,83effe21d6483a43,88f3492c76be44b5,NVIDIA A100-SXM4-80GB,6e223e81e1ad,8eb346c9c99a4bf3,True,bfloat16,2.11.0+cu128,2026-08-18T11:22:43
resisc45|swin_b_satlas-rgb_rgb3|25|7,resisc45,swin_b_satlas-rgb_rgb3,swin_b,satlas,rgb3,rgb,swin_v2_b,core,False,25,7,0.7430687830687831,0.7408474124821668,0.7408474124821667,0.7372294372294372,0.9884579124579125,0.15956521340463528,0.6393650793650794,0.6384165385841071,0.6384165385841071,0.6311688311688312,0.9753216060835107,0.014791472803347961,15,10,540,360,36,36,300,200,False,False,False,0.6154497354497355,0.7367195767195768,14,9,147.92,8.34,2.08,145.84,162.7,22050,1125,4725,4725,ecd123415640404b,83effe21d6483a43,88f3492c76be44b5,NVIDIA A100-SXM4-80GB,6e223e81e1ad,8eb346c9c99a4bf3,True,bfloat16,2.11.0+cu128,2026-08-18T11:25:26
resisc45|swin_b_satlas-rgb_rgb3|25|999,resisc45,swin_b_satlas-rgb_rgb3,swin_b,satlas,rgb3,rgb,swin_v2_b,core,False,25,999,0.7354497354497355,0.7338659118817091,0.7338659118817091,0.7294372294372294,0.9871518816280722,0.17171694361343584,0.633015873015873,0.6320419136296378,0.6320419136296377,0.6246753246753247,0.9745644655168467,0.017755610722082624,15,10,540,360,36,36,300,200,False,False,False,0.6213756613756614,0.7341798941798942,10,9,149.38,8.84,2.02,147.37,164.53,22050,1125,4725,4725,ecd123415640404b,83effe21d6483a43,88f3492c76be44b5,NVIDIA A100-SXM4-80GB,6e223e81e1ad,8eb346c9c99a4bf3,True,bfloat16,2.11.0+cu128,2026-08-18T11:28:10
resisc45|resnet50_imagenet_rgb3|25|42,resisc45,resnet50_imagenet_rgb3,resnet50,imagenet,rgb3,,,core,False,25,42,0.7964021164021164,0.7960190342005411,0.7960190342005411,0.7917748917748918,0.9909981676172152,0.11885728684051955,0.788994708994709,0.7905141414364466,0.7905141414364466,0.7841991341991341,0.991792299411347,0.08372991659023146,15,10,540,360,36,36,300,200,False,False,False,0.7796825396825396,0.7915343915343915,13,9,46.14,2.84,2.17,43.97,50.07,22050,1125,4725,4725,ecd123415640404b,83effe21d6483a43,88f3492c76be44b5,NVIDIA A100-SXM4-80GB,6e223e81e1ad,8dbf1f2f4e43febd,True,bfloat16,2.11.0+cu128,2026-08-18T11:29:01
resisc45|resnet50_imagenet_rgb3|25|123,resisc45,resnet50_imagenet_rgb3,resnet50,imagenet,rgb3,,,core,False,25,123,0.8059259259259259,0.8046374752533056,0.8046374752533055,0.8015151515151515,0.9910752422180991,0.10534810095237043,0.7885714285714286,0.7885732639548001,0.7885732639548001,0.7837662337662338,0.9910518793375936,0.0823959390448515,15,10,540,360,36,36,300,200,False,False,False,0.7841269841269841,0.7822222222222223,14,6,46.21,2.85,2.16,44.06,50.14,22050,1125,4725,4725,ecd123415640404b,83effe21d6483a43,88f3492c76be44b5,NVIDIA A100-SXM4-80GB,6e223e81e1ad,8dbf1f2f4e43febd,True,bfloat16,2.11.0+cu128,2026-08-18T11:29:51
resisc45|resnet50_imagenet_rgb3|25|2024,resisc45,resnet50_imagenet_rgb3,resnet50,imagenet,rgb3,,,core,False,25,2024,0.782010582010582,0.7791940993870378,0.7791940993870378,0.777056277056277,0.9896287592478068,0.12052297780753449,0.7898412698412698,0.7886641290838284,0.7886641290838283,0.785064935064935,0.9916808447284639,0.0782513896750395,15,10,540,360,36,36,300,200,False,False,False,0.7877248677248677,0.7782010582010582,10,4,43.71,2.69,2.05,41.66,47.47,22050,1125,4725,4725,ecd123415640404b,83effe21d6483a43,88f3492c76be44b5,NVIDIA A100-SXM4-80GB,6e223e81e1ad,8dbf1f2f4e43febd,True,bfloat16,2.11.0+cu128,2026-08-18T11:30:39
resisc45|resnet50_imagenet_rgb3|25|7,resisc45,resnet50_imagenet_rgb3,resnet50,imagenet,rgb3,,,core,False,25,7,0.7925925925925926,0.7912305466392836,0.7912305466392833,0.7878787878787878,0.9905024164547975,0.119079257792266,0.7856084656084656,0.7845938880561099,0.7845938880561101,0.7807359307359307,0.9912817517579422,0.08154544525360934,15,10,540,360,36,36,300,200,False,False,False,0.7798941798941799,0.7947089947089947,10,9,42.69,2.81,2.04,40.65,46.55,22050,1125,4725,4725,ecd123415640404b,83effe21d6483a43,88f3492c76be44b5,NVIDIA A100-SXM4-80GB,6e223e81e1ad,8dbf1f2f4e43febd,True,bfloat16,2.11.0+cu128,2026-08-18T11:31:26
resisc45|resnet50_imagenet_rgb3|25|999,resisc45,resnet50_imagenet_rgb3,resnet50,imagenet,rgb3,,,core,False,25,999,0.7942857142857143,0.7947520164663234,0.7947520164663233,0.7896103896103895,0.9911585011108822,0.11729265677235112,0.7773544973544974,0.7784362673572501,0.77843626735725,0.7722943722943723,0.9915923406399598,0.08879620790481568,15,10,540,360,36,36,300,200,False,False,False,0.7737566137566138,0.7887830687830688,12,7,44.44,3.15,2.01,42.43,48.64,22050,1125,4725,4725,ecd123415640404b,83effe21d6483a43,88f3492c76be44b5,NVIDIA A100-SXM4-80GB,6e223e81e1ad,8dbf1f2f4e43febd,True,bfloat16,2.11.0+cu128,2026-08-18T11:32:15
resisc45|swin_b_imagenet_rgb3|25|42,resisc45,swin_b_imagenet_rgb3,swin_b,imagenet,rgb3,,swin_v2_b,core,False,25,42,0.8537566137566137,0.8544197622802816,0.8544197622802814,0.8504329004329004,0.9947833665452713,0.08706853058287706,0.7712169312169312,0.7728098126351937,0.7728098126351938,0.766017316017316,0.991260862594196,0.07779832425571626,15,10,540,360,36,36,300,200,False,False,False,0.7695238095238095,0.8524867724867725,11,8,149.06,8.44,2.03,147.02,160.05,22050,1125,4725,4725,ecd123415640404b,83effe21d6483a43,88f3492c76be44b5,NVIDIA A100-SXM4-80GB,6e223e81e1ad,88912e7391ce9f7b,True,bfloat16,2.11.0+cu128,2026-08-18T11:34:55
resisc45|swin_b_imagenet_rgb3|25|123,resisc45,swin_b_imagenet_rgb3,swin_b,imagenet,rgb3,,swin_v2_b,core,False,25,123,0.8615873015873016,0.8609651433208031,0.860965143320803,0.8584415584415584,0.9959825236491902,0.08246196220791527,0.7860317460317461,0.7853743424125567,0.7853743424125568,0.7811688311688312,0.9918548294738769,0.061658761681072316,15,10,540,360,36,36,300,200,False,False,False,0.7756613756613756,0.8569312169312169,14,9,150.65,8.8,2.01,148.64,162.05,22050,1125,4725,4725,ecd123415640404b,83effe21d6483a43,88f3492c76be44b5,NVIDIA A100-SXM4-80GB,6e223e81e1ad,88912e7391ce9f7b,True,bfloat16,2.11.0+cu128,2026-08-18T11:37:38
resisc45|swin_b_imagenet_rgb3|25|2024,resisc45,swin_b_imagenet_rgb3,swin_b,imagenet,rgb3,,swin_v2_b,core,False,25,2024,0.8617989417989418,0.8619380007583642,0.8619380007583644,0.8586580086580087,0.9956988478893242,0.08081632760466725,0.7748148148148148,0.773831244578311,0.7738312445783112,0.7696969696969697,0.9912532123960696,0.06764932326538853,15,10,540,360,36,36,300,200,False,False,False,0.7718518518518519,0.8586243386243386,13,9,151.88,9.1,2.08,149.8,163.51,22050,1125,4725,4725,ecd123415640404b,83effe21d6483a43,88f3492c76be44b5,NVIDIA A100-SXM4-80GB,6e223e81e1ad,88912e7391ce9f7b,True,bfloat16,2.11.0+cu128,2026-08-18T11:40:21
resisc45|swin_b_imagenet_rgb3|25|7,resisc45,swin_b_imagenet_rgb3,swin_b,imagenet,rgb3,,swin_v2_b,core,False,25,7,0.8514285714285714,0.8507363382968032,0.850736338296803,0.8480519480519481,0.9955729402872259,0.09264210498522193,0.7777777777777778,0.7777330308386474,0.7777330308386473,0.7727272727272727,0.9915948143567189,0.06980888995859356,15,10,540,360,36,36,300,200,False,False,False,0.7686772486772486,0.8533333333333334,11,7,147.84,8.34,1.99,145.85,158.82,22050,1125,4725,4725,ecd123415640404b,83effe21d6483a43,88f3492c76be44b5,NVIDIA A100-SXM4-80GB,6e223e81e1ad,88912e7391ce9f7b,True,bfloat16,2.11.0+cu128,2026-08-18T11:43:01
resisc45|swin_b_imagenet_rgb3|25|999,resisc45,swin_b_imagenet_rgb3,swin_b,imagenet,rgb3,,swin_v2_b,core,False,25,999,0.8569312169312169,0.8571743826043363,0.8571743826043363,0.8536796536796537,0.9955178313749743,0.08200658336833666,0.7750264550264551,0.7753367828247982,0.7753367828247982,0.7699134199134199,0.990666987333654,0.07026347352398768,15,10,540,360,36,36,300,200,False,False,False,0.7667724867724868,0.8571428571428571,14,7,150.37,8.69,1.99,148.38,161.58,22050,1125,4725,4725,ecd123415640404b,83effe21d6483a43,88f3492c76be44b5,NVIDIA A100-SXM4-80GB,6e223e81e1ad,88912e7391ce9f7b,True,bfloat16,2.11.0+cu128,2026-08-18T11:45:42
resisc45|resnet50_scratch_rgb3|25|42,resisc45,resnet50_scratch_rgb3,resnet50,scratch,rgb3,,,core,False,25,42,0.2855026455026455,0.2651966995778251,0.2651966995778252,0.2692640692640693,0.8731629675439199,0.032726628663678654,0.029206349206349208,0.002467645928590102,0.002467645928590102,0.0071428571428571175,0.5632674820770059,0.0022202643279045364,15,10,540,360,36,36,300,200,False,False,False,0.025396825396825397,0.2891005291005291,1,7,45.81,2.85,2.18,43.63,49.6,22050,1125,4725,4725,ecd123415640404b,83effe21d6483a43,88f3492c76be44b5,NVIDIA A100-SXM4-80GB,6e223e81e1ad,0bb509cc681b05be,True,bfloat16,2.11.0+cu128,2026-08-18T11:46:32
resisc45|resnet50_scratch_rgb3|25|123,resisc45,resnet50_scratch_rgb3,resnet50,scratch,rgb3,,,core,False,25,123,0.2838095238095238,0.2628212004214445,0.2628212004214445,0.2675324675324675,0.8769822487917724,0.022285388332826124,0.03513227513227513,0.00505384817441555,0.00505384817441555,0.013203463203463217,0.5349291096910144,0.008455212397313623,15,10,540,360,36,36,300,200,False,False,False,0.03661375661375661,0.2852910052910053,3,9,44.53,2.6,2.18,42.35,48.02,22050,1125,4725,4725,ecd123415640404b,83effe21d6483a43,88f3492c76be44b5,NVIDIA A100-SXM4-80GB,6e223e81e1ad,ead1bf14194341d9,True,bfloat16,2.11.0+cu128,2026-08-18T11:47:21
resisc45|resnet50_scratch_rgb3|25|2024,resisc45,resnet50_scratch_rgb3,resnet50,scratch,rgb3,,,core,False,25,2024,0.2931216931216931,0.273600863471634,0.273600863471634,0.2770562770562771,0.8826628186628187,0.04646110445418688,0.022222222222222223,0.000966183574879227,0.000966183574879227,0.0,0.6521028653885796,0.026296372132168875,15,10,540,360,36,36,300,200,False,False,False,0.022222222222222223,0.29735449735449737,0,9,42.59,2.57,2.09,40.5,46.06,22050,1125,4725,4725,ecd123415640404b,83effe21d6483a43,88f3492c76be44b5,NVIDIA A100-SXM4-80GB,6e223e81e1ad,319c432283a11129,True,bfloat16,2.11.0+cu128,2026-08-18T11:48:07
resisc45|resnet50_scratch_rgb3|25|7,resisc45,resnet50_scratch_rgb3,resnet50,scratch,rgb3,,,core,False,25,7,0.27365079365079364,0.25855014550694333,0.25855014550694333,0.2571428571428571,0.8748367575986622,0.03742858518683722,0.047407407407407405,0.007820096726356586,0.007820096726356585,0.025757575757575757,0.6683194301289539,0.01172641301596606,15,10,540,360,36,36,300,200,False,False,False,0.05164021164021164,0.28359788359788357,8,8,43.42,2.64,2.1,41.32,46.95,22050,1125,4725,4725,ecd123415640404b,83effe21d6483a43,88f3492c76be44b5,NVIDIA A100-SXM4-80GB,6e223e81e1ad,9fbe17ee78e1ca6e,True,bfloat16,2.11.0+cu128,2026-08-18T11:48:54
resisc45|resnet50_scratch_rgb3|25|999,resisc45,resnet50_scratch_rgb3,resnet50,scratch,rgb3,,,core,False,25,999,0.30137566137566135,0.28490402161278455,0.2849040216127845,0.2854978354978355,0.881354909640624,0.03383303123018729,0.022222222222222223,0.000966183574879227,0.000966183574879227,0.0,0.6087124991410707,0.04160363094674216,15,10,540,360,36,36,300,200,False,False,False,0.022222222222222223,0.2967195767195767,0,9,42.91,2.84,2.06,40.85,46.65,22050,1125,4725,4725,ecd123415640404b,83effe21d6483a43,88f3492c76be44b5,NVIDIA A100-SXM4-80GB,6e223e81e1ad,631d764cc50df590,True,bfloat16,2.11.0+cu128,2026-08-18T11:49:41
resisc45|swin_b_scratch_rgb3|25|42,resisc45,swin_b_scratch_rgb3,swin_b,scratch,rgb3,,swin_v2_b,core,False,25,42,0.25142857142857145,0.21994462911685722,0.21994462911685728,0.2344155844155843,0.8644938271604936,0.0468738990170615,0.2766137566137566,0.2562614456111343,0.25626144561113434,0.26017316017316017,0.8632200920772349,0.026805927816522173,15,10,540,360,36,36,300,200,False,False,False,0.2744973544973545,0.25756613756613755,12,9,147.74,8.77,1.98,145.77,158.7,22050,1125,4725,4725,ecd123415640404b,83effe21d6483a43,88f3492c76be44b5,NVIDIA A100-SXM4-80GB,6e223e81e1ad,b8ec45178d7aaa3b,True,bfloat16,2.11.0+cu128,2026-08-18T11:52:20
resisc45|swin_b_scratch_rgb3|25|123,resisc45,swin_b_scratch_rgb3,swin_b,scratch,rgb3,,swin_v2_b,core,False,25,123,0.2713227513227513,0.24586419694963332,0.24586419694963327,0.25476190476190474,0.8776339128243891,0.08003233671188355,0.3108994708994709,0.2926404042330451,0.29264040423304516,0.2952380952380952,0.879593256831352,0.015200796717058419,15,10,540,360,36,36,300,200,False,False,False,0.30328042328042326,0.2653968253968254,13,9,152.73,8.33,2.08,150.65,163.27,22050,1125,4725,4725,ecd123415640404b,83effe21d6483a43,88f3492c76be44b5,NVIDIA A100-SXM4-80GB,6e223e81e1ad,b3e6b98e74745596,True,bfloat16,2.11.0+cu128,2026-08-18T11:55:04
resisc45|swin_b_scratch_rgb3|25|2024,resisc45,swin_b_scratch_rgb3,swin_b,scratch,rgb3,,swin_v2_b,core,False,25,2024,0.275978835978836,0.25238012364798484,0.2523801236479849,0.2595238095238095,0.8766344625392244,0.052319598518036026,0.29015873015873017,0.27418333273428963,0.27418333273428963,0.27402597402597406,0.871875146018003,0.018256851942450907,15,10,540,360,36,36,300,200,False,False,False,0.29164021164021164,0.2749206349206349,11,9,147.63,8.33,1.98,145.65,158.19,22050,1125,4725,4725,ecd123415640404b,83effe21d6483a43,88f3492c76be44b5,NVIDIA A100-SXM4-80GB,6e223e81e1ad,c63d77d8523e8532,True,bfloat16,2.11.0+cu128,2026-08-18T11:57:42
resisc45|swin_b_scratch_rgb3|25|7,resisc45,swin_b_scratch_rgb3,swin_b,scratch,rgb3,,swin_v2_b,core,False,25,7,0.27174603174603174,0.24738248843347782,0.24738248843347782,0.2551948051948052,0.8773825328111043,0.07927390911591749,0.28825396825396826,0.27033990656829254,0.2703399065682926,0.27207792207792203,0.8718807118807119,0.025232160649602375,15,10,540,360,36,36,300,200,False,False,False,0.2929100529100529,0.27915343915343915,12,9,148.26,8.7,2.0,146.26,159.13,22050,1125,4725,4725,ecd123415640404b,83effe21d6483a43,88f3492c76be44b5,NVIDIA A100-SXM4-80GB,6e223e81e1ad,8ff7909cbedb589b,True,bfloat16,2.11.0+cu128,2026-08-18T12:00:22
resisc45|swin_b_scratch_rgb3|25|999,resisc45,swin_b_scratch_rgb3,swin_b,scratch,rgb3,,swin_v2_b,core,False,25,999,0.26751322751322754,0.2385950546951678,0.2385950546951678,0.2508658008658009,0.8684626308435833,0.04585113204660871,0.26751322751322754,0.25116200341304684,0.25116200341304684,0.2508658008658009,0.8617852905471953,0.021142373034563018,15,10,540,360,36,36,300,200,False,False,False,0.2723809523809524,0.2634920634920635,12,9,151.39,8.24,2.05,149.34,161.81,22050,1125,4725,4725,ecd123415640404b,83effe21d6483a43,88f3492c76be44b5,NVIDIA A100-SXM4-80GB,6e223e81e1ad,0b817b7aa74cba60,True,bfloat16,2.11.0+cu128,2026-08-18T12:03:04
resisc45|resnet50_satlas-rgb_rgb3|50|42,resisc45,resnet50_satlas-rgb_rgb3,resnet50,satlas,rgb3,rgb,,core,False,50,42,0.7017989417989418,0.6987041914272679,0.6987041914272679,0.695021645021645,0.9800437252342016,0.18860132045846767,0.615026455026455,0.6145116872688903,0.6145116872688904,0.6062770562770563,0.9685076158409491,0.19441643652461824,15,10,1065,710,71,71,300,200,False,False,False,0.6014814814814815,0.6924867724867725,12,8,57.04,2.81,3.21,53.83,64.03,22050,2250,4725,4725,ecd123415640404b,83effe21d6483a43,88f3492c76be44b5,NVIDIA A100-SXM4-80GB,6e223e81e1ad,86f6e7d57f4b9cb1,True,bfloat16,2.11.0+cu128,2026-08-18T12:04:08
resisc45|resnet50_satlas-rgb_rgb3|50|123,resisc45,resnet50_satlas-rgb_rgb3,resnet50,satlas,rgb3,rgb,,core,False,50,123,0.7047619047619048,0.7019669839609267,0.7019669839609266,0.698051948051948,0.9809297281202043,0.18462929358242675,0.605925925925926,0.6022619631807727,0.6022619631807727,0.5969696969696969,0.9676803408231982,0.19894044520047605,15,10,1065,710,71,71,300,200,False,False,False,0.6050793650793651,0.6852910052910053,13,8,57.24,2.65,3.17,54.07,63.36,22050,2250,4725,4725,ecd123415640404b,83effe21d6483a43,88f3492c76be44b5,NVIDIA A100-SXM4-80GB,6e223e81e1ad,86f6e7d57f4b9cb1,True,bfloat16,2.11.0+cu128,2026-08-18T12:05:12
resisc45|resnet50_satlas-rgb_rgb3|50|2024,resisc45,resnet50_satlas-rgb_rgb3,resnet50,satlas,rgb3,rgb,,core,False,50,2024,0.7011640211640212,0.7005188698624581,0.700518869862458,0.6943722943722943,0.979863968483016,0.18793772135146714,0.6027513227513227,0.6012125508600635,0.6012125508600636,0.5937229437229437,0.9661207082159463,0.2034873236928667,15,10,1065,710,71,71,300,200,False,False,False,0.5921693121693121,0.6926984126984127,12,8,57.45,2.67,3.2,54.25,64.31,22050,2250,4725,4725,ecd123415640404b,83effe21d6483a43,88f3492c76be44b5,NVIDIA A100-SXM4-80GB,6e223e81e1ad,86f6e7d57f4b9cb1,True,bfloat16,2.11.0+cu128,2026-08-18T12:06:16
resisc45|resnet50_satlas-rgb_rgb3|50|7,resisc45,resnet50_satlas-rgb_rgb3,resnet50,satlas,rgb3,rgb,,core,False,50,7,0.6988359788359788,0.6969467396380828,0.6969467396380828,0.6919913419913419,0.9803416248654344,0.19349217395303114,0.6078306878306878,0.6090218539771368,0.6090218539771369,0.5989177489177488,0.9668688701069652,0.2034449238310415,15,10,1065,710,71,71,300,200,False,False,False,0.6042328042328042,0.6924867724867725,13,8,57.48,2.67,3.24,54.24,63.28,22050,2250,4725,4725,ecd123415640404b,83effe21d6483a43,88f3492c76be44b5,NVIDIA A100-SXM4-80GB,6e223e81e1ad,86f6e7d57f4b9cb1,True,bfloat16,2.11.0+cu128,2026-08-18T12:07:20
resisc45|resnet50_satlas-rgb_rgb3|50|999,resisc45,resnet50_satlas-rgb_rgb3,resnet50,satlas,rgb3,rgb,,core,False,50,999,0.7037037037037037,0.7024894515985939,0.7024894515985939,0.696969696969697,0.9799582903868616,0.18962883341249337,0.6105820105820106,0.6095547017668419,0.6095547017668418,0.6017316017316017,0.966405048214572,0.1977479159264337,15,10,1065,710,71,71,300,200,False,False,False,0.5980952380952381,0.6918518518518518,13,8,56.93,2.67,3.22,53.71,63.02,22050,2250,4725,4725,ecd123415640404b,83effe21d6483a43,88f3492c76be44b5,NVIDIA A100-SXM4-80GB,6e223e81e1ad,86f6e7d57f4b9cb1,True,bfloat16,2.11.0+cu128,2026-08-18T12:08:23
resisc45|swin_b_satlas-rgb_rgb3|50|42,resisc45,swin_b_satlas-rgb_rgb3,swin_b,satlas,rgb3,rgb,swin_v2_b,core,False,50,42,0.8241269841269842,0.8236304684522704,0.8236304684522704,0.8201298701298702,0.9945421562564419,0.12108058836725026,0.6986243386243386,0.6980722236858424,0.6980722236858424,0.6917748917748918,0.9841774662727044,0.03289227707045421,15,10,1065,710,71,71,300,200,False,False,False,0.6772486772486772,0.8126984126984127,13,9,217.07,8.4,3.13,213.95,232.41,22050,2250,4725,4725,ecd123415640404b,83effe21d6483a43,88f3492c76be44b5,NVIDIA A100-SXM4-80GB,6e223e81e1ad,8eb346c9c99a4bf3,True,bfloat16,2.11.0+cu128,2026-08-18T12:12:16
resisc45|swin_b_satlas-rgb_rgb3|50|123,resisc45,swin_b_satlas-rgb_rgb3,swin_b,satlas,rgb3,rgb,swin_v2_b,core,False,50,123,0.824973544973545,0.8246851689303409,0.824685168930341,0.820995670995671,0.994023843880987,0.11550480324124533,0.702010582010582,0.7009873171708919,0.700987317170892,0.6952380952380952,0.9837043450376786,0.026087602354862075,15,10,1065,710,71,71,300,200,False,False,False,0.6905820105820106,0.7980952380952381,12,8,210.61,8.55,3.16,207.45,226.8,22050,2250,4725,4725,ecd123415640404b,83effe21d6483a43,88f3492c76be44b5,NVIDIA A100-SXM4-80GB,6e223e81e1ad,8eb346c9c99a4bf3,True,bfloat16,2.11.0+cu128,2026-08-18T12:16:03
resisc45|swin_b_satlas-rgb_rgb3|50|2024,resisc45,swin_b_satlas-rgb_rgb3,swin_b,satlas,rgb3,rgb,swin_v2_b,core,False,50,2024,0.8247619047619048,0.8245609265194483,0.8245609265194485,0.8207792207792208,0.993958885911267,0.1259622478106665,0.7056084656084656,0.7057927102538599,0.7057927102538599,0.6989177489177489,0.983863991387801,0.03112983558543775,15,10,1065,710,71,71,300,200,False,False,False,0.6905820105820106,0.8091005291005291,14,8,216.88,8.32,3.37,213.51,232.76,22050,2250,4725,4725,ecd123415640404b,83effe21d6483a43,88f3492c76be44b5,NVIDIA A100-SXM4-80GB,6e223e81e1ad,8eb346c9c99a4bf3,True,bfloat16,2.11.0+cu128,2026-08-18T12:19:56
resisc45|swin_b_satlas-rgb_rgb3|50|7,resisc45,swin_b_satlas-rgb_rgb3,swin_b,satlas,rgb3,rgb,swin_v2_b,core,False,50,7,0.8287830687830687,0.8283051728642554,0.8283051728642552,0.8248917748917749,0.9939886850363041,0.11957477886210041,0.7053968253968254,0.7036475305752897,0.7036475305752897,0.6987012987012987,0.9838928056070914,0.0305845577092398,15,10,1065,710,71,71,300,200,False,False,False,0.6916402116402116,0.8091005291005291,11,8,211.72,8.39,3.16,208.56,226.89,22050,2250,4725,4725,ecd123415640404b,83effe21d6483a43,88f3492c76be44b5,NVIDIA A100-SXM4-80GB,6e223e81e1ad,8eb346c9c99a4bf3,True,bfloat16,2.11.0+cu128,2026-08-18T12:23:43
resisc45|swin_b_satlas-rgb_rgb3|50|999,resisc45,swin_b_satlas-rgb_rgb3,swin_b,satlas,rgb3,rgb,swin_v2_b,core,False,50,999,0.8256084656084656,0.825914078029955,0.825914078029955,0.8216450216450216,0.9932326668040953,0.11811938083361062,0.708994708994709,0.708658645716819,0.7086586457168189,0.7023809523809523,0.983029844934607,0.02878963560969742,15,10,1065,710,71,71,300,200,False,False,False,0.6933333333333334,0.8091005291005291,12,9,215.78,8.72,3.29,212.48,231.38,22050,2250,4725,4725,ecd123415640404b,83effe21d6483a43,88f3492c76be44b5,NVIDIA A100-SXM4-80GB,6e223e81e1ad,8eb346c9c99a4bf3,True,bfloat16,2.11.0+cu128,2026-08-18T12:27:35
resisc45|resnet50_imagenet_rgb3|50|42,resisc45,resnet50_imagenet_rgb3,resnet50,imagenet,rgb3,,,core,False,50,42,0.8495238095238096,0.8489430658836264,0.8489430658836264,0.8461038961038961,0.9949003641860784,0.09674834523566817,0.8262433862433862,0.827007987223392,0.8270079872233921,0.8222943722943723,0.9944925444925444,0.08425595757191778,15,10,1065,710,71,71,300,200,False,False,False,0.8213756613756614,0.8385185185185186,12,9,57.33,3.26,3.24,54.09,61.65,22050,2250,4725,4725,ecd123415640404b,83effe21d6483a43,88f3492c76be44b5,NVIDIA A100-SXM4-80GB,6e223e81e1ad,8dbf1f2f4e43febd,True,bfloat16,2.11.0+cu128,2026-08-18T12:28:37
resisc45|resnet50_imagenet_rgb3|50|123,resisc45,resnet50_imagenet_rgb3,resnet50,imagenet,rgb3,,,core,False,50,123,0.8522751322751323,0.8514996541170341,0.8514996541170341,0.8489177489177488,0.9947363659268422,0.09555476200012938,0.8298412698412698,0.8296005228428031,0.8296005228428032,0.8259740259740259,0.9942098536384251,0.07742000814468136,15,10,1065,710,71,71,300,200,False,False,False,0.8222222222222222,0.8448677248677249,10,8,58.99,2.87,3.22,55.76,62.91,22050,2250,4725,4725,ecd123415640404b,83effe21d6483a43,88f3492c76be44b5,NVIDIA A100-SXM4-80GB,6e223e81e1ad,8dbf1f2f4e43febd,True,bfloat16,2.11.0+cu128,2026-08-18T12:29:40
resisc45|resnet50_imagenet_rgb3|50|2024,resisc45,resnet50_imagenet_rgb3,resnet50,imagenet,rgb3,,,core,False,50,2024,0.8442328042328042,0.8435028033884128,0.8435028033884129,0.8406926406926407,0.9941998900570329,0.10279819534253826,0.8304761904761905,0.8309509475424169,0.8309509475424167,0.8266233766233766,0.9942703222703224,0.08176612624415643,15,10,1065,710,71,71,300,200,False,False,False,0.8228571428571428,0.8397883597883598,12,8,58.04,2.76,3.19,54.85,61.86,22050,2250,4725,4725,ecd123415640404b,83effe21d6483a43,88f3492c76be44b5,NVIDIA A100-SXM4-80GB,6e223e81e1ad,8dbf1f2f4e43febd,True,bfloat16,2.11.0+cu128,2026-08-18T12:30:42
resisc45|resnet50_imagenet_rgb3|50|7,resisc45,resnet50_imagenet_rgb3,resnet50,imagenet,rgb3,,,core,False,50,7,0.8438095238095238,0.843417030701954,0.8434170307019537,0.8402597402597403,0.9941187842140222,0.10132017900073341,0.8292063492063492,0.8293008546373981,0.8293008546373982,0.8253246753246752,0.9942233216518931,0.08122290894467993,15,10,1065,710,71,71,300,200,False,False,False,0.8256084656084656,0.8416931216931217,12,9,57.4,2.68,3.26,54.14,61.12,22050,2250,4725,4725,ecd123415640404b,83effe21d6483a43,88f3492c76be44b5,NVIDIA A100-SXM4-80GB,6e223e81e1ad,8dbf1f2f4e43febd,True,bfloat16,2.11.0+cu128,2026-08-18T12:31:44
resisc45|resnet50_imagenet_rgb3|50|999,resisc45,resnet50_imagenet_rgb3,resnet50,imagenet,rgb3,,,core,False,50,999,0.846984126984127,0.8468298377079356,0.8468298377079354,0.8435064935064935,0.9949792711697474,0.09771143912953674,0.8211640211640212,0.8208844793335918,0.8208844793335917,0.8170995670995671,0.9944660665613045,0.08412861241234675,15,10,1065,710,71,71,300,200,False,False,False,0.8188359788359788,0.8410582010582011,9,9,59.78,2.85,3.21,56.57,63.68,22050,2250,4725,4725,ecd123415640404b,83effe21d6483a43,88f3492c76be44b5,NVIDIA A100-SXM4-80GB,6e223e81e1ad,8dbf1f2f4e43febd,True,bfloat16,2.11.0+cu128,2026-08-18T12:32:48
resisc45|swin_b_imagenet_rgb3|50|42,resisc45,swin_b_imagenet_rgb3,swin_b,imagenet,rgb3,,swin_v2_b,core,False,50,42,0.8948148148148148,0.8949166027586151,0.894916602758615,0.8924242424242423,0.998025126548936,0.07098297665989586,0.8277248677248678,0.8280254798548422,0.8280254798548422,0.8238095238095238,0.9947389083579561,0.06798726787012088,15,10,1065,710,71,71,300,200,False,False,False,0.8215873015873015,0.897989417989418,12,9,214.99,8.3,3.29,211.71,225.86,22050,2250,4725,4725,ecd123415640404b,83effe21d6483a43,88f3492c76be44b5,NVIDIA A100-SXM4-80GB,6e223e81e1ad,88912e7391ce9f7b,True,bfloat16,2.11.0+cu128,2026-08-18T12:36:34
resisc45|swin_b_imagenet_rgb3|50|123,resisc45,swin_b_imagenet_rgb3,swin_b,imagenet,rgb3,,swin_v2_b,core,False,50,123,0.8992592592592593,0.8990607999823872,0.8990607999823872,0.896969696969697,0.9976572069905403,0.06614146167639072,0.8351322751322752,0.8348651567573492,0.834865156757349,0.8313852813852813,0.994567992853707,0.06259249550955637,15,10,1065,710,71,71,300,200,False,False,False,0.8131216931216931,0.8937566137566137,13,8,209.66,8.49,3.13,206.53,220.74,22050,2250,4725,4725,ecd123415640404b,83effe21d6483a43,88f3492c76be44b5,NVIDIA A100-SXM4-80GB,6e223e81e1ad,88912e7391ce9f7b,True,bfloat16,2.11.0+cu128,2026-08-18T12:40:15
resisc45|swin_b_imagenet_rgb3|50|2024,resisc45,swin_b_imagenet_rgb3,swin_b,imagenet,rgb3,,swin_v2_b,core,False,50,2024,0.8965079365079365,0.8964360259868747,0.8964360259868746,0.8941558441558441,0.9975949059758584,0.07075783996985699,0.8194708994708995,0.8193607280383339,0.8193607280383339,0.8153679653679654,0.9944348702443941,0.0711255080359323,15,10,1065,710,71,71,300,200,False,False,False,0.8107936507936508,0.8882539682539683,12,9,217.6,8.37,3.09,214.5,228.43,22050,2250,4725,4725,ecd123415640404b,83effe21d6483a43,88f3492c76be44b5,NVIDIA A100-SXM4-80GB,6e223e81e1ad,88912e7391ce9f7b,True,bfloat16,2.11.0+cu128,2026-08-18T12:44:04
resisc45|swin_b_imagenet_rgb3|50|7,resisc45,swin_b_imagenet_rgb3,swin_b,imagenet,rgb3,,swin_v2_b,core,False,50,7,0.8965079365079365,0.8965057400749841,0.8965057400749835,0.8941558441558441,0.9978617925284591,0.0674402018451186,0.8313227513227514,0.8310182320706926,0.8310182320706924,0.8274891774891775,0.9949542591447352,0.06610387442603945,15,10,1065,710,71,71,300,200,False,False,False,0.8137566137566138,0.893968253968254,12,8,210.69,8.26,3.15,207.54,221.41,22050,2250,4725,4725,ecd123415640404b,83effe21d6483a43,88f3492c76be44b5,NVIDIA A100-SXM4-80GB,6e223e81e1ad,88912e7391ce9f7b,True,bfloat16,2.11.0+cu128,2026-08-18T12:47:46
resisc45|swin_b_imagenet_rgb3|50|999,resisc45,swin_b_imagenet_rgb3,swin_b,imagenet,rgb3,,swin_v2_b,core,False,50,999,0.9024338624338625,0.9020963641837659,0.902096364183766,0.9002164502164502,0.9979326141230902,0.06203490682064536,0.828994708994709,0.8294561431502264,0.8294561431502263,0.8251082251082251,0.9944503996884949,0.06488162354186731,15,10,1065,710,71,71,300,200,False,False,False,0.8188359788359788,0.8992592592592593,13,8,217.38,8.72,3.11,214.27,228.72,22050,2250,4725,4725,ecd123415640404b,83effe21d6483a43,88f3492c76be44b5,NVIDIA A100-SXM4-80GB,6e223e81e1ad,88912e7391ce9f7b,True,bfloat16,2.11.0+cu128,2026-08-18T12:51:35
resisc45|resnet50_scratch_rgb3|50|42,resisc45,resnet50_scratch_rgb3,resnet50,scratch,rgb3,,,core,False,50,42,0.3437037037037037,0.32841418853035137,0.3284141885303513,0.32878787878787874,0.9096477244096292,0.05859436597458269,0.022433862433862434,0.0011705128937375914,0.0011705128937375914,0.00021645021645022577,0.580416592226116,0.009702488436270012,15,10,1065,710,71,71,300,200,False,False,False,0.022645502645502646,0.34814814814814815,0,8,59.86,2.62,3.19,56.67,63.39,22050,2250,4725,4725,ecd123415640404b,83effe21d6483a43,88f3492c76be44b5,NVIDIA A100-SXM4-80GB,6e223e81e1ad,0bb509cc681b05be,True,bfloat16,2.11.0+cu128,2026-08-18T12:52:38
resisc45|resnet50_scratch_rgb3|50|123,resisc45,resnet50_scratch_rgb3,resnet50,scratch,rgb3,,,core,False,50,123,0.34814814814814815,0.3284254089512457,0.3284254089512456,0.33333333333333337,0.9105493941684418,0.04430672692558755,0.022645502645502646,0.0012804066575246233,0.0012804066575246233,0.0004329004329006736,0.5152158317872603,0.002758799757828157,15,10,1065,710,71,71,300,200,False,False,False,0.022433862433862434,0.3473015873015873,1,9,58.55,3.03,3.25,55.3,62.47,22050,2250,4725,4725,ecd123415640404b,83effe21d6483a43,88f3492c76be44b5,NVIDIA A100-SXM4-80GB,6e223e81e1ad,ead1bf14194341d9,True,bfloat16,2.11.0+cu128,2026-08-18T12:53:41
resisc45|resnet50_scratch_rgb3|50|2024,resisc45,resnet50_scratch_rgb3,resnet50,scratch,rgb3,,,core,False,50,2024,0.35005291005291006,0.33474001110461943,0.33474001110461943,0.3352813852813853,0.9106749581987675,0.047067951801277354,0.022222222222222223,0.00096678406187418,0.0009667840618741801,2.220446049250313e-16,0.6491067133924276,0.013698867128954993,15,10,1065,710,71,71,300,200,False,False,False,0.022222222222222223,0.3580952380952381,0,9,59.25,3.22,3.18,56.07,63.38,22050,2250,4725,4725,ecd123415640404b,83effe21d6483a43,88f3492c76be44b5,NVIDIA A100-SXM4-80GB,6e223e81e1ad,319c432283a11129,True,bfloat16,2.11.0+cu128,2026-08-18T12:54:45
resisc45|resnet50_scratch_rgb3|50|7,resisc45,resnet50_scratch_rgb3,resnet50,scratch,rgb3,,,core,False,50,7,0.3358730158730159,0.3232724861509998,0.3232724861509998,0.32077922077922083,0.9064700061842917,0.054001684551516535,0.04296296296296296,0.010012858681157233,0.010012858681157233,0.02121212121212146,0.6655446299732014,0.008373747630409462,15,10,1065,710,71,71,300,200,False,False,False,0.0455026455026455,0.3528042328042328,13,8,58.57,2.73,3.2,55.38,62.2,22050,2250,4725,4725,ecd123415640404b,83effe21d6483a43,88f3492c76be44b5,NVIDIA A100-SXM4-80GB,6e223e81e1ad,9fbe17ee78e1ca6e,True,bfloat16,2.11.0+cu128,2026-08-18T12:55:47
resisc45|resnet50_scratch_rgb3|50|999,resisc45,resnet50_scratch_rgb3,resnet50,scratch,rgb3,,,core,False,50,999,0.3549206349206349,0.3388367513245805,0.3388367513245806,0.34025974025974026,0.9084209441352299,0.0367811127353913,0.022222222222222223,0.000966183574879227,0.000966183574879227,0.0,0.590850385945624,0.017152766303883658,15,10,1065,710,71,71,300,200,False,False,False,0.022222222222222223,0.35534391534391535,0,9,58.75,2.81,3.21,55.54,62.48,22050,2250,4725,4725,ecd123415640404b,83effe21d6483a43,88f3492c76be44b5,NVIDIA A100-SXM4-80GB,6e223e81e1ad,631d764cc50df590,True,bfloat16,2.11.0+cu128,2026-08-18T12:56:50
resisc45|swin_b_scratch_rgb3|50|42,resisc45,swin_b_scratch_rgb3,swin_b,scratch,rgb3,,swin_v2_b,core,False,50,42,0.28973544973544973,0.26315666401659477,0.2631566640165947,0.2735930735930736,0.8933680569871045,0.024593440451949992,0.32105820105820104,0.3050883135970059,0.30508831359700594,0.30562770562770547,0.8909407453216978,0.015951219439191165,15,10,1065,710,71,71,300,200,False,False,False,0.3233862433862434,0.29375661375661377,14,8,216.69,8.35,3.4,213.28,227.23,22050,2250,4725,4725,ecd123415640404b,83effe21d6483a43,88f3492c76be44b5,NVIDIA A100-SXM4-80GB,6e223e81e1ad,b8ec45178d7aaa3b,True,bfloat16,2.11.0+cu128,2026-08-18T13:00:38
resisc45|swin_b_scratch_rgb3|50|123,resisc45,swin_b_scratch_rgb3,swin_b,scratch,rgb3,,swin_v2_b,core,False,50,123,0.308994708994709,0.2844078398195777,0.2844078398195777,0.29329004329004316,0.8941220366934655,0.03030908233904965,0.3610582010582011,0.3463611423388373,0.3463611423388373,0.3465367965367966,0.9016986646510458,0.011340669128629889,15,10,1065,710,71,71,300,200,False,False,False,0.3477248677248677,0.30095238095238097,14,8,209.73,8.83,3.1,206.62,220.77,22050,2250,4725,4725,ecd123415640404b,83effe21d6483a43,88f3492c76be44b5,NVIDIA A100-SXM4-80GB,6e223e81e1ad,b3e6b98e74745596,True,bfloat16,2.11.0+cu128,2026-08-18T13:04:19
resisc45|swin_b_scratch_rgb3|50|2024,resisc45,swin_b_scratch_rgb3,swin_b,scratch,rgb3,,swin_v2_b,core,False,50,2024,0.3047619047619048,0.28626262803074753,0.2862626280307476,0.288961038961039,0.9001097597288072,0.037615933222745465,0.3511111111111111,0.3396978745987683,0.3396978745987683,0.3363636363636363,0.8963046794475366,0.01791232291431654,15,10,1065,710,71,71,300,200,False,False,False,0.3422222222222222,0.30074074074074075,14,9,217.68,8.69,3.33,214.36,228.54,22050,2250,4725,4725,ecd123415640404b,83effe21d6483a43,88f3492c76be44b5,NVIDIA A100-SXM4-80GB,6e223e81e1ad,c63d77d8523e8532,True,bfloat16,2.11.0+cu128,2026-08-18T13:08:07
resisc45|swin_b_scratch_rgb3|50|7,resisc45,swin_b_scratch_rgb3,swin_b,scratch,rgb3,,swin_v2_b,core,False,50,7,0.30497354497354495,0.283953507353195,0.283953507353195,0.2891774891774892,0.898928926452736,0.030045100100456714,0.3322751322751323,0.31771609282270513,0.317716092822705,0.3170995670995671,0.8958798873084588,0.023636705730327216,15,10,1065,710,71,71,300,200,False,False,False,0.33037037037037037,0.2965079365079365,14,9,212.64,8.27,3.15,209.49,223.12,22050,2250,4725,4725,ecd123415640404b,83effe21d6483a43,88f3492c76be44b5,NVIDIA A100-SXM4-80GB,6e223e81e1ad,8ff7909cbedb589b,True,bfloat16,2.11.0+cu128,2026-08-18T13:11:51
resisc45|swin_b_scratch_rgb3|50|999,resisc45,swin_b_scratch_rgb3,swin_b,scratch,rgb3,,swin_v2_b,core,False,50,999,0.3047619047619048,0.283572470072225,0.28357247007222514,0.288961038961039,0.8954022309260401,0.027697438663906518,0.331005291005291,0.31111579443761495,0.311115794437615,0.31580086580086597,0.8892273757988044,0.0240097360289286,15,10,1065,710,71,71,300,200,False,False,False,0.3214814814814815,0.3092063492063492,14,9,218.26,8.53,3.47,214.8,229.02,22050,2250,4725,4725,ecd123415640404b,83effe21d6483a43,88f3492c76be44b5,NVIDIA A100-SXM4-80GB,6e223e81e1ad,0b817b7aa74cba60,True,bfloat16,2.11.0+cu128,2026-08-18T13:15:40
resisc45|resnet50_satlas-rgb_rgb3|100|42,resisc45,resnet50_satlas-rgb_rgb3,resnet50,satlas,rgb3,rgb,,core,False,100,42,0.7803174603174603,0.7792565714764331,0.7792565714764331,0.7753246753246753,0.9895765821480108,0.14593544378482476,0.6641269841269841,0.6643733358250371,0.6643733358250371,0.6564935064935065,0.976440779678875,0.18154952379446176,15,10,2115,1410,141,141,300,200,False,False,False,0.6573544973544974,0.755978835978836,14,9,88.82,2.68,5.76,83.06,95.08,22050,4500,4725,4725,ecd123415640404b,83effe21d6483a43,88f3492c76be44b5,NVIDIA A100-SXM4-80GB,6e223e81e1ad,86f6e7d57f4b9cb1,True,bfloat16,2.11.0+cu128,2026-08-18T13:48:26
resisc45|resnet50_satlas-rgb_rgb3|100|123,resisc45,resnet50_satlas-rgb_rgb3,resnet50,satlas,rgb3,rgb,,core,False,100,123,0.782010582010582,0.7807871391439585,0.7807871391439585,0.777056277056277,0.989030073982455,0.14585732410824487,0.6717460317460318,0.6718039570852293,0.6718039570852294,0.6642857142857144,0.9764866808676332,0.17778456614446386,15,10,2115,1410,141,141,300,200,False,False,False,0.6571428571428571,0.7633862433862434,12,9,87.64,2.63,5.52,82.13,93.7,22050,4500,4725,4725,ecd123415640404b,83effe21d6483a43,88f3492c76be44b5,NVIDIA A100-SXM4-80GB,6e223e81e1ad,86f6e7d57f4b9cb1,True,bfloat16,2.11.0+cu128,2026-08-18T13:50:00
resisc45|resnet50_satlas-rgb_rgb3|100|2024,resisc45,resnet50_satlas-rgb_rgb3,resnet50,satlas,rgb3,rgb,,core,False,100,2024,0.7735449735449735,0.7734794590806732,0.7734794590806731,0.7683982683982684,0.98887313039694,0.1533678668516653,0.657989417989418,0.6577465500855881,0.6577465500855881,0.6502164502164501,0.9748781007352437,0.19070528275752194,15,10,2115,1410,141,141,300,200,False,False,False,0.6488888888888888,0.7712169312169312,14,9,88.24,2.77,5.62,82.62,94.65,22050,4500,4725,4725,ecd123415640404b,83effe21d6483a43,88f3492c76be44b5,NVIDIA A100-SXM4-80GB,6e223e81e1ad,86f6e7d57f4b9cb1,True,bfloat16,2.11.0+cu128,2026-08-18T13:51:35
resisc45|resnet50_satlas-rgb_rgb3|100|7,resisc45,resnet50_satlas-rgb_rgb3,resnet50,satlas,rgb3,rgb,,core,False,100,7,0.7788359788359789,0.7781653495490771,0.7781653495490769,0.7738095238095238,0.9890153691106073,0.15028211301281338,0.6573544973544974,0.6569587840137172,0.6569587840137173,0.6495670995670996,0.975817906960764,0.19815100037547018,15,10,2115,1410,141,141,300,200,False,False,False,0.6497354497354497,0.7568253968253968,12,9,89.12,2.61,5.55,83.56,95.13,22050,4500,4725,4725,ecd123415640404b,83effe21d6483a43,88f3492c76be44b5,NVIDIA A100-SXM4-80GB,6e223e81e1ad,86f6e7d57f4b9cb1,True,bfloat16,2.11.0+cu128,2026-08-18T13:53:10
resisc45|resnet50_satlas-rgb_rgb3|100|999,resisc45,resnet50_satlas-rgb_rgb3,resnet50,satlas,rgb3,rgb,,core,False,100,999,0.7735449735449735,0.7720156851848654,0.7720156851848651,0.7683982683982684,0.9885052566481138,0.1554134909406541,0.663068783068783,0.6623336049541736,0.6623336049541735,0.6554112554112553,0.9754618978904692,0.17945402257026188,15,10,2115,1410,141,141,300,200,False,False,False,0.6533333333333333,0.764021164021164,13,8,93.47,2.89,5.47,88.0,99.87,22050,4500,4725,4725,ecd123415640404b,83effe21d6483a43,88f3492c76be44b5,NVIDIA A100-SXM4-80GB,6e223e81e1ad,86f6e7d57f4b9cb1,True,bfloat16,2.11.0+cu128,2026-08-18T13:54:51
resisc45|swin_b_satlas-rgb_rgb3|100|42,resisc45,swin_b_satlas-rgb_rgb3,swin_b,satlas,rgb3,rgb,swin_v2_b,core,False,100,42,0.8776719576719577,0.877349510867436,0.8773495108674361,0.8748917748917748,0.9973693396550538,0.08743936285140022,0.7631746031746032,0.7632459534314939,0.7632459534314937,0.7577922077922078,0.9899536865251152,0.03704178190735912,15,10,2115,1410,141,141,300,200,False,False,False,0.7451851851851852,0.873015873015873,14,9,336.78,8.81,5.7,331.08,352.36,22050,4500,4725,4725,ecd123415640404b,83effe21d6483a43,88f3492c76be44b5,NVIDIA A100-SXM4-80GB,6e223e81e1ad,8eb346c9c99a4bf3,True,bfloat16,2.11.0+cu128,2026-08-18T14:00:43
resisc45|swin_b_satlas-rgb_rgb3|100|123,resisc45,swin_b_satlas-rgb_rgb3,swin_b,satlas,rgb3,rgb,swin_v2_b,core,False,100,123,0.8831746031746032,0.8831754393121729,0.8831754393121729,0.8805194805194805,0.9970113149636959,0.08607131492523915,0.7627513227513227,0.762129353626725,0.7621293536267251,0.7573593073593073,0.9892997091092329,0.03319671657350328,15,10,2115,1410,141,141,300,200,False,False,False,0.7519576719576719,0.8711111111111111,12,9,342.45,8.62,5.35,337.1,358.11,22050,4500,4725,4725,ecd123415640404b,83effe21d6483a43,88f3492c76be44b5,NVIDIA A100-SXM4-80GB,6e223e81e1ad,8eb346c9c99a4bf3,True,bfloat16,2.11.0+cu128,2026-08-18T14:06:42
resisc45|swin_b_satlas-rgb_rgb3|100|2024,resisc45,swin_b_satlas-rgb_rgb3,swin_b,satlas,rgb3,rgb,swin_v2_b,core,False,100,2024,0.8825396825396825,0.8822768446103236,0.8822768446103236,0.8798701298701298,0.9968222130603083,0.08445132513525619,0.7655026455026455,0.7653385867191164,0.7653385867191164,0.7601731601731602,0.9893413041984472,0.037363626736181765,15,10,2115,1410,141,141,300,200,False,False,False,0.7513227513227513,0.8713227513227513,13,9,341.68,8.8,5.39,336.29,357.33,22050,4500,4725,4725,ecd123415640404b,83effe21d6483a43,88f3492c76be44b5,NVIDIA A100-SXM4-80GB,6e223e81e1ad,8eb346c9c99a4bf3,True,bfloat16,2.11.0+cu128,2026-08-18T14:12:39
resisc45|swin_b_satlas-rgb_rgb3|100|7,resisc45,swin_b_satlas-rgb_rgb3,swin_b,satlas,rgb3,rgb,swin_v2_b,core,False,100,7,0.8761904761904762,0.8758297606298634,0.8758297606298635,0.8733766233766234,0.9971416660940469,0.08909676764377208,0.7538624338624339,0.7543898696289688,0.7543898696289686,0.7482683982683982,0.989179184131565,0.04353948595977965,15,10,2115,1410,141,141,300,200,False,False,False,0.7462433862433863,0.8721693121693121,11,9,340.95,9.17,5.52,335.43,357.0,22050,4500,4725,4725,ecd123415640404b,83effe21d6483a43,88f3492c76be44b5,NVIDIA A100-SXM4-80GB,6e223e81e1ad,8eb346c9c99a4bf3,True,bfloat16,2.11.0+cu128,2026-08-18T14:18:37
resisc45|swin_b_satlas-rgb_rgb3|100|999,resisc45,swin_b_satlas-rgb_rgb3,swin_b,satlas,rgb3,rgb,swin_v2_b,core,False,100,999,0.8778835978835979,0.8779452516438389,0.8779452516438386,0.8751082251082252,0.99655862479672,0.08847915868910537,0.7551322751322751,0.7556085753432187,0.7556085753432189,0.7495670995670995,0.9885872328729471,0.04382015106539247,15,10,2115,1410,141,141,300,200,False,False,False,0.7523809523809524,0.8740740740740741,14,9,337.86,8.59,5.66,332.2,353.77,22050,4500,4725,4725,ecd123415640404b,83effe21d6483a43,88f3492c76be44b5,NVIDIA A100-SXM4-80GB,6e223e81e1ad,8eb346c9c99a4bf3,True,bfloat16,2.11.0+cu128,2026-08-18T14:24:31
resisc45|resnet50_imagenet_rgb3|100|42,resisc45,resnet50_imagenet_rgb3,resnet50,imagenet,rgb3,,,core,False,100,42,0.8941798941798942,0.8946224085991074,0.8946224085991075,0.8917748917748918,0.9974148972720402,0.07624765156122744,0.8592592592592593,0.8594806828351492,0.8594806828351492,0.8560606060606061,0.9962299869442727,0.07762248689850804,15,10,2115,1410,141,141,300,200,False,False,False,0.8552380952380952,0.8903703703703704,13,8,94.35,2.96,5.55,88.79,98.36,22050,4500,4725,4725,ecd123415640404b,83effe21d6483a43,88f3492c76be44b5,NVIDIA A100-SXM4-80GB,6e223e81e1ad,8dbf1f2f4e43febd,True,bfloat16,2.11.0+cu128,2026-08-18T14:26:09
resisc45|resnet50_imagenet_rgb3|100|123,resisc45,resnet50_imagenet_rgb3,resnet50,imagenet,rgb3,,,core,False,100,123,0.8924867724867724,0.8924687192858343,0.8924687192858346,0.8900432900432901,0.9971824595157928,0.07707658195621754,0.8562962962962963,0.856505062065255,0.856505062065255,0.853030303030303,0.9956099544194781,0.08250979731953331,15,10,2115,1410,141,141,300,200,False,False,False,0.8526984126984127,0.8861375661375661,13,8,91.76,2.91,5.74,86.02,95.71,22050,4500,4725,4725,ecd123415640404b,83effe21d6483a43,88f3492c76be44b5,NVIDIA A100-SXM4-80GB,6e223e81e1ad,8dbf1f2f4e43febd,True,bfloat16,2.11.0+cu128,2026-08-18T14:27:45
resisc45|resnet50_imagenet_rgb3|100|2024,resisc45,resnet50_imagenet_rgb3,resnet50,imagenet,rgb3,,,core,False,100,2024,0.8842328042328043,0.8840831910116111,0.8840831910116111,0.8816017316017316,0.9967346480679814,0.08472618417134363,0.855026455026455,0.8545866376968598,0.85458663769686,0.8517316017316017,0.9956398680684396,0.08387952250147623,15,10,2115,1410,141,141,300,200,False,False,False,0.8548148148148148,0.8825396825396825,12,8,89.5,2.8,5.5,84.0,93.33,22050,4500,4725,4725,ecd123415640404b,83effe21d6483a43,88f3492c76be44b5,NVIDIA A100-SXM4-80GB,6e223e81e1ad,8dbf1f2f4e43febd,True,bfloat16,2.11.0+cu128,2026-08-18T14:29:19
resisc45|resnet50_imagenet_rgb3|100|7,resisc45,resnet50_imagenet_rgb3,resnet50,imagenet,rgb3,,,core,False,100,7,0.8931216931216931,0.8930597931311534,0.8930597931311534,0.8906926406926406,0.9975966238347191,0.07372327737076576,0.8588359788359788,0.8588047119939657,0.8588047119939657,0.8556277056277056,0.9966442199775533,0.07702774994903137,15,10,2115,1410,141,141,300,200,False,False,False,0.8558730158730159,0.886984126984127,13,8,90.12,2.73,5.49,84.63,93.89,22050,4500,4725,4725,ecd123415640404b,83effe21d6483a43,88f3492c76be44b5,NVIDIA A100-SXM4-80GB,6e223e81e1ad,8dbf1f2f4e43febd,True,bfloat16,2.11.0+cu128,2026-08-18T14:30:53
resisc45|resnet50_imagenet_rgb3|100|999,resisc45,resnet50_imagenet_rgb3,resnet50,imagenet,rgb3,,,core,False,100,999,0.8922751322751322,0.892294065514956,0.8922940655149562,0.8898268398268399,0.9969361185551661,0.07623419151735056,0.8577777777777778,0.8576268149899591,0.857626814989959,0.8545454545454545,0.9962571520190566,0.07690936110953175,15,10,2115,1410,141,141,300,200,False,False,False,0.8573544973544973,0.8895238095238095,14,9,88.85,2.63,5.54,83.32,92.5,22050,4500,4725,4725,ecd123415640404b,83effe21d6483a43,88f3492c76be44b5,NVIDIA A100-SXM4-80GB,6e223e81e1ad,8dbf1f2f4e43febd,True,bfloat16,2.11.0+cu128,2026-08-18T14:32:26
resisc45|swin_b_imagenet_rgb3|100|42,resisc45,swin_b_imagenet_rgb3,swin_b,imagenet,rgb3,,swin_v2_b,core,False,100,42,0.9286772486772487,0.928433725999698,0.9284337259996979,0.927056277056277,0.9990308527451384,0.05244684004909782,0.8651851851851852,0.8654760094867371,0.865476009486737,0.8621212121212121,0.9969803705994185,0.06315929207221538,15,10,2115,1410,141,141,300,200,False,False,False,0.8588359788359788,0.9263492063492064,13,9,342.43,8.64,5.39,337.04,353.55,22050,4500,4725,4725,ecd123415640404b,83effe21d6483a43,88f3492c76be44b5,NVIDIA A100-SXM4-80GB,6e223e81e1ad,88912e7391ce9f7b,True,bfloat16,2.11.0+cu128,2026-08-18T14:38:20
resisc45|swin_b_imagenet_rgb3|100|123,resisc45,swin_b_imagenet_rgb3,swin_b,imagenet,rgb3,,swin_v2_b,core,False,100,123,0.9284656084656084,0.9284352408996227,0.9284352408996229,0.9268398268398268,0.9990654389702007,0.051751786464105824,0.8643386243386243,0.8642295792278621,0.8642295792278624,0.8612554112554112,0.9964689525641907,0.060217856020523736,15,10,2115,1410,141,141,300,200,False,False,False,0.8533333333333334,0.9221164021164021,13,9,342.61,8.44,5.42,337.19,353.56,22050,4500,4725,4725,ecd123415640404b,83effe21d6483a43,88f3492c76be44b5,NVIDIA A100-SXM4-80GB,6e223e81e1ad,88912e7391ce9f7b,True,bfloat16,2.11.0+cu128,2026-08-18T14:44:14
resisc45|swin_b_imagenet_rgb3|100|2024,resisc45,swin_b_imagenet_rgb3,swin_b,imagenet,rgb3,,swin_v2_b,core,False,100,2024,0.9248677248677248,0.9248376643900141,0.9248376643900144,0.9231601731601732,0.9986039762706429,0.055670219672420085,0.8594708994708995,0.8594594947171423,0.8594594947171424,0.8562770562770563,0.9963539018300922,0.06238941046611343,15,10,2115,1410,141,141,300,200,False,False,False,0.8569312169312169,0.9295238095238095,11,8,339.97,9.0,5.36,334.6,351.46,22050,4500,4725,4725,ecd123415640404b,83effe21d6483a43,88f3492c76be44b5,NVIDIA A100-SXM4-80GB,6e223e81e1ad,88912e7391ce9f7b,True,bfloat16,2.11.0+cu128,2026-08-18T14:50:06
resisc45|swin_b_imagenet_rgb3|100|7,resisc45,swin_b_imagenet_rgb3,swin_b,imagenet,rgb3,,swin_v2_b,core,False,100,7,0.9278306878306878,0.9277515168049006,0.9277515168049006,0.9261904761904762,0.9990756086946563,0.05358433951776495,0.8613756613756614,0.8610369184792982,0.8610369184792983,0.8582251082251082,0.9969697427792668,0.0658541798150098,15,10,2115,1410,141,141,300,200,False,False,False,0.8560846560846561,0.9274074074074075,13,8,339.69,8.46,5.74,333.95,350.66,22050,4500,4725,4725,ecd123415640404b,83effe21d6483a43,88f3492c76be44b5,NVIDIA A100-SXM4-80GB,6e223e81e1ad,88912e7391ce9f7b,True,bfloat16,2.11.0+cu128,2026-08-18T14:55:57
resisc45|swin_b_imagenet_rgb3|100|999,resisc45,swin_b_imagenet_rgb3,swin_b,imagenet,rgb3,,swin_v2_b,core,False,100,999,0.9278306878306878,0.927696662626047,0.9276966626260468,0.9261904761904762,0.9988380860761814,0.05058069430331069,0.8582010582010582,0.8581282647154022,0.8581282647154023,0.854978354978355,0.9962986783939164,0.06622078965580655,15,10,2115,1410,141,141,300,200,False,False,False,0.8533333333333334,0.9276190476190476,13,9,344.34,8.38,5.43,338.92,355.2,22050,4500,4725,4725,ecd123415640404b,83effe21d6483a43,88f3492c76be44b5,NVIDIA A100-SXM4-80GB,6e223e81e1ad,88912e7391ce9f7b,True,bfloat16,2.11.0+cu128,2026-08-18T15:01:52
resisc45|resnet50_scratch_rgb3|100|42,resisc45,resnet50_scratch_rgb3,resnet50,scratch,rgb3,,,core,False,100,42,0.43534391534391537,0.424317969691632,0.42431796969163205,0.4225108225108225,0.9362199317437412,0.031803265124086356,0.022222222222222223,0.000966183574879227,0.000966183574879227,0.0,0.5749463340891913,0.013133531974421606,15,10,2115,1410,141,141,300,200,False,False,False,0.022222222222222223,0.4397883597883598,0,9,89.23,2.79,5.53,83.7,92.96,22050,4500,4725,4725,ecd123415640404b,83effe21d6483a43,88f3492c76be44b5,NVIDIA A100-SXM4-80GB,6e223e81e1ad,0bb509cc681b05be,True,bfloat16,2.11.0+cu128,2026-08-18T15:03:25
resisc45|resnet50_scratch_rgb3|100|123,resisc45,resnet50_scratch_rgb3,resnet50,scratch,rgb3,,,core,False,100,123,0.4325925925925926,0.4206533636690754,0.42065336366907546,0.4196969696969697,0.9348008428960813,0.04358720626465227,0.022222222222222223,0.000966183574879227,0.000966183574879227,0.0,0.580247028104171,0.011321006880866156,15,10,2115,1410,141,141,300,200,False,False,False,0.022222222222222223,0.43026455026455024,0,8,92.96,2.94,5.55,87.41,96.84,22050,4500,4725,4725,ecd123415640404b,83effe21d6483a43,88f3492c76be44b5,NVIDIA A100-SXM4-80GB,6e223e81e1ad,ead1bf14194341d9,True,bfloat16,2.11.0+cu128,2026-08-18T15:05:02
resisc45|resnet50_scratch_rgb3|100|2024,resisc45,resnet50_scratch_rgb3,resnet50,scratch,rgb3,,,core,False,100,2024,0.4222222222222222,0.41039064503707223,0.4103906450370724,0.40909090909090906,0.9327532925628162,0.04455528664052801,0.022222222222222223,0.000966183574879227,0.000966183574879227,0.0,0.6428668773906869,0.011765344606505499,15,10,2115,1410,141,141,300,200,False,False,False,0.022222222222222223,0.42455026455026457,0,9,95.6,3.1,5.66,89.93,99.65,22050,4500,4725,4725,ecd123415640404b,83effe21d6483a43,88f3492c76be44b5,NVIDIA A100-SXM4-80GB,6e223e81e1ad,319c432283a11129,True,bfloat16,2.11.0+cu128,2026-08-18T15:06:42
resisc45|resnet50_scratch_rgb3|100|7,resisc45,resnet50_scratch_rgb3,resnet50,scratch,rgb3,,,core,False,100,7,0.41354497354497355,0.4040439049994458,0.4040439049994458,0.40021645021645025,0.9305610297991251,0.029135649536967904,0.05502645502645503,0.014816872075589333,0.014816872075589333,0.03354978354978355,0.6989350420302801,0.037931935772220926,15,10,2115,1410,141,141,300,200,False,False,False,0.05587301587301587,0.4275132275132275,13,8,91.99,2.69,5.84,86.15,95.61,22050,4500,4725,4725,ecd123415640404b,83effe21d6483a43,88f3492c76be44b5,NVIDIA A100-SXM4-80GB,6e223e81e1ad,9fbe17ee78e1ca6e,True,bfloat16,2.11.0+cu128,2026-08-18T15:08:18
resisc45|resnet50_scratch_rgb3|100|999,resisc45,resnet50_scratch_rgb3,resnet50,scratch,rgb3,,,core,False,100,999,0.43026455026455024,0.4168400617809872,0.4168400617809871,0.4173160173160173,0.9356970613161087,0.034124189344032746,0.022222222222222223,0.000966183574879227,0.000966183574879227,0.0,0.6080678897821755,0.026944695578681097,15,10,2115,1410,141,141,300,200,False,False,False,0.022222222222222223,0.4306878306878307,0,8,90.17,2.67,5.5,84.67,93.75,22050,4500,4725,4725,ecd123415640404b,83effe21d6483a43,88f3492c76be44b5,NVIDIA A100-SXM4-80GB,6e223e81e1ad,631d764cc50df590,True,bfloat16,2.11.0+cu128,2026-08-18T15:09:52
resisc45|swin_b_scratch_rgb3|100|42,resisc45,swin_b_scratch_rgb3,swin_b,scratch,rgb3,,swin_v2_b,core,False,100,42,0.36253968253968255,0.34330019094439873,0.3433001909443988,0.34805194805194806,0.9202363315696649,0.0286643515251301,0.37058201058201057,0.35624006337390834,0.3562400633739083,0.3562770562770563,0.9105995098376051,0.020637066969795826,15,10,2115,1410,141,141,300,200,False,False,False,0.36973544973544975,0.3604232804232804,14,9,343.22,8.33,5.35,337.87,353.79,22050,4500,4725,4725,ecd123415640404b,83effe21d6483a43,88f3492c76be44b5,NVIDIA A100-SXM4-80GB,6e223e81e1ad,b8ec45178d7aaa3b,True,bfloat16,2.11.0+cu128,2026-08-18T15:15:46
resisc45|swin_b_scratch_rgb3|100|123,resisc45,swin_b_scratch_rgb3,swin_b,scratch,rgb3,,swin_v2_b,core,False,100,123,0.3868783068783069,0.36905956552294567,0.3690595655229457,0.3729437229437229,0.9254209212304451,0.01631443624458616,0.3976719576719577,0.38465567184486754,0.38465567184486754,0.383982683982684,0.9189018988066607,0.017565234713453465,15,10,2115,1410,141,141,300,200,False,False,False,0.39894179894179893,0.39005291005291004,12,9,341.26,9.14,5.48,335.77,352.59,22050,4500,4725,4725,ecd123415640404b,83effe21d6483a43,88f3492c76be44b5,NVIDIA A100-SXM4-80GB,6e223e81e1ad,b3e6b98e74745596,True,bfloat16,2.11.0+cu128,2026-08-18T15:21:39
resisc45|swin_b_scratch_rgb3|100|2024,resisc45,swin_b_scratch_rgb3,swin_b,scratch,rgb3,,swin_v2_b,core,False,100,2024,0.3506878306878307,0.32971264994057914,0.3297126499405791,0.3359307359307361,0.9184098124098125,0.0182847638420327,0.3944973544973545,0.3837133828877313,0.38371338288773144,0.3807359307359306,0.913833550928789,0.02420062090038623,15,10,2115,1410,141,141,300,200,False,False,False,0.39111111111111113,0.34984126984126984,13,9,340.29,8.38,5.74,334.55,350.91,22050,4500,4725,4725,ecd123415640404b,83effe21d6483a43,88f3492c76be44b5,NVIDIA A100-SXM4-80GB,6e223e81e1ad,c63d77d8523e8532,True,bfloat16,2.11.0+cu128,2026-08-18T15:27:31
resisc45|swin_b_scratch_rgb3|100|7,resisc45,swin_b_scratch_rgb3,swin_b,scratch,rgb3,,swin_v2_b,core,False,100,7,0.3487830687830688,0.32967905548136095,0.329679055481361,0.33398268398268394,0.9186753704848944,0.020634773900269198,0.38116402116402115,0.3675389373766247,0.36753893737662463,0.36709956709956715,0.9137338005909433,0.016329464439361802,15,10,2115,1410,141,141,300,200,False,False,False,0.382010582010582,0.34116402116402117,13,9,345.19,8.32,5.4,339.78,355.68,22050,4500,4725,4725,ecd123415640404b,83effe21d6483a43,88f3492c76be44b5,NVIDIA A100-SXM4-80GB,6e223e81e1ad,8ff7909cbedb589b,True,bfloat16,2.11.0+cu128,2026-08-18T15:33:27
resisc45|swin_b_scratch_rgb3|100|999,resisc45,swin_b_scratch_rgb3,swin_b,scratch,rgb3,,swin_v2_b,core,False,100,999,0.3580952380952381,0.33800510048977966,0.33800510048977966,0.34350649350649354,0.9176308206784398,0.028931159863553973,0.3707936507936508,0.35445795753721215,0.35445795753721215,0.35649350649350653,0.9081399940447559,0.03012575341910912,15,10,2115,1410,141,141,300,200,False,False,False,0.36698412698412697,0.35259259259259257,14,9,344.4,8.54,5.35,339.05,355.31,22050,4500,4725,4725,ecd123415640404b,83effe21d6483a43,88f3492c76be44b5,NVIDIA A100-SXM4-80GB,6e223e81e1ad,0b817b7aa74cba60,True,bfloat16,2.11.0+cu128,2026-08-18T15:39:22
resisc45|resnet50_satlas-rgb_rgb3|full|42,resisc45,resnet50_satlas-rgb_rgb3,resnet50,satlas,rgb3,rgb,,core,False,full,42,0.9034920634920635,0.9035227416267363,0.9035227416267362,0.9012987012987013,0.9979157562014704,0.07594650835587234,0.746031746031746,0.745836162477387,0.7458361624773873,0.7402597402597403,0.9870940699512131,0.1555634966571495,15,10,10350,6900,690,690,300,200,False,False,False,0.7430687830687831,0.8922751322751322,12,8,332.53,2.5,39.9,292.64,339.16,22050,22050,4725,4725,ecd123415640404b,83effe21d6483a43,88f3492c76be44b5,NVIDIA A100-SXM4-80GB,6e223e81e1ad,86f6e7d57f4b9cb1,False,bfloat16,2.11.0+cu128,2026-08-18T21:48:08
resisc45|resnet50_satlas-rgb_rgb3|full|123,resisc45,resnet50_satlas-rgb_rgb3,resnet50,satlas,rgb3,rgb,,core,False,full,123,0.9017989417989418,0.9017903052293169,0.9017903052293168,0.8995670995670996,0.9978718248242056,0.0788507894801084,0.7544973544973544,0.7547112271204544,0.7547112271204545,0.748917748917749,0.9876015941730227,0.15156713537753574,15,10,10350,6900,690,690,300,200,False,False,False,0.7468783068783069,0.8891005291005291,14,8,314.59,2.55,23.72,290.87,321.02,22050,22050,4725,4725,ecd123415640404b,83effe21d6483a43,88f3492c76be44b5,NVIDIA A100-SXM4-80GB,6e223e81e1ad,86f6e7d57f4b9cb1,True,bfloat16,2.11.0+cu128,2026-08-18T21:53:29
resisc45|resnet50_satlas-rgb_rgb3|full|2024,resisc45,resnet50_satlas-rgb_rgb3,resnet50,satlas,rgb3,rgb,,core,False,full,2024,0.8990476190476191,0.8992266183844306,0.8992266183844309,0.8967532467532467,0.9980798918894158,0.07970031583119953,0.7477248677248677,0.7473185083729535,0.7473185083729537,0.741991341991342,0.9873931606312559,0.15679186479439816,15,10,10350,6900,690,690,300,200,False,False,False,0.7458201058201058,0.891005291005291,14,9,313.74,2.56,23.59,290.15,319.76,22050,22050,4725,4725,ecd123415640404b,83effe21d6483a43,88f3492c76be44b5,NVIDIA A100-SXM4-80GB,6e223e81e1ad,86f6e7d57f4b9cb1,True,bfloat16,2.11.0+cu128,2026-08-18T21:58:49
resisc45|resnet50_satlas-rgb_rgb3|full|7,resisc45,resnet50_satlas-rgb_rgb3,resnet50,satlas,rgb3,rgb,,core,False,full,7,0.9062433862433863,0.9061562674568046,0.9061562674568044,0.9041125541125541,0.9982306282782473,0.0744262980500226,0.7498412698412699,0.7493255073157209,0.7493255073157208,0.7441558441558442,0.9872815914244487,0.15316302747953503,15,10,10350,6900,690,690,300,200,False,False,False,0.7432804232804233,0.8996825396825396,14,9,312.92,3.01,23.13,289.79,319.04,22050,22050,4725,4725,ecd123415640404b,83effe21d6483a43,88f3492c76be44b5,NVIDIA A100-SXM4-80GB,6e223e81e1ad,86f6e7d57f4b9cb1,True,bfloat16,2.11.0+cu128,2026-08-18T22:04:08
resisc45|resnet50_satlas-rgb_rgb3|full|999,resisc45,resnet50_satlas-rgb_rgb3,resnet50,satlas,rgb3,rgb,,core,False,full,999,0.8998941798941799,0.9000652675102423,0.9000652675102422,0.8976190476190476,0.9978562495705353,0.08064528587949335,0.7540740740740741,0.7544866207164094,0.7544866207164093,0.7484848484848485,0.9876648342838816,0.1488826725218031,15,10,10350,6900,690,690,300,200,False,False,False,0.7417989417989418,0.8937566137566137,13,8,317.07,2.62,23.32,293.76,322.97,22050,22050,4725,4725,ecd123415640404b,83effe21d6483a43,88f3492c76be44b5,NVIDIA A100-SXM4-80GB,6e223e81e1ad,86f6e7d57f4b9cb1,True,bfloat16,2.11.0+cu128,2026-08-18T22:09:32
resisc45|swin_b_satlas-rgb_rgb3|full|42,resisc45,swin_b_satlas-rgb_rgb3,swin_b,satlas,rgb3,rgb,swin_v2_b,core,False,full,42,0.9464550264550264,0.9465177597008346,0.9465177597008347,0.9452380952380952,0.9994889026317597,0.042902278218950526,0.8463492063492063,0.846087082258518,0.8460870822585179,0.8428571428571429,0.9956183604755032,0.0466327202635467,15,10,10350,6900,690,690,300,200,False,False,False,0.8412698412698413,0.9508994708994709,12,9,1364.48,8.34,74.52,1289.96,1381.99,22050,22050,4725,4725,ecd123415640404b,83effe21d6483a43,88f3492c76be44b5,NVIDIA A100-SXM4-80GB,6e223e81e1ad,8eb346c9c99a4bf3,False,bfloat16,2.11.0+cu128,2026-08-18T22:32:34
resisc45|swin_b_satlas-rgb_rgb3|full|123,resisc45,swin_b_satlas-rgb_rgb3,swin_b,satlas,rgb3,rgb,swin_v2_b,core,False,full,123,0.9492063492063492,0.9492479626033179,0.9492479626033179,0.948051948051948,0.9994809775762158,0.042073931025449554,0.8467724867724867,0.8465362215425829,0.846536221542583,0.8432900432900432,0.9956478160287683,0.045079359768559715,15,10,10350,6900,690,690,300,200,False,False,False,0.837037037037037,0.9492063492063492,12,9,1319.13,8.29,23.82,1295.31,1334.33,22050,22050,4725,4725,ecd123415640404b,83effe21d6483a43,88f3492c76be44b5,NVIDIA A100-SXM4-80GB,6e223e81e1ad,8eb346c9c99a4bf3,True,bfloat16,2.11.0+cu128,2026-08-18T22:54:49
resisc45|swin_b_satlas-rgb_rgb3|full|2024,resisc45,swin_b_satlas-rgb_rgb3,swin_b,satlas,rgb3,rgb,swin_v2_b,core,False,full,2024,0.9483597883597884,0.9484508117935677,0.948450811793568,0.9471861471861471,0.9994822602441649,0.04097092356000625,0.846984126984127,0.8469439481594874,0.8469439481594874,0.8435064935064935,0.9955210151400629,0.049367449882799994,15,10,10350,6900,690,690,300,200,False,False,False,0.8376719576719577,0.946031746031746,13,9,1305.05,8.17,23.5,1281.55,1319.87,22050,22050,4725,4725,ecd123415640404b,83effe21d6483a43,88f3492c76be44b5,NVIDIA A100-SXM4-80GB,6e223e81e1ad,8eb346c9c99a4bf3,True,bfloat16,2.11.0+cu128,2026-08-18T23:16:49
resisc45|swin_b_satlas-rgb_rgb3|full|7,resisc45,swin_b_satlas-rgb_rgb3,swin_b,satlas,rgb3,rgb,swin_v2_b,core,False,full,7,0.9498412698412698,0.9497411373878482,0.949741137387848,0.9487012987012987,0.9994233033280652,0.03981488615116748,0.8463492063492063,0.846301106982901,0.8463011069829007,0.8428571428571429,0.995347900776472,0.042998539259824775,15,10,10350,6900,690,690,300,200,False,False,False,0.8425396825396826,0.9492063492063492,10,9,1309.28,8.3,23.55,1285.73,1324.08,22050,22050,4725,4725,ecd123415640404b,83effe21d6483a43,88f3492c76be44b5,NVIDIA A100-SXM4-80GB,6e223e81e1ad,8eb346c9c99a4bf3,True,bfloat16,2.11.0+cu128,2026-08-18T23:57:34
resisc45|swin_b_satlas-rgb_rgb3|full|999,resisc45,swin_b_satlas-rgb_rgb3,swin_b,satlas,rgb3,rgb,swin_v2_b,core,False,full,999,0.9487830687830687,0.9486638383814595,0.9486638383814593,0.9476190476190476,0.9995288943860372,0.04164109636236122,0.8499470899470899,0.849807221887003,0.8498072218870029,0.8465367965367965,0.9956785084404132,0.04363981500189144,15,10,10350,6900,690,690,300,200,False,False,False,0.8347089947089947,0.9521693121693122,12,9,1301.12,8.4,23.44,1277.68,1316.22,22050,22050,4725,4725,ecd123415640404b,83effe21d6483a43,88f3492c76be44b5,NVIDIA A100-SXM4-80GB,6e223e81e1ad,8eb346c9c99a4bf3,True,bfloat16,2.11.0+cu128,2026-08-19T00:19:31
resisc45|resnet50_imagenet_rgb3|full|42,resisc45,resnet50_imagenet_rgb3,resnet50,imagenet,rgb3,,,core,False,full,42,0.9511111111111111,0.9510885988734371,0.9510885988734372,0.95,0.9993927025355597,0.03907216443586602,0.9045502645502645,0.9043416769197342,0.9043416769197341,0.9023809523809524,0.9984318239080143,0.06227708036937406,15,10,10350,6900,690,690,300,200,False,False,False,0.9039153439153439,0.9447619047619048,10,9,334.98,2.62,39.19,295.79,338.88,22050,22050,4725,4725,ecd123415640404b,83effe21d6483a43,88f3492c76be44b5,NVIDIA A100-SXM4-80GB,6e223e81e1ad,8dbf1f2f4e43febd,False,bfloat16,2.11.0+cu128,2026-08-19T00:25:10
resisc45|resnet50_imagenet_rgb3|full|123,resisc45,resnet50_imagenet_rgb3,resnet50,imagenet,rgb3,,,core,False,full,123,0.9528042328042328,0.9529089155910287,0.9529089155910291,0.9517316017316018,0.9993430449620928,0.039914494462744865,0.9077248677248677,0.9075488761442501,0.9075488761442501,0.9056277056277057,0.9983983142078381,0.0618024730934668,15,10,10350,6900,690,690,300,200,False,False,False,0.9047619047619048,0.9525925925925925,13,8,323.59,2.58,23.51,300.08,327.17,22050,22050,4725,4725,ecd123415640404b,83effe21d6483a43,88f3492c76be44b5,NVIDIA A100-SXM4-80GB,6e223e81e1ad,8dbf1f2f4e43febd,True,bfloat16,2.11.0+cu128,2026-08-19T00:30:37
resisc45|resnet50_imagenet_rgb3|full|2024,resisc45,resnet50_imagenet_rgb3,resnet50,imagenet,rgb3,,,core,False,full,2024,0.9559788359788359,0.9558764363623838,0.9558764363623841,0.9549783549783549,0.999443024347786,0.03600262807159829,0.9102645502645502,0.9100332113971498,0.9100332113971499,0.9082251082251083,0.9985243592386449,0.06077114269846967,15,10,10350,6900,690,690,300,200,False,False,False,0.9077248677248677,0.9485714285714286,14,9,320.48,2.56,23.25,297.23,324.04,22050,22050,4725,4725,ecd123415640404b,83effe21d6483a43,88f3492c76be44b5,NVIDIA A100-SXM4-80GB,6e223e81e1ad,8dbf1f2f4e43febd,True,bfloat16,2.11.0+cu128,2026-08-19T00:36:02
resisc45|resnet50_imagenet_rgb3|full|7,resisc45,resnet50_imagenet_rgb3,resnet50,imagenet,rgb3,,,core,False,full,7,0.9547089947089947,0.9547464403630701,0.9547464403630703,0.9536796536796537,0.9993888087221423,0.03865783168209919,0.9117460317460317,0.9115510436794885,0.9115510436794885,0.9097402597402597,0.99842937309604,0.05915048163403907,15,10,10350,6900,690,690,300,200,False,False,False,0.9070899470899471,0.9483597883597884,14,7,323.5,2.64,23.33,300.17,327.13,22050,22050,4725,4725,ecd123415640404b,83effe21d6483a43,88f3492c76be44b5,NVIDIA A100-SXM4-80GB,6e223e81e1ad,8dbf1f2f4e43febd,True,bfloat16,2.11.0+cu128,2026-08-19T00:41:29
resisc45|resnet50_imagenet_rgb3|full|999,resisc45,resnet50_imagenet_rgb3,resnet50,imagenet,rgb3,,,core,False,full,999,0.9553439153439154,0.9554565819014859,0.9554565819014856,0.9543290043290044,0.9994880551547219,0.03815435434775375,0.914074074074074,0.9139408604912854,0.9139408604912856,0.9121212121212121,0.9984783435259627,0.05657674978019068,15,10,10350,6900,690,690,300,200,False,False,False,0.9087830687830688,0.948994708994709,12,8,325.27,2.6,23.62,301.65,328.88,22050,22050,4725,4725,ecd123415640404b,83effe21d6483a43,88f3492c76be44b5,NVIDIA A100-SXM4-80GB,6e223e81e1ad,8dbf1f2f4e43febd,True,bfloat16,2.11.0+cu128,2026-08-19T00:46:58
resisc45|swin_b_imagenet_rgb3|full|42,resisc45,swin_b_imagenet_rgb3,swin_b,imagenet,rgb3,,swin_v2_b,core,False,full,42,0.9682539682539683,0.9682839588019143,0.9682839588019146,0.9675324675324676,0.999721935912412,0.025736543173512462,0.9216931216931217,0.9215674677469718,0.921567467746972,0.9199134199134199,0.9987031081792987,0.04541945055048299,15,10,10350,6900,690,690,300,200,False,False,False,0.917037037037037,0.9657142857142857,12,8,1324.61,8.27,73.68,1250.93,1342.67,22050,22050,4725,4725,ecd123415640404b,83effe21d6483a43,88f3492c76be44b5,NVIDIA A100-SXM4-80GB,6e223e81e1ad,88912e7391ce9f7b,False,bfloat16,2.11.0+cu128,2026-08-19T01:50:08
resisc45|swin_b_imagenet_rgb3|full|123,resisc45,swin_b_imagenet_rgb3,swin_b,imagenet,rgb3,,swin_v2_b,core,False,full,123,0.968042328042328,0.9680697221129475,0.9680697221129473,0.9673160173160174,0.9997936507936507,0.026256468497886824,0.9225396825396825,0.9224445645572241,0.9224445645572239,0.9207792207792208,0.9987770219198792,0.04262555035018419,15,10,10350,6900,690,690,300,200,False,False,False,0.911957671957672,0.9638095238095238,14,8,1280.74,8.58,22.85,1257.9,1291.7,22050,22050,4725,4725,ecd123415640404b,83effe21d6483a43,88f3492c76be44b5,NVIDIA A100-SXM4-80GB,6e223e81e1ad,88912e7391ce9f7b,True,bfloat16,2.11.0+cu128,2026-08-19T02:11:40
resisc45|swin_b_imagenet_rgb3|full|2024,resisc45,swin_b_imagenet_rgb3,swin_b,imagenet,rgb3,,swin_v2_b,core,False,full,2024,0.96994708994709,0.9699266193146509,0.9699266193146509,0.9692640692640693,0.999712086854944,0.023972175297913765,0.917037037037037,0.9170857659212577,0.9170857659212577,0.9151515151515152,0.9987045740855264,0.043881774667709615,15,10,10350,6900,690,690,300,200,False,False,False,0.9178835978835979,0.9691005291005291,11,8,1282.39,8.36,22.69,1259.7,1293.16,22050,22050,4725,4725,ecd123415640404b,83effe21d6483a43,88f3492c76be44b5,NVIDIA A100-SXM4-80GB,6e223e81e1ad,88912e7391ce9f7b,True,bfloat16,2.11.0+cu128,2026-08-19T02:33:13
resisc45|swin_b_imagenet_rgb3|full|7,resisc45,swin_b_imagenet_rgb3,swin_b,imagenet,rgb3,,swin_v2_b,core,False,full,7,0.9676190476190476,0.9677387425091418,0.9677387425091419,0.9668831168831169,0.9997217984837032,0.026806109330010777,0.9164021164021164,0.9162612006157008,0.9162612006157008,0.9145021645021645,0.998756338899196,0.04790625832698961,15,10,10350,6900,690,690,300,200,False,False,False,0.9144973544973545,0.9667724867724867,14,8,1284.66,8.38,22.94,1261.72,1295.51,22050,22050,4725,4725,ecd123415640404b,83effe21d6483a43,88f3492c76be44b5,NVIDIA A100-SXM4-80GB,6e223e81e1ad,88912e7391ce9f7b,True,bfloat16,2.11.0+cu128,2026-08-19T02:54:49
resisc45|swin_b_imagenet_rgb3|full|999,resisc45,swin_b_imagenet_rgb3,swin_b,imagenet,rgb3,,swin_v2_b,core,False,full,999,0.9678306878306878,0.9679290571007302,0.9679290571007303,0.9670995670995671,0.9997876268352457,0.0265272773699786,0.9208465608465608,0.9207919575037263,0.9207919575037264,0.919047619047619,0.9987465814608671,0.0442439071841972,15,10,10350,6900,690,690,300,200,False,False,False,0.9176719576719576,0.9676190476190476,13,9,1284.85,8.52,22.69,1262.17,1295.78,22050,22050,4725,4725,ecd123415640404b,83effe21d6483a43,88f3492c76be44b5,NVIDIA A100-SXM4-80GB,6e223e81e1ad,88912e7391ce9f7b,True,bfloat16,2.11.0+cu128,2026-08-19T03:16:25
resisc45|resnet50_scratch_rgb3|full|42,resisc45,resnet50_scratch_rgb3,resnet50,scratch,rgb3,,,core,False,full,42,0.6736507936507936,0.6683398289863266,0.6683398289863266,0.6662337662337663,0.98034636615589,0.023922765245513303,0.028994708994708993,0.0031199539195716323,0.0031199539195716323,0.006926406926407114,0.6462592821640442,0.006397889668427446,15,10,10350,6900,690,690,300,200,False,False,False,0.028994708994708993,0.6626455026455026,13,8,329.18,2.58,38.57,290.62,332.95,22050,22050,4725,4725,ecd123415640404b,83effe21d6483a43,88f3492c76be44b5,NVIDIA A100-SXM4-80GB,6e223e81e1ad,0bb509cc681b05be,False,bfloat16,2.11.0+cu128,2026-08-19T03:22:00
resisc45|resnet50_scratch_rgb3|full|123,resisc45,resnet50_scratch_rgb3,resnet50,scratch,rgb3,,,core,False,full,123,0.6493121693121693,0.6416877455535759,0.6416877455535757,0.6413419913419913,0.9784569504569502,0.027709340494145793,0.05037037037037037,0.017562708966463107,0.017562708966463107,0.028787878787878585,0.5887667834810694,0.027991171327454073,15,10,10350,6900,690,690,300,200,False,False,False,0.05015873015873016,0.651005291005291,13,9,324.25,2.53,38.32,285.94,327.72,22050,22050,4725,4725,ecd123415640404b,83effe21d6483a43,88f3492c76be44b5,NVIDIA A100-SXM4-80GB,6e223e81e1ad,ead1bf14194341d9,False,bfloat16,2.11.0+cu128,2026-08-19T03:27:28
resisc45|resnet50_scratch_rgb3|full|2024,resisc45,resnet50_scratch_rgb3,resnet50,scratch,rgb3,,,core,False,full,2024,0.6311111111111111,0.6250579084452508,0.6250579084452509,0.6227272727272728,0.9752906846240179,0.029860871618702302,0.1964021164021164,0.14985525962153842,0.1498552596215384,0.17813852813852815,0.8211045145330862,0.08775563698124003,15,10,10350,6900,690,690,300,200,False,False,False,0.1944973544973545,0.6332275132275133,13,9,327.98,2.46,40.08,287.89,331.38,22050,22050,4725,4725,ecd123415640404b,83effe21d6483a43,88f3492c76be44b5,NVIDIA A100-SXM4-80GB,6e223e81e1ad,319c432283a11129,False,bfloat16,2.11.0+cu128,2026-08-19T03:32:59
resisc45|resnet50_scratch_rgb3|full|7,resisc45,resnet50_scratch_rgb3,resnet50,scratch,rgb3,,,core,False,full,7,0.6253968253968254,0.6176319440051377,0.6176319440051378,0.6168831168831168,0.9753854188139903,0.032413573050625116,0.22412698412698412,0.18074646919557447,0.1807464691955745,0.2064935064935065,0.8410829611305802,0.08808055783705736,15,10,10350,6900,690,690,300,200,False,False,False,0.22518518518518518,0.6239153439153439,14,9,323.33,2.5,39.05,284.28,326.76,22050,22050,4725,4725,ecd123415640404b,83effe21d6483a43,88f3492c76be44b5,NVIDIA A100-SXM4-80GB,6e223e81e1ad,9fbe17ee78e1ca6e,False,bfloat16,2.11.0+cu128,2026-08-19T03:38:26
resisc45|resnet50_scratch_rgb3|full|999,resisc45,resnet50_scratch_rgb3,resnet50,scratch,rgb3,,,core,False,full,999,0.656084656084656,0.6515884499587764,0.6515884499587764,0.6482683982683983,0.9785259396687968,0.017668815181053517,0.07153439153439153,0.03138923591643369,0.03138923591643369,0.050432900432900385,0.6963873428159141,0.03427489465112408,15,10,10350,6900,690,690,300,200,False,False,False,0.07428571428571429,0.657989417989418,14,8,327.97,2.47,38.94,289.02,331.39,22050,22050,4725,4725,ecd123415640404b,83effe21d6483a43,88f3492c76be44b5,NVIDIA A100-SXM4-80GB,6e223e81e1ad,631d764cc50df590,False,bfloat16,2.11.0+cu128,2026-08-19T03:43:58
resisc45|swin_b_scratch_rgb3|full|42,resisc45,swin_b_scratch_rgb3,swin_b,scratch,rgb3,,swin_v2_b,core,False,full,42,0.5851851851851851,0.5795250873914962,0.5795250873914962,0.5757575757575757,0.9704182413706225,0.02064302756672815,0.4713227513227513,0.46038755467424736,0.4603875546742473,0.45930735930735933,0.9415661146613529,0.021067464616563586,15,10,10350,6900,690,690,300,200,False,False,False,0.4768253968253968,0.5701587301587302,14,9,1334.18,8.37,73.07,1261.11,1345.44,22050,22050,4725,4725,ecd123415640404b,83effe21d6483a43,88f3492c76be44b5,NVIDIA A100-SXM4-80GB,6e223e81e1ad,b8ec45178d7aaa3b,False,bfloat16,2.11.0+cu128,2026-08-19T04:06:24
resisc45|swin_b_scratch_rgb3|full|123,resisc45,swin_b_scratch_rgb3,swin_b,scratch,rgb3,,swin_v2_b,core,False,full,123,0.608042328042328,0.6021577196167882,0.6021577196167884,0.5991341991341992,0.9739690785405071,0.01788720103325666,0.5037037037037037,0.4950194258310182,0.49501942583101827,0.49242424242424243,0.9515797888178843,0.017852718256137993,15,10,10350,6900,690,690,300,200,False,False,False,0.497989417989418,0.605925925925926,12,9,1330.22,8.51,73.22,1257.0,1340.87,22050,22050,4725,4725,ecd123415640404b,83effe21d6483a43,88f3492c76be44b5,NVIDIA A100-SXM4-80GB,6e223e81e1ad,b3e6b98e74745596,False,bfloat16,2.11.0+cu128,2026-08-19T04:28:45
resisc45|swin_b_scratch_rgb3|full|2024,resisc45,swin_b_scratch_rgb3,swin_b,scratch,rgb3,,swin_v2_b,core,False,full,2024,0.5993650793650793,0.5945156788766922,0.5945156788766922,0.5902597402597403,0.9735515243134291,0.010884103574765415,0.5056084656084656,0.49602909832368075,0.49602909832368075,0.49437229437229435,0.9498102109530681,0.021993250427422714,15,10,10350,6900,690,690,300,200,False,False,False,0.5007407407407407,0.6042328042328042,13,9,1333.86,8.15,73.75,1260.11,1344.19,22050,22050,4725,4725,ecd123415640404b,83effe21d6483a43,88f3492c76be44b5,NVIDIA A100-SXM4-80GB,6e223e81e1ad,c63d77d8523e8532,False,bfloat16,2.11.0+cu128,2026-08-19T04:51:09
resisc45|swin_b_scratch_rgb3|full|7,resisc45,swin_b_scratch_rgb3,swin_b,scratch,rgb3,,swin_v2_b,core,False,full,7,0.5976719576719577,0.5911930386879825,0.5911930386879825,0.5885281385281385,0.9720098948670378,0.02435564719495318,0.49396825396825395,0.48472702773378074,0.4847270277337806,0.4824675324675325,0.947214869786298,0.018637859903315394,15,10,10350,6900,690,690,300,200,False,False,False,0.49417989417989416,0.588994708994709,14,9,1331.7,8.08,73.85,1257.86,1342.04,22050,22050,4725,4725,ecd123415640404b,83effe21d6483a43,88f3492c76be44b5,NVIDIA A100-SXM4-80GB,6e223e81e1ad,8ff7909cbedb589b,False,bfloat16,2.11.0+cu128,2026-08-19T05:13:32
resisc45|swin_b_scratch_rgb3|full|999,resisc45,swin_b_scratch_rgb3,swin_b,scratch,rgb3,,swin_v2_b,core,False,full,999,0.5762962962962963,0.5682993160530787,0.5682993160530787,0.5666666666666667,0.9682428365285506,0.019188087245143898,0.47534391534391535,0.46424095529505893,0.4642409552950591,0.4634199134199134,0.942580132389656,0.024933432141939785,15,10,10350,6900,690,690,300,200,False,False,False,0.4793650793650794,0.5707936507936507,14,9,1331.01,8.3,73.76,1257.26,1341.62,22050,22050,4725,4725,ecd123415640404b,83effe21d6483a43,88f3492c76be44b5,NVIDIA A100-SXM4-80GB,6e223e81e1ad,0b817b7aa74cba60,False,bfloat16,2.11.0+cu128,2026-08-19T05:35:53
resisc45|swin_b_satlas-aerial_rgb3|5|42,resisc45,swin_b_satlas-aerial_rgb3,swin_b,satlas,rgb3,aerial,swin_v2_b,matched,False,5,42,0.6958730158730159,0.6939492444743718,0.6939492444743719,0.688961038961039,0.9814667537048489,0.19742943138041824,0.6461375661375661,0.6444556310116458,0.6444556310116457,0.638095238095238,0.9760223550699739,0.1604535112242219,43,29,301,203,7,7,300,200,True,True,True,0.6419047619047619,0.6793650793650794,32,28,167.54,8.04,51.89,115.65,185.86,22050,225,4725,4725,ecd123415640404b,83effe21d6483a43,88f3492c76be44b5,NVIDIA A100-SXM4-80GB,6e223e81e1ad,fc6ff00ee10c44fc,False,bfloat16,2.11.0+cu128,2026-08-19T11:40:02
resisc45|swin_b_satlas-aerial_rgb3|5|123,resisc45,swin_b_satlas-aerial_rgb3,swin_b,satlas,rgb3,aerial,swin_v2_b,matched,False,5,123,0.686984126984127,0.6832197166234328,0.6832197166234328,0.6798701298701298,0.982315467601182,0.2056109114109524,0.6404232804232804,0.6373999178993518,0.6373999178993516,0.6322510822510823,0.9776669644288691,0.14197814662620503,43,29,301,203,7,7,300,200,True,True,True,0.6433862433862434,0.6704761904761904,29,28,118.35,8.13,1.46,116.89,136.02,22050,225,4725,4725,ecd123415640404b,83effe21d6483a43,88f3492c76be44b5,NVIDIA A100-SXM4-80GB,6e223e81e1ad,fc6ff00ee10c44fc,True,bfloat16,2.11.0+cu128,2026-08-19T11:42:18
resisc45|swin_b_satlas-aerial_rgb3|5|2024,resisc45,swin_b_satlas-aerial_rgb3,swin_b,satlas,rgb3,aerial,swin_v2_b,matched,False,5,2024,0.6842328042328042,0.6858334533038479,0.6858334533038479,0.6770562770562771,0.9774681738015067,0.21768244530788802,0.6522751322751322,0.6517277777196835,0.6517277777196834,0.6443722943722944,0.9743747680890539,0.14262893611161165,43,29,301,203,7,7,300,200,True,True,True,0.638095238095238,0.6823280423280423,29,28,119.58,8.17,1.47,118.11,136.31,22050,225,4725,4725,ecd123415640404b,83effe21d6483a43,88f3492c76be44b5,NVIDIA A100-SXM4-80GB,6e223e81e1ad,fc6ff00ee10c44fc,True,bfloat16,2.11.0+cu128,2026-08-19T11:44:35
resisc45|swin_b_satlas-aerial_rgb3|5|7,resisc45,swin_b_satlas-aerial_rgb3,swin_b,satlas,rgb3,aerial,swin_v2_b,matched,False,5,7,0.6565079365079365,0.6546638163694448,0.6546638163694452,0.6487012987012988,0.9776097253716302,0.23883982677939075,0.6241269841269841,0.6222903875883294,0.6222903875883293,0.6155844155844156,0.9727756476327906,0.16466110387491803,43,29,301,203,7,7,300,200,True,True,True,0.6285714285714286,0.6662433862433862,26,23,118.21,8.14,1.47,116.74,139.91,22050,225,4725,4725,ecd123415640404b,83effe21d6483a43,88f3492c76be44b5,NVIDIA A100-SXM4-80GB,6e223e81e1ad,fc6ff00ee10c44fc,True,bfloat16,2.11.0+cu128,2026-08-19T11:46:55
resisc45|swin_b_satlas-aerial_rgb3|5|999,resisc45,swin_b_satlas-aerial_rgb3,swin_b,satlas,rgb3,aerial,swin_v2_b,matched,False,5,999,0.6658201058201059,0.6603862844547458,0.6603862844547458,0.6582251082251083,0.978433175290318,0.22797746734013635,0.6351322751322751,0.6331723249719824,0.6331723249719823,0.6268398268398269,0.9762995029661694,0.1604777517173656,43,29,301,203,7,7,300,200,True,True,True,0.6222222222222222,0.6670899470899471,41,28,118.92,8.31,1.47,117.45,135.82,22050,225,4725,4725,ecd123415640404b,83effe21d6483a43,88f3492c76be44b5,NVIDIA A100-SXM4-80GB,6e223e81e1ad,fc6ff00ee10c44fc,True,bfloat16,2.11.0+cu128,2026-08-19T11:49:11
resisc45|swin_b_satlas-aerial_rgb3|10|42,resisc45,swin_b_satlas-aerial_rgb3,swin_b,satlas,rgb3,aerial,swin_v2_b,matched,False,10,42,0.7610582010582011,0.7603634653763882,0.7603634653763884,0.7556277056277056,0.9891566458233125,0.14707933828313513,0.707936507936508,0.7060588005457329,0.7060588005457328,0.7012987012987013,0.9855575253670493,0.08810539031785632,20,14,300,210,15,15,300,200,True,True,False,0.7037037037037037,0.7502645502645503,19,13,94.32,8.12,1.2,93.12,112.82,22050,450,4725,4725,ecd123415640404b,83effe21d6483a43,88f3492c76be44b5,NVIDIA A100-SXM4-80GB,6e223e81e1ad,fc6ff00ee10c44fc,True,bfloat16,2.11.0+cu128,2026-08-19T11:51:04
resisc45|swin_b_satlas-aerial_rgb3|10|123,resisc45,swin_b_satlas-aerial_rgb3,swin_b,satlas,rgb3,aerial,swin_v2_b,matched,False,10,123,0.7754497354497355,0.7739011357735085,0.7739011357735086,0.7703463203463203,0.9893304244256624,0.1393363455615977,0.7250793650793651,0.7237499929086391,0.7237499929086391,0.7188311688311688,0.9850808309855931,0.06503722710584206,20,14,300,210,15,15,300,200,True,True,False,0.711957671957672,0.7564021164021164,19,13,94.22,8.13,1.21,93.01,109.76,22050,450,4725,4725,ecd123415640404b,83effe21d6483a43,88f3492c76be44b5,NVIDIA A100-SXM4-80GB,6e223e81e1ad,fc6ff00ee10c44fc,True,bfloat16,2.11.0+cu128,2026-08-19T11:52:54
resisc45|swin_b_satlas-aerial_rgb3|10|2024,resisc45,swin_b_satlas-aerial_rgb3,swin_b,satlas,rgb3,aerial,swin_v2_b,matched,False,10,2024,0.7585185185185185,0.7571251943863118,0.7571251943863118,0.753030303030303,0.9886501752216037,0.14537809331581075,0.700952380952381,0.6997149407277423,0.6997149407277423,0.6941558441558442,0.9838308252593969,0.07405071910726962,20,14,300,210,15,15,300,200,True,True,False,0.7028571428571428,0.7536507936507937,19,13,94.4,8.38,1.25,93.15,109.9,22050,450,4725,4725,ecd123415640404b,83effe21d6483a43,88f3492c76be44b5,NVIDIA A100-SXM4-80GB,6e223e81e1ad,fc6ff00ee10c44fc,True,bfloat16,2.11.0+cu128,2026-08-19T11:54:45
resisc45|swin_b_satlas-aerial_rgb3|10|7,resisc45,swin_b_satlas-aerial_rgb3,swin_b,satlas,rgb3,aerial,swin_v2_b,matched,False,10,7,0.7678306878306879,0.7654887683432111,0.7654887683432111,0.7625541125541125,0.9906124739458074,0.1412172445481416,0.7255026455026455,0.7233890200620364,0.7233890200620364,0.7192640692640693,0.9866072516548706,0.05641695989187433,20,14,300,210,15,15,300,200,True,True,False,0.7176719576719577,0.7597883597883598,17,11,94.74,8.28,1.2,93.54,111.07,22050,450,4725,4725,ecd123415640404b,83effe21d6483a43,88f3492c76be44b5,NVIDIA A100-SXM4-80GB,6e223e81e1ad,fc6ff00ee10c44fc,True,bfloat16,2.11.0+cu128,2026-08-19T11:56:36
resisc45|swin_b_satlas-aerial_rgb3|10|999,resisc45,swin_b_satlas-aerial_rgb3,swin_b,satlas,rgb3,aerial,swin_v2_b,matched,False,10,999,0.7479365079365079,0.7469288198499833,0.7469288198499834,0.7422077922077922,0.9889567786710645,0.15379051708355151,0.7028571428571428,0.7008191163907049,0.7008191163907049,0.6961038961038961,0.9848992418516229,0.06823138102967903,20,14,300,210,15,15,300,200,True,True,False,0.7007407407407408,0.7413756613756614,15,13,95.04,8.38,1.2,93.84,111.72,22050,450,4725,4725,ecd123415640404b,83effe21d6483a43,88f3492c76be44b5,NVIDIA A100-SXM4-80GB,6e223e81e1ad,fc6ff00ee10c44fc,True,bfloat16,2.11.0+cu128,2026-08-19T11:58:28
resisc45|swin_b_satlas-aerial_rgb3|25|42,resisc45,swin_b_satlas-aerial_rgb3,swin_b,satlas,rgb3,aerial,swin_v2_b,matched,False,25,42,0.8264550264550264,0.8262616545170799,0.8262616545170799,0.8225108225108225,0.9952198172198174,0.10726920756082683,0.783068783068783,0.7822270416213717,0.7822270416213718,0.7781385281385281,0.9923716988478891,0.05451137915805533,15,10,540,360,36,36,300,200,False,False,False,0.7794708994708994,0.8215873015873015,14,9,145.4,8.51,2.01,143.39,161.6,22050,1125,4725,4725,ecd123415640404b,83effe21d6483a43,88f3492c76be44b5,NVIDIA A100-SXM4-80GB,6e223e81e1ad,fc6ff00ee10c44fc,True,bfloat16,2.11.0+cu128,2026-08-19T12:01:10
resisc45|swin_b_satlas-aerial_rgb3|25|123,resisc45,swin_b_satlas-aerial_rgb3,swin_b,satlas,rgb3,aerial,swin_v2_b,matched,False,25,123,0.8617989417989418,0.8616656823932565,0.8616656823932568,0.8586580086580087,0.9963825557158892,0.08286879709788728,0.7936507936507936,0.7938929214933435,0.7938929214933437,0.788961038961039,0.9934764882383931,0.041710779212769986,15,10,540,360,36,36,300,200,False,False,False,0.7824338624338625,0.8378835978835979,14,9,144.6,8.18,2.0,142.61,161.45,22050,1125,4725,4725,ecd123415640404b,83effe21d6483a43,88f3492c76be44b5,NVIDIA A100-SXM4-80GB,6e223e81e1ad,fc6ff00ee10c44fc,True,bfloat16,2.11.0+cu128,2026-08-19T12:03:52
resisc45|swin_b_satlas-aerial_rgb3|25|2024,resisc45,swin_b_satlas-aerial_rgb3,swin_b,satlas,rgb3,aerial,swin_v2_b,matched,False,25,2024,0.8368253968253968,0.8368897683802716,0.8368897683802715,0.8331168831168831,0.9953746993746992,0.1020811063398129,0.7879365079365079,0.7873957673771743,0.7873957673771744,0.7831168831168831,0.9921049497239974,0.04790793049272406,15,10,540,360,36,36,300,200,False,False,False,0.7803174603174603,0.8311111111111111,11,9,145.49,8.18,1.96,143.53,160.49,22050,1125,4725,4725,ecd123415640404b,83effe21d6483a43,88f3492c76be44b5,NVIDIA A100-SXM4-80GB,6e223e81e1ad,fc6ff00ee10c44fc,True,bfloat16,2.11.0+cu128,2026-08-19T12:06:32
resisc45|swin_b_satlas-aerial_rgb3|25|7,resisc45,swin_b_satlas-aerial_rgb3,swin_b,satlas,rgb3,aerial,swin_v2_b,matched,False,25,7,0.8467724867724867,0.8463156313898335,0.8463156313898335,0.8432900432900433,0.9961525458668317,0.09454113248164062,0.7928042328042328,0.7917517022734687,0.7917517022734687,0.7880952380952381,0.9929281476900526,0.05017830725069397,15,10,540,360,36,36,300,200,False,False,False,0.7786243386243387,0.8304761904761905,12,7,145.47,8.28,1.99,143.47,162.65,22050,1125,4725,4725,ecd123415640404b,83effe21d6483a43,88f3492c76be44b5,NVIDIA A100-SXM4-80GB,6e223e81e1ad,fc6ff00ee10c44fc,True,bfloat16,2.11.0+cu128,2026-08-19T12:09:15
resisc45|swin_b_satlas-aerial_rgb3|25|999,resisc45,swin_b_satlas-aerial_rgb3,swin_b,satlas,rgb3,aerial,swin_v2_b,matched,False,25,999,0.838941798941799,0.8390873155417378,0.839087315541738,0.8352813852813852,0.9959644517739756,0.09881177250670374,0.7938624338624338,0.7944293798318353,0.7944293798318355,0.7891774891774892,0.9931602189697429,0.03398206287590917,15,10,540,360,36,36,300,200,False,False,False,0.7858201058201059,0.8336507936507936,12,9,145.45,8.42,1.99,143.46,162.87,22050,1125,4725,4725,ecd123415640404b,83effe21d6483a43,88f3492c76be44b5,NVIDIA A100-SXM4-80GB,6e223e81e1ad,fc6ff00ee10c44fc,True,bfloat16,2.11.0+cu128,2026-08-19T12:11:59
resisc45|swin_b_satlas-aerial_rgb3|50|42,resisc45,swin_b_satlas-aerial_rgb3,swin_b,satlas,rgb3,aerial,swin_v2_b,matched,False,50,42,0.8880423280423281,0.8880003628529689,0.888000362852969,0.8854978354978355,0.9978168991502326,0.07388735695490764,0.8366137566137566,0.8364444779772512,0.8364444779772514,0.8329004329004329,0.9956948624567673,0.046399636300152605,15,10,1065,710,71,71,300,200,False,False,False,0.8283597883597884,0.8844444444444445,12,8,207.17,8.2,3.08,204.08,223.69,22050,2250,4725,4725,ecd123415640404b,83effe21d6483a43,88f3492c76be44b5,NVIDIA A100-SXM4-80GB,6e223e81e1ad,fc6ff00ee10c44fc,True,bfloat16,2.11.0+cu128,2026-08-19T12:15:43
resisc45|swin_b_satlas-aerial_rgb3|50|123,resisc45,swin_b_satlas-aerial_rgb3,swin_b,satlas,rgb3,aerial,swin_v2_b,matched,False,50,123,0.8973544973544973,0.8973348603523832,0.8973348603523829,0.895021645021645,0.998263267596601,0.06618760714455262,0.8495238095238096,0.8494879070095512,0.8494879070095512,0.8461038961038961,0.9961932247646531,0.03340084497890777,15,10,1065,710,71,71,300,200,False,False,False,0.8380952380952381,0.88,13,9,207.06,8.34,3.1,203.96,222.74,22050,2250,4725,4725,ecd123415640404b,83effe21d6483a43,88f3492c76be44b5,NVIDIA A100-SXM4-80GB,6e223e81e1ad,fc6ff00ee10c44fc,True,bfloat16,2.11.0+cu128,2026-08-19T12:19:26
resisc45|swin_b_satlas-aerial_rgb3|50|2024,resisc45,swin_b_satlas-aerial_rgb3,swin_b,satlas,rgb3,aerial,swin_v2_b,matched,False,50,2024,0.8797883597883598,0.8797482707168175,0.8797482707168175,0.8770562770562771,0.9979843102224056,0.0817195640417634,0.8376719576719577,0.8375424106184751,0.8375424106184749,0.833982683982684,0.9955727341441627,0.048177635161965,15,10,1065,710,71,71,300,200,False,False,False,0.8292063492063492,0.882962962962963,14,9,207.99,8.23,3.08,204.92,224.36,22050,2250,4725,4725,ecd123415640404b,83effe21d6483a43,88f3492c76be44b5,NVIDIA A100-SXM4-80GB,6e223e81e1ad,fc6ff00ee10c44fc,True,bfloat16,2.11.0+cu128,2026-08-19T12:23:10
resisc45|swin_b_satlas-aerial_rgb3|50|7,resisc45,swin_b_satlas-aerial_rgb3,swin_b,satlas,rgb3,aerial,swin_v2_b,matched,False,50,7,0.8926984126984127,0.8922566221354256,0.8922566221354257,0.8902597402597403,0.9981754735564258,0.06968636734145023,0.8427513227513228,0.8422670919541733,0.8422670919541735,0.8391774891774892,0.9958822694060788,0.04185337902376894,15,10,1065,710,71,71,300,200,False,False,False,0.8285714285714286,0.8766137566137566,12,8,206.84,8.27,3.09,203.76,223.14,22050,2250,4725,4725,ecd123415640404b,83effe21d6483a43,88f3492c76be44b5,NVIDIA A100-SXM4-80GB,6e223e81e1ad,fc6ff00ee10c44fc,True,bfloat16,2.11.0+cu128,2026-08-19T12:26:54
resisc45|swin_b_satlas-aerial_rgb3|50|999,resisc45,swin_b_satlas-aerial_rgb3,swin_b,satlas,rgb3,aerial,swin_v2_b,matched,False,50,999,0.8946031746031746,0.8941754293483568,0.8941754293483565,0.8922077922077922,0.9983576811195859,0.06926335693982544,0.8431746031746031,0.8435665829008047,0.8435665829008046,0.8396103896103896,0.9963511761606997,0.03794611535059713,15,10,1065,710,71,71,300,200,False,False,False,0.8334391534391534,0.8844444444444445,14,8,205.49,8.22,3.05,202.45,222.57,22050,2250,4725,4725,ecd123415640404b,83effe21d6483a43,88f3492c76be44b5,NVIDIA A100-SXM4-80GB,6e223e81e1ad,fc6ff00ee10c44fc,True,bfloat16,2.11.0+cu128,2026-08-19T12:30:37
resisc45|swin_b_satlas-aerial_rgb3|100|42,resisc45,swin_b_satlas-aerial_rgb3,swin_b,satlas,rgb3,aerial,swin_v2_b,matched,False,100,42,0.9208465608465608,0.9208006880821619,0.9208006880821621,0.919047619047619,0.9991857119952362,0.06026279110757132,0.8821164021164021,0.8820152969597024,0.8820152969597024,0.8794372294372295,0.9977775945394994,0.03693534707896924,15,10,2115,1410,141,141,300,200,False,False,False,0.8673015873015874,0.9225396825396825,14,9,328.01,8.18,5.34,322.66,344.03,22050,4500,4725,4725,ecd123415640404b,83effe21d6483a43,88f3492c76be44b5,NVIDIA A100-SXM4-80GB,6e223e81e1ad,fc6ff00ee10c44fc,True,bfloat16,2.11.0+cu128,2026-08-19T12:36:21
resisc45|swin_b_satlas-aerial_rgb3|100|123,resisc45,swin_b_satlas-aerial_rgb3,swin_b,satlas,rgb3,aerial,swin_v2_b,matched,False,100,123,0.9288888888888889,0.928928115178198,0.9289281151781977,0.9272727272727272,0.9992177328843996,0.050871626952337816,0.8878306878306879,0.8875798535463558,0.8875798535463556,0.8852813852813852,0.9979281247852678,0.03410448695616751,15,10,2115,1410,141,141,300,200,False,False,False,0.8692063492063492,0.9132275132275133,14,9,329.81,8.51,5.27,324.53,346.75,22050,4500,4725,4725,ecd123415640404b,83effe21d6483a43,88f3492c76be44b5,NVIDIA A100-SXM4-80GB,6e223e81e1ad,fc6ff00ee10c44fc,True,bfloat16,2.11.0+cu128,2026-08-19T12:42:08
resisc45|swin_b_satlas-aerial_rgb3|100|2024,resisc45,swin_b_satlas-aerial_rgb3,swin_b,satlas,rgb3,aerial,swin_v2_b,matched,False,100,2024,0.9274074074074075,0.9272984487723575,0.9272984487723576,0.9257575757575758,0.9991784969880209,0.053373886611726575,0.8821164021164021,0.8814366813009139,0.8814366813009141,0.8794372294372295,0.9977259671545387,0.03629504334989675,15,10,2115,1410,141,141,300,200,False,False,False,0.8664550264550265,0.92,13,9,328.98,8.26,5.33,323.65,345.79,22050,4500,4725,4725,ecd123415640404b,83effe21d6483a43,88f3492c76be44b5,NVIDIA A100-SXM4-80GB,6e223e81e1ad,fc6ff00ee10c44fc,True,bfloat16,2.11.0+cu128,2026-08-19T12:47:54
resisc45|swin_b_satlas-aerial_rgb3|100|7,resisc45,swin_b_satlas-aerial_rgb3,swin_b,satlas,rgb3,aerial,swin_v2_b,matched,False,100,7,0.9322751322751323,0.932062933462547,0.9320629334625469,0.9307359307359307,0.9992798964703725,0.048495052920447465,0.8874074074074074,0.8869370212390455,0.8869370212390456,0.8848484848484849,0.9979333012666346,0.033114672949705146,15,10,2115,1410,141,141,300,200,False,False,False,0.8694179894179894,0.9185185185185185,11,9,329.74,8.29,5.37,324.38,346.19,22050,4500,4725,4725,ecd123415640404b,83effe21d6483a43,88f3492c76be44b5,NVIDIA A100-SXM4-80GB,6e223e81e1ad,fc6ff00ee10c44fc,True,bfloat16,2.11.0+cu128,2026-08-19T12:53:41
resisc45|swin_b_satlas-aerial_rgb3|100|999,resisc45,swin_b_satlas-aerial_rgb3,swin_b,satlas,rgb3,aerial,swin_v2_b,matched,False,100,999,0.9267724867724868,0.926662935842136,0.9266629358421362,0.9251082251082251,0.999103186055567,0.05181879609980909,0.8791534391534391,0.8788595149370626,0.8788595149370628,0.8764069264069264,0.9979870358917978,0.03957487896636683,15,10,2115,1410,141,141,300,200,False,False,False,0.8694179894179894,0.9161904761904762,13,9,328.39,8.23,5.43,322.95,343.46,22050,4500,4725,4725,ecd123415640404b,83effe21d6483a43,88f3492c76be44b5,NVIDIA A100-SXM4-80GB,6e223e81e1ad,fc6ff00ee10c44fc,True,bfloat16,2.11.0+cu128,2026-08-19T12:59:24
resisc45|swin_b_satlas-aerial_rgb3|full|42,resisc45,swin_b_satlas-aerial_rgb3,swin_b,satlas,rgb3,aerial,swin_v2_b,matched,False,full,42,0.971005291005291,0.9710357749474937,0.9710357749474936,0.9703463203463203,0.9998021026592454,0.02340349632596208,0.9388359788359788,0.9387376590735386,0.9387376590735387,0.9374458874458874,0.9993996197805722,0.0231178313966781,15,10,10350,6900,690,690,300,200,False,False,False,0.9288888888888889,0.9625396825396826,14,9,1288.85,8.23,22.76,1266.09,1306.94,22050,22050,4725,4725,ecd123415640404b,83effe21d6483a43,88f3492c76be44b5,NVIDIA A100-SXM4-80GB,6e223e81e1ad,fc6ff00ee10c44fc,True,bfloat16,2.11.0+cu128,2026-08-19T13:21:12
resisc45|swin_b_satlas-aerial_rgb3|full|123,resisc45,swin_b_satlas-aerial_rgb3,swin_b,satlas,rgb3,aerial,swin_v2_b,matched,False,full,123,0.9697354497354498,0.969768848544355,0.969768848544355,0.969047619047619,0.9997424356948167,0.024022060254263483,0.9382010582010581,0.9381326760331554,0.9381326760331556,0.9367965367965367,0.9993864724340915,0.02355017384524068,15,10,10350,6900,690,690,300,200,False,False,False,0.9259259259259259,0.9646560846560847,14,8,1290.15,8.35,23.1,1267.05,1306.8,22050,22050,4725,4725,ecd123415640404b,83effe21d6483a43,88f3492c76be44b5,NVIDIA A100-SXM4-80GB,6e223e81e1ad,fc6ff00ee10c44fc,True,bfloat16,2.11.0+cu128,2026-08-19T13:42:59
resisc45|swin_b_satlas-aerial_rgb3|full|2024,resisc45,swin_b_satlas-aerial_rgb3,swin_b,satlas,rgb3,aerial,swin_v2_b,matched,False,full,2024,0.971005291005291,0.9709660354068258,0.9709660354068258,0.9703463203463203,0.9997838246409676,0.021958702821580238,0.9394708994708995,0.9394173782043718,0.9394173782043717,0.9380952380952381,0.9994135000801666,0.022057121575824762,15,10,10350,6900,690,690,300,200,False,False,False,0.9261375661375661,0.9648677248677249,13,7,1286.62,8.34,23.18,1263.44,1303.61,22050,22050,4725,4725,ecd123415640404b,83effe21d6483a43,88f3492c76be44b5,NVIDIA A100-SXM4-80GB,6e223e81e1ad,fc6ff00ee10c44fc,True,bfloat16,2.11.0+cu128,2026-08-19T14:04:43
resisc45|swin_b_satlas-aerial_rgb3|full|7,resisc45,swin_b_satlas-aerial_rgb3,swin_b,satlas,rgb3,aerial,swin_v2_b,matched,False,full,7,0.9712169312169312,0.971205269443149,0.9712052694431488,0.9705627705627705,0.9997755102040816,0.02277358025470105,0.939047619047619,0.9390340295272139,0.939034029527214,0.9376623376623376,0.9993973751116609,0.024081533882353,15,10,10350,6900,690,690,300,200,False,False,False,0.9293121693121693,0.9633862433862433,13,9,1288.24,8.24,23.24,1265.01,1305.98,22050,22050,4725,4725,ecd123415640404b,83effe21d6483a43,88f3492c76be44b5,NVIDIA A100-SXM4-80GB,6e223e81e1ad,fc6ff00ee10c44fc,True,bfloat16,2.11.0+cu128,2026-08-19T14:26:29
resisc45|swin_b_satlas-aerial_rgb3|full|999,resisc45,swin_b_satlas-aerial_rgb3,swin_b,satlas,rgb3,aerial,swin_v2_b,matched,False,full,999,0.9674074074074074,0.967449242909765,0.9674492429097646,0.9666666666666667,0.9996917932156026,0.02568740683888632,0.9386243386243386,0.9385430256806743,0.9385430256806743,0.9372294372294372,0.9994090107423441,0.023524082880171538,15,10,10350,6900,690,690,300,200,False,False,False,0.926984126984127,0.9652910052910053,14,9,1287.85,8.97,22.62,1265.23,1305.71,22050,22050,4725,4725,ecd123415640404b,83effe21d6483a43,88f3492c76be44b5,NVIDIA A100-SXM4-80GB,6e223e81e1ad,fc6ff00ee10c44fc,True,bfloat16,2.11.0+cu128,2026-08-19T14:48:15
resisc45|resnet50_satlas-rgb_rgb3_aug|5|42,resisc45,resnet50_satlas-rgb_rgb3_aug,resnet50,satlas,rgb3,rgb,,aug,True,5,42,0.4723809523809524,0.47434656394124924,0.4743465639412492,0.46038961038961035,0.9237400306924115,0.3370207572708685,0.388994708994709,0.392327745389187,0.392327745389187,0.37510822510822506,0.9068420256991686,0.2965155711817363,43,29,301,203,7,7,300,200,True,True,True,0.38814814814814813,0.4617989417989418,38,26,102.43,4.85,69.72,32.71,111.29,22050,225,4725,4725,ecd123415640404b,83effe21d6483a43,88f3492c76be44b5,NVIDIA A100-SXM4-80GB,6e223e81e1ad,86f6e7d57f4b9cb1,False,bfloat16,2.11.0+cu128,2026-08-19T17:15:26
resisc45|resnet50_satlas-rgb_rgb3_aug|5|123,resisc45,resnet50_satlas-rgb_rgb3_aug,resnet50,satlas,rgb3,rgb,,aug,True,5,123,0.4516402116402116,0.44352701144788814,0.44352701144788814,0.4391774891774892,0.9262102201149819,0.3534313034285944,0.3817989417989418,0.3801837618803984,0.3801837618803982,0.3677489177489177,0.914051489956252,0.31259901870810797,43,29,301,203,7,7,300,200,True,True,True,0.38052910052910055,0.4435978835978836,41,26,102.04,4.89,69.0,33.03,111.69,22050,225,4725,4725,ecd123415640404b,83effe21d6483a43,88f3492c76be44b5,NVIDIA A100-SXM4-80GB,6e223e81e1ad,86f6e7d57f4b9cb1,False,bfloat16,2.11.0+cu128,2026-08-19T17:17:18
resisc45|resnet50_satlas-rgb_rgb3_aug|5|2024,resisc45,resnet50_satlas-rgb_rgb3_aug,resnet50,satlas,rgb3,rgb,,aug,True,5,2024,0.4816931216931217,0.48166982698347605,0.48166982698347605,0.46991341991341995,0.9288155019583593,0.32516503038229766,0.4105820105820106,0.40802130201791625,0.4080213020179162,0.3971861471861472,0.9133776769967246,0.28643953996360616,43,29,301,203,7,7,300,200,True,True,True,0.41798941798941797,0.4776719576719577,32,26,103.67,4.97,68.99,34.69,113.05,22050,225,4725,4725,ecd123415640404b,83effe21d6483a43,88f3492c76be44b5,NVIDIA A100-SXM4-80GB,6e223e81e1ad,86f6e7d57f4b9cb1,False,bfloat16,2.11.0+cu128,2026-08-19T17:19:11
resisc45|resnet50_satlas-rgb_rgb3_aug|5|7,resisc45,resnet50_satlas-rgb_rgb3_aug,resnet50,satlas,rgb3,rgb,,aug,True,5,7,0.44825396825396824,0.44217617887856914,0.44217617887856914,0.4357142857142857,0.9186822877299068,0.35816581215808,0.3987301587301587,0.394580408863587,0.39458040886358703,0.3850649350649351,0.9082764607526513,0.30471086502075195,43,29,301,203,7,7,300,200,True,True,True,0.39830687830687833,0.4414814814814815,41,26,103.72,5.09,69.65,34.08,112.26,22050,225,4725,4725,ecd123415640404b,83effe21d6483a43,88f3492c76be44b5,NVIDIA A100-SXM4-80GB,6e223e81e1ad,86f6e7d57f4b9cb1,False,bfloat16,2.11.0+cu128,2026-08-19T17:21:03
resisc45|resnet50_satlas-rgb_rgb3_aug|5|999,resisc45,resnet50_satlas-rgb_rgb3_aug,resnet50,satlas,rgb3,rgb,,aug,True,5,999,0.44571428571428573,0.44890234458050704,0.448902344580507,0.4331168831168831,0.9181636546874644,0.34465251241726846,0.3934391534391534,0.3951357368175079,0.3951357368175079,0.3796536796536797,0.9068683662016994,0.293864359073538,43,29,301,203,7,7,300,200,True,True,True,0.3815873015873016,0.4328042328042328,29,28,102.09,5.02,68.44,33.64,111.15,22050,225,4725,4725,ecd123415640404b,83effe21d6483a43,88f3492c76be44b5,NVIDIA A100-SXM4-80GB,6e223e81e1ad,86f6e7d57f4b9cb1,False,bfloat16,2.11.0+cu128,2026-08-19T17:22:55
resisc45|swin_b_satlas-rgb_rgb3_aug|5|42,resisc45,swin_b_satlas-rgb_rgb3_aug,swin_b,satlas,rgb3,rgb,swin_v2_b,aug,True,5,42,0.5445502645502646,0.542416656230853,0.542416656230853,0.5341991341991341,0.9521979889598938,0.3105415916505945,0.44571428571428573,0.44318865479330377,0.44318865479330377,0.4331168831168831,0.9341485604342747,0.1372588453579832,43,29,301,203,7,7,300,200,True,True,True,0.4380952380952381,0.537989417989418,35,26,276.87,16.41,159.06,117.81,300.99,22050,225,4725,4725,ecd123415640404b,83effe21d6483a43,88f3492c76be44b5,NVIDIA A100-SXM4-80GB,6e223e81e1ad,8eb346c9c99a4bf3,False,bfloat16,2.11.0+cu128,2026-08-19T17:27:56
resisc45|swin_b_satlas-rgb_rgb3_aug|5|123,resisc45,swin_b_satlas-rgb_rgb3_aug,swin_b,satlas,rgb3,rgb,swin_v2_b,aug,True,5,123,0.5358730158730158,0.5300628520371575,0.5300628520371576,0.5253246753246753,0.9538230376325613,0.3206820038260606,0.4491005291005291,0.44860832482960256,0.44860832482960256,0.4365800865800866,0.9381535536773631,0.1386258618415348,43,29,301,203,7,7,300,200,True,True,True,0.4552380952380952,0.5301587301587302,32,26,277.53,15.97,160.15,117.38,302.41,22050,225,4725,4725,ecd123415640404b,83effe21d6483a43,88f3492c76be44b5,NVIDIA A100-SXM4-80GB,6e223e81e1ad,8eb346c9c99a4bf3,False,bfloat16,2.11.0+cu128,2026-08-19T17:32:59
