filepath,label,class
airplane/airplane_001.jpg,0,airplane
airplane/airplane_003.jpg,0,airplane
airplane/airplane_004.jpg,0,airplane
airplane/airplane_006.jpg,0,airplane
airplane/airplane_007.jpg,0,airplane
airplane/airplane_008.jpg,0,airplane
airplane/airplane_009.jpg,0,airplane
airplane/airplane_010.jpg,0,airplane
airplane/airplane_011.jpg,0,airplane
airplane/airplane_012.jpg,0,airplane
airplane/airplane_013.jpg,0,airplane
airplane/airplane_016.jpg,0,airplane
airplane/airplane_017.jpg,0,airplane
airplane/airplane_018.jpg,0,airplane
airplane/airplane_019.jpg,0,airplane
airplane/airplane_020.jpg,0,airplane
airplane/airplane_023.jpg,0,airplane
airplane/airplane_024.jpg,0,airplane
airplane/airplane_025.jpg,0,airplane
airplane/airplane_026.jpg,0,airplane
airplane/airplane_027.jpg,0,airplane
airplane/airplane_029.jpg,0,airplane
airplane/airplane_030.jpg,0,airplane
airplane/airplane_031.jpg,0,airplane
airplane/airplane_032.jpg,0,airplane
airplane/airplane_034.jpg,0,airplane
airplane/airplane_037.jpg,0,airplane
airplane/airplane_038.jpg,0,airplane
airplane/airplane_039.jpg,0,airplane
airplane/airplane_040.jpg,0,airplane
airplane/airplane_042.jpg,0,airplane
airplane/airplane_043.jpg,0,airplane
airplane/airplane_044.jpg,0,airplane
airplane/airplane_045.jpg,0,airplane
airplane/airplane_046.jpg,0,airplane
airplane/airplane_047.jpg,0,airplane
airplane/airplane_049.jpg,0,airplane
airplane/airplane_050.jpg,0,airplane
airplane/airplane_051.jpg,0,airplane
airplane/airplane_052.jpg,0,airplane
airplane/airplane_054.jpg,0,airplane
airplane/airplane_055.jpg,0,airplane
airplane/airplane_056.jpg,0,airplane
airplane/airplane_057.jpg,0,airplane
airplane/airplane_058.jpg,0,airplane
airplane/airplane_060.jpg,0,airplane
airplane/airplane_061.jpg,0,airplane
airplane/airplane_062.jpg,0,airplane
airplane/airplane_064.jpg,0,airplane
airplane/airplane_066.jpg,0,airplane
airplane/airplane_067.jpg,0,airplane
airplane/airplane_068.jpg,0,airplane
airplane/airplane_069.jpg,0,airplane
airplane/airplane_070.jpg,0,airplane
airplane/airplane_071.jpg,0,airplane
airplane/airplane_073.jpg,0,airplane
airplane/airplane_074.jpg,0,airplane
airplane/airplane_075.jpg,0,airplane
airplane/airplane_076.jpg,0,airplane
airplane/airplane_077.jpg,0,airplane
airplane/airplane_078.jpg,0,airplane
airplane/airplane_079.jpg,0,airplane
airplane/airplane_080.jpg,0,airplane
airplane/airplane_082.jpg,0,airplane
airplane/airplane_083.jpg,0,airplane
airplane/airplane_084.jpg,0,airplane
airplane/airplane_085.jpg,0,airplane
airplane/airplane_087.jpg,0,airplane
airplane/airplane_089.jpg,0,airplane
airplane/airplane_090.jpg,0,airplane
airplane/airplane_091.jpg,0,airplane
airplane/airplane_093.jpg,0,airplane
airplane/airplane_094.jpg,0,airplane
airplane/airplane_095.jpg,0,airplane
airplane/airplane_101.jpg,0,airplane
airplane/airplane_102.jpg,0,airplane
airplane/airplane_104.jpg,0,airplane
airplane/airplane_105.jpg,0,airplane
airplane/airplane_108.jpg,0,airplane
airplane/airplane_109.jpg,0,airplane
airplane/airplane_110.jpg,0,airplane
airplane/airplane_111.jpg,0,airplane
airplane/airplane_112.jpg,0,airplane
airplane/airplane_114.jpg,0,airplane
airplane/airplane_115.jpg,0,airplane
airplane/airplane_116.jpg,0,airplane
airplane/airplane_117.jpg,0,airplane
airplane/airplane_118.jpg,0,airplane
airplane/airplane_119.jpg,0,airplane
airplane/airplane_120.jpg,0,airplane
airplane/airplane_121.jpg,0,airplane
airplane/airplane_125.jpg,0,airplane
airplane/airplane_126.jpg,0,airplane
airplane/airplane_127.jpg,0,airplane
airplane/airplane_128.jpg,0,airplane
airplane/airplane_132.jpg,0,airplane
airplane/airplane_133.jpg,0,airplane
airplane/airplane_134.jpg,0,airplane
airplane/airplane_136.jpg,0,airplane
airplane/airplane_137.jpg,0,airplane
airplane/airplane_138.jpg,0,airplane
airplane/airplane_140.jpg,0,airplane
airplane/airplane_141.jpg,0,airplane
airplane/airplane_142.jpg,0,airplane
airplane/airplane_143.jpg,0,airplane
airplane/airplane_145.jpg,0,airplane
airplane/airplane_146.jpg,0,airplane
airplane/airplane_147.jpg,0,airplane
airplane/airplane_149.jpg,0,airplane
airplane/airplane_150.jpg,0,airplane
airplane/airplane_151.jpg,0,airplane
airplane/airplane_152.jpg,0,airplane
airplane/airplane_153.jpg,0,airplane
airplane/airplane_154.jpg,0,airplane
airplane/airplane_155.jpg,0,airplane
airplane/airplane_156.jpg,0,airplane
airplane/airplane_158.jpg,0,airplane
airplane/airplane_159.jpg,0,airplane
airplane/airplane_163.jpg,0,airplane
airplane/airplane_164.jpg,0,airplane
airplane/airplane_165.jpg,0,airplane
airplane/airplane_166.jpg,0,airplane
airplane/airplane_168.jpg,0,airplane
airplane/airplane_169.jpg,0,airplane
airplane/airplane_170.jpg,0,airplane
airplane/airplane_172.jpg,0,airplane
airplane/airplane_173.jpg,0,airplane
airplane/airplane_174.jpg,0,airplane
airplane/airplane_175.jpg,0,airplane
airplane/airplane_176.jpg,0,airplane
airplane/airplane_177.jpg,0,airplane
airplane/airplane_178.jpg,0,airplane
airplane/airplane_179.jpg,0,airplane
airplane/airplane_180.jpg,0,airplane
airplane/airplane_181.jpg,0,airplane
airplane/airplane_182.jpg,0,airplane
airplane/airplane_183.jpg,0,airplane
airplane/airplane_185.jpg,0,airplane
airplane/airplane_186.jpg,0,airplane
airplane/airplane_189.jpg,0,airplane
airplane/airplane_191.jpg,0,airplane
airplane/airplane_193.jpg,0,airplane
airplane/airplane_194.jpg,0,airplane
airplane/airplane_195.jpg,0,airplane
airplane/airplane_196.jpg,0,airplane
airplane/airplane_197.jpg,0,airplane
airplane/airplane_199.jpg,0,airplane
airplane/airplane_200.jpg,0,airplane
airplane/airplane_204.jpg,0,airplane
airplane/airplane_205.jpg,0,airplane
airplane/airplane_208.jpg,0,airplane
airplane/airplane_209.jpg,0,airplane
airplane/airplane_210.jpg,0,airplane
airplane/airplane_211.jpg,0,airplane
airplane/airplane_212.jpg,0,airplane
airplane/airplane_213.jpg,0,airplane
airplane/airplane_214.jpg,0,airplane
airplane/airplane_216.jpg,0,airplane
airplane/airplane_219.jpg,0,airplane
airplane/airplane_221.jpg,0,airplane
airplane/airplane_222.jpg,0,airplane
airplane/airplane_223.jpg,0,airplane
airplane/airplane_224.jpg,0,airplane
airplane/airplane_226.jpg,0,airplane
airplane/airplane_227.jpg,0,airplane
airplane/airplane_228.jpg,0,airplane
airplane/airplane_229.jpg,0,airplane
airplane/airplane_230.jpg,0,airplane
airplane/airplane_232.jpg,0,airplane
airplane/airplane_235.jpg,0,airplane
airplane/airplane_236.jpg,0,airplane
airplane/airplane_237.jpg,0,airplane
airplane/airplane_238.jpg,0,airplane
airplane/airplane_239.jpg,0,airplane
airplane/airplane_245.jpg,0,airplane
airplane/airplane_246.jpg,0,airplane
airplane/airplane_248.jpg,0,airplane
airplane/airplane_249.jpg,0,airplane
airplane/airplane_250.jpg,0,airplane
airplane/airplane_251.jpg,0,airplane
airplane/airplane_254.jpg,0,airplane
airplane/airplane_255.jpg,0,airplane
airplane/airplane_256.jpg,0,airplane
airplane/airplane_257.jpg,0,airplane
airplane/airplane_258.jpg,0,airplane
airplane/airplane_260.jpg,0,airplane
airplane/airplane_261.jpg,0,airplane
airplane/airplane_262.jpg,0,airplane
airplane/airplane_263.jpg,0,airplane
airplane/airplane_264.jpg,0,airplane
airplane/airplane_265.jpg,0,airplane
airplane/airplane_266.jpg,0,airplane
airplane/airplane_267.jpg,0,airplane
airplane/airplane_269.jpg,0,airplane
airplane/airplane_272.jpg,0,airplane
airplane/airplane_273.jpg,0,airplane
airplane/airplane_275.jpg,0,airplane
airplane/airplane_276.jpg,0,airplane
airplane/airplane_278.jpg,0,airplane
airplane/airplane_279.jpg,0,airplane
airplane/airplane_281.jpg,0,airplane
airplane/airplane_282.jpg,0,airplane
airplane/airplane_284.jpg,0,airplane
airplane/airplane_285.jpg,0,airplane
airplane/airplane_286.jpg,0,airplane
airplane/airplane_287.jpg,0,airplane
airplane/airplane_288.jpg,0,airplane
airplane/airplane_290.jpg,0,airplane
airplane/airplane_291.jpg,0,airplane
airplane/airplane_292.jpg,0,airplane
airplane/airplane_293.jpg,0,airplane
airplane/airplane_295.jpg,0,airplane
airplane/airplane_297.jpg,0,airplane
airplane/airplane_298.jpg,0,airplane
airplane/airplane_299.jpg,0,airplane
airplane/airplane_300.jpg,0,airplane
airplane/airplane_301.jpg,0,airplane
airplane/airplane_302.jpg,0,airplane
airplane/airplane_303.jpg,0,airplane
airplane/airplane_304.jpg,0,airplane
airplane/airplane_305.jpg,0,airplane
airplane/airplane_306.jpg,0,airplane
airplane/airplane_307.jpg,0,airplane
airplane/airplane_308.jpg,0,airplane
airplane/airplane_310.jpg,0,airplane
airplane/airplane_311.jpg,0,airplane
airplane/airplane_312.jpg,0,airplane
airplane/airplane_313.jpg,0,airplane
airplane/airplane_315.jpg,0,airplane
airplane/airplane_317.jpg,0,airplane
airplane/airplane_319.jpg,0,airplane
airplane/airplane_320.jpg,0,airplane
airplane/airplane_321.jpg,0,airplane
airplane/airplane_322.jpg,0,airplane
airplane/airplane_323.jpg,0,airplane
airplane/airplane_324.jpg,0,airplane
airplane/airplane_327.jpg,0,airplane
airplane/airplane_328.jpg,0,airplane
airplane/airplane_329.jpg,0,airplane
airplane/airplane_330.jpg,0,airplane
airplane/airplane_332.jpg,0,airplane
airplane/airplane_333.jpg,0,airplane
airplane/airplane_334.jpg,0,airplane
airplane/airplane_335.jpg,0,airplane
airplane/airplane_336.jpg,0,airplane
airplane/airplane_337.jpg,0,airplane
airplane/airplane_339.jpg,0,airplane
airplane/airplane_341.jpg,0,airplane
airplane/airplane_342.jpg,0,airplane
airplane/airplane_343.jpg,0,airplane
airplane/airplane_345.jpg,0,airplane
airplane/airplane_347.jpg,0,airplane
airplane/airplane_350.jpg,0,airplane
airplane/airplane_351.jpg,0,airplane
airplane/airplane_352.jpg,0,airplane
airplane/airplane_353.jpg,0,airplane
airplane/airplane_354.jpg,0,airplane
airplane/airplane_355.jpg,0,airplane
airplane/airplane_356.jpg,0,airplane
airplane/airplane_357.jpg,0,airplane
airplane/airplane_358.jpg,0,airplane
airplane/airplane_360.jpg,0,airplane
airplane/airplane_361.jpg,0,airplane
airplane/airplane_362.jpg,0,airplane
airplane/airplane_363.jpg,0,airplane
airplane/airplane_364.jpg,0,airplane
airplane/airplane_365.jpg,0,airplane
airplane/airplane_366.jpg,0,airplane
airplane/airplane_368.jpg,0,airplane
airplane/airplane_369.jpg,0,airplane
airplane/airplane_370.jpg,0,airplane
airplane/airplane_371.jpg,0,airplane
airplane/airplane_375.jpg,0,airplane
airplane/airplane_376.jpg,0,airplane
airplane/airplane_378.jpg,0,airplane
airplane/airplane_381.jpg,0,airplane
airplane/airplane_382.jpg,0,airplane
airplane/airplane_383.jpg,0,airplane
airplane/airplane_384.jpg,0,airplane
airplane/airplane_389.jpg,0,airplane
airplane/airplane_391.jpg,0,airplane
airplane/airplane_394.jpg,0,airplane
airplane/airplane_396.jpg,0,airplane
airplane/airplane_397.jpg,0,airplane
airplane/airplane_399.jpg,0,airplane
airplane/airplane_400.jpg,0,airplane
airplane/airplane_404.jpg,0,airplane
airplane/airplane_405.jpg,0,airplane
airplane/airplane_406.jpg,0,airplane
airplane/airplane_408.jpg,0,airplane
airplane/airplane_409.jpg,0,airplane
airplane/airplane_410.jpg,0,airplane
airplane/airplane_412.jpg,0,airplane
airplane/airplane_413.jpg,0,airplane
airplane/airplane_415.jpg,0,airplane
airplane/airplane_417.jpg,0,airplane
airplane/airplane_418.jpg,0,airplane
airplane/airplane_421.jpg,0,airplane
airplane/airplane_422.jpg,0,airplane
airplane/airplane_423.jpg,0,airplane
airplane/airplane_424.jpg,0,airplane
airplane/airplane_425.jpg,0,airplane
airplane/airplane_426.jpg,0,airplane
airplane/airplane_427.jpg,0,airplane
airplane/airplane_429.jpg,0,airplane
airplane/airplane_430.jpg,0,airplane
airplane/airplane_431.jpg,0,airplane
airplane/airplane_432.jpg,0,airplane
airplane/airplane_433.jpg,0,airplane
airplane/airplane_434.jpg,0,airplane
airplane/airplane_435.jpg,0,airplane
airplane/airplane_437.jpg,0,airplane
airplane/airplane_438.jpg,0,airplane
airplane/airplane_440.jpg,0,airplane
airplane/airplane_441.jpg,0,airplane
airplane/airplane_444.jpg,0,airplane
airplane/airplane_445.jpg,0,airplane
airplane/airplane_446.jpg,0,airplane
airplane/airplane_447.jpg,0,airplane
airplane/airplane_448.jpg,0,airplane
airplane/airplane_449.jpg,0,airplane
airplane/airplane_450.jpg,0,airplane
airplane/airplane_451.jpg,0,airplane
airplane/airplane_452.jpg,0,airplane
airplane/airplane_453.jpg,0,airplane
airplane/airplane_454.jpg,0,airplane
airplane/airplane_457.jpg,0,airplane
airplane/airplane_458.jpg,0,airplane
airplane/airplane_463.jpg,0,airplane
airplane/airplane_465.jpg,0,airplane
airplane/airplane_466.jpg,0,airplane
airplane/airplane_468.jpg,0,airplane
airplane/airplane_469.jpg,0,airplane
airplane/airplane_471.jpg,0,airplane
airplane/airplane_474.jpg,0,airplane
airplane/airplane_478.jpg,0,airplane
airplane/airplane_479.jpg,0,airplane
airplane/airplane_480.jpg,0,airplane
airplane/airplane_481.jpg,0,airplane
airplane/airplane_482.jpg,0,airplane
airplane/airplane_483.jpg,0,airplane
airplane/airplane_484.jpg,0,airplane
airplane/airplane_486.jpg,0,airplane
airplane/airplane_487.jpg,0,airplane
airplane/airplane_488.jpg,0,airplane
airplane/airplane_489.jpg,0,airplane
airplane/airplane_491.jpg,0,airplane
airplane/airplane_494.jpg,0,airplane
airplane/airplane_495.jpg,0,airplane
airplane/airplane_496.jpg,0,airplane
airplane/airplane_498.jpg,0,airplane
airplane/airplane_500.jpg,0,airplane
airplane/airplane_501.jpg,0,airplane
airplane/airplane_502.jpg,0,airplane
airplane/airplane_504.jpg,0,airplane
airplane/airplane_507.jpg,0,airplane
airplane/airplane_508.jpg,0,airplane
airplane/airplane_512.jpg,0,airplane
airplane/airplane_513.jpg,0,airplane
airplane/airplane_514.jpg,0,airplane
airplane/airplane_515.jpg,0,airplane
airplane/airplane_516.jpg,0,airplane
airplane/airplane_517.jpg,0,airplane
airplane/airplane_518.jpg,0,airplane
airplane/airplane_519.jpg,0,airplane
airplane/airplane_520.jpg,0,airplane
airplane/airplane_522.jpg,0,airplane
airplane/airplane_523.jpg,0,airplane
airplane/airplane_526.jpg,0,airplane
airplane/airplane_527.jpg,0,airplane
airplane/airplane_528.jpg,0,airplane
airplane/airplane_529.jpg,0,airplane
airplane/airplane_530.jpg,0,airplane
airplane/airplane_532.jpg,0,airplane
airplane/airplane_533.jpg,0,airplane
airplane/airplane_534.jpg,0,airplane
airplane/airplane_535.jpg,0,airplane
airplane/airplane_536.jpg,0,airplane
airplane/airplane_537.jpg,0,airplane
airplane/airplane_539.jpg,0,airplane
airplane/airplane_540.jpg,0,airplane
airplane/airplane_542.jpg,0,airplane
airplane/airplane_544.jpg,0,airplane
airplane/airplane_545.jpg,0,airplane
airplane/airplane_546.jpg,0,airplane
airplane/airplane_549.jpg,0,airplane
airplane/airplane_550.jpg,0,airplane
airplane/airplane_553.jpg,0,airplane
airplane/airplane_555.jpg,0,airplane
airplane/airplane_558.jpg,0,airplane
airplane/airplane_559.jpg,0,airplane
airplane/airplane_560.jpg,0,airplane
airplane/airplane_568.jpg,0,airplane
airplane/airplane_569.jpg,0,airplane
airplane/airplane_571.jpg,0,airplane
airplane/airplane_572.jpg,0,airplane
airplane/airplane_573.jpg,0,airplane
airplane/airplane_576.jpg,0,airplane
airplane/airplane_577.jpg,0,airplane
airplane/airplane_578.jpg,0,airplane
airplane/airplane_579.jpg,0,airplane
airplane/airplane_580.jpg,0,airplane
airplane/airplane_581.jpg,0,airplane
airplane/airplane_582.jpg,0,airplane
airplane/airplane_583.jpg,0,airplane
airplane/airplane_584.jpg,0,airplane
airplane/airplane_585.jpg,0,airplane
airplane/airplane_586.jpg,0,airplane
airplane/airplane_587.jpg,0,airplane
airplane/airplane_588.jpg,0,airplane
airplane/airplane_589.jpg,0,airplane
airplane/airplane_592.jpg,0,airplane
airplane/airplane_595.jpg,0,airplane
airplane/airplane_597.jpg,0,airplane
airplane/airplane_599.jpg,0,airplane
airplane/airplane_600.jpg,0,airplane
airplane/airplane_602.jpg,0,airplane
airplane/airplane_603.jpg,0,airplane
airplane/airplane_604.jpg,0,airplane
airplane/airplane_605.jpg,0,airplane
airplane/airplane_606.jpg,0,airplane
airplane/airplane_607.jpg,0,airplane
airplane/airplane_609.jpg,0,airplane
airplane/airplane_610.jpg,0,airplane
airplane/airplane_611.jpg,0,airplane
airplane/airplane_612.jpg,0,airplane
airplane/airplane_614.jpg,0,airplane
airplane/airplane_616.jpg,0,airplane
airplane/airplane_617.jpg,0,airplane
airplane/airplane_618.jpg,0,airplane
airplane/airplane_619.jpg,0,airplane
airplane/airplane_621.jpg,0,airplane
airplane/airplane_622.jpg,0,airplane
airplane/airplane_626.jpg,0,airplane
airplane/airplane_627.jpg,0,airplane
airplane/airplane_628.jpg,0,airplane
airplane/airplane_629.jpg,0,airplane
airplane/airplane_631.jpg,0,airplane
airplane/airplane_632.jpg,0,airplane
airplane/airplane_633.jpg,0,airplane
airplane/airplane_634.jpg,0,airplane
airplane/airplane_635.jpg,0,airplane
airplane/airplane_637.jpg,0,airplane
airplane/airplane_638.jpg,0,airplane
airplane/airplane_640.jpg,0,airplane
airplane/airplane_641.jpg,0,airplane
airplane/airplane_642.jpg,0,airplane
airplane/airplane_643.jpg,0,airplane
airplane/airplane_644.jpg,0,airplane
airplane/airplane_645.jpg,0,airplane
airplane/airplane_646.jpg,0,airplane
airplane/airplane_648.jpg,0,airplane
airplane/airplane_650.jpg,0,airplane
airplane/airplane_651.jpg,0,airplane
airplane/airplane_652.jpg,0,airplane
airplane/airplane_653.jpg,0,airplane
airplane/airplane_655.jpg,0,airplane
airplane/airplane_656.jpg,0,airplane
airplane/airplane_657.jpg,0,airplane
airplane/airplane_660.jpg,0,airplane
airplane/airplane_661.jpg,0,airplane
airplane/airplane_663.jpg,0,airplane
airplane/airplane_666.jpg,0,airplane
airplane/airplane_667.jpg,0,airplane
airplane/airplane_668.jpg,0,airplane
airplane/airplane_669.jpg,0,airplane
airplane/airplane_670.jpg,0,airplane
airplane/airplane_671.jpg,0,airplane
airplane/airplane_672.jpg,0,airplane
airplane/airplane_673.jpg,0,airplane
airplane/airplane_674.jpg,0,airplane
airplane/airplane_675.jpg,0,airplane
airplane/airplane_676.jpg,0,airplane
airplane/airplane_677.jpg,0,airplane
airplane/airplane_679.jpg,0,airplane
airplane/airplane_680.jpg,0,airplane
airplane/airplane_682.jpg,0,airplane
airplane/airplane_683.jpg,0,airplane
airplane/airplane_685.jpg,0,airplane
airplane/airplane_686.jpg,0,airplane
airplane/airplane_687.jpg,0,airplane
airplane/airplane_688.jpg,0,airplane
airplane/airplane_689.jpg,0,airplane
airplane/airplane_691.jpg,0,airplane
airplane/airplane_692.jpg,0,airplane
airplane/airplane_693.jpg,0,airplane
airplane/airplane_696.jpg,0,airplane
airplane/airplane_697.jpg,0,airplane
airplane/airplane_699.jpg,0,airplane
airplane/airplane_700.jpg,0,airplane
airport/airport_002.jpg,1,airport
airport/airport_009.jpg,1,airport
airport/airport_010.jpg,1,airport
airport/airport_011.jpg,1,airport
airport/airport_012.jpg,1,airport
airport/airport_013.jpg,1,airport
airport/airport_014.jpg,1,airport
airport/airport_016.jpg,1,airport
airport/airport_017.jpg,1,airport
airport/airport_018.jpg,1,airport
airport/airport_019.jpg,1,airport
airport/airport_020.jpg,1,airport
airport/airport_021.jpg,1,airport
airport/airport_022.jpg,1,airport
airport/airport_024.jpg,1,airport
airport/airport_027.jpg,1,airport
airport/airport_029.jpg,1,airport
airport/airport_030.jpg,1,airport
airport/airport_031.jpg,1,airport
airport/airport_032.jpg,1,airport
airport/airport_033.jpg,1,airport
airport/airport_035.jpg,1,airport
airport/airport_037.jpg,1,airport
airport/airport_038.jpg,1,airport
airport/airport_041.jpg,1,airport
airport/airport_042.jpg,1,airport
airport/airport_044.jpg,1,airport
airport/airport_045.jpg,1,airport
airport/airport_049.jpg,1,airport
airport/airport_050.jpg,1,airport
airport/airport_052.jpg,1,airport
airport/airport_055.jpg,1,airport
airport/airport_057.jpg,1,airport
airport/airport_058.jpg,1,airport
airport/airport_059.jpg,1,airport
airport/airport_060.jpg,1,airport
airport/airport_064.jpg,1,airport
airport/airport_066.jpg,1,airport
airport/airport_068.jpg,1,airport
airport/airport_070.jpg,1,airport
airport/airport_071.jpg,1,airport
airport/airport_074.jpg,1,airport
airport/airport_076.jpg,1,airport
airport/airport_077.jpg,1,airport
airport/airport_079.jpg,1,airport
airport/airport_080.jpg,1,airport
airport/airport_082.jpg,1,airport
airport/airport_084.jpg,1,airport
airport/airport_087.jpg,1,airport
airport/airport_088.jpg,1,airport
airport/airport_089.jpg,1,airport
airport/airport_090.jpg,1,airport
airport/airport_091.jpg,1,airport
airport/airport_092.jpg,1,airport
airport/airport_096.jpg,1,airport
airport/airport_097.jpg,1,airport
airport/airport_100.jpg,1,airport
airport/airport_101.jpg,1,airport
airport/airport_102.jpg,1,airport
airport/airport_104.jpg,1,airport
airport/airport_108.jpg,1,airport
airport/airport_110.jpg,1,airport
airport/airport_112.jpg,1,airport
airport/airport_113.jpg,1,airport
airport/airport_114.jpg,1,airport
airport/airport_115.jpg,1,airport
airport/airport_116.jpg,1,airport
airport/airport_117.jpg,1,airport
airport/airport_120.jpg,1,airport
airport/airport_122.jpg,1,airport
airport/airport_123.jpg,1,airport
airport/airport_124.jpg,1,airport
airport/airport_125.jpg,1,airport
airport/airport_127.jpg,1,airport
airport/airport_128.jpg,1,airport
airport/airport_129.jpg,1,airport
airport/airport_130.jpg,1,airport
airport/airport_131.jpg,1,airport
airport/airport_132.jpg,1,airport
airport/airport_135.jpg,1,airport
airport/airport_136.jpg,1,airport
airport/airport_139.jpg,1,airport
airport/airport_140.jpg,1,airport
airport/airport_141.jpg,1,airport
airport/airport_142.jpg,1,airport
airport/airport_143.jpg,1,airport
airport/airport_144.jpg,1,airport
airport/airport_147.jpg,1,airport
airport/airport_148.jpg,1,airport
airport/airport_149.jpg,1,airport
airport/airport_150.jpg,1,airport
airport/airport_151.jpg,1,airport
airport/airport_152.jpg,1,airport
airport/airport_153.jpg,1,airport
airport/airport_155.jpg,1,airport
airport/airport_156.jpg,1,airport
airport/airport_157.jpg,1,airport
airport/airport_158.jpg,1,airport
airport/airport_159.jpg,1,airport
airport/airport_160.jpg,1,airport
airport/airport_161.jpg,1,airport
airport/airport_162.jpg,1,airport
airport/airport_163.jpg,1,airport
airport/airport_164.jpg,1,airport
airport/airport_165.jpg,1,airport
airport/airport_167.jpg,1,airport
airport/airport_168.jpg,1,airport
airport/airport_169.jpg,1,airport
airport/airport_170.jpg,1,airport
airport/airport_171.jpg,1,airport
airport/airport_172.jpg,1,airport
airport/airport_173.jpg,1,airport
airport/airport_174.jpg,1,airport
airport/airport_175.jpg,1,airport
airport/airport_176.jpg,1,airport
airport/airport_178.jpg,1,airport
airport/airport_179.jpg,1,airport
airport/airport_180.jpg,1,airport
airport/airport_181.jpg,1,airport
airport/airport_182.jpg,1,airport
airport/airport_185.jpg,1,airport
airport/airport_186.jpg,1,airport
airport/airport_187.jpg,1,airport
airport/airport_188.jpg,1,airport
airport/airport_189.jpg,1,airport
airport/airport_190.jpg,1,airport
airport/airport_191.jpg,1,airport
airport/airport_193.jpg,1,airport
airport/airport_196.jpg,1,airport
airport/airport_197.jpg,1,airport
airport/airport_198.jpg,1,airport
airport/airport_199.jpg,1,airport
airport/airport_200.jpg,1,airport
airport/airport_201.jpg,1,airport
airport/airport_202.jpg,1,airport
airport/airport_204.jpg,1,airport
airport/airport_206.jpg,1,airport
airport/airport_208.jpg,1,airport
airport/airport_209.jpg,1,airport
airport/airport_210.jpg,1,airport
airport/airport_211.jpg,1,airport
airport/airport_213.jpg,1,airport
airport/airport_215.jpg,1,airport
airport/airport_218.jpg,1,airport
airport/airport_219.jpg,1,airport
airport/airport_221.jpg,1,airport
airport/airport_222.jpg,1,airport
airport/airport_225.jpg,1,airport
airport/airport_226.jpg,1,airport
airport/airport_227.jpg,1,airport
airport/airport_230.jpg,1,airport
airport/airport_232.jpg,1,airport
airport/airport_234.jpg,1,airport
airport/airport_235.jpg,1,airport
airport/airport_237.jpg,1,airport
airport/airport_238.jpg,1,airport
airport/airport_240.jpg,1,airport
airport/airport_241.jpg,1,airport
airport/airport_242.jpg,1,airport
airport/airport_244.jpg,1,airport
airport/airport_245.jpg,1,airport
airport/airport_246.jpg,1,airport
airport/airport_247.jpg,1,airport
airport/airport_248.jpg,1,airport
airport/airport_252.jpg,1,airport
airport/airport_254.jpg,1,airport
airport/airport_255.jpg,1,airport
airport/airport_256.jpg,1,airport
airport/airport_258.jpg,1,airport
airport/airport_259.jpg,1,airport
airport/airport_260.jpg,1,airport
airport/airport_261.jpg,1,airport
airport/airport_262.jpg,1,airport
airport/airport_263.jpg,1,airport
airport/airport_264.jpg,1,airport
airport/airport_265.jpg,1,airport
airport/airport_266.jpg,1,airport
airport/airport_267.jpg,1,airport
airport/airport_269.jpg,1,airport
airport/airport_270.jpg,1,airport
airport/airport_271.jpg,1,airport
airport/airport_272.jpg,1,airport
airport/airport_275.jpg,1,airport
airport/airport_276.jpg,1,airport
airport/airport_278.jpg,1,airport
airport/airport_279.jpg,1,airport
airport/airport_280.jpg,1,airport
airport/airport_283.jpg,1,airport
airport/airport_284.jpg,1,airport
airport/airport_285.jpg,1,airport
airport/airport_286.jpg,1,airport
airport/airport_287.jpg,1,airport
airport/airport_288.jpg,1,airport
airport/airport_290.jpg,1,airport
airport/airport_291.jpg,1,airport
airport/airport_292.jpg,1,airport
airport/airport_293.jpg,1,airport
airport/airport_294.jpg,1,airport
airport/airport_295.jpg,1,airport
airport/airport_296.jpg,1,airport
airport/airport_297.jpg,1,airport
airport/airport_298.jpg,1,airport
airport/airport_299.jpg,1,airport
airport/airport_300.jpg,1,airport
airport/airport_301.jpg,1,airport
airport/airport_302.jpg,1,airport
airport/airport_304.jpg,1,airport
airport/airport_305.jpg,1,airport
airport/airport_307.jpg,1,airport
airport/airport_309.jpg,1,airport
airport/airport_310.jpg,1,airport
airport/airport_311.jpg,1,airport
airport/airport_313.jpg,1,airport
airport/airport_314.jpg,1,airport
airport/airport_316.jpg,1,airport
airport/airport_317.jpg,1,airport
airport/airport_318.jpg,1,airport
airport/airport_319.jpg,1,airport
airport/airport_321.jpg,1,airport
airport/airport_323.jpg,1,airport
airport/airport_324.jpg,1,airport
airport/airport_325.jpg,1,airport
airport/airport_326.jpg,1,airport
airport/airport_327.jpg,1,airport
airport/airport_328.jpg,1,airport
airport/airport_329.jpg,1,airport
airport/airport_331.jpg,1,airport
airport/airport_332.jpg,1,airport
airport/airport_333.jpg,1,airport
airport/airport_334.jpg,1,airport
airport/airport_336.jpg,1,airport
airport/airport_338.jpg,1,airport
airport/airport_339.jpg,1,airport
airport/airport_340.jpg,1,airport
airport/airport_341.jpg,1,airport
airport/airport_342.jpg,1,airport
airport/airport_343.jpg,1,airport
airport/airport_344.jpg,1,airport
airport/airport_345.jpg,1,airport
airport/airport_347.jpg,1,airport
airport/airport_349.jpg,1,airport
airport/airport_351.jpg,1,airport
airport/airport_352.jpg,1,airport
airport/airport_353.jpg,1,airport
airport/airport_354.jpg,1,airport
airport/airport_355.jpg,1,airport
airport/airport_356.jpg,1,airport
airport/airport_357.jpg,1,airport
airport/airport_358.jpg,1,airport
airport/airport_359.jpg,1,airport
airport/airport_361.jpg,1,airport
airport/airport_362.jpg,1,airport
airport/airport_364.jpg,1,airport
airport/airport_366.jpg,1,airport
airport/airport_367.jpg,1,airport
airport/airport_368.jpg,1,airport
airport/airport_370.jpg,1,airport
airport/airport_371.jpg,1,airport
airport/airport_372.jpg,1,airport
airport/airport_373.jpg,1,airport
airport/airport_375.jpg,1,airport
airport/airport_376.jpg,1,airport
airport/airport_378.jpg,1,airport
airport/airport_379.jpg,1,airport
airport/airport_380.jpg,1,airport
airport/airport_381.jpg,1,airport
airport/airport_382.jpg,1,airport
airport/airport_383.jpg,1,airport
airport/airport_384.jpg,1,airport
airport/airport_387.jpg,1,airport
airport/airport_388.jpg,1,airport
airport/airport_390.jpg,1,airport
airport/airport_391.jpg,1,airport
airport/airport_392.jpg,1,airport
airport/airport_393.jpg,1,airport
airport/airport_395.jpg,1,airport
airport/airport_396.jpg,1,airport
airport/airport_397.jpg,1,airport
airport/airport_398.jpg,1,airport
airport/airport_399.jpg,1,airport
airport/airport_400.jpg,1,airport
airport/airport_402.jpg,1,airport
airport/airport_404.jpg,1,airport
airport/airport_406.jpg,1,airport
airport/airport_407.jpg,1,airport
airport/airport_409.jpg,1,airport
airport/airport_410.jpg,1,airport
airport/airport_411.jpg,1,airport
airport/airport_412.jpg,1,airport
airport/airport_413.jpg,1,airport
airport/airport_414.jpg,1,airport
airport/airport_415.jpg,1,airport
airport/airport_416.jpg,1,airport
airport/airport_417.jpg,1,airport
airport/airport_418.jpg,1,airport
airport/airport_419.jpg,1,airport
airport/airport_420.jpg,1,airport
airport/airport_421.jpg,1,airport
airport/airport_423.jpg,1,airport
airport/airport_424.jpg,1,airport
airport/airport_426.jpg,1,airport
airport/airport_427.jpg,1,airport
airport/airport_428.jpg,1,airport
airport/airport_429.jpg,1,airport
airport/airport_430.jpg,1,airport
airport/airport_431.jpg,1,airport
airport/airport_432.jpg,1,airport
airport/airport_433.jpg,1,airport
airport/airport_434.jpg,1,airport
airport/airport_436.jpg,1,airport
airport/airport_439.jpg,1,airport
airport/airport_440.jpg,1,airport
airport/airport_442.jpg,1,airport
airport/airport_444.jpg,1,airport
airport/airport_445.jpg,1,airport
airport/airport_448.jpg,1,airport
airport/airport_451.jpg,1,airport
airport/airport_452.jpg,1,airport
airport/airport_453.jpg,1,airport
airport/airport_454.jpg,1,airport
airport/airport_455.jpg,1,airport
airport/airport_456.jpg,1,airport
airport/airport_459.jpg,1,airport
airport/airport_460.jpg,1,airport
airport/airport_462.jpg,1,airport
airport/airport_463.jpg,1,airport
airport/airport_464.jpg,1,airport
airport/airport_465.jpg,1,airport
airport/airport_467.jpg,1,airport
airport/airport_469.jpg,1,airport
airport/airport_471.jpg,1,airport
airport/airport_472.jpg,1,airport
airport/airport_473.jpg,1,airport
airport/airport_475.jpg,1,airport
airport/airport_477.jpg,1,airport
airport/airport_478.jpg,1,airport
airport/airport_479.jpg,1,airport
airport/airport_480.jpg,1,airport
airport/airport_482.jpg,1,airport
airport/airport_483.jpg,1,airport
airport/airport_484.jpg,1,airport
airport/airport_487.jpg,1,airport
airport/airport_489.jpg,1,airport
airport/airport_490.jpg,1,airport
airport/airport_491.jpg,1,airport
airport/airport_492.jpg,1,airport
airport/airport_493.jpg,1,airport
airport/airport_494.jpg,1,airport
airport/airport_495.jpg,1,airport
airport/airport_496.jpg,1,airport
airport/airport_497.jpg,1,airport
airport/airport_498.jpg,1,airport
airport/airport_499.jpg,1,airport
airport/airport_500.jpg,1,airport
airport/airport_501.jpg,1,airport
airport/airport_504.jpg,1,airport
airport/airport_505.jpg,1,airport
airport/airport_507.jpg,1,airport
airport/airport_509.jpg,1,airport
airport/airport_510.jpg,1,airport
airport/airport_512.jpg,1,airport
airport/airport_514.jpg,1,airport
airport/airport_515.jpg,1,airport
airport/airport_517.jpg,1,airport
airport/airport_519.jpg,1,airport
airport/airport_521.jpg,1,airport
airport/airport_522.jpg,1,airport
airport/airport_523.jpg,1,airport
airport/airport_527.jpg,1,airport
airport/airport_528.jpg,1,airport
airport/airport_530.jpg,1,airport
airport/airport_532.jpg,1,airport
airport/airport_533.jpg,1,airport
airport/airport_535.jpg,1,airport
airport/airport_538.jpg,1,airport
airport/airport_539.jpg,1,airport
airport/airport_540.jpg,1,airport
airport/airport_541.jpg,1,airport
airport/airport_543.jpg,1,airport
airport/airport_544.jpg,1,airport
airport/airport_545.jpg,1,airport
airport/airport_547.jpg,1,airport
airport/airport_548.jpg,1,airport
airport/airport_549.jpg,1,airport
airport/airport_550.jpg,1,airport
airport/airport_552.jpg,1,airport
airport/airport_553.jpg,1,airport
airport/airport_554.jpg,1,airport
airport/airport_555.jpg,1,airport
airport/airport_556.jpg,1,airport
airport/airport_557.jpg,1,airport
airport/airport_558.jpg,1,airport
airport/airport_559.jpg,1,airport
airport/airport_560.jpg,1,airport
airport/airport_561.jpg,1,airport
airport/airport_562.jpg,1,airport
airport/airport_564.jpg,1,airport
airport/airport_566.jpg,1,airport
airport/airport_567.jpg,1,airport
airport/airport_568.jpg,1,airport
airport/airport_572.jpg,1,airport
airport/airport_574.jpg,1,airport
airport/airport_575.jpg,1,airport
airport/airport_576.jpg,1,airport
airport/airport_577.jpg,1,airport
airport/airport_579.jpg,1,airport
airport/airport_580.jpg,1,airport
airport/airport_581.jpg,1,airport
airport/airport_584.jpg,1,airport
airport/airport_585.jpg,1,airport
airport/airport_586.jpg,1,airport
airport/airport_587.jpg,1,airport
airport/airport_588.jpg,1,airport
airport/airport_589.jpg,1,airport
airport/airport_591.jpg,1,airport
airport/airport_592.jpg,1,airport
airport/airport_593.jpg,1,airport
airport/airport_594.jpg,1,airport
airport/airport_596.jpg,1,airport
airport/airport_597.jpg,1,airport
airport/airport_598.jpg,1,airport
airport/airport_599.jpg,1,airport
airport/airport_600.jpg,1,airport
airport/airport_601.jpg,1,airport
airport/airport_602.jpg,1,airport
airport/airport_603.jpg,1,airport
airport/airport_604.jpg,1,airport
airport/airport_605.jpg,1,airport
airport/airport_607.jpg,1,airport
airport/airport_608.jpg,1,airport
airport/airport_609.jpg,1,airport
airport/airport_611.jpg,1,airport
airport/airport_612.jpg,1,airport
airport/airport_614.jpg,1,airport
airport/airport_616.jpg,1,airport
airport/airport_617.jpg,1,airport
airport/airport_618.jpg,1,airport
airport/airport_620.jpg,1,airport
airport/airport_622.jpg,1,airport
airport/airport_623.jpg,1,airport
airport/airport_625.jpg,1,airport
airport/airport_626.jpg,1,airport
airport/airport_627.jpg,1,airport
airport/airport_628.jpg,1,airport
airport/airport_629.jpg,1,airport
airport/airport_630.jpg,1,airport
airport/airport_632.jpg,1,airport
airport/airport_633.jpg,1,airport
airport/airport_635.jpg,1,airport
airport/airport_636.jpg,1,airport
airport/airport_639.jpg,1,airport
airport/airport_640.jpg,1,airport
airport/airport_641.jpg,1,airport
airport/airport_642.jpg,1,airport
airport/airport_647.jpg,1,airport
airport/airport_649.jpg,1,airport
airport/airport_651.jpg,1,airport
airport/airport_652.jpg,1,airport
airport/airport_653.jpg,1,airport
airport/airport_654.jpg,1,airport
airport/airport_657.jpg,1,airport
airport/airport_658.jpg,1,airport
airport/airport_659.jpg,1,airport
airport/airport_660.jpg,1,airport
airport/airport_661.jpg,1,airport
airport/airport_663.jpg,1,airport
airport/airport_665.jpg,1,airport
airport/airport_666.jpg,1,airport
airport/airport_669.jpg,1,airport
airport/airport_670.jpg,1,airport
airport/airport_672.jpg,1,airport
airport/airport_674.jpg,1,airport
airport/airport_675.jpg,1,airport
airport/airport_676.jpg,1,airport
airport/airport_677.jpg,1,airport
airport/airport_679.jpg,1,airport
airport/airport_680.jpg,1,airport
airport/airport_683.jpg,1,airport
airport/airport_684.jpg,1,airport
airport/airport_685.jpg,1,airport
airport/airport_686.jpg,1,airport
airport/airport_687.jpg,1,airport
airport/airport_688.jpg,1,airport
airport/airport_689.jpg,1,airport
airport/airport_690.jpg,1,airport
airport/airport_692.jpg,1,airport
airport/airport_694.jpg,1,airport
airport/airport_696.jpg,1,airport
airport/airport_698.jpg,1,airport
airport/airport_700.jpg,1,airport
baseball_diamond/baseball_diamond_001.jpg,2,baseball_diamond
baseball_diamond/baseball_diamond_002.jpg,2,baseball_diamond
baseball_diamond/baseball_diamond_004.jpg,2,baseball_diamond
baseball_diamond/baseball_diamond_005.jpg,2,baseball_diamond
baseball_diamond/baseball_diamond_006.jpg,2,baseball_diamond
baseball_diamond/baseball_diamond_008.jpg,2,baseball_diamond
baseball_diamond/baseball_diamond_009.jpg,2,baseball_diamond
baseball_diamond/baseball_diamond_010.jpg,2,baseball_diamond
baseball_diamond/baseball_diamond_013.jpg,2,baseball_diamond
baseball_diamond/baseball_diamond_014.jpg,2,baseball_diamond
baseball_diamond/baseball_diamond_015.jpg,2,baseball_diamond
baseball_diamond/baseball_diamond_018.jpg,2,baseball_diamond
baseball_diamond/baseball_diamond_019.jpg,2,baseball_diamond
baseball_diamond/baseball_diamond_021.jpg,2,baseball_diamond
baseball_diamond/baseball_diamond_023.jpg,2,baseball_diamond
baseball_diamond/baseball_diamond_024.jpg,2,baseball_diamond
baseball_diamond/baseball_diamond_025.jpg,2,baseball_diamond
baseball_diamond/baseball_diamond_026.jpg,2,baseball_diamond
baseball_diamond/baseball_diamond_027.jpg,2,baseball_diamond
baseball_diamond/baseball_diamond_028.jpg,2,baseball_diamond
baseball_diamond/baseball_diamond_030.jpg,2,baseball_diamond
baseball_diamond/baseball_diamond_032.jpg,2,baseball_diamond
baseball_diamond/baseball_diamond_033.jpg,2,baseball_diamond
baseball_diamond/baseball_diamond_034.jpg,2,baseball_diamond
baseball_diamond/baseball_diamond_035.jpg,2,baseball_diamond
baseball_diamond/baseball_diamond_036.jpg,2,baseball_diamond
baseball_diamond/baseball_diamond_041.jpg,2,baseball_diamond
baseball_diamond/baseball_diamond_042.jpg,2,baseball_diamond
baseball_diamond/baseball_diamond_043.jpg,2,baseball_diamond
baseball_diamond/baseball_diamond_044.jpg,2,baseball_diamond
baseball_diamond/baseball_diamond_045.jpg,2,baseball_diamond
baseball_diamond/baseball_diamond_048.jpg,2,baseball_diamond
baseball_diamond/baseball_diamond_049.jpg,2,baseball_diamond
baseball_diamond/baseball_diamond_050.jpg,2,baseball_diamond
baseball_diamond/baseball_diamond_051.jpg,2,baseball_diamond
baseball_diamond/baseball_diamond_052.jpg,2,baseball_diamond
baseball_diamond/baseball_diamond_053.jpg,2,baseball_diamond
baseball_diamond/baseball_diamond_055.jpg,2,baseball_diamond
baseball_diamond/baseball_diamond_056.jpg,2,baseball_diamond
baseball_diamond/baseball_diamond_057.jpg,2,baseball_diamond
baseball_diamond/baseball_diamond_058.jpg,2,baseball_diamond
baseball_diamond/baseball_diamond_059.jpg,2,baseball_diamond
baseball_diamond/baseball_diamond_060.jpg,2,baseball_diamond
baseball_diamond/baseball_diamond_063.jpg,2,baseball_diamond
baseball_diamond/baseball_diamond_064.jpg,2,baseball_diamond
baseball_diamond/baseball_diamond_065.jpg,2,baseball_diamond
baseball_diamond/baseball_diamond_066.jpg,2,baseball_diamond
baseball_diamond/baseball_diamond_067.jpg,2,baseball_diamond
baseball_diamond/baseball_diamond_068.jpg,2,baseball_diamond
baseball_diamond/baseball_diamond_069.jpg,2,baseball_diamond
baseball_diamond/baseball_diamond_070.jpg,2,baseball_diamond
baseball_diamond/baseball_diamond_071.jpg,2,baseball_diamond
baseball_diamond/baseball_diamond_072.jpg,2,baseball_diamond
baseball_diamond/baseball_diamond_073.jpg,2,baseball_diamond
baseball_diamond/baseball_diamond_074.jpg,2,baseball_diamond
baseball_diamond/baseball_diamond_075.jpg,2,baseball_diamond
baseball_diamond/baseball_diamond_076.jpg,2,baseball_diamond
baseball_diamond/baseball_diamond_077.jpg,2,baseball_diamond
baseball_diamond/baseball_diamond_078.jpg,2,baseball_diamond
baseball_diamond/baseball_diamond_079.jpg,2,baseball_diamond
baseball_diamond/baseball_diamond_080.jpg,2,baseball_diamond
baseball_diamond/baseball_diamond_081.jpg,2,baseball_diamond
baseball_diamond/baseball_diamond_083.jpg,2,baseball_diamond
baseball_diamond/baseball_diamond_084.jpg,2,baseball_diamond
baseball_diamond/baseball_diamond_085.jpg,2,baseball_diamond
baseball_diamond/baseball_diamond_086.jpg,2,baseball_diamond
baseball_diamond/baseball_diamond_087.jpg,2,baseball_diamond
baseball_diamond/baseball_diamond_088.jpg,2,baseball_diamond
baseball_diamond/baseball_diamond_090.jpg,2,baseball_diamond
baseball_diamond/baseball_diamond_091.jpg,2,baseball_diamond
baseball_diamond/baseball_diamond_093.jpg,2,baseball_diamond
baseball_diamond/baseball_diamond_094.jpg,2,baseball_diamond
baseball_diamond/baseball_diamond_095.jpg,2,baseball_diamond
baseball_diamond/baseball_diamond_096.jpg,2,baseball_diamond
baseball_diamond/baseball_diamond_097.jpg,2,baseball_diamond
baseball_diamond/baseball_diamond_100.jpg,2,baseball_diamond
baseball_diamond/baseball_diamond_101.jpg,2,baseball_diamond
baseball_diamond/baseball_diamond_102.jpg,2,baseball_diamond
baseball_diamond/baseball_diamond_103.jpg,2,baseball_diamond
baseball_diamond/baseball_diamond_104.jpg,2,baseball_diamond
baseball_diamond/baseball_diamond_105.jpg,2,baseball_diamond
baseball_diamond/baseball_diamond_106.jpg,2,baseball_diamond
baseball_diamond/baseball_diamond_109.jpg,2,baseball_diamond
baseball_diamond/baseball_diamond_110.jpg,2,baseball_diamond
baseball_diamond/baseball_diamond_111.jpg,2,baseball_diamond
baseball_diamond/baseball_diamond_112.jpg,2,baseball_diamond
baseball_diamond/baseball_diamond_116.jpg,2,baseball_diamond
baseball_diamond/baseball_diamond_117.jpg,2,baseball_diamond
baseball_diamond/baseball_diamond_118.jpg,2,baseball_diamond
baseball_diamond/baseball_diamond_119.jpg,2,baseball_diamond
baseball_diamond/baseball_diamond_121.jpg,2,baseball_diamond
baseball_diamond/baseball_diamond_122.jpg,2,baseball_diamond
baseball_diamond/baseball_diamond_123.jpg,2,baseball_diamond
baseball_diamond/baseball_diamond_125.jpg,2,baseball_diamond
baseball_diamond/baseball_diamond_126.jpg,2,baseball_diamond
baseball_diamond/baseball_diamond_127.jpg,2,baseball_diamond
baseball_diamond/baseball_diamond_128.jpg,2,baseball_diamond
baseball_diamond/baseball_diamond_129.jpg,2,baseball_diamond
baseball_diamond/baseball_diamond_130.jpg,2,baseball_diamond
baseball_diamond/baseball_diamond_132.jpg,2,baseball_diamond
baseball_diamond/baseball_diamond_134.jpg,2,baseball_diamond
baseball_diamond/baseball_diamond_135.jpg,2,baseball_diamond
baseball_diamond/baseball_diamond_136.jpg,2,baseball_diamond
baseball_diamond/baseball_diamond_137.jpg,2,baseball_diamond
baseball_diamond/baseball_diamond_138.jpg,2,baseball_diamond
baseball_diamond/baseball_diamond_139.jpg,2,baseball_diamond
baseball_diamond/baseball_diamond_143.jpg,2,baseball_diamond
baseball_diamond/baseball_diamond_144.jpg,2,baseball_diamond
baseball_diamond/baseball_diamond_148.jpg,2,baseball_diamond
baseball_diamond/baseball_diamond_149.jpg,2,baseball_diamond
baseball_diamond/baseball_diamond_150.jpg,2,baseball_diamond
baseball_diamond/baseball_diamond_151.jpg,2,baseball_diamond
baseball_diamond/baseball_diamond_154.jpg,2,baseball_diamond
baseball_diamond/baseball_diamond_155.jpg,2,baseball_diamond
baseball_diamond/baseball_diamond_156.jpg,2,baseball_diamond
baseball_diamond/baseball_diamond_157.jpg,2,baseball_diamond
baseball_diamond/baseball_diamond_158.jpg,2,baseball_diamond
baseball_diamond/baseball_diamond_162.jpg,2,baseball_diamond
baseball_diamond/baseball_diamond_163.jpg,2,baseball_diamond
baseball_diamond/baseball_diamond_165.jpg,2,baseball_diamond
baseball_diamond/baseball_diamond_166.jpg,2,baseball_diamond
baseball_diamond/baseball_diamond_167.jpg,2,baseball_diamond
baseball_diamond/baseball_diamond_169.jpg,2,baseball_diamond
baseball_diamond/baseball_diamond_172.jpg,2,baseball_diamond
baseball_diamond/baseball_diamond_173.jpg,2,baseball_diamond
baseball_diamond/baseball_diamond_174.jpg,2,baseball_diamond
baseball_diamond/baseball_diamond_177.jpg,2,baseball_diamond
baseball_diamond/baseball_diamond_178.jpg,2,baseball_diamond
baseball_diamond/baseball_diamond_179.jpg,2,baseball_diamond
baseball_diamond/baseball_diamond_180.jpg,2,baseball_diamond
baseball_diamond/baseball_diamond_181.jpg,2,baseball_diamond
baseball_diamond/baseball_diamond_182.jpg,2,baseball_diamond
baseball_diamond/baseball_diamond_184.jpg,2,baseball_diamond
baseball_diamond/baseball_diamond_185.jpg,2,baseball_diamond
baseball_diamond/baseball_diamond_186.jpg,2,baseball_diamond
baseball_diamond/baseball_diamond_189.jpg,2,baseball_diamond
baseball_diamond/baseball_diamond_190.jpg,2,baseball_diamond
baseball_diamond/baseball_diamond_194.jpg,2,baseball_diamond
baseball_diamond/baseball_diamond_197.jpg,2,baseball_diamond
baseball_diamond/baseball_diamond_198.jpg,2,baseball_diamond
baseball_diamond/baseball_diamond_199.jpg,2,baseball_diamond
baseball_diamond/baseball_diamond_200.jpg,2,baseball_diamond
baseball_diamond/baseball_diamond_201.jpg,2,baseball_diamond
baseball_diamond/baseball_diamond_202.jpg,2,baseball_diamond
baseball_diamond/baseball_diamond_203.jpg,2,baseball_diamond
baseball_diamond/baseball_diamond_205.jpg,2,baseball_diamond
baseball_diamond/baseball_diamond_206.jpg,2,baseball_diamond
baseball_diamond/baseball_diamond_207.jpg,2,baseball_diamond
baseball_diamond/baseball_diamond_208.jpg,2,baseball_diamond
baseball_diamond/baseball_diamond_209.jpg,2,baseball_diamond
baseball_diamond/baseball_diamond_211.jpg,2,baseball_diamond
baseball_diamond/baseball_diamond_212.jpg,2,baseball_diamond
baseball_diamond/baseball_diamond_213.jpg,2,baseball_diamond
baseball_diamond/baseball_diamond_214.jpg,2,baseball_diamond
baseball_diamond/baseball_diamond_215.jpg,2,baseball_diamond
baseball_diamond/baseball_diamond_217.jpg,2,baseball_diamond
baseball_diamond/baseball_diamond_219.jpg,2,baseball_diamond
baseball_diamond/baseball_diamond_220.jpg,2,baseball_diamond
baseball_diamond/baseball_diamond_221.jpg,2,baseball_diamond
baseball_diamond/baseball_diamond_225.jpg,2,baseball_diamond
baseball_diamond/baseball_diamond_228.jpg,2,baseball_diamond
baseball_diamond/baseball_diamond_229.jpg,2,baseball_diamond
baseball_diamond/baseball_diamond_230.jpg,2,baseball_diamond
baseball_diamond/baseball_diamond_231.jpg,2,baseball_diamond
baseball_diamond/baseball_diamond_232.jpg,2,baseball_diamond
baseball_diamond/baseball_diamond_234.jpg,2,baseball_diamond
baseball_diamond/baseball_diamond_235.jpg,2,baseball_diamond
baseball_diamond/baseball_diamond_236.jpg,2,baseball_diamond
baseball_diamond/baseball_diamond_237.jpg,2,baseball_diamond
baseball_diamond/baseball_diamond_238.jpg,2,baseball_diamond
baseball_diamond/baseball_diamond_240.jpg,2,baseball_diamond
baseball_diamond/baseball_diamond_241.jpg,2,baseball_diamond
baseball_diamond/baseball_diamond_244.jpg,2,baseball_diamond
baseball_diamond/baseball_diamond_246.jpg,2,baseball_diamond
baseball_diamond/baseball_diamond_247.jpg,2,baseball_diamond
baseball_diamond/baseball_diamond_248.jpg,2,baseball_diamond
baseball_diamond/baseball_diamond_249.jpg,2,baseball_diamond
baseball_diamond/baseball_diamond_250.jpg,2,baseball_diamond
baseball_diamond/baseball_diamond_252.jpg,2,baseball_diamond
baseball_diamond/baseball_diamond_253.jpg,2,baseball_diamond
baseball_diamond/baseball_diamond_254.jpg,2,baseball_diamond
baseball_diamond/baseball_diamond_255.jpg,2,baseball_diamond
baseball_diamond/baseball_diamond_256.jpg,2,baseball_diamond
baseball_diamond/baseball_diamond_257.jpg,2,baseball_diamond
baseball_diamond/baseball_diamond_260.jpg,2,baseball_diamond
baseball_diamond/baseball_diamond_263.jpg,2,baseball_diamond
baseball_diamond/baseball_diamond_264.jpg,2,baseball_diamond
baseball_diamond/baseball_diamond_265.jpg,2,baseball_diamond
baseball_diamond/baseball_diamond_268.jpg,2,baseball_diamond
baseball_diamond/baseball_diamond_269.jpg,2,baseball_diamond
baseball_diamond/baseball_diamond_271.jpg,2,baseball_diamond
baseball_diamond/baseball_diamond_273.jpg,2,baseball_diamond
baseball_diamond/baseball_diamond_275.jpg,2,baseball_diamond
baseball_diamond/baseball_diamond_276.jpg,2,baseball_diamond
baseball_diamond/baseball_diamond_277.jpg,2,baseball_diamond
baseball_diamond/baseball_diamond_279.jpg,2,baseball_diamond
baseball_diamond/baseball_diamond_280.jpg,2,baseball_diamond
baseball_diamond/baseball_diamond_281.jpg,2,baseball_diamond
baseball_diamond/baseball_diamond_282.jpg,2,baseball_diamond
baseball_diamond/baseball_diamond_283.jpg,2,baseball_diamond
baseball_diamond/baseball_diamond_284.jpg,2,baseball_diamond
baseball_diamond/baseball_diamond_286.jpg,2,baseball_diamond
baseball_diamond/baseball_diamond_287.jpg,2,baseball_diamond
baseball_diamond/baseball_diamond_288.jpg,2,baseball_diamond
baseball_diamond/baseball_diamond_290.jpg,2,baseball_diamond
baseball_diamond/baseball_diamond_291.jpg,2,baseball_diamond
baseball_diamond/baseball_diamond_292.jpg,2,baseball_diamond
baseball_diamond/baseball_diamond_294.jpg,2,baseball_diamond
baseball_diamond/baseball_diamond_296.jpg,2,baseball_diamond
baseball_diamond/baseball_diamond_297.jpg,2,baseball_diamond
baseball_diamond/baseball_diamond_298.jpg,2,baseball_diamond
baseball_diamond/baseball_diamond_299.jpg,2,baseball_diamond
baseball_diamond/baseball_diamond_300.jpg,2,baseball_diamond
baseball_diamond/baseball_diamond_303.jpg,2,baseball_diamond
baseball_diamond/baseball_diamond_304.jpg,2,baseball_diamond
baseball_diamond/baseball_diamond_305.jpg,2,baseball_diamond
baseball_diamond/baseball_diamond_307.jpg,2,baseball_diamond
baseball_diamond/baseball_diamond_308.jpg,2,baseball_diamond
baseball_diamond/baseball_diamond_309.jpg,2,baseball_diamond
baseball_diamond/baseball_diamond_312.jpg,2,baseball_diamond
baseball_diamond/baseball_diamond_313.jpg,2,baseball_diamond
baseball_diamond/baseball_diamond_314.jpg,2,baseball_diamond
baseball_diamond/baseball_diamond_315.jpg,2,baseball_diamond
baseball_diamond/baseball_diamond_317.jpg,2,baseball_diamond
baseball_diamond/baseball_diamond_320.jpg,2,baseball_diamond
baseball_diamond/baseball_diamond_321.jpg,2,baseball_diamond
baseball_diamond/baseball_diamond_322.jpg,2,baseball_diamond
baseball_diamond/baseball_diamond_325.jpg,2,baseball_diamond
baseball_diamond/baseball_diamond_327.jpg,2,baseball_diamond
baseball_diamond/baseball_diamond_331.jpg,2,baseball_diamond
baseball_diamond/baseball_diamond_333.jpg,2,baseball_diamond
baseball_diamond/baseball_diamond_334.jpg,2,baseball_diamond
baseball_diamond/baseball_diamond_337.jpg,2,baseball_diamond
baseball_diamond/baseball_diamond_338.jpg,2,baseball_diamond
baseball_diamond/baseball_diamond_339.jpg,2,baseball_diamond
baseball_diamond/baseball_diamond_341.jpg,2,baseball_diamond
baseball_diamond/baseball_diamond_342.jpg,2,baseball_diamond
baseball_diamond/baseball_diamond_343.jpg,2,baseball_diamond
baseball_diamond/baseball_diamond_346.jpg,2,baseball_diamond
baseball_diamond/baseball_diamond_347.jpg,2,baseball_diamond
baseball_diamond/baseball_diamond_348.jpg,2,baseball_diamond
baseball_diamond/baseball_diamond_350.jpg,2,baseball_diamond
baseball_diamond/baseball_diamond_351.jpg,2,baseball_diamond
baseball_diamond/baseball_diamond_352.jpg,2,baseball_diamond
baseball_diamond/baseball_diamond_354.jpg,2,baseball_diamond
baseball_diamond/baseball_diamond_355.jpg,2,baseball_diamond
baseball_diamond/baseball_diamond_358.jpg,2,baseball_diamond
baseball_diamond/baseball_diamond_361.jpg,2,baseball_diamond
baseball_diamond/baseball_diamond_362.jpg,2,baseball_diamond
baseball_diamond/baseball_diamond_367.jpg,2,baseball_diamond
baseball_diamond/baseball_diamond_368.jpg,2,baseball_diamond
baseball_diamond/baseball_diamond_369.jpg,2,baseball_diamond
baseball_diamond/baseball_diamond_370.jpg,2,baseball_diamond
baseball_diamond/baseball_diamond_371.jpg,2,baseball_diamond
baseball_diamond/baseball_diamond_372.jpg,2,baseball_diamond
baseball_diamond/baseball_diamond_373.jpg,2,baseball_diamond
baseball_diamond/baseball_diamond_375.jpg,2,baseball_diamond
baseball_diamond/baseball_diamond_378.jpg,2,baseball_diamond
baseball_diamond/baseball_diamond_379.jpg,2,baseball_diamond
baseball_diamond/baseball_diamond_382.jpg,2,baseball_diamond
baseball_diamond/baseball_diamond_383.jpg,2,baseball_diamond
baseball_diamond/baseball_diamond_384.jpg,2,baseball_diamond
baseball_diamond/baseball_diamond_385.jpg,2,baseball_diamond
baseball_diamond/baseball_diamond_386.jpg,2,baseball_diamond
baseball_diamond/baseball_diamond_387.jpg,2,baseball_diamond
baseball_diamond/baseball_diamond_388.jpg,2,baseball_diamond
baseball_diamond/baseball_diamond_390.jpg,2,baseball_diamond
baseball_diamond/baseball_diamond_391.jpg,2,baseball_diamond
baseball_diamond/baseball_diamond_392.jpg,2,baseball_diamond
baseball_diamond/baseball_diamond_393.jpg,2,baseball_diamond
baseball_diamond/baseball_diamond_396.jpg,2,baseball_diamond
baseball_diamond/baseball_diamond_398.jpg,2,baseball_diamond
baseball_diamond/baseball_diamond_400.jpg,2,baseball_diamond
baseball_diamond/baseball_diamond_402.jpg,2,baseball_diamond
baseball_diamond/baseball_diamond_403.jpg,2,baseball_diamond
baseball_diamond/baseball_diamond_404.jpg,2,baseball_diamond
baseball_diamond/baseball_diamond_405.jpg,2,baseball_diamond
baseball_diamond/baseball_diamond_407.jpg,2,baseball_diamond
baseball_diamond/baseball_diamond_408.jpg,2,baseball_diamond
baseball_diamond/baseball_diamond_409.jpg,2,baseball_diamond
baseball_diamond/baseball_diamond_410.jpg,2,baseball_diamond
baseball_diamond/baseball_diamond_411.jpg,2,baseball_diamond
baseball_diamond/baseball_diamond_413.jpg,2,baseball_diamond
baseball_diamond/baseball_diamond_415.jpg,2,baseball_diamond
baseball_diamond/baseball_diamond_417.jpg,2,baseball_diamond
baseball_diamond/baseball_diamond_418.jpg,2,baseball_diamond
baseball_diamond/baseball_diamond_420.jpg,2,baseball_diamond
baseball_diamond/baseball_diamond_421.jpg,2,baseball_diamond
baseball_diamond/baseball_diamond_423.jpg,2,baseball_diamond
baseball_diamond/baseball_diamond_424.jpg,2,baseball_diamond
baseball_diamond/baseball_diamond_425.jpg,2,baseball_diamond
baseball_diamond/baseball_diamond_427.jpg,2,baseball_diamond
baseball_diamond/baseball_diamond_428.jpg,2,baseball_diamond
baseball_diamond/baseball_diamond_430.jpg,2,baseball_diamond
baseball_diamond/baseball_diamond_431.jpg,2,baseball_diamond
baseball_diamond/baseball_diamond_433.jpg,2,baseball_diamond
baseball_diamond/baseball_diamond_434.jpg,2,baseball_diamond
baseball_diamond/baseball_diamond_435.jpg,2,baseball_diamond
baseball_diamond/baseball_diamond_438.jpg,2,baseball_diamond
baseball_diamond/baseball_diamond_439.jpg,2,baseball_diamond
baseball_diamond/baseball_diamond_441.jpg,2,baseball_diamond
baseball_diamond/baseball_diamond_442.jpg,2,baseball_diamond
baseball_diamond/baseball_diamond_443.jpg,2,baseball_diamond
baseball_diamond/baseball_diamond_444.jpg,2,baseball_diamond
baseball_diamond/baseball_diamond_445.jpg,2,baseball_diamond
baseball_diamond/baseball_diamond_446.jpg,2,baseball_diamond
baseball_diamond/baseball_diamond_447.jpg,2,baseball_diamond
baseball_diamond/baseball_diamond_449.jpg,2,baseball_diamond
baseball_diamond/baseball_diamond_451.jpg,2,baseball_diamond
baseball_diamond/baseball_diamond_452.jpg,2,baseball_diamond
baseball_diamond/baseball_diamond_453.jpg,2,baseball_diamond
baseball_diamond/baseball_diamond_456.jpg,2,baseball_diamond
baseball_diamond/baseball_diamond_457.jpg,2,baseball_diamond
baseball_diamond/baseball_diamond_458.jpg,2,baseball_diamond
baseball_diamond/baseball_diamond_459.jpg,2,baseball_diamond
baseball_diamond/baseball_diamond_461.jpg,2,baseball_diamond
baseball_diamond/baseball_diamond_462.jpg,2,baseball_diamond
baseball_diamond/baseball_diamond_464.jpg,2,baseball_diamond
baseball_diamond/baseball_diamond_465.jpg,2,baseball_diamond
baseball_diamond/baseball_diamond_466.jpg,2,baseball_diamond
baseball_diamond/baseball_diamond_468.jpg,2,baseball_diamond
baseball_diamond/baseball_diamond_469.jpg,2,baseball_diamond
baseball_diamond/baseball_diamond_470.jpg,2,baseball_diamond
baseball_diamond/baseball_diamond_471.jpg,2,baseball_diamond
baseball_diamond/baseball_diamond_472.jpg,2,baseball_diamond
baseball_diamond/baseball_diamond_473.jpg,2,baseball_diamond
baseball_diamond/baseball_diamond_475.jpg,2,baseball_diamond
baseball_diamond/baseball_diamond_476.jpg,2,baseball_diamond
baseball_diamond/baseball_diamond_478.jpg,2,baseball_diamond
baseball_diamond/baseball_diamond_479.jpg,2,baseball_diamond
baseball_diamond/baseball_diamond_480.jpg,2,baseball_diamond
baseball_diamond/baseball_diamond_481.jpg,2,baseball_diamond
baseball_diamond/baseball_diamond_482.jpg,2,baseball_diamond
baseball_diamond/baseball_diamond_483.jpg,2,baseball_diamond
baseball_diamond/baseball_diamond_485.jpg,2,baseball_diamond
baseball_diamond/baseball_diamond_486.jpg,2,baseball_diamond
baseball_diamond/baseball_diamond_487.jpg,2,baseball_diamond
baseball_diamond/baseball_diamond_488.jpg,2,baseball_diamond
baseball_diamond/baseball_diamond_489.jpg,2,baseball_diamond
baseball_diamond/baseball_diamond_491.jpg,2,baseball_diamond
baseball_diamond/baseball_diamond_492.jpg,2,baseball_diamond
baseball_diamond/baseball_diamond_494.jpg,2,baseball_diamond
baseball_diamond/baseball_diamond_495.jpg,2,baseball_diamond
baseball_diamond/baseball_diamond_496.jpg,2,baseball_diamond
baseball_diamond/baseball_diamond_498.jpg,2,baseball_diamond
baseball_diamond/baseball_diamond_499.jpg,2,baseball_diamond
baseball_diamond/baseball_diamond_500.jpg,2,baseball_diamond
baseball_diamond/baseball_diamond_501.jpg,2,baseball_diamond
baseball_diamond/baseball_diamond_502.jpg,2,baseball_diamond
baseball_diamond/baseball_diamond_503.jpg,2,baseball_diamond
baseball_diamond/baseball_diamond_504.jpg,2,baseball_diamond
baseball_diamond/baseball_diamond_505.jpg,2,baseball_diamond
baseball_diamond/baseball_diamond_507.jpg,2,baseball_diamond
baseball_diamond/baseball_diamond_508.jpg,2,baseball_diamond
baseball_diamond/baseball_diamond_509.jpg,2,baseball_diamond
baseball_diamond/baseball_diamond_510.jpg,2,baseball_diamond
baseball_diamond/baseball_diamond_511.jpg,2,baseball_diamond
baseball_diamond/baseball_diamond_512.jpg,2,baseball_diamond
baseball_diamond/baseball_diamond_513.jpg,2,baseball_diamond
baseball_diamond/baseball_diamond_515.jpg,2,baseball_diamond
baseball_diamond/baseball_diamond_518.jpg,2,baseball_diamond
baseball_diamond/baseball_diamond_519.jpg,2,baseball_diamond
baseball_diamond/baseball_diamond_520.jpg,2,baseball_diamond
baseball_diamond/baseball_diamond_522.jpg,2,baseball_diamond
baseball_diamond/baseball_diamond_523.jpg,2,baseball_diamond
baseball_diamond/baseball_diamond_528.jpg,2,baseball_diamond
baseball_diamond/baseball_diamond_529.jpg,2,baseball_diamond
baseball_diamond/baseball_diamond_530.jpg,2,baseball_diamond
baseball_diamond/baseball_diamond_531.jpg,2,baseball_diamond
baseball_diamond/baseball_diamond_532.jpg,2,baseball_diamond
baseball_diamond/baseball_diamond_533.jpg,2,baseball_diamond
baseball_diamond/baseball_diamond_536.jpg,2,baseball_diamond
baseball_diamond/baseball_diamond_538.jpg,2,baseball_diamond
baseball_diamond/baseball_diamond_540.jpg,2,baseball_diamond
baseball_diamond/baseball_diamond_542.jpg,2,baseball_diamond
baseball_diamond/baseball_diamond_543.jpg,2,baseball_diamond
baseball_diamond/baseball_diamond_544.jpg,2,baseball_diamond
baseball_diamond/baseball_diamond_545.jpg,2,baseball_diamond
baseball_diamond/baseball_diamond_548.jpg,2,baseball_diamond
baseball_diamond/baseball_diamond_550.jpg,2,baseball_diamond
baseball_diamond/baseball_diamond_551.jpg,2,baseball_diamond
baseball_diamond/baseball_diamond_552.jpg,2,baseball_diamond
baseball_diamond/baseball_diamond_553.jpg,2,baseball_diamond
baseball_diamond/baseball_diamond_554.jpg,2,baseball_diamond
baseball_diamond/baseball_diamond_556.jpg,2,baseball_diamond
baseball_diamond/baseball_diamond_558.jpg,2,baseball_diamond
baseball_diamond/baseball_diamond_560.jpg,2,baseball_diamond
baseball_diamond/baseball_diamond_561.jpg,2,baseball_diamond
baseball_diamond/baseball_diamond_562.jpg,2,baseball_diamond
baseball_diamond/baseball_diamond_563.jpg,2,baseball_diamond
baseball_diamond/baseball_diamond_565.jpg,2,baseball_diamond
baseball_diamond/baseball_diamond_566.jpg,2,baseball_diamond
baseball_diamond/baseball_diamond_567.jpg,2,baseball_diamond
baseball_diamond/baseball_diamond_570.jpg,2,baseball_diamond
baseball_diamond/baseball_diamond_572.jpg,2,baseball_diamond
baseball_diamond/baseball_diamond_574.jpg,2,baseball_diamond
baseball_diamond/baseball_diamond_576.jpg,2,baseball_diamond
baseball_diamond/baseball_diamond_578.jpg,2,baseball_diamond
baseball_diamond/baseball_diamond_579.jpg,2,baseball_diamond
baseball_diamond/baseball_diamond_581.jpg,2,baseball_diamond
baseball_diamond/baseball_diamond_582.jpg,2,baseball_diamond
baseball_diamond/baseball_diamond_586.jpg,2,baseball_diamond
baseball_diamond/baseball_diamond_587.jpg,2,baseball_diamond
baseball_diamond/baseball_diamond_588.jpg,2,baseball_diamond
baseball_diamond/baseball_diamond_589.jpg,2,baseball_diamond
baseball_diamond/baseball_diamond_590.jpg,2,baseball_diamond
baseball_diamond/baseball_diamond_592.jpg,2,baseball_diamond
baseball_diamond/baseball_diamond_593.jpg,2,baseball_diamond
baseball_diamond/baseball_diamond_595.jpg,2,baseball_diamond
baseball_diamond/baseball_diamond_596.jpg,2,baseball_diamond
baseball_diamond/baseball_diamond_597.jpg,2,baseball_diamond
baseball_diamond/baseball_diamond_599.jpg,2,baseball_diamond
baseball_diamond/baseball_diamond_600.jpg,2,baseball_diamond
baseball_diamond/baseball_diamond_602.jpg,2,baseball_diamond
baseball_diamond/baseball_diamond_603.jpg,2,baseball_diamond
baseball_diamond/baseball_diamond_605.jpg,2,baseball_diamond
baseball_diamond/baseball_diamond_606.jpg,2,baseball_diamond
baseball_diamond/baseball_diamond_609.jpg,2,baseball_diamond
baseball_diamond/baseball_diamond_610.jpg,2,baseball_diamond
baseball_diamond/baseball_diamond_611.jpg,2,baseball_diamond
baseball_diamond/baseball_diamond_612.jpg,2,baseball_diamond
baseball_diamond/baseball_diamond_613.jpg,2,baseball_diamond
baseball_diamond/baseball_diamond_614.jpg,2,baseball_diamond
baseball_diamond/baseball_diamond_616.jpg,2,baseball_diamond
baseball_diamond/baseball_diamond_617.jpg,2,baseball_diamond
baseball_diamond/baseball_diamond_618.jpg,2,baseball_diamond
baseball_diamond/baseball_diamond_619.jpg,2,baseball_diamond
baseball_diamond/baseball_diamond_621.jpg,2,baseball_diamond
baseball_diamond/baseball_diamond_623.jpg,2,baseball_diamond
baseball_diamond/baseball_diamond_624.jpg,2,baseball_diamond
baseball_diamond/baseball_diamond_625.jpg,2,baseball_diamond
baseball_diamond/baseball_diamond_626.jpg,2,baseball_diamond
baseball_diamond/baseball_diamond_627.jpg,2,baseball_diamond
baseball_diamond/baseball_diamond_628.jpg,2,baseball_diamond
baseball_diamond/baseball_diamond_630.jpg,2,baseball_diamond
baseball_diamond/baseball_diamond_631.jpg,2,baseball_diamond
baseball_diamond/baseball_diamond_632.jpg,2,baseball_diamond
baseball_diamond/baseball_diamond_633.jpg,2,baseball_diamond
baseball_diamond/baseball_diamond_636.jpg,2,baseball_diamond
baseball_diamond/baseball_diamond_637.jpg,2,baseball_diamond
baseball_diamond/baseball_diamond_638.jpg,2,baseball_diamond
baseball_diamond/baseball_diamond_639.jpg,2,baseball_diamond
baseball_diamond/baseball_diamond_640.jpg,2,baseball_diamond
baseball_diamond/baseball_diamond_641.jpg,2,baseball_diamond
baseball_diamond/baseball_diamond_642.jpg,2,baseball_diamond
baseball_diamond/baseball_diamond_643.jpg,2,baseball_diamond
baseball_diamond/baseball_diamond_644.jpg,2,baseball_diamond
baseball_diamond/baseball_diamond_646.jpg,2,baseball_diamond
baseball_diamond/baseball_diamond_647.jpg,2,baseball_diamond
baseball_diamond/baseball_diamond_648.jpg,2,baseball_diamond
baseball_diamond/baseball_diamond_649.jpg,2,baseball_diamond
baseball_diamond/baseball_diamond_650.jpg,2,baseball_diamond
baseball_diamond/baseball_diamond_652.jpg,2,baseball_diamond
baseball_diamond/baseball_diamond_653.jpg,2,baseball_diamond
baseball_diamond/baseball_diamond_654.jpg,2,baseball_diamond
baseball_diamond/baseball_diamond_657.jpg,2,baseball_diamond
baseball_diamond/baseball_diamond_658.jpg,2,baseball_diamond
baseball_diamond/baseball_diamond_659.jpg,2,baseball_diamond
baseball_diamond/baseball_diamond_660.jpg,2,baseball_diamond
baseball_diamond/baseball_diamond_661.jpg,2,baseball_diamond
baseball_diamond/baseball_diamond_662.jpg,2,baseball_diamond
baseball_diamond/baseball_diamond_664.jpg,2,baseball_diamond
baseball_diamond/baseball_diamond_665.jpg,2,baseball_diamond
baseball_diamond/baseball_diamond_667.jpg,2,baseball_diamond
baseball_diamond/baseball_diamond_668.jpg,2,baseball_diamond
baseball_diamond/baseball_diamond_669.jpg,2,baseball_diamond
baseball_diamond/baseball_diamond_670.jpg,2,baseball_diamond
baseball_diamond/baseball_diamond_671.jpg,2,baseball_diamond
baseball_diamond/baseball_diamond_672.jpg,2,baseball_diamond
baseball_diamond/baseball_diamond_673.jpg,2,baseball_diamond
baseball_diamond/baseball_diamond_676.jpg,2,baseball_diamond
baseball_diamond/baseball_diamond_678.jpg,2,baseball_diamond
baseball_diamond/baseball_diamond_679.jpg,2,baseball_diamond
baseball_diamond/baseball_diamond_680.jpg,2,baseball_diamond
baseball_diamond/baseball_diamond_683.jpg,2,baseball_diamond
baseball_diamond/baseball_diamond_684.jpg,2,baseball_diamond
baseball_diamond/baseball_diamond_685.jpg,2,baseball_diamond
baseball_diamond/baseball_diamond_687.jpg,2,baseball_diamond
baseball_diamond/baseball_diamond_688.jpg,2,baseball_diamond
baseball_diamond/baseball_diamond_689.jpg,2,baseball_diamond
baseball_diamond/baseball_diamond_691.jpg,2,baseball_diamond
baseball_diamond/baseball_diamond_692.jpg,2,baseball_diamond
baseball_diamond/baseball_diamond_693.jpg,2,baseball_diamond
baseball_diamond/baseball_diamond_694.jpg,2,baseball_diamond
baseball_diamond/baseball_diamond_695.jpg,2,baseball_diamond
baseball_diamond/baseball_diamond_696.jpg,2,baseball_diamond
baseball_diamond/baseball_diamond_697.jpg,2,baseball_diamond
baseball_diamond/baseball_diamond_698.jpg,2,baseball_diamond
baseball_diamond/baseball_diamond_699.jpg,2,baseball_diamond
baseball_diamond/baseball_diamond_700.jpg,2,baseball_diamond
basketball_court/basketball_court_001.jpg,3,basketball_court
basketball_court/basketball_court_002.jpg,3,basketball_court
basketball_court/basketball_court_003.jpg,3,basketball_court
basketball_court/basketball_court_004.jpg,3,basketball_court
basketball_court/basketball_court_006.jpg,3,basketball_court
basketball_court/basketball_court_008.jpg,3,basketball_court
basketball_court/basketball_court_009.jpg,3,basketball_court
basketball_court/basketball_court_011.jpg,3,basketball_court
basketball_court/basketball_court_013.jpg,3,basketball_court
basketball_court/basketball_court_014.jpg,3,basketball_court
basketball_court/basketball_court_015.jpg,3,basketball_court
basketball_court/basketball_court_016.jpg,3,basketball_court
basketball_court/basketball_court_017.jpg,3,basketball_court
basketball_court/basketball_court_018.jpg,3,basketball_court
basketball_court/basketball_court_019.jpg,3,basketball_court
basketball_court/basketball_court_020.jpg,3,basketball_court
basketball_court/basketball_court_021.jpg,3,basketball_court
basketball_court/basketball_court_022.jpg,3,basketball_court
basketball_court/basketball_court_023.jpg,3,basketball_court
basketball_court/basketball_court_024.jpg,3,basketball_court
basketball_court/basketball_court_027.jpg,3,basketball_court
basketball_court/basketball_court_028.jpg,3,basketball_court
basketball_court/basketball_court_029.jpg,3,basketball_court
basketball_court/basketball_court_030.jpg,3,basketball_court
basketball_court/basketball_court_031.jpg,3,basketball_court
basketball_court/basketball_court_032.jpg,3,basketball_court
basketball_court/basketball_court_033.jpg,3,basketball_court
basketball_court/basketball_court_034.jpg,3,basketball_court
basketball_court/basketball_court_035.jpg,3,basketball_court
basketball_court/basketball_court_037.jpg,3,basketball_court
basketball_court/basketball_court_038.jpg,3,basketball_court
basketball_court/basketball_court_039.jpg,3,basketball_court
basketball_court/basketball_court_040.jpg,3,basketball_court
basketball_court/basketball_court_041.jpg,3,basketball_court
basketball_court/basketball_court_044.jpg,3,basketball_court
basketball_court/basketball_court_045.jpg,3,basketball_court
basketball_court/basketball_court_046.jpg,3,basketball_court
basketball_court/basketball_court_047.jpg,3,basketball_court
basketball_court/basketball_court_048.jpg,3,basketball_court
basketball_court/basketball_court_051.jpg,3,basketball_court
basketball_court/basketball_court_052.jpg,3,basketball_court
basketball_court/basketball_court_053.jpg,3,basketball_court
basketball_court/basketball_court_054.jpg,3,basketball_court
basketball_court/basketball_court_057.jpg,3,basketball_court
basketball_court/basketball_court_059.jpg,3,basketball_court
basketball_court/basketball_court_061.jpg,3,basketball_court
basketball_court/basketball_court_062.jpg,3,basketball_court
basketball_court/basketball_court_063.jpg,3,basketball_court
basketball_court/basketball_court_064.jpg,3,basketball_court
basketball_court/basketball_court_065.jpg,3,basketball_court
basketball_court/basketball_court_066.jpg,3,basketball_court
basketball_court/basketball_court_068.jpg,3,basketball_court
basketball_court/basketball_court_069.jpg,3,basketball_court
basketball_court/basketball_court_071.jpg,3,basketball_court
basketball_court/basketball_court_072.jpg,3,basketball_court
basketball_court/basketball_court_074.jpg,3,basketball_court
basketball_court/basketball_court_075.jpg,3,basketball_court
basketball_court/basketball_court_076.jpg,3,basketball_court
basketball_court/basketball_court_078.jpg,3,basketball_court
basketball_court/basketball_court_080.jpg,3,basketball_court
basketball_court/basketball_court_081.jpg,3,basketball_court
basketball_court/basketball_court_082.jpg,3,basketball_court
basketball_court/basketball_court_083.jpg,3,basketball_court
basketball_court/basketball_court_085.jpg,3,basketball_court
basketball_court/basketball_court_086.jpg,3,basketball_court
basketball_court/basketball_court_087.jpg,3,basketball_court
basketball_court/basketball_court_088.jpg,3,basketball_court
basketball_court/basketball_court_089.jpg,3,basketball_court
basketball_court/basketball_court_090.jpg,3,basketball_court
basketball_court/basketball_court_091.jpg,3,basketball_court
basketball_court/basketball_court_093.jpg,3,basketball_court
basketball_court/basketball_court_094.jpg,3,basketball_court
basketball_court/basketball_court_096.jpg,3,basketball_court
basketball_court/basketball_court_097.jpg,3,basketball_court
basketball_court/basketball_court_098.jpg,3,basketball_court
basketball_court/basketball_court_099.jpg,3,basketball_court
basketball_court/basketball_court_100.jpg,3,basketball_court
basketball_court/basketball_court_103.jpg,3,basketball_court
basketball_court/basketball_court_105.jpg,3,basketball_court
basketball_court/basketball_court_106.jpg,3,basketball_court
basketball_court/basketball_court_107.jpg,3,basketball_court
basketball_court/basketball_court_109.jpg,3,basketball_court
basketball_court/basketball_court_111.jpg,3,basketball_court
basketball_court/basketball_court_112.jpg,3,basketball_court
basketball_court/basketball_court_113.jpg,3,basketball_court
basketball_court/basketball_court_115.jpg,3,basketball_court
basketball_court/basketball_court_119.jpg,3,basketball_court
basketball_court/basketball_court_120.jpg,3,basketball_court
basketball_court/basketball_court_121.jpg,3,basketball_court
basketball_court/basketball_court_122.jpg,3,basketball_court
basketball_court/basketball_court_123.jpg,3,basketball_court
basketball_court/basketball_court_124.jpg,3,basketball_court
basketball_court/basketball_court_125.jpg,3,basketball_court
basketball_court/basketball_court_126.jpg,3,basketball_court
basketball_court/basketball_court_127.jpg,3,basketball_court
basketball_court/basketball_court_129.jpg,3,basketball_court
basketball_court/basketball_court_131.jpg,3,basketball_court
basketball_court/basketball_court_132.jpg,3,basketball_court
basketball_court/basketball_court_133.jpg,3,basketball_court
basketball_court/basketball_court_135.jpg,3,basketball_court
basketball_court/basketball_court_136.jpg,3,basketball_court
basketball_court/basketball_court_137.jpg,3,basketball_court
basketball_court/basketball_court_138.jpg,3,basketball_court
basketball_court/basketball_court_139.jpg,3,basketball_court
basketball_court/basketball_court_140.jpg,3,basketball_court
basketball_court/basketball_court_142.jpg,3,basketball_court
basketball_court/basketball_court_144.jpg,3,basketball_court
basketball_court/basketball_court_145.jpg,3,basketball_court
basketball_court/basketball_court_147.jpg,3,basketball_court
basketball_court/basketball_court_148.jpg,3,basketball_court
basketball_court/basketball_court_150.jpg,3,basketball_court
basketball_court/basketball_court_153.jpg,3,basketball_court
basketball_court/basketball_court_155.jpg,3,basketball_court
basketball_court/basketball_court_156.jpg,3,basketball_court
basketball_court/basketball_court_157.jpg,3,basketball_court
basketball_court/basketball_court_159.jpg,3,basketball_court
basketball_court/basketball_court_162.jpg,3,basketball_court
basketball_court/basketball_court_163.jpg,3,basketball_court
basketball_court/basketball_court_165.jpg,3,basketball_court
basketball_court/basketball_court_166.jpg,3,basketball_court
basketball_court/basketball_court_168.jpg,3,basketball_court
basketball_court/basketball_court_169.jpg,3,basketball_court
basketball_court/basketball_court_170.jpg,3,basketball_court
basketball_court/basketball_court_171.jpg,3,basketball_court
basketball_court/basketball_court_174.jpg,3,basketball_court
basketball_court/basketball_court_175.jpg,3,basketball_court
basketball_court/basketball_court_176.jpg,3,basketball_court
basketball_court/basketball_court_177.jpg,3,basketball_court
basketball_court/basketball_court_179.jpg,3,basketball_court
basketball_court/basketball_court_181.jpg,3,basketball_court
basketball_court/basketball_court_182.jpg,3,basketball_court
basketball_court/basketball_court_183.jpg,3,basketball_court
basketball_court/basketball_court_184.jpg,3,basketball_court
basketball_court/basketball_court_185.jpg,3,basketball_court
basketball_court/basketball_court_186.jpg,3,basketball_court
basketball_court/basketball_court_187.jpg,3,basketball_court
basketball_court/basketball_court_188.jpg,3,basketball_court
basketball_court/basketball_court_189.jpg,3,basketball_court
basketball_court/basketball_court_190.jpg,3,basketball_court
basketball_court/basketball_court_191.jpg,3,basketball_court
basketball_court/basketball_court_192.jpg,3,basketball_court
basketball_court/basketball_court_193.jpg,3,basketball_court
basketball_court/basketball_court_194.jpg,3,basketball_court
basketball_court/basketball_court_195.jpg,3,basketball_court
basketball_court/basketball_court_197.jpg,3,basketball_court
basketball_court/basketball_court_198.jpg,3,basketball_court
basketball_court/basketball_court_199.jpg,3,basketball_court
basketball_court/basketball_court_200.jpg,3,basketball_court
basketball_court/basketball_court_201.jpg,3,basketball_court
basketball_court/basketball_court_203.jpg,3,basketball_court
basketball_court/basketball_court_204.jpg,3,basketball_court
basketball_court/basketball_court_205.jpg,3,basketball_court
basketball_court/basketball_court_207.jpg,3,basketball_court
basketball_court/basketball_court_210.jpg,3,basketball_court
basketball_court/basketball_court_211.jpg,3,basketball_court
basketball_court/basketball_court_212.jpg,3,basketball_court
basketball_court/basketball_court_213.jpg,3,basketball_court
basketball_court/basketball_court_214.jpg,3,basketball_court
basketball_court/basketball_court_215.jpg,3,basketball_court
basketball_court/basketball_court_217.jpg,3,basketball_court
basketball_court/basketball_court_219.jpg,3,basketball_court
basketball_court/basketball_court_221.jpg,3,basketball_court
basketball_court/basketball_court_222.jpg,3,basketball_court
basketball_court/basketball_court_223.jpg,3,basketball_court
basketball_court/basketball_court_224.jpg,3,basketball_court
basketball_court/basketball_court_225.jpg,3,basketball_court
basketball_court/basketball_court_227.jpg,3,basketball_court
basketball_court/basketball_court_228.jpg,3,basketball_court
basketball_court/basketball_court_229.jpg,3,basketball_court
basketball_court/basketball_court_231.jpg,3,basketball_court
basketball_court/basketball_court_232.jpg,3,basketball_court
basketball_court/basketball_court_233.jpg,3,basketball_court
basketball_court/basketball_court_234.jpg,3,basketball_court
basketball_court/basketball_court_235.jpg,3,basketball_court
basketball_court/basketball_court_236.jpg,3,basketball_court
basketball_court/basketball_court_240.jpg,3,basketball_court
basketball_court/basketball_court_241.jpg,3,basketball_court
basketball_court/basketball_court_243.jpg,3,basketball_court
basketball_court/basketball_court_245.jpg,3,basketball_court
basketball_court/basketball_court_246.jpg,3,basketball_court
basketball_court/basketball_court_247.jpg,3,basketball_court
basketball_court/basketball_court_249.jpg,3,basketball_court
basketball_court/basketball_court_250.jpg,3,basketball_court
basketball_court/basketball_court_251.jpg,3,basketball_court
basketball_court/basketball_court_252.jpg,3,basketball_court
basketball_court/basketball_court_255.jpg,3,basketball_court
basketball_court/basketball_court_256.jpg,3,basketball_court
basketball_court/basketball_court_257.jpg,3,basketball_court
basketball_court/basketball_court_258.jpg,3,basketball_court
basketball_court/basketball_court_260.jpg,3,basketball_court
basketball_court/basketball_court_261.jpg,3,basketball_court
basketball_court/basketball_court_265.jpg,3,basketball_court
basketball_court/basketball_court_268.jpg,3,basketball_court
basketball_court/basketball_court_269.jpg,3,basketball_court
basketball_court/basketball_court_270.jpg,3,basketball_court
basketball_court/basketball_court_271.jpg,3,basketball_court
basketball_court/basketball_court_272.jpg,3,basketball_court
basketball_court/basketball_court_273.jpg,3,basketball_court
basketball_court/basketball_court_274.jpg,3,basketball_court
basketball_court/basketball_court_275.jpg,3,basketball_court
basketball_court/basketball_court_276.jpg,3,basketball_court
basketball_court/basketball_court_278.jpg,3,basketball_court
basketball_court/basketball_court_281.jpg,3,basketball_court
basketball_court/basketball_court_282.jpg,3,basketball_court
basketball_court/basketball_court_283.jpg,3,basketball_court
basketball_court/basketball_court_284.jpg,3,basketball_court
basketball_court/basketball_court_285.jpg,3,basketball_court
basketball_court/basketball_court_290.jpg,3,basketball_court
basketball_court/basketball_court_291.jpg,3,basketball_court
basketball_court/basketball_court_292.jpg,3,basketball_court
basketball_court/basketball_court_294.jpg,3,basketball_court
basketball_court/basketball_court_295.jpg,3,basketball_court
basketball_court/basketball_court_296.jpg,3,basketball_court
basketball_court/basketball_court_297.jpg,3,basketball_court
basketball_court/basketball_court_298.jpg,3,basketball_court
basketball_court/basketball_court_299.jpg,3,basketball_court
basketball_court/basketball_court_300.jpg,3,basketball_court
basketball_court/basketball_court_301.jpg,3,basketball_court
basketball_court/basketball_court_304.jpg,3,basketball_court
basketball_court/basketball_court_305.jpg,3,basketball_court
basketball_court/basketball_court_306.jpg,3,basketball_court
basketball_court/basketball_court_307.jpg,3,basketball_court
basketball_court/basketball_court_308.jpg,3,basketball_court
basketball_court/basketball_court_309.jpg,3,basketball_court
basketball_court/basketball_court_310.jpg,3,basketball_court
basketball_court/basketball_court_312.jpg,3,basketball_court
basketball_court/basketball_court_313.jpg,3,basketball_court
basketball_court/basketball_court_314.jpg,3,basketball_court
basketball_court/basketball_court_315.jpg,3,basketball_court
basketball_court/basketball_court_317.jpg,3,basketball_court
basketball_court/basketball_court_318.jpg,3,basketball_court
basketball_court/basketball_court_319.jpg,3,basketball_court
basketball_court/basketball_court_322.jpg,3,basketball_court
basketball_court/basketball_court_323.jpg,3,basketball_court
basketball_court/basketball_court_324.jpg,3,basketball_court
basketball_court/basketball_court_325.jpg,3,basketball_court
basketball_court/basketball_court_326.jpg,3,basketball_court
basketball_court/basketball_court_327.jpg,3,basketball_court
basketball_court/basketball_court_328.jpg,3,basketball_court
basketball_court/basketball_court_329.jpg,3,basketball_court
basketball_court/basketball_court_330.jpg,3,basketball_court
basketball_court/basketball_court_331.jpg,3,basketball_court
basketball_court/basketball_court_332.jpg,3,basketball_court
basketball_court/basketball_court_333.jpg,3,basketball_court
basketball_court/basketball_court_334.jpg,3,basketball_court
basketball_court/basketball_court_335.jpg,3,basketball_court
basketball_court/basketball_court_337.jpg,3,basketball_court
basketball_court/basketball_court_338.jpg,3,basketball_court
basketball_court/basketball_court_339.jpg,3,basketball_court
basketball_court/basketball_court_340.jpg,3,basketball_court
basketball_court/basketball_court_343.jpg,3,basketball_court
basketball_court/basketball_court_344.jpg,3,basketball_court
basketball_court/basketball_court_346.jpg,3,basketball_court
basketball_court/basketball_court_347.jpg,3,basketball_court
basketball_court/basketball_court_349.jpg,3,basketball_court
basketball_court/basketball_court_350.jpg,3,basketball_court
basketball_court/basketball_court_351.jpg,3,basketball_court
basketball_court/basketball_court_352.jpg,3,basketball_court
basketball_court/basketball_court_355.jpg,3,basketball_court
basketball_court/basketball_court_356.jpg,3,basketball_court
basketball_court/basketball_court_357.jpg,3,basketball_court
basketball_court/basketball_court_358.jpg,3,basketball_court
basketball_court/basketball_court_359.jpg,3,basketball_court
basketball_court/basketball_court_360.jpg,3,basketball_court
basketball_court/basketball_court_363.jpg,3,basketball_court
basketball_court/basketball_court_365.jpg,3,basketball_court
basketball_court/basketball_court_366.jpg,3,basketball_court
basketball_court/basketball_court_367.jpg,3,basketball_court
basketball_court/basketball_court_368.jpg,3,basketball_court
basketball_court/basketball_court_369.jpg,3,basketball_court
basketball_court/basketball_court_370.jpg,3,basketball_court
basketball_court/basketball_court_371.jpg,3,basketball_court
basketball_court/basketball_court_372.jpg,3,basketball_court
basketball_court/basketball_court_373.jpg,3,basketball_court
basketball_court/basketball_court_375.jpg,3,basketball_court
basketball_court/basketball_court_377.jpg,3,basketball_court
basketball_court/basketball_court_379.jpg,3,basketball_court
basketball_court/basketball_court_380.jpg,3,basketball_court
basketball_court/basketball_court_383.jpg,3,basketball_court
basketball_court/basketball_court_384.jpg,3,basketball_court
basketball_court/basketball_court_386.jpg,3,basketball_court
basketball_court/basketball_court_387.jpg,3,basketball_court
basketball_court/basketball_court_388.jpg,3,basketball_court
basketball_court/basketball_court_389.jpg,3,basketball_court
basketball_court/basketball_court_391.jpg,3,basketball_court
basketball_court/basketball_court_393.jpg,3,basketball_court
basketball_court/basketball_court_394.jpg,3,basketball_court
basketball_court/basketball_court_395.jpg,3,basketball_court
basketball_court/basketball_court_396.jpg,3,basketball_court
basketball_court/basketball_court_397.jpg,3,basketball_court
basketball_court/basketball_court_398.jpg,3,basketball_court
basketball_court/basketball_court_401.jpg,3,basketball_court
basketball_court/basketball_court_402.jpg,3,basketball_court
basketball_court/basketball_court_403.jpg,3,basketball_court
basketball_court/basketball_court_404.jpg,3,basketball_court
basketball_court/basketball_court_408.jpg,3,basketball_court
basketball_court/basketball_court_409.jpg,3,basketball_court
basketball_court/basketball_court_410.jpg,3,basketball_court
basketball_court/basketball_court_411.jpg,3,basketball_court
basketball_court/basketball_court_412.jpg,3,basketball_court
basketball_court/basketball_court_413.jpg,3,basketball_court
basketball_court/basketball_court_414.jpg,3,basketball_court
basketball_court/basketball_court_416.jpg,3,basketball_court
basketball_court/basketball_court_417.jpg,3,basketball_court
basketball_court/basketball_court_420.jpg,3,basketball_court
basketball_court/basketball_court_421.jpg,3,basketball_court
basketball_court/basketball_court_422.jpg,3,basketball_court
basketball_court/basketball_court_423.jpg,3,basketball_court
basketball_court/basketball_court_424.jpg,3,basketball_court
basketball_court/basketball_court_426.jpg,3,basketball_court
basketball_court/basketball_court_427.jpg,3,basketball_court
basketball_court/basketball_court_430.jpg,3,basketball_court
basketball_court/basketball_court_431.jpg,3,basketball_court
basketball_court/basketball_court_433.jpg,3,basketball_court
basketball_court/basketball_court_434.jpg,3,basketball_court
basketball_court/basketball_court_435.jpg,3,basketball_court
basketball_court/basketball_court_437.jpg,3,basketball_court
basketball_court/basketball_court_438.jpg,3,basketball_court
basketball_court/basketball_court_440.jpg,3,basketball_court
basketball_court/basketball_court_443.jpg,3,basketball_court
basketball_court/basketball_court_444.jpg,3,basketball_court
basketball_court/basketball_court_445.jpg,3,basketball_court
basketball_court/basketball_court_448.jpg,3,basketball_court
basketball_court/basketball_court_450.jpg,3,basketball_court
basketball_court/basketball_court_451.jpg,3,basketball_court
basketball_court/basketball_court_454.jpg,3,basketball_court
basketball_court/basketball_court_458.jpg,3,basketball_court
basketball_court/basketball_court_461.jpg,3,basketball_court
basketball_court/basketball_court_464.jpg,3,basketball_court
basketball_court/basketball_court_465.jpg,3,basketball_court
basketball_court/basketball_court_468.jpg,3,basketball_court
basketball_court/basketball_court_469.jpg,3,basketball_court
basketball_court/basketball_court_470.jpg,3,basketball_court
basketball_court/basketball_court_472.jpg,3,basketball_court
basketball_court/basketball_court_473.jpg,3,basketball_court
basketball_court/basketball_court_474.jpg,3,basketball_court
basketball_court/basketball_court_475.jpg,3,basketball_court
basketball_court/basketball_court_476.jpg,3,basketball_court
basketball_court/basketball_court_478.jpg,3,basketball_court
basketball_court/basketball_court_479.jpg,3,basketball_court
basketball_court/basketball_court_480.jpg,3,basketball_court
basketball_court/basketball_court_484.jpg,3,basketball_court
basketball_court/basketball_court_485.jpg,3,basketball_court
basketball_court/basketball_court_486.jpg,3,basketball_court
basketball_court/basketball_court_487.jpg,3,basketball_court
basketball_court/basketball_court_488.jpg,3,basketball_court
basketball_court/basketball_court_489.jpg,3,basketball_court
basketball_court/basketball_court_491.jpg,3,basketball_court
basketball_court/basketball_court_492.jpg,3,basketball_court
basketball_court/basketball_court_493.jpg,3,basketball_court
basketball_court/basketball_court_494.jpg,3,basketball_court
basketball_court/basketball_court_495.jpg,3,basketball_court
basketball_court/basketball_court_496.jpg,3,basketball_court
basketball_court/basketball_court_497.jpg,3,basketball_court
basketball_court/basketball_court_498.jpg,3,basketball_court
basketball_court/basketball_court_501.jpg,3,basketball_court
basketball_court/basketball_court_502.jpg,3,basketball_court
basketball_court/basketball_court_503.jpg,3,basketball_court
basketball_court/basketball_court_504.jpg,3,basketball_court
basketball_court/basketball_court_505.jpg,3,basketball_court
basketball_court/basketball_court_506.jpg,3,basketball_court
basketball_court/basketball_court_507.jpg,3,basketball_court
basketball_court/basketball_court_510.jpg,3,basketball_court
basketball_court/basketball_court_512.jpg,3,basketball_court
basketball_court/basketball_court_513.jpg,3,basketball_court
basketball_court/basketball_court_514.jpg,3,basketball_court
basketball_court/basketball_court_516.jpg,3,basketball_court
basketball_court/basketball_court_518.jpg,3,basketball_court
basketball_court/basketball_court_519.jpg,3,basketball_court
basketball_court/basketball_court_520.jpg,3,basketball_court
basketball_court/basketball_court_522.jpg,3,basketball_court
basketball_court/basketball_court_524.jpg,3,basketball_court
basketball_court/basketball_court_525.jpg,3,basketball_court
basketball_court/basketball_court_527.jpg,3,basketball_court
basketball_court/basketball_court_528.jpg,3,basketball_court
basketball_court/basketball_court_529.jpg,3,basketball_court
basketball_court/basketball_court_530.jpg,3,basketball_court
basketball_court/basketball_court_532.jpg,3,basketball_court
basketball_court/basketball_court_533.jpg,3,basketball_court
basketball_court/basketball_court_536.jpg,3,basketball_court
basketball_court/basketball_court_537.jpg,3,basketball_court
basketball_court/basketball_court_540.jpg,3,basketball_court
basketball_court/basketball_court_541.jpg,3,basketball_court
basketball_court/basketball_court_543.jpg,3,basketball_court
basketball_court/basketball_court_544.jpg,3,basketball_court
basketball_court/basketball_court_545.jpg,3,basketball_court
basketball_court/basketball_court_546.jpg,3,basketball_court
basketball_court/basketball_court_547.jpg,3,basketball_court
basketball_court/basketball_court_549.jpg,3,basketball_court
basketball_court/basketball_court_551.jpg,3,basketball_court
basketball_court/basketball_court_553.jpg,3,basketball_court
basketball_court/basketball_court_555.jpg,3,basketball_court
basketball_court/basketball_court_556.jpg,3,basketball_court
basketball_court/basketball_court_557.jpg,3,basketball_court
basketball_court/basketball_court_558.jpg,3,basketball_court
basketball_court/basketball_court_560.jpg,3,basketball_court
basketball_court/basketball_court_564.jpg,3,basketball_court
basketball_court/basketball_court_565.jpg,3,basketball_court
basketball_court/basketball_court_566.jpg,3,basketball_court
basketball_court/basketball_court_567.jpg,3,basketball_court
basketball_court/basketball_court_568.jpg,3,basketball_court
basketball_court/basketball_court_569.jpg,3,basketball_court
basketball_court/basketball_court_570.jpg,3,basketball_court
basketball_court/basketball_court_571.jpg,3,basketball_court
basketball_court/basketball_court_572.jpg,3,basketball_court
basketball_court/basketball_court_573.jpg,3,basketball_court
basketball_court/basketball_court_574.jpg,3,basketball_court
basketball_court/basketball_court_575.jpg,3,basketball_court
basketball_court/basketball_court_576.jpg,3,basketball_court
basketball_court/basketball_court_577.jpg,3,basketball_court
basketball_court/basketball_court_579.jpg,3,basketball_court
basketball_court/basketball_court_582.jpg,3,basketball_court
basketball_court/basketball_court_583.jpg,3,basketball_court
basketball_court/basketball_court_585.jpg,3,basketball_court
basketball_court/basketball_court_586.jpg,3,basketball_court
basketball_court/basketball_court_587.jpg,3,basketball_court
basketball_court/basketball_court_588.jpg,3,basketball_court
basketball_court/basketball_court_589.jpg,3,basketball_court
basketball_court/basketball_court_591.jpg,3,basketball_court
basketball_court/basketball_court_592.jpg,3,basketball_court
basketball_court/basketball_court_594.jpg,3,basketball_court
basketball_court/basketball_court_595.jpg,3,basketball_court
basketball_court/basketball_court_596.jpg,3,basketball_court
basketball_court/basketball_court_598.jpg,3,basketball_court
basketball_court/basketball_court_600.jpg,3,basketball_court
basketball_court/basketball_court_601.jpg,3,basketball_court
basketball_court/basketball_court_602.jpg,3,basketball_court
basketball_court/basketball_court_603.jpg,3,basketball_court
basketball_court/basketball_court_604.jpg,3,basketball_court
basketball_court/basketball_court_605.jpg,3,basketball_court
basketball_court/basketball_court_607.jpg,3,basketball_court
basketball_court/basketball_court_608.jpg,3,basketball_court
basketball_court/basketball_court_609.jpg,3,basketball_court
basketball_court/basketball_court_613.jpg,3,basketball_court
basketball_court/basketball_court_616.jpg,3,basketball_court
basketball_court/basketball_court_617.jpg,3,basketball_court
basketball_court/basketball_court_619.jpg,3,basketball_court
basketball_court/basketball_court_620.jpg,3,basketball_court
basketball_court/basketball_court_623.jpg,3,basketball_court
basketball_court/basketball_court_624.jpg,3,basketball_court
basketball_court/basketball_court_625.jpg,3,basketball_court
basketball_court/basketball_court_626.jpg,3,basketball_court
basketball_court/basketball_court_629.jpg,3,basketball_court
basketball_court/basketball_court_630.jpg,3,basketball_court
basketball_court/basketball_court_632.jpg,3,basketball_court
basketball_court/basketball_court_634.jpg,3,basketball_court
basketball_court/basketball_court_635.jpg,3,basketball_court
basketball_court/basketball_court_636.jpg,3,basketball_court
basketball_court/basketball_court_638.jpg,3,basketball_court
basketball_court/basketball_court_639.jpg,3,basketball_court
basketball_court/basketball_court_640.jpg,3,basketball_court
basketball_court/basketball_court_642.jpg,3,basketball_court
basketball_court/basketball_court_643.jpg,3,basketball_court
basketball_court/basketball_court_646.jpg,3,basketball_court
basketball_court/basketball_court_647.jpg,3,basketball_court
basketball_court/basketball_court_649.jpg,3,basketball_court
basketball_court/basketball_court_651.jpg,3,basketball_court
basketball_court/basketball_court_652.jpg,3,basketball_court
basketball_court/basketball_court_654.jpg,3,basketball_court
basketball_court/basketball_court_656.jpg,3,basketball_court
basketball_court/basketball_court_659.jpg,3,basketball_court
basketball_court/basketball_court_660.jpg,3,basketball_court
basketball_court/basketball_court_661.jpg,3,basketball_court
basketball_court/basketball_court_662.jpg,3,basketball_court
basketball_court/basketball_court_665.jpg,3,basketball_court
basketball_court/basketball_court_666.jpg,3,basketball_court
basketball_court/basketball_court_667.jpg,3,basketball_court
basketball_court/basketball_court_668.jpg,3,basketball_court
basketball_court/basketball_court_669.jpg,3,basketball_court
basketball_court/basketball_court_672.jpg,3,basketball_court
basketball_court/basketball_court_675.jpg,3,basketball_court
basketball_court/basketball_court_677.jpg,3,basketball_court
basketball_court/basketball_court_678.jpg,3,basketball_court
basketball_court/basketball_court_679.jpg,3,basketball_court
basketball_court/basketball_court_680.jpg,3,basketball_court
basketball_court/basketball_court_681.jpg,3,basketball_court
basketball_court/basketball_court_683.jpg,3,basketball_court
basketball_court/basketball_court_684.jpg,3,basketball_court
basketball_court/basketball_court_686.jpg,3,basketball_court
basketball_court/basketball_court_687.jpg,3,basketball_court
basketball_court/basketball_court_688.jpg,3,basketball_court
basketball_court/basketball_court_689.jpg,3,basketball_court
basketball_court/basketball_court_690.jpg,3,basketball_court
basketball_court/basketball_court_691.jpg,3,basketball_court
basketball_court/basketball_court_692.jpg,3,basketball_court
basketball_court/basketball_court_693.jpg,3,basketball_court
basketball_court/basketball_court_694.jpg,3,basketball_court
basketball_court/basketball_court_695.jpg,3,basketball_court
basketball_court/basketball_court_697.jpg,3,basketball_court
basketball_court/basketball_court_698.jpg,3,basketball_court
beach/beach_003.jpg,4,beach
beach/beach_004.jpg,4,beach
beach/beach_005.jpg,4,beach
beach/beach_006.jpg,4,beach
beach/beach_007.jpg,4,beach
beach/beach_009.jpg,4,beach
beach/beach_010.jpg,4,beach
beach/beach_011.jpg,4,beach
beach/beach_012.jpg,4,beach
beach/beach_013.jpg,4,beach
beach/beach_014.jpg,4,beach
beach/beach_015.jpg,4,beach
beach/beach_017.jpg,4,beach
beach/beach_018.jpg,4,beach
beach/beach_019.jpg,4,beach
beach/beach_020.jpg,4,beach
beach/beach_021.jpg,4,beach
beach/beach_022.jpg,4,beach
beach/beach_023.jpg,4,beach
beach/beach_024.jpg,4,beach
beach/beach_025.jpg,4,beach
beach/beach_027.jpg,4,beach
beach/beach_028.jpg,4,beach
beach/beach_029.jpg,4,beach
beach/beach_030.jpg,4,beach
beach/beach_031.jpg,4,beach
beach/beach_033.jpg,4,beach
beach/beach_034.jpg,4,beach
beach/beach_036.jpg,4,beach
beach/beach_037.jpg,4,beach
beach/beach_038.jpg,4,beach
beach/beach_039.jpg,4,beach
beach/beach_042.jpg,4,beach
beach/beach_043.jpg,4,beach
beach/beach_045.jpg,4,beach
beach/beach_046.jpg,4,beach
beach/beach_048.jpg,4,beach
beach/beach_049.jpg,4,beach
beach/beach_050.jpg,4,beach
beach/beach_051.jpg,4,beach
beach/beach_052.jpg,4,beach
beach/beach_053.jpg,4,beach
beach/beach_054.jpg,4,beach
beach/beach_055.jpg,4,beach
beach/beach_056.jpg,4,beach
beach/beach_057.jpg,4,beach
beach/beach_059.jpg,4,beach
beach/beach_060.jpg,4,beach
beach/beach_061.jpg,4,beach
beach/beach_065.jpg,4,beach
beach/beach_067.jpg,4,beach
beach/beach_069.jpg,4,beach
beach/beach_070.jpg,4,beach
beach/beach_071.jpg,4,beach
beach/beach_074.jpg,4,beach
beach/beach_076.jpg,4,beach
beach/beach_077.jpg,4,beach
beach/beach_078.jpg,4,beach
beach/beach_080.jpg,4,beach
beach/beach_081.jpg,4,beach
beach/beach_082.jpg,4,beach
beach/beach_084.jpg,4,beach
beach/beach_085.jpg,4,beach
beach/beach_087.jpg,4,beach
beach/beach_088.jpg,4,beach
beach/beach_090.jpg,4,beach
beach/beach_091.jpg,4,beach
beach/beach_092.jpg,4,beach
beach/beach_093.jpg,4,beach
beach/beach_094.jpg,4,beach
beach/beach_095.jpg,4,beach
beach/beach_096.jpg,4,beach
beach/beach_098.jpg,4,beach
beach/beach_099.jpg,4,beach
beach/beach_100.jpg,4,beach
beach/beach_101.jpg,4,beach
beach/beach_103.jpg,4,beach
beach/beach_105.jpg,4,beach
beach/beach_106.jpg,4,beach
beach/beach_107.jpg,4,beach
beach/beach_108.jpg,4,beach
beach/beach_111.jpg,4,beach
beach/beach_112.jpg,4,beach
beach/beach_113.jpg,4,beach
beach/beach_114.jpg,4,beach
beach/beach_116.jpg,4,beach
beach/beach_117.jpg,4,beach
beach/beach_118.jpg,4,beach
beach/beach_119.jpg,4,beach
beach/beach_121.jpg,4,beach
beach/beach_122.jpg,4,beach
beach/beach_123.jpg,4,beach
beach/beach_126.jpg,4,beach
beach/beach_128.jpg,4,beach
beach/beach_130.jpg,4,beach
beach/beach_132.jpg,4,beach
beach/beach_133.jpg,4,beach
beach/beach_134.jpg,4,beach
beach/beach_135.jpg,4,beach
beach/beach_136.jpg,4,beach
beach/beach_137.jpg,4,beach
beach/beach_138.jpg,4,beach
beach/beach_139.jpg,4,beach
beach/beach_140.jpg,4,beach
beach/beach_141.jpg,4,beach
beach/beach_144.jpg,4,beach
beach/beach_145.jpg,4,beach
beach/beach_146.jpg,4,beach
beach/beach_147.jpg,4,beach
beach/beach_148.jpg,4,beach
beach/beach_149.jpg,4,beach
beach/beach_150.jpg,4,beach
beach/beach_151.jpg,4,beach
beach/beach_152.jpg,4,beach
beach/beach_153.jpg,4,beach
beach/beach_155.jpg,4,beach
beach/beach_157.jpg,4,beach
beach/beach_159.jpg,4,beach
beach/beach_160.jpg,4,beach
beach/beach_161.jpg,4,beach
beach/beach_163.jpg,4,beach
beach/beach_165.jpg,4,beach
beach/beach_166.jpg,4,beach
beach/beach_167.jpg,4,beach
beach/beach_168.jpg,4,beach
beach/beach_169.jpg,4,beach
beach/beach_170.jpg,4,beach
beach/beach_171.jpg,4,beach
beach/beach_172.jpg,4,beach
beach/beach_174.jpg,4,beach
beach/beach_175.jpg,4,beach
beach/beach_177.jpg,4,beach
beach/beach_179.jpg,4,beach
beach/beach_180.jpg,4,beach
beach/beach_181.jpg,4,beach
beach/beach_182.jpg,4,beach
beach/beach_184.jpg,4,beach
beach/beach_185.jpg,4,beach
beach/beach_186.jpg,4,beach
beach/beach_187.jpg,4,beach
beach/beach_188.jpg,4,beach
beach/beach_189.jpg,4,beach
beach/beach_192.jpg,4,beach
beach/beach_193.jpg,4,beach
beach/beach_194.jpg,4,beach
beach/beach_195.jpg,4,beach
beach/beach_197.jpg,4,beach
beach/beach_198.jpg,4,beach
beach/beach_199.jpg,4,beach
beach/beach_200.jpg,4,beach
beach/beach_202.jpg,4,beach
beach/beach_204.jpg,4,beach
beach/beach_205.jpg,4,beach
beach/beach_206.jpg,4,beach
beach/beach_208.jpg,4,beach
beach/beach_209.jpg,4,beach
beach/beach_212.jpg,4,beach
beach/beach_215.jpg,4,beach
beach/beach_216.jpg,4,beach
beach/beach_217.jpg,4,beach
beach/beach_221.jpg,4,beach
beach/beach_223.jpg,4,beach
beach/beach_224.jpg,4,beach
beach/beach_225.jpg,4,beach
beach/beach_228.jpg,4,beach
beach/beach_229.jpg,4,beach
beach/beach_230.jpg,4,beach
beach/beach_231.jpg,4,beach
beach/beach_232.jpg,4,beach
beach/beach_233.jpg,4,beach
beach/beach_234.jpg,4,beach
beach/beach_235.jpg,4,beach
beach/beach_236.jpg,4,beach
beach/beach_237.jpg,4,beach
beach/beach_239.jpg,4,beach
beach/beach_240.jpg,4,beach
beach/beach_241.jpg,4,beach
beach/beach_242.jpg,4,beach
beach/beach_244.jpg,4,beach
beach/beach_245.jpg,4,beach
beach/beach_246.jpg,4,beach
beach/beach_249.jpg,4,beach
beach/beach_250.jpg,4,beach
beach/beach_252.jpg,4,beach
beach/beach_253.jpg,4,beach
beach/beach_256.jpg,4,beach
beach/beach_257.jpg,4,beach
beach/beach_258.jpg,4,beach
beach/beach_261.jpg,4,beach
beach/beach_262.jpg,4,beach
beach/beach_263.jpg,4,beach
beach/beach_266.jpg,4,beach
beach/beach_271.jpg,4,beach
beach/beach_274.jpg,4,beach
beach/beach_276.jpg,4,beach
beach/beach_278.jpg,4,beach
beach/beach_280.jpg,4,beach
beach/beach_282.jpg,4,beach
beach/beach_285.jpg,4,beach
beach/beach_287.jpg,4,beach
beach/beach_288.jpg,4,beach
beach/beach_290.jpg,4,beach
beach/beach_291.jpg,4,beach
beach/beach_292.jpg,4,beach
beach/beach_293.jpg,4,beach
beach/beach_295.jpg,4,beach
beach/beach_296.jpg,4,beach
beach/beach_298.jpg,4,beach
beach/beach_299.jpg,4,beach
beach/beach_300.jpg,4,beach
beach/beach_301.jpg,4,beach
beach/beach_303.jpg,4,beach
beach/beach_304.jpg,4,beach
beach/beach_305.jpg,4,beach
beach/beach_306.jpg,4,beach
beach/beach_308.jpg,4,beach
beach/beach_309.jpg,4,beach
beach/beach_310.jpg,4,beach
beach/beach_311.jpg,4,beach
beach/beach_312.jpg,4,beach
beach/beach_315.jpg,4,beach
beach/beach_316.jpg,4,beach
beach/beach_317.jpg,4,beach
beach/beach_318.jpg,4,beach
beach/beach_319.jpg,4,beach
beach/beach_321.jpg,4,beach
beach/beach_322.jpg,4,beach
beach/beach_323.jpg,4,beach
beach/beach_324.jpg,4,beach
beach/beach_325.jpg,4,beach
beach/beach_326.jpg,4,beach
beach/beach_328.jpg,4,beach
beach/beach_329.jpg,4,beach
beach/beach_330.jpg,4,beach
beach/beach_331.jpg,4,beach
beach/beach_332.jpg,4,beach
beach/beach_333.jpg,4,beach
beach/beach_335.jpg,4,beach
beach/beach_336.jpg,4,beach
beach/beach_337.jpg,4,beach
beach/beach_339.jpg,4,beach
beach/beach_340.jpg,4,beach
beach/beach_341.jpg,4,beach
beach/beach_342.jpg,4,beach
beach/beach_343.jpg,4,beach
beach/beach_345.jpg,4,beach
beach/beach_346.jpg,4,beach
beach/beach_347.jpg,4,beach
beach/beach_348.jpg,4,beach
beach/beach_349.jpg,4,beach
beach/beach_350.jpg,4,beach
beach/beach_351.jpg,4,beach
beach/beach_352.jpg,4,beach
beach/beach_355.jpg,4,beach
beach/beach_356.jpg,4,beach
beach/beach_357.jpg,4,beach
beach/beach_358.jpg,4,beach
beach/beach_359.jpg,4,beach
beach/beach_360.jpg,4,beach
beach/beach_362.jpg,4,beach
beach/beach_363.jpg,4,beach
beach/beach_365.jpg,4,beach
beach/beach_367.jpg,4,beach
beach/beach_368.jpg,4,beach
beach/beach_370.jpg,4,beach
beach/beach_371.jpg,4,beach
beach/beach_373.jpg,4,beach
beach/beach_374.jpg,4,beach
beach/beach_378.jpg,4,beach
beach/beach_380.jpg,4,beach
beach/beach_384.jpg,4,beach
beach/beach_385.jpg,4,beach
beach/beach_388.jpg,4,beach
beach/beach_389.jpg,4,beach
beach/beach_390.jpg,4,beach
beach/beach_392.jpg,4,beach
beach/beach_394.jpg,4,beach
beach/beach_396.jpg,4,beach
beach/beach_397.jpg,4,beach
beach/beach_399.jpg,4,beach
beach/beach_400.jpg,4,beach
beach/beach_402.jpg,4,beach
beach/beach_403.jpg,4,beach
beach/beach_404.jpg,4,beach
beach/beach_405.jpg,4,beach
beach/beach_406.jpg,4,beach
beach/beach_408.jpg,4,beach
beach/beach_409.jpg,4,beach
beach/beach_410.jpg,4,beach
beach/beach_411.jpg,4,beach
beach/beach_412.jpg,4,beach
beach/beach_413.jpg,4,beach
beach/beach_414.jpg,4,beach
beach/beach_415.jpg,4,beach
beach/beach_416.jpg,4,beach
beach/beach_418.jpg,4,beach
beach/beach_419.jpg,4,beach
beach/beach_420.jpg,4,beach
beach/beach_421.jpg,4,beach
beach/beach_422.jpg,4,beach
beach/beach_423.jpg,4,beach
beach/beach_428.jpg,4,beach
beach/beach_429.jpg,4,beach
beach/beach_430.jpg,4,beach
beach/beach_431.jpg,4,beach
beach/beach_433.jpg,4,beach
beach/beach_435.jpg,4,beach
beach/beach_438.jpg,4,beach
beach/beach_439.jpg,4,beach
beach/beach_440.jpg,4,beach
beach/beach_441.jpg,4,beach
beach/beach_444.jpg,4,beach
beach/beach_445.jpg,4,beach
beach/beach_446.jpg,4,beach
beach/beach_448.jpg,4,beach
beach/beach_449.jpg,4,beach
beach/beach_451.jpg,4,beach
beach/beach_452.jpg,4,beach
beach/beach_453.jpg,4,beach
beach/beach_455.jpg,4,beach
beach/beach_456.jpg,4,beach
beach/beach_458.jpg,4,beach
beach/beach_459.jpg,4,beach
beach/beach_461.jpg,4,beach
beach/beach_462.jpg,4,beach
beach/beach_463.jpg,4,beach
beach/beach_464.jpg,4,beach
beach/beach_466.jpg,4,beach
beach/beach_467.jpg,4,beach
beach/beach_469.jpg,4,beach
beach/beach_470.jpg,4,beach
beach/beach_471.jpg,4,beach
beach/beach_472.jpg,4,beach
beach/beach_473.jpg,4,beach
beach/beach_474.jpg,4,beach
beach/beach_475.jpg,4,beach
beach/beach_478.jpg,4,beach
beach/beach_479.jpg,4,beach
beach/beach_480.jpg,4,beach
beach/beach_481.jpg,4,beach
beach/beach_482.jpg,4,beach
beach/beach_484.jpg,4,beach
beach/beach_487.jpg,4,beach
beach/beach_488.jpg,4,beach
beach/beach_489.jpg,4,beach
beach/beach_490.jpg,4,beach
beach/beach_491.jpg,4,beach
beach/beach_492.jpg,4,beach
beach/beach_493.jpg,4,beach
beach/beach_494.jpg,4,beach
beach/beach_495.jpg,4,beach
beach/beach_496.jpg,4,beach
beach/beach_497.jpg,4,beach
beach/beach_498.jpg,4,beach
beach/beach_499.jpg,4,beach
beach/beach_500.jpg,4,beach
beach/beach_502.jpg,4,beach
beach/beach_503.jpg,4,beach
beach/beach_505.jpg,4,beach
beach/beach_509.jpg,4,beach
beach/beach_510.jpg,4,beach
beach/beach_511.jpg,4,beach
beach/beach_512.jpg,4,beach
beach/beach_513.jpg,4,beach
beach/beach_514.jpg,4,beach
beach/beach_515.jpg,4,beach
beach/beach_517.jpg,4,beach
beach/beach_518.jpg,4,beach
beach/beach_519.jpg,4,beach
beach/beach_521.jpg,4,beach
beach/beach_522.jpg,4,beach
beach/beach_523.jpg,4,beach
beach/beach_526.jpg,4,beach
beach/beach_527.jpg,4,beach
beach/beach_528.jpg,4,beach
beach/beach_529.jpg,4,beach
beach/beach_530.jpg,4,beach
beach/beach_531.jpg,4,beach
beach/beach_534.jpg,4,beach
beach/beach_535.jpg,4,beach
beach/beach_536.jpg,4,beach
beach/beach_538.jpg,4,beach
beach/beach_539.jpg,4,beach
beach/beach_540.jpg,4,beach
beach/beach_541.jpg,4,beach
beach/beach_543.jpg,4,beach
beach/beach_545.jpg,4,beach
beach/beach_547.jpg,4,beach
beach/beach_548.jpg,4,beach
beach/beach_549.jpg,4,beach
beach/beach_550.jpg,4,beach
beach/beach_552.jpg,4,beach
beach/beach_553.jpg,4,beach
beach/beach_555.jpg,4,beach
beach/beach_556.jpg,4,beach
beach/beach_557.jpg,4,beach
beach/beach_558.jpg,4,beach
beach/beach_560.jpg,4,beach
beach/beach_562.jpg,4,beach
beach/beach_563.jpg,4,beach
beach/beach_564.jpg,4,beach
beach/beach_566.jpg,4,beach
beach/beach_568.jpg,4,beach
beach/beach_569.jpg,4,beach
beach/beach_570.jpg,4,beach
beach/beach_573.jpg,4,beach
beach/beach_574.jpg,4,beach
beach/beach_576.jpg,4,beach
beach/beach_577.jpg,4,beach
beach/beach_578.jpg,4,beach
beach/beach_579.jpg,4,beach
beach/beach_580.jpg,4,beach
beach/beach_581.jpg,4,beach
beach/beach_582.jpg,4,beach
beach/beach_583.jpg,4,beach
beach/beach_585.jpg,4,beach
beach/beach_587.jpg,4,beach
beach/beach_590.jpg,4,beach
beach/beach_592.jpg,4,beach
beach/beach_593.jpg,4,beach
beach/beach_594.jpg,4,beach
beach/beach_595.jpg,4,beach
beach/beach_596.jpg,4,beach
beach/beach_598.jpg,4,beach
beach/beach_599.jpg,4,beach
beach/beach_600.jpg,4,beach
beach/beach_602.jpg,4,beach
beach/beach_603.jpg,4,beach
beach/beach_609.jpg,4,beach
beach/beach_610.jpg,4,beach
beach/beach_614.jpg,4,beach
beach/beach_615.jpg,4,beach
beach/beach_616.jpg,4,beach
beach/beach_617.jpg,4,beach
beach/beach_618.jpg,4,beach
beach/beach_620.jpg,4,beach
beach/beach_622.jpg,4,beach
beach/beach_623.jpg,4,beach
beach/beach_624.jpg,4,beach
beach/beach_627.jpg,4,beach
beach/beach_630.jpg,4,beach
beach/beach_631.jpg,4,beach
beach/beach_633.jpg,4,beach
beach/beach_635.jpg,4,beach
beach/beach_637.jpg,4,beach
beach/beach_638.jpg,4,beach
beach/beach_639.jpg,4,beach
beach/beach_640.jpg,4,beach
beach/beach_641.jpg,4,beach
beach/beach_642.jpg,4,beach
beach/beach_645.jpg,4,beach
beach/beach_646.jpg,4,beach
beach/beach_648.jpg,4,beach
beach/beach_649.jpg,4,beach
beach/beach_651.jpg,4,beach
beach/beach_652.jpg,4,beach
beach/beach_653.jpg,4,beach
beach/beach_654.jpg,4,beach
beach/beach_656.jpg,4,beach
beach/beach_659.jpg,4,beach
beach/beach_660.jpg,4,beach
beach/beach_662.jpg,4,beach
beach/beach_664.jpg,4,beach
beach/beach_665.jpg,4,beach
beach/beach_666.jpg,4,beach
beach/beach_667.jpg,4,beach
beach/beach_668.jpg,4,beach
beach/beach_671.jpg,4,beach
beach/beach_672.jpg,4,beach
beach/beach_673.jpg,4,beach
beach/beach_675.jpg,4,beach
beach/beach_676.jpg,4,beach
beach/beach_677.jpg,4,beach
beach/beach_678.jpg,4,beach
beach/beach_679.jpg,4,beach
beach/beach_680.jpg,4,beach
beach/beach_681.jpg,4,beach
beach/beach_682.jpg,4,beach
beach/beach_684.jpg,4,beach
beach/beach_685.jpg,4,beach
beach/beach_687.jpg,4,beach
beach/beach_689.jpg,4,beach
beach/beach_691.jpg,4,beach
beach/beach_692.jpg,4,beach
beach/beach_693.jpg,4,beach
beach/beach_694.jpg,4,beach
beach/beach_695.jpg,4,beach
beach/beach_696.jpg,4,beach
beach/beach_698.jpg,4,beach
beach/beach_699.jpg,4,beach
bridge/bridge_001.jpg,5,bridge
bridge/bridge_002.jpg,5,bridge
bridge/bridge_004.jpg,5,bridge
bridge/bridge_006.jpg,5,bridge
bridge/bridge_007.jpg,5,bridge
bridge/bridge_008.jpg,5,bridge
bridge/bridge_009.jpg,5,bridge
bridge/bridge_010.jpg,5,bridge
bridge/bridge_011.jpg,5,bridge
bridge/bridge_014.jpg,5,bridge
bridge/bridge_015.jpg,5,bridge
bridge/bridge_016.jpg,5,bridge
bridge/bridge_018.jpg,5,bridge
bridge/bridge_019.jpg,5,bridge
bridge/bridge_020.jpg,5,bridge
bridge/bridge_021.jpg,5,bridge
bridge/bridge_022.jpg,5,bridge
bridge/bridge_024.jpg,5,bridge
bridge/bridge_027.jpg,5,bridge
bridge/bridge_029.jpg,5,bridge
bridge/bridge_032.jpg,5,bridge
bridge/bridge_034.jpg,5,bridge
bridge/bridge_035.jpg,5,bridge
bridge/bridge_036.jpg,5,bridge
bridge/bridge_037.jpg,5,bridge
bridge/bridge_038.jpg,5,bridge
bridge/bridge_039.jpg,5,bridge
bridge/bridge_040.jpg,5,bridge
bridge/bridge_041.jpg,5,bridge
bridge/bridge_042.jpg,5,bridge
bridge/bridge_043.jpg,5,bridge
bridge/bridge_046.jpg,5,bridge
bridge/bridge_048.jpg,5,bridge
bridge/bridge_050.jpg,5,bridge
bridge/bridge_051.jpg,5,bridge
bridge/bridge_056.jpg,5,bridge
bridge/bridge_058.jpg,5,bridge
bridge/bridge_060.jpg,5,bridge
bridge/bridge_061.jpg,5,bridge
bridge/bridge_062.jpg,5,bridge
bridge/bridge_063.jpg,5,bridge
bridge/bridge_064.jpg,5,bridge
bridge/bridge_066.jpg,5,bridge
bridge/bridge_067.jpg,5,bridge
bridge/bridge_069.jpg,5,bridge
bridge/bridge_070.jpg,5,bridge
bridge/bridge_071.jpg,5,bridge
bridge/bridge_072.jpg,5,bridge
bridge/bridge_073.jpg,5,bridge
bridge/bridge_074.jpg,5,bridge
bridge/bridge_076.jpg,5,bridge
bridge/bridge_077.jpg,5,bridge
bridge/bridge_078.jpg,5,bridge
bridge/bridge_080.jpg,5,bridge
bridge/bridge_081.jpg,5,bridge
bridge/bridge_082.jpg,5,bridge
bridge/bridge_085.jpg,5,bridge
bridge/bridge_086.jpg,5,bridge
bridge/bridge_087.jpg,5,bridge
bridge/bridge_089.jpg,5,bridge
bridge/bridge_091.jpg,5,bridge
bridge/bridge_092.jpg,5,bridge
bridge/bridge_093.jpg,5,bridge
bridge/bridge_094.jpg,5,bridge
bridge/bridge_095.jpg,5,bridge
bridge/bridge_097.jpg,5,bridge
bridge/bridge_098.jpg,5,bridge
bridge/bridge_099.jpg,5,bridge
bridge/bridge_103.jpg,5,bridge
bridge/bridge_105.jpg,5,bridge
bridge/bridge_106.jpg,5,bridge
bridge/bridge_107.jpg,5,bridge
bridge/bridge_108.jpg,5,bridge
bridge/bridge_109.jpg,5,bridge
bridge/bridge_110.jpg,5,bridge
bridge/bridge_112.jpg,5,bridge
bridge/bridge_113.jpg,5,bridge
bridge/bridge_114.jpg,5,bridge
bridge/bridge_115.jpg,5,bridge
bridge/bridge_116.jpg,5,bridge
bridge/bridge_117.jpg,5,bridge
bridge/bridge_120.jpg,5,bridge
bridge/bridge_121.jpg,5,bridge
bridge/bridge_122.jpg,5,bridge
bridge/bridge_123.jpg,5,bridge
bridge/bridge_125.jpg,5,bridge
bridge/bridge_126.jpg,5,bridge
bridge/bridge_127.jpg,5,bridge
bridge/bridge_128.jpg,5,bridge
bridge/bridge_129.jpg,5,bridge
bridge/bridge_130.jpg,5,bridge
bridge/bridge_131.jpg,5,bridge
bridge/bridge_132.jpg,5,bridge
bridge/bridge_133.jpg,5,bridge
bridge/bridge_135.jpg,5,bridge
bridge/bridge_136.jpg,5,bridge
bridge/bridge_139.jpg,5,bridge
bridge/bridge_140.jpg,5,bridge
bridge/bridge_142.jpg,5,bridge
bridge/bridge_144.jpg,5,bridge
bridge/bridge_145.jpg,5,bridge
bridge/bridge_146.jpg,5,bridge
bridge/bridge_147.jpg,5,bridge
bridge/bridge_148.jpg,5,bridge
bridge/bridge_150.jpg,5,bridge
bridge/bridge_151.jpg,5,bridge
bridge/bridge_152.jpg,5,bridge
bridge/bridge_153.jpg,5,bridge
bridge/bridge_155.jpg,5,bridge
bridge/bridge_158.jpg,5,bridge
bridge/bridge_161.jpg,5,bridge
bridge/bridge_163.jpg,5,bridge
bridge/bridge_164.jpg,5,bridge
bridge/bridge_165.jpg,5,bridge
bridge/bridge_167.jpg,5,bridge
bridge/bridge_168.jpg,5,bridge
bridge/bridge_169.jpg,5,bridge
bridge/bridge_170.jpg,5,bridge
bridge/bridge_172.jpg,5,bridge
bridge/bridge_176.jpg,5,bridge
bridge/bridge_178.jpg,5,bridge
bridge/bridge_179.jpg,5,bridge
bridge/bridge_180.jpg,5,bridge
bridge/bridge_181.jpg,5,bridge
bridge/bridge_183.jpg,5,bridge
bridge/bridge_184.jpg,5,bridge
bridge/bridge_185.jpg,5,bridge
bridge/bridge_186.jpg,5,bridge
bridge/bridge_187.jpg,5,bridge
bridge/bridge_189.jpg,5,bridge
bridge/bridge_190.jpg,5,bridge
bridge/bridge_191.jpg,5,bridge
bridge/bridge_192.jpg,5,bridge
bridge/bridge_193.jpg,5,bridge
bridge/bridge_194.jpg,5,bridge
bridge/bridge_196.jpg,5,bridge
bridge/bridge_197.jpg,5,bridge
bridge/bridge_200.jpg,5,bridge
bridge/bridge_201.jpg,5,bridge
bridge/bridge_202.jpg,5,bridge
bridge/bridge_203.jpg,5,bridge
bridge/bridge_204.jpg,5,bridge
bridge/bridge_206.jpg,5,bridge
bridge/bridge_207.jpg,5,bridge
bridge/bridge_208.jpg,5,bridge
bridge/bridge_211.jpg,5,bridge
bridge/bridge_212.jpg,5,bridge
bridge/bridge_213.jpg,5,bridge
bridge/bridge_215.jpg,5,bridge
bridge/bridge_217.jpg,5,bridge
bridge/bridge_219.jpg,5,bridge
bridge/bridge_220.jpg,5,bridge
bridge/bridge_221.jpg,5,bridge
bridge/bridge_222.jpg,5,bridge
bridge/bridge_223.jpg,5,bridge
bridge/bridge_224.jpg,5,bridge
bridge/bridge_229.jpg,5,bridge
bridge/bridge_231.jpg,5,bridge
bridge/bridge_232.jpg,5,bridge
bridge/bridge_234.jpg,5,bridge
bridge/bridge_237.jpg,5,bridge
bridge/bridge_238.jpg,5,bridge
bridge/bridge_239.jpg,5,bridge
bridge/bridge_240.jpg,5,bridge
bridge/bridge_243.jpg,5,bridge
bridge/bridge_244.jpg,5,bridge
bridge/bridge_245.jpg,5,bridge
bridge/bridge_246.jpg,5,bridge
bridge/bridge_247.jpg,5,bridge
bridge/bridge_248.jpg,5,bridge
bridge/bridge_249.jpg,5,bridge
bridge/bridge_250.jpg,5,bridge
bridge/bridge_251.jpg,5,bridge
bridge/bridge_253.jpg,5,bridge
bridge/bridge_254.jpg,5,bridge
bridge/bridge_255.jpg,5,bridge
bridge/bridge_256.jpg,5,bridge
bridge/bridge_257.jpg,5,bridge
bridge/bridge_258.jpg,5,bridge
bridge/bridge_259.jpg,5,bridge
bridge/bridge_261.jpg,5,bridge
bridge/bridge_262.jpg,5,bridge
bridge/bridge_264.jpg,5,bridge
bridge/bridge_265.jpg,5,bridge
bridge/bridge_266.jpg,5,bridge
bridge/bridge_268.jpg,5,bridge
bridge/bridge_269.jpg,5,bridge
bridge/bridge_270.jpg,5,bridge
bridge/bridge_271.jpg,5,bridge
bridge/bridge_272.jpg,5,bridge
bridge/bridge_273.jpg,5,bridge
bridge/bridge_275.jpg,5,bridge
bridge/bridge_276.jpg,5,bridge
bridge/bridge_277.jpg,5,bridge
bridge/bridge_279.jpg,5,bridge
bridge/bridge_280.jpg,5,bridge
bridge/bridge_281.jpg,5,bridge
bridge/bridge_283.jpg,5,bridge
bridge/bridge_284.jpg,5,bridge
bridge/bridge_285.jpg,5,bridge
bridge/bridge_286.jpg,5,bridge
bridge/bridge_287.jpg,5,bridge
bridge/bridge_288.jpg,5,bridge
bridge/bridge_289.jpg,5,bridge
bridge/bridge_291.jpg,5,bridge
bridge/bridge_292.jpg,5,bridge
bridge/bridge_295.jpg,5,bridge
bridge/bridge_296.jpg,5,bridge
bridge/bridge_297.jpg,5,bridge
bridge/bridge_298.jpg,5,bridge
bridge/bridge_299.jpg,5,bridge
bridge/bridge_300.jpg,5,bridge
bridge/bridge_302.jpg,5,bridge
bridge/bridge_305.jpg,5,bridge
bridge/bridge_306.jpg,5,bridge
bridge/bridge_309.jpg,5,bridge
bridge/bridge_310.jpg,5,bridge
bridge/bridge_311.jpg,5,bridge
bridge/bridge_312.jpg,5,bridge
bridge/bridge_314.jpg,5,bridge
bridge/bridge_315.jpg,5,bridge
bridge/bridge_316.jpg,5,bridge
bridge/bridge_317.jpg,5,bridge
bridge/bridge_318.jpg,5,bridge
bridge/bridge_319.jpg,5,bridge
bridge/bridge_320.jpg,5,bridge
bridge/bridge_322.jpg,5,bridge
bridge/bridge_323.jpg,5,bridge
bridge/bridge_324.jpg,5,bridge
bridge/bridge_327.jpg,5,bridge
bridge/bridge_328.jpg,5,bridge
bridge/bridge_330.jpg,5,bridge
bridge/bridge_332.jpg,5,bridge
bridge/bridge_333.jpg,5,bridge
bridge/bridge_334.jpg,5,bridge
bridge/bridge_335.jpg,5,bridge
bridge/bridge_336.jpg,5,bridge
bridge/bridge_337.jpg,5,bridge
bridge/bridge_338.jpg,5,bridge
bridge/bridge_340.jpg,5,bridge
bridge/bridge_341.jpg,5,bridge
bridge/bridge_342.jpg,5,bridge
bridge/bridge_344.jpg,5,bridge
bridge/bridge_345.jpg,5,bridge
bridge/bridge_346.jpg,5,bridge
bridge/bridge_347.jpg,5,bridge
bridge/bridge_348.jpg,5,bridge
bridge/bridge_349.jpg,5,bridge
bridge/bridge_350.jpg,5,bridge
bridge/bridge_351.jpg,5,bridge
bridge/bridge_352.jpg,5,bridge
bridge/bridge_353.jpg,5,bridge
bridge/bridge_357.jpg,5,bridge
bridge/bridge_358.jpg,5,bridge
bridge/bridge_359.jpg,5,bridge
bridge/bridge_363.jpg,5,bridge
bridge/bridge_364.jpg,5,bridge
bridge/bridge_365.jpg,5,bridge
bridge/bridge_366.jpg,5,bridge
bridge/bridge_367.jpg,5,bridge
bridge/bridge_368.jpg,5,bridge
bridge/bridge_369.jpg,5,bridge
bridge/bridge_371.jpg,5,bridge
bridge/bridge_372.jpg,5,bridge
bridge/bridge_374.jpg,5,bridge
bridge/bridge_375.jpg,5,bridge
bridge/bridge_376.jpg,5,bridge
bridge/bridge_377.jpg,5,bridge
bridge/bridge_379.jpg,5,bridge
bridge/bridge_380.jpg,5,bridge
bridge/bridge_381.jpg,5,bridge
bridge/bridge_382.jpg,5,bridge
bridge/bridge_383.jpg,5,bridge
bridge/bridge_384.jpg,5,bridge
bridge/bridge_385.jpg,5,bridge
bridge/bridge_386.jpg,5,bridge
bridge/bridge_388.jpg,5,bridge
bridge/bridge_389.jpg,5,bridge
bridge/bridge_392.jpg,5,bridge
bridge/bridge_395.jpg,5,bridge
bridge/bridge_396.jpg,5,bridge
bridge/bridge_399.jpg,5,bridge
bridge/bridge_400.jpg,5,bridge
bridge/bridge_402.jpg,5,bridge
bridge/bridge_403.jpg,5,bridge
bridge/bridge_404.jpg,5,bridge
bridge/bridge_405.jpg,5,bridge
bridge/bridge_406.jpg,5,bridge
bridge/bridge_407.jpg,5,bridge
bridge/bridge_408.jpg,5,bridge
bridge/bridge_410.jpg,5,bridge
bridge/bridge_411.jpg,5,bridge
bridge/bridge_413.jpg,5,bridge
bridge/bridge_414.jpg,5,bridge
bridge/bridge_415.jpg,5,bridge
bridge/bridge_416.jpg,5,bridge
bridge/bridge_417.jpg,5,bridge
bridge/bridge_418.jpg,5,bridge
bridge/bridge_419.jpg,5,bridge
bridge/bridge_420.jpg,5,bridge
bridge/bridge_422.jpg,5,bridge
bridge/bridge_423.jpg,5,bridge
bridge/bridge_424.jpg,5,bridge
bridge/bridge_425.jpg,5,bridge
bridge/bridge_426.jpg,5,bridge
bridge/bridge_427.jpg,5,bridge
bridge/bridge_429.jpg,5,bridge
bridge/bridge_430.jpg,5,bridge
bridge/bridge_432.jpg,5,bridge
bridge/bridge_433.jpg,5,bridge
bridge/bridge_435.jpg,5,bridge
bridge/bridge_436.jpg,5,bridge
bridge/bridge_437.jpg,5,bridge
bridge/bridge_439.jpg,5,bridge
bridge/bridge_440.jpg,5,bridge
bridge/bridge_442.jpg,5,bridge
bridge/bridge_443.jpg,5,bridge
bridge/bridge_444.jpg,5,bridge
bridge/bridge_445.jpg,5,bridge
bridge/bridge_446.jpg,5,bridge
bridge/bridge_447.jpg,5,bridge
bridge/bridge_448.jpg,5,bridge
bridge/bridge_449.jpg,5,bridge
bridge/bridge_450.jpg,5,bridge
bridge/bridge_451.jpg,5,bridge
bridge/bridge_453.jpg,5,bridge
bridge/bridge_454.jpg,5,bridge
bridge/bridge_458.jpg,5,bridge
bridge/bridge_460.jpg,5,bridge
bridge/bridge_462.jpg,5,bridge
bridge/bridge_463.jpg,5,bridge
bridge/bridge_464.jpg,5,bridge
bridge/bridge_467.jpg,5,bridge
bridge/bridge_468.jpg,5,bridge
bridge/bridge_469.jpg,5,bridge
bridge/bridge_470.jpg,5,bridge
bridge/bridge_472.jpg,5,bridge
bridge/bridge_473.jpg,5,bridge
bridge/bridge_474.jpg,5,bridge
bridge/bridge_475.jpg,5,bridge
bridge/bridge_476.jpg,5,bridge
bridge/bridge_477.jpg,5,bridge
bridge/bridge_478.jpg,5,bridge
bridge/bridge_479.jpg,5,bridge
bridge/bridge_480.jpg,5,bridge
bridge/bridge_481.jpg,5,bridge
bridge/bridge_482.jpg,5,bridge
bridge/bridge_483.jpg,5,bridge
bridge/bridge_485.jpg,5,bridge
bridge/bridge_486.jpg,5,bridge
bridge/bridge_487.jpg,5,bridge
bridge/bridge_490.jpg,5,bridge
bridge/bridge_493.jpg,5,bridge
bridge/bridge_494.jpg,5,bridge
bridge/bridge_495.jpg,5,bridge
bridge/bridge_497.jpg,5,bridge
bridge/bridge_498.jpg,5,bridge
bridge/bridge_499.jpg,5,bridge
bridge/bridge_500.jpg,5,bridge
bridge/bridge_503.jpg,5,bridge
bridge/bridge_505.jpg,5,bridge
bridge/bridge_506.jpg,5,bridge
bridge/bridge_508.jpg,5,bridge
bridge/bridge_509.jpg,5,bridge
bridge/bridge_510.jpg,5,bridge
bridge/bridge_511.jpg,5,bridge
bridge/bridge_512.jpg,5,bridge
bridge/bridge_513.jpg,5,bridge
bridge/bridge_514.jpg,5,bridge
bridge/bridge_515.jpg,5,bridge
bridge/bridge_517.jpg,5,bridge
bridge/bridge_518.jpg,5,bridge
bridge/bridge_520.jpg,5,bridge
bridge/bridge_521.jpg,5,bridge
bridge/bridge_522.jpg,5,bridge
bridge/bridge_524.jpg,5,bridge
bridge/bridge_526.jpg,5,bridge
bridge/bridge_527.jpg,5,bridge
bridge/bridge_530.jpg,5,bridge
bridge/bridge_531.jpg,5,bridge
bridge/bridge_532.jpg,5,bridge
bridge/bridge_534.jpg,5,bridge
bridge/bridge_535.jpg,5,bridge
bridge/bridge_537.jpg,5,bridge
bridge/bridge_538.jpg,5,bridge
bridge/bridge_539.jpg,5,bridge
bridge/bridge_542.jpg,5,bridge
bridge/bridge_543.jpg,5,bridge
bridge/bridge_544.jpg,5,bridge
bridge/bridge_546.jpg,5,bridge
bridge/bridge_547.jpg,5,bridge
bridge/bridge_549.jpg,5,bridge
bridge/bridge_550.jpg,5,bridge
bridge/bridge_551.jpg,5,bridge
bridge/bridge_552.jpg,5,bridge
bridge/bridge_554.jpg,5,bridge
bridge/bridge_557.jpg,5,bridge
bridge/bridge_559.jpg,5,bridge
bridge/bridge_560.jpg,5,bridge
bridge/bridge_562.jpg,5,bridge
bridge/bridge_563.jpg,5,bridge
bridge/bridge_564.jpg,5,bridge
bridge/bridge_566.jpg,5,bridge
bridge/bridge_567.jpg,5,bridge
bridge/bridge_569.jpg,5,bridge
bridge/bridge_570.jpg,5,bridge
bridge/bridge_571.jpg,5,bridge
bridge/bridge_572.jpg,5,bridge
bridge/bridge_574.jpg,5,bridge
bridge/bridge_576.jpg,5,bridge
bridge/bridge_578.jpg,5,bridge
bridge/bridge_579.jpg,5,bridge
bridge/bridge_581.jpg,5,bridge
bridge/bridge_582.jpg,5,bridge
bridge/bridge_583.jpg,5,bridge
bridge/bridge_584.jpg,5,bridge
bridge/bridge_585.jpg,5,bridge
bridge/bridge_587.jpg,5,bridge
bridge/bridge_588.jpg,5,bridge
bridge/bridge_589.jpg,5,bridge
bridge/bridge_590.jpg,5,bridge
bridge/bridge_593.jpg,5,bridge
bridge/bridge_594.jpg,5,bridge
bridge/bridge_595.jpg,5,bridge
bridge/bridge_596.jpg,5,bridge
bridge/bridge_597.jpg,5,bridge
bridge/bridge_598.jpg,5,bridge
bridge/bridge_599.jpg,5,bridge
bridge/bridge_600.jpg,5,bridge
bridge/bridge_602.jpg,5,bridge
bridge/bridge_604.jpg,5,bridge
bridge/bridge_605.jpg,5,bridge
bridge/bridge_607.jpg,5,bridge
bridge/bridge_608.jpg,5,bridge
bridge/bridge_609.jpg,5,bridge
bridge/bridge_611.jpg,5,bridge
bridge/bridge_613.jpg,5,bridge
bridge/bridge_614.jpg,5,bridge
bridge/bridge_615.jpg,5,bridge
bridge/bridge_616.jpg,5,bridge
bridge/bridge_617.jpg,5,bridge
bridge/bridge_618.jpg,5,bridge
bridge/bridge_620.jpg,5,bridge
bridge/bridge_622.jpg,5,bridge
bridge/bridge_625.jpg,5,bridge
bridge/bridge_627.jpg,5,bridge
bridge/bridge_629.jpg,5,bridge
bridge/bridge_630.jpg,5,bridge
bridge/bridge_635.jpg,5,bridge
bridge/bridge_636.jpg,5,bridge
bridge/bridge_637.jpg,5,bridge
bridge/bridge_640.jpg,5,bridge
bridge/bridge_642.jpg,5,bridge
bridge/bridge_643.jpg,5,bridge
bridge/bridge_645.jpg,5,bridge
bridge/bridge_646.jpg,5,bridge
bridge/bridge_647.jpg,5,bridge
bridge/bridge_648.jpg,5,bridge
bridge/bridge_653.jpg,5,bridge
bridge/bridge_655.jpg,5,bridge
bridge/bridge_658.jpg,5,bridge
bridge/bridge_660.jpg,5,bridge
bridge/bridge_661.jpg,5,bridge
bridge/bridge_662.jpg,5,bridge
bridge/bridge_663.jpg,5,bridge
bridge/bridge_664.jpg,5,bridge
bridge/bridge_665.jpg,5,bridge
bridge/bridge_666.jpg,5,bridge
bridge/bridge_669.jpg,5,bridge
bridge/bridge_671.jpg,5,bridge
bridge/bridge_672.jpg,5,bridge
bridge/bridge_673.jpg,5,bridge
bridge/bridge_675.jpg,5,bridge
bridge/bridge_677.jpg,5,bridge
bridge/bridge_678.jpg,5,bridge
bridge/bridge_679.jpg,5,bridge
bridge/bridge_680.jpg,5,bridge
bridge/bridge_681.jpg,5,bridge
bridge/bridge_682.jpg,5,bridge
bridge/bridge_683.jpg,5,bridge
bridge/bridge_684.jpg,5,bridge
bridge/bridge_687.jpg,5,bridge
bridge/bridge_688.jpg,5,bridge
bridge/bridge_689.jpg,5,bridge
bridge/bridge_691.jpg,5,bridge
bridge/bridge_692.jpg,5,bridge
bridge/bridge_693.jpg,5,bridge
bridge/bridge_695.jpg,5,bridge
bridge/bridge_699.jpg,5,bridge
bridge/bridge_700.jpg,5,bridge
chaparral/chaparral_001.jpg,6,chaparral
chaparral/chaparral_002.jpg,6,chaparral
chaparral/chaparral_004.jpg,6,chaparral
chaparral/chaparral_005.jpg,6,chaparral
chaparral/chaparral_008.jpg,6,chaparral
chaparral/chaparral_009.jpg,6,chaparral
chaparral/chaparral_010.jpg,6,chaparral
chaparral/chaparral_012.jpg,6,chaparral
chaparral/chaparral_013.jpg,6,chaparral
chaparral/chaparral_014.jpg,6,chaparral
chaparral/chaparral_015.jpg,6,chaparral
chaparral/chaparral_016.jpg,6,chaparral
chaparral/chaparral_020.jpg,6,chaparral
chaparral/chaparral_022.jpg,6,chaparral
chaparral/chaparral_023.jpg,6,chaparral
chaparral/chaparral_024.jpg,6,chaparral
chaparral/chaparral_025.jpg,6,chaparral
chaparral/chaparral_026.jpg,6,chaparral
chaparral/chaparral_027.jpg,6,chaparral
chaparral/chaparral_028.jpg,6,chaparral
chaparral/chaparral_029.jpg,6,chaparral
chaparral/chaparral_030.jpg,6,chaparral
chaparral/chaparral_031.jpg,6,chaparral
chaparral/chaparral_032.jpg,6,chaparral
chaparral/chaparral_033.jpg,6,chaparral
chaparral/chaparral_034.jpg,6,chaparral
chaparral/chaparral_035.jpg,6,chaparral
chaparral/chaparral_036.jpg,6,chaparral
chaparral/chaparral_037.jpg,6,chaparral
chaparral/chaparral_040.jpg,6,chaparral
chaparral/chaparral_042.jpg,6,chaparral
chaparral/chaparral_044.jpg,6,chaparral
chaparral/chaparral_046.jpg,6,chaparral
chaparral/chaparral_048.jpg,6,chaparral
chaparral/chaparral_049.jpg,6,chaparral
chaparral/chaparral_050.jpg,6,chaparral
chaparral/chaparral_051.jpg,6,chaparral
chaparral/chaparral_053.jpg,6,chaparral
chaparral/chaparral_055.jpg,6,chaparral
chaparral/chaparral_056.jpg,6,chaparral
chaparral/chaparral_057.jpg,6,chaparral
chaparral/chaparral_058.jpg,6,chaparral
chaparral/chaparral_059.jpg,6,chaparral
chaparral/chaparral_060.jpg,6,chaparral
chaparral/chaparral_064.jpg,6,chaparral
chaparral/chaparral_065.jpg,6,chaparral
chaparral/chaparral_066.jpg,6,chaparral
chaparral/chaparral_067.jpg,6,chaparral
chaparral/chaparral_068.jpg,6,chaparral
chaparral/chaparral_070.jpg,6,chaparral
chaparral/chaparral_072.jpg,6,chaparral
chaparral/chaparral_074.jpg,6,chaparral
chaparral/chaparral_075.jpg,6,chaparral
chaparral/chaparral_077.jpg,6,chaparral
chaparral/chaparral_078.jpg,6,chaparral
chaparral/chaparral_079.jpg,6,chaparral
chaparral/chaparral_080.jpg,6,chaparral
chaparral/chaparral_081.jpg,6,chaparral
chaparral/chaparral_082.jpg,6,chaparral
chaparral/chaparral_083.jpg,6,chaparral
chaparral/chaparral_084.jpg,6,chaparral
chaparral/chaparral_085.jpg,6,chaparral
chaparral/chaparral_086.jpg,6,chaparral
chaparral/chaparral_089.jpg,6,chaparral
chaparral/chaparral_090.jpg,6,chaparral
chaparral/chaparral_091.jpg,6,chaparral
chaparral/chaparral_094.jpg,6,chaparral
chaparral/chaparral_095.jpg,6,chaparral
chaparral/chaparral_096.jpg,6,chaparral
chaparral/chaparral_098.jpg,6,chaparral
chaparral/chaparral_099.jpg,6,chaparral
chaparral/chaparral_100.jpg,6,chaparral
chaparral/chaparral_101.jpg,6,chaparral
chaparral/chaparral_102.jpg,6,chaparral
chaparral/chaparral_104.jpg,6,chaparral
chaparral/chaparral_105.jpg,6,chaparral
chaparral/chaparral_106.jpg,6,chaparral
chaparral/chaparral_107.jpg,6,chaparral
chaparral/chaparral_108.jpg,6,chaparral
chaparral/chaparral_110.jpg,6,chaparral
chaparral/chaparral_112.jpg,6,chaparral
chaparral/chaparral_113.jpg,6,chaparral
chaparral/chaparral_114.jpg,6,chaparral
chaparral/chaparral_116.jpg,6,chaparral
chaparral/chaparral_117.jpg,6,chaparral
chaparral/chaparral_119.jpg,6,chaparral
chaparral/chaparral_120.jpg,6,chaparral
chaparral/chaparral_122.jpg,6,chaparral
chaparral/chaparral_124.jpg,6,chaparral
chaparral/chaparral_125.jpg,6,chaparral
chaparral/chaparral_126.jpg,6,chaparral
chaparral/chaparral_130.jpg,6,chaparral
chaparral/chaparral_131.jpg,6,chaparral
chaparral/chaparral_132.jpg,6,chaparral
chaparral/chaparral_133.jpg,6,chaparral
chaparral/chaparral_134.jpg,6,chaparral
chaparral/chaparral_136.jpg,6,chaparral
chaparral/chaparral_138.jpg,6,chaparral
chaparral/chaparral_142.jpg,6,chaparral
chaparral/chaparral_143.jpg,6,chaparral
chaparral/chaparral_144.jpg,6,chaparral
chaparral/chaparral_145.jpg,6,chaparral
chaparral/chaparral_146.jpg,6,chaparral
chaparral/chaparral_148.jpg,6,chaparral
chaparral/chaparral_149.jpg,6,chaparral
chaparral/chaparral_150.jpg,6,chaparral
chaparral/chaparral_152.jpg,6,chaparral
chaparral/chaparral_154.jpg,6,chaparral
chaparral/chaparral_155.jpg,6,chaparral
chaparral/chaparral_156.jpg,6,chaparral
chaparral/chaparral_157.jpg,6,chaparral
chaparral/chaparral_158.jpg,6,chaparral
chaparral/chaparral_159.jpg,6,chaparral
chaparral/chaparral_160.jpg,6,chaparral
chaparral/chaparral_162.jpg,6,chaparral
chaparral/chaparral_163.jpg,6,chaparral
chaparral/chaparral_165.jpg,6,chaparral
chaparral/chaparral_167.jpg,6,chaparral
chaparral/chaparral_168.jpg,6,chaparral
chaparral/chaparral_169.jpg,6,chaparral
chaparral/chaparral_172.jpg,6,chaparral
chaparral/chaparral_173.jpg,6,chaparral
chaparral/chaparral_174.jpg,6,chaparral
chaparral/chaparral_178.jpg,6,chaparral
chaparral/chaparral_179.jpg,6,chaparral
chaparral/chaparral_180.jpg,6,chaparral
chaparral/chaparral_181.jpg,6,chaparral
chaparral/chaparral_182.jpg,6,chaparral
chaparral/chaparral_183.jpg,6,chaparral
chaparral/chaparral_184.jpg,6,chaparral
chaparral/chaparral_186.jpg,6,chaparral
chaparral/chaparral_189.jpg,6,chaparral
chaparral/chaparral_190.jpg,6,chaparral
chaparral/chaparral_191.jpg,6,chaparral
chaparral/chaparral_192.jpg,6,chaparral
chaparral/chaparral_194.jpg,6,chaparral
chaparral/chaparral_197.jpg,6,chaparral
chaparral/chaparral_198.jpg,6,chaparral
chaparral/chaparral_199.jpg,6,chaparral
chaparral/chaparral_200.jpg,6,chaparral
chaparral/chaparral_201.jpg,6,chaparral
chaparral/chaparral_202.jpg,6,chaparral
chaparral/chaparral_204.jpg,6,chaparral
chaparral/chaparral_208.jpg,6,chaparral
chaparral/chaparral_209.jpg,6,chaparral
chaparral/chaparral_210.jpg,6,chaparral
chaparral/chaparral_211.jpg,6,chaparral
chaparral/chaparral_215.jpg,6,chaparral
chaparral/chaparral_216.jpg,6,chaparral
chaparral/chaparral_217.jpg,6,chaparral
chaparral/chaparral_218.jpg,6,chaparral
chaparral/chaparral_219.jpg,6,chaparral
chaparral/chaparral_220.jpg,6,chaparral
chaparral/chaparral_221.jpg,6,chaparral
chaparral/chaparral_222.jpg,6,chaparral
chaparral/chaparral_223.jpg,6,chaparral
chaparral/chaparral_224.jpg,6,chaparral
chaparral/chaparral_225.jpg,6,chaparral
chaparral/chaparral_226.jpg,6,chaparral
chaparral/chaparral_227.jpg,6,chaparral
chaparral/chaparral_228.jpg,6,chaparral
chaparral/chaparral_229.jpg,6,chaparral
chaparral/chaparral_230.jpg,6,chaparral
chaparral/chaparral_231.jpg,6,chaparral
chaparral/chaparral_232.jpg,6,chaparral
chaparral/chaparral_233.jpg,6,chaparral
chaparral/chaparral_236.jpg,6,chaparral
chaparral/chaparral_237.jpg,6,chaparral
chaparral/chaparral_238.jpg,6,chaparral
chaparral/chaparral_240.jpg,6,chaparral
chaparral/chaparral_243.jpg,6,chaparral
chaparral/chaparral_244.jpg,6,chaparral
chaparral/chaparral_246.jpg,6,chaparral
chaparral/chaparral_249.jpg,6,chaparral
chaparral/chaparral_250.jpg,6,chaparral
chaparral/chaparral_251.jpg,6,chaparral
chaparral/chaparral_253.jpg,6,chaparral
chaparral/chaparral_254.jpg,6,chaparral
chaparral/chaparral_255.jpg,6,chaparral
chaparral/chaparral_257.jpg,6,chaparral
chaparral/chaparral_258.jpg,6,chaparral
chaparral/chaparral_259.jpg,6,chaparral
chaparral/chaparral_260.jpg,6,chaparral
chaparral/chaparral_263.jpg,6,chaparral
chaparral/chaparral_264.jpg,6,chaparral
chaparral/chaparral_265.jpg,6,chaparral
chaparral/chaparral_266.jpg,6,chaparral
chaparral/chaparral_267.jpg,6,chaparral
chaparral/chaparral_268.jpg,6,chaparral
chaparral/chaparral_270.jpg,6,chaparral
chaparral/chaparral_272.jpg,6,chaparral
chaparral/chaparral_273.jpg,6,chaparral
chaparral/chaparral_274.jpg,6,chaparral
chaparral/chaparral_276.jpg,6,chaparral
chaparral/chaparral_278.jpg,6,chaparral
chaparral/chaparral_279.jpg,6,chaparral
chaparral/chaparral_280.jpg,6,chaparral
chaparral/chaparral_281.jpg,6,chaparral
chaparral/chaparral_284.jpg,6,chaparral
chaparral/chaparral_286.jpg,6,chaparral
chaparral/chaparral_287.jpg,6,chaparral
chaparral/chaparral_288.jpg,6,chaparral
chaparral/chaparral_290.jpg,6,chaparral
chaparral/chaparral_291.jpg,6,chaparral
chaparral/chaparral_292.jpg,6,chaparral
chaparral/chaparral_293.jpg,6,chaparral
chaparral/chaparral_294.jpg,6,chaparral
chaparral/chaparral_297.jpg,6,chaparral
chaparral/chaparral_298.jpg,6,chaparral
chaparral/chaparral_300.jpg,6,chaparral
chaparral/chaparral_301.jpg,6,chaparral
chaparral/chaparral_302.jpg,6,chaparral
chaparral/chaparral_306.jpg,6,chaparral
chaparral/chaparral_307.jpg,6,chaparral
chaparral/chaparral_308.jpg,6,chaparral
chaparral/chaparral_310.jpg,6,chaparral
chaparral/chaparral_313.jpg,6,chaparral
chaparral/chaparral_315.jpg,6,chaparral
chaparral/chaparral_316.jpg,6,chaparral
chaparral/chaparral_318.jpg,6,chaparral
chaparral/chaparral_320.jpg,6,chaparral
chaparral/chaparral_321.jpg,6,chaparral
chaparral/chaparral_322.jpg,6,chaparral
chaparral/chaparral_323.jpg,6,chaparral
chaparral/chaparral_324.jpg,6,chaparral
chaparral/chaparral_326.jpg,6,chaparral
chaparral/chaparral_327.jpg,6,chaparral
chaparral/chaparral_328.jpg,6,chaparral
chaparral/chaparral_329.jpg,6,chaparral
chaparral/chaparral_332.jpg,6,chaparral
chaparral/chaparral_333.jpg,6,chaparral
chaparral/chaparral_334.jpg,6,chaparral
chaparral/chaparral_336.jpg,6,chaparral
chaparral/chaparral_337.jpg,6,chaparral
chaparral/chaparral_339.jpg,6,chaparral
chaparral/chaparral_340.jpg,6,chaparral
chaparral/chaparral_342.jpg,6,chaparral
chaparral/chaparral_343.jpg,6,chaparral
chaparral/chaparral_345.jpg,6,chaparral
chaparral/chaparral_346.jpg,6,chaparral
chaparral/chaparral_347.jpg,6,chaparral
chaparral/chaparral_348.jpg,6,chaparral
chaparral/chaparral_349.jpg,6,chaparral
chaparral/chaparral_350.jpg,6,chaparral
chaparral/chaparral_351.jpg,6,chaparral
chaparral/chaparral_352.jpg,6,chaparral
chaparral/chaparral_353.jpg,6,chaparral
chaparral/chaparral_355.jpg,6,chaparral
chaparral/chaparral_356.jpg,6,chaparral
chaparral/chaparral_357.jpg,6,chaparral
chaparral/chaparral_358.jpg,6,chaparral
chaparral/chaparral_359.jpg,6,chaparral
chaparral/chaparral_360.jpg,6,chaparral
chaparral/chaparral_361.jpg,6,chaparral
chaparral/chaparral_364.jpg,6,chaparral
chaparral/chaparral_365.jpg,6,chaparral
chaparral/chaparral_368.jpg,6,chaparral
chaparral/chaparral_371.jpg,6,chaparral
chaparral/chaparral_373.jpg,6,chaparral
chaparral/chaparral_374.jpg,6,chaparral
chaparral/chaparral_375.jpg,6,chaparral
chaparral/chaparral_376.jpg,6,chaparral
chaparral/chaparral_378.jpg,6,chaparral
chaparral/chaparral_380.jpg,6,chaparral
chaparral/chaparral_381.jpg,6,chaparral
chaparral/chaparral_383.jpg,6,chaparral
chaparral/chaparral_384.jpg,6,chaparral
chaparral/chaparral_386.jpg,6,chaparral
chaparral/chaparral_388.jpg,6,chaparral
chaparral/chaparral_391.jpg,6,chaparral
chaparral/chaparral_392.jpg,6,chaparral
chaparral/chaparral_393.jpg,6,chaparral
chaparral/chaparral_394.jpg,6,chaparral
chaparral/chaparral_395.jpg,6,chaparral
chaparral/chaparral_396.jpg,6,chaparral
chaparral/chaparral_397.jpg,6,chaparral
chaparral/chaparral_398.jpg,6,chaparral
chaparral/chaparral_399.jpg,6,chaparral
chaparral/chaparral_400.jpg,6,chaparral
chaparral/chaparral_402.jpg,6,chaparral
chaparral/chaparral_403.jpg,6,chaparral
chaparral/chaparral_404.jpg,6,chaparral
chaparral/chaparral_405.jpg,6,chaparral
chaparral/chaparral_406.jpg,6,chaparral
chaparral/chaparral_407.jpg,6,chaparral
chaparral/chaparral_408.jpg,6,chaparral
chaparral/chaparral_410.jpg,6,chaparral
chaparral/chaparral_411.jpg,6,chaparral
chaparral/chaparral_415.jpg,6,chaparral
chaparral/chaparral_417.jpg,6,chaparral
chaparral/chaparral_418.jpg,6,chaparral
chaparral/chaparral_421.jpg,6,chaparral
chaparral/chaparral_422.jpg,6,chaparral
chaparral/chaparral_423.jpg,6,chaparral
chaparral/chaparral_424.jpg,6,chaparral
chaparral/chaparral_427.jpg,6,chaparral
chaparral/chaparral_428.jpg,6,chaparral
chaparral/chaparral_429.jpg,6,chaparral
chaparral/chaparral_430.jpg,6,chaparral
chaparral/chaparral_431.jpg,6,chaparral
chaparral/chaparral_432.jpg,6,chaparral
chaparral/chaparral_434.jpg,6,chaparral
chaparral/chaparral_435.jpg,6,chaparral
chaparral/chaparral_437.jpg,6,chaparral
chaparral/chaparral_438.jpg,6,chaparral
chaparral/chaparral_439.jpg,6,chaparral
chaparral/chaparral_440.jpg,6,chaparral
chaparral/chaparral_441.jpg,6,chaparral
chaparral/chaparral_442.jpg,6,chaparral
chaparral/chaparral_446.jpg,6,chaparral
chaparral/chaparral_447.jpg,6,chaparral
chaparral/chaparral_448.jpg,6,chaparral
chaparral/chaparral_452.jpg,6,chaparral
chaparral/chaparral_453.jpg,6,chaparral
chaparral/chaparral_454.jpg,6,chaparral
chaparral/chaparral_456.jpg,6,chaparral
chaparral/chaparral_458.jpg,6,chaparral
chaparral/chaparral_459.jpg,6,chaparral
chaparral/chaparral_460.jpg,6,chaparral
chaparral/chaparral_461.jpg,6,chaparral
chaparral/chaparral_462.jpg,6,chaparral
chaparral/chaparral_463.jpg,6,chaparral
chaparral/chaparral_464.jpg,6,chaparral
chaparral/chaparral_466.jpg,6,chaparral
chaparral/chaparral_467.jpg,6,chaparral
chaparral/chaparral_468.jpg,6,chaparral
chaparral/chaparral_469.jpg,6,chaparral
chaparral/chaparral_470.jpg,6,chaparral
chaparral/chaparral_472.jpg,6,chaparral
chaparral/chaparral_473.jpg,6,chaparral
chaparral/chaparral_474.jpg,6,chaparral
chaparral/chaparral_475.jpg,6,chaparral
chaparral/chaparral_476.jpg,6,chaparral
chaparral/chaparral_477.jpg,6,chaparral
chaparral/chaparral_478.jpg,6,chaparral
chaparral/chaparral_479.jpg,6,chaparral
chaparral/chaparral_482.jpg,6,chaparral
chaparral/chaparral_483.jpg,6,chaparral
chaparral/chaparral_484.jpg,6,chaparral
chaparral/chaparral_486.jpg,6,chaparral
chaparral/chaparral_487.jpg,6,chaparral
chaparral/chaparral_488.jpg,6,chaparral
chaparral/chaparral_489.jpg,6,chaparral
chaparral/chaparral_491.jpg,6,chaparral
chaparral/chaparral_492.jpg,6,chaparral
chaparral/chaparral_496.jpg,6,chaparral
chaparral/chaparral_497.jpg,6,chaparral
chaparral/chaparral_498.jpg,6,chaparral
chaparral/chaparral_500.jpg,6,chaparral
chaparral/chaparral_501.jpg,6,chaparral
chaparral/chaparral_505.jpg,6,chaparral
chaparral/chaparral_506.jpg,6,chaparral
chaparral/chaparral_510.jpg,6,chaparral
chaparral/chaparral_511.jpg,6,chaparral
chaparral/chaparral_513.jpg,6,chaparral
chaparral/chaparral_514.jpg,6,chaparral
chaparral/chaparral_515.jpg,6,chaparral
chaparral/chaparral_516.jpg,6,chaparral
chaparral/chaparral_517.jpg,6,chaparral
chaparral/chaparral_518.jpg,6,chaparral
chaparral/chaparral_519.jpg,6,chaparral
chaparral/chaparral_520.jpg,6,chaparral
chaparral/chaparral_521.jpg,6,chaparral
chaparral/chaparral_522.jpg,6,chaparral
chaparral/chaparral_523.jpg,6,chaparral
chaparral/chaparral_524.jpg,6,chaparral
chaparral/chaparral_525.jpg,6,chaparral
chaparral/chaparral_526.jpg,6,chaparral
chaparral/chaparral_527.jpg,6,chaparral
chaparral/chaparral_531.jpg,6,chaparral
chaparral/chaparral_532.jpg,6,chaparral
chaparral/chaparral_533.jpg,6,chaparral
chaparral/chaparral_534.jpg,6,chaparral
chaparral/chaparral_536.jpg,6,chaparral
chaparral/chaparral_537.jpg,6,chaparral
chaparral/chaparral_538.jpg,6,chaparral
chaparral/chaparral_539.jpg,6,chaparral
chaparral/chaparral_541.jpg,6,chaparral
chaparral/chaparral_542.jpg,6,chaparral
chaparral/chaparral_543.jpg,6,chaparral
chaparral/chaparral_545.jpg,6,chaparral
chaparral/chaparral_546.jpg,6,chaparral
chaparral/chaparral_551.jpg,6,chaparral
chaparral/chaparral_553.jpg,6,chaparral
chaparral/chaparral_554.jpg,6,chaparral
chaparral/chaparral_555.jpg,6,chaparral
chaparral/chaparral_556.jpg,6,chaparral
chaparral/chaparral_558.jpg,6,chaparral
chaparral/chaparral_559.jpg,6,chaparral
chaparral/chaparral_561.jpg,6,chaparral
chaparral/chaparral_562.jpg,6,chaparral
chaparral/chaparral_563.jpg,6,chaparral
chaparral/chaparral_564.jpg,6,chaparral
chaparral/chaparral_565.jpg,6,chaparral
chaparral/chaparral_566.jpg,6,chaparral
chaparral/chaparral_569.jpg,6,chaparral
chaparral/chaparral_571.jpg,6,chaparral
chaparral/chaparral_574.jpg,6,chaparral
chaparral/chaparral_576.jpg,6,chaparral
chaparral/chaparral_577.jpg,6,chaparral
chaparral/chaparral_579.jpg,6,chaparral
chaparral/chaparral_580.jpg,6,chaparral
chaparral/chaparral_582.jpg,6,chaparral
chaparral/chaparral_583.jpg,6,chaparral
chaparral/chaparral_584.jpg,6,chaparral
chaparral/chaparral_585.jpg,6,chaparral
chaparral/chaparral_586.jpg,6,chaparral
chaparral/chaparral_587.jpg,6,chaparral
chaparral/chaparral_588.jpg,6,chaparral
chaparral/chaparral_590.jpg,6,chaparral
chaparral/chaparral_591.jpg,6,chaparral
chaparral/chaparral_592.jpg,6,chaparral
chaparral/chaparral_593.jpg,6,chaparral
chaparral/chaparral_594.jpg,6,chaparral
chaparral/chaparral_597.jpg,6,chaparral
chaparral/chaparral_598.jpg,6,chaparral
chaparral/chaparral_599.jpg,6,chaparral
chaparral/chaparral_600.jpg,6,chaparral
chaparral/chaparral_601.jpg,6,chaparral
chaparral/chaparral_602.jpg,6,chaparral
chaparral/chaparral_604.jpg,6,chaparral
chaparral/chaparral_608.jpg,6,chaparral
chaparral/chaparral_609.jpg,6,chaparral
chaparral/chaparral_610.jpg,6,chaparral
chaparral/chaparral_611.jpg,6,chaparral
chaparral/chaparral_612.jpg,6,chaparral
chaparral/chaparral_613.jpg,6,chaparral
chaparral/chaparral_615.jpg,6,chaparral
chaparral/chaparral_616.jpg,6,chaparral
chaparral/chaparral_617.jpg,6,chaparral
chaparral/chaparral_618.jpg,6,chaparral
chaparral/chaparral_620.jpg,6,chaparral
chaparral/chaparral_621.jpg,6,chaparral
chaparral/chaparral_622.jpg,6,chaparral
chaparral/chaparral_623.jpg,6,chaparral
chaparral/chaparral_624.jpg,6,chaparral
chaparral/chaparral_625.jpg,6,chaparral
chaparral/chaparral_626.jpg,6,chaparral
chaparral/chaparral_627.jpg,6,chaparral
chaparral/chaparral_629.jpg,6,chaparral
chaparral/chaparral_630.jpg,6,chaparral
chaparral/chaparral_631.jpg,6,chaparral
chaparral/chaparral_632.jpg,6,chaparral
chaparral/chaparral_634.jpg,6,chaparral
chaparral/chaparral_637.jpg,6,chaparral
chaparral/chaparral_640.jpg,6,chaparral
chaparral/chaparral_641.jpg,6,chaparral
chaparral/chaparral_642.jpg,6,chaparral
chaparral/chaparral_643.jpg,6,chaparral
chaparral/chaparral_645.jpg,6,chaparral
chaparral/chaparral_647.jpg,6,chaparral
chaparral/chaparral_648.jpg,6,chaparral
chaparral/chaparral_649.jpg,6,chaparral
chaparral/chaparral_651.jpg,6,chaparral
chaparral/chaparral_652.jpg,6,chaparral
chaparral/chaparral_653.jpg,6,chaparral
chaparral/chaparral_654.jpg,6,chaparral
chaparral/chaparral_655.jpg,6,chaparral
chaparral/chaparral_656.jpg,6,chaparral
chaparral/chaparral_658.jpg,6,chaparral
chaparral/chaparral_659.jpg,6,chaparral
chaparral/chaparral_660.jpg,6,chaparral
chaparral/chaparral_663.jpg,6,chaparral
chaparral/chaparral_664.jpg,6,chaparral
chaparral/chaparral_665.jpg,6,chaparral
chaparral/chaparral_667.jpg,6,chaparral
chaparral/chaparral_669.jpg,6,chaparral
chaparral/chaparral_670.jpg,6,chaparral
chaparral/chaparral_671.jpg,6,chaparral
chaparral/chaparral_672.jpg,6,chaparral
chaparral/chaparral_673.jpg,6,chaparral
chaparral/chaparral_676.jpg,6,chaparral
chaparral/chaparral_677.jpg,6,chaparral
chaparral/chaparral_678.jpg,6,chaparral
chaparral/chaparral_679.jpg,6,chaparral
chaparral/chaparral_680.jpg,6,chaparral
chaparral/chaparral_681.jpg,6,chaparral
chaparral/chaparral_682.jpg,6,chaparral
chaparral/chaparral_684.jpg,6,chaparral
chaparral/chaparral_685.jpg,6,chaparral
chaparral/chaparral_686.jpg,6,chaparral
chaparral/chaparral_687.jpg,6,chaparral
chaparral/chaparral_688.jpg,6,chaparral
chaparral/chaparral_689.jpg,6,chaparral
chaparral/chaparral_693.jpg,6,chaparral
chaparral/chaparral_695.jpg,6,chaparral
chaparral/chaparral_696.jpg,6,chaparral
chaparral/chaparral_698.jpg,6,chaparral
chaparral/chaparral_699.jpg,6,chaparral
chaparral/chaparral_700.jpg,6,chaparral
church/church_003.jpg,7,church
church/church_004.jpg,7,church
church/church_007.jpg,7,church
church/church_008.jpg,7,church
church/church_009.jpg,7,church
church/church_011.jpg,7,church
church/church_012.jpg,7,church
church/church_014.jpg,7,church
church/church_015.jpg,7,church
church/church_016.jpg,7,church
church/church_017.jpg,7,church
church/church_018.jpg,7,church
church/church_019.jpg,7,church
church/church_020.jpg,7,church
church/church_021.jpg,7,church
church/church_022.jpg,7,church
church/church_023.jpg,7,church
church/church_024.jpg,7,church
church/church_026.jpg,7,church
church/church_027.jpg,7,church
church/church_029.jpg,7,church
church/church_030.jpg,7,church
church/church_031.jpg,7,church
church/church_032.jpg,7,church
church/church_033.jpg,7,church
church/church_034.jpg,7,church
church/church_035.jpg,7,church
church/church_036.jpg,7,church
church/church_038.jpg,7,church
church/church_039.jpg,7,church
church/church_040.jpg,7,church
church/church_041.jpg,7,church
church/church_043.jpg,7,church
church/church_045.jpg,7,church
church/church_046.jpg,7,church
church/church_047.jpg,7,church
church/church_048.jpg,7,church
church/church_049.jpg,7,church
church/church_050.jpg,7,church
church/church_051.jpg,7,church
church/church_052.jpg,7,church
church/church_053.jpg,7,church
church/church_054.jpg,7,church
church/church_055.jpg,7,church
church/church_057.jpg,7,church
church/church_059.jpg,7,church
church/church_060.jpg,7,church
church/church_062.jpg,7,church
church/church_064.jpg,7,church
church/church_065.jpg,7,church
church/church_066.jpg,7,church
church/church_067.jpg,7,church
church/church_068.jpg,7,church
church/church_069.jpg,7,church
church/church_071.jpg,7,church
church/church_074.jpg,7,church
church/church_075.jpg,7,church
church/church_077.jpg,7,church
church/church_078.jpg,7,church
church/church_079.jpg,7,church
church/church_080.jpg,7,church
church/church_081.jpg,7,church
church/church_082.jpg,7,church
church/church_084.jpg,7,church
church/church_085.jpg,7,church
church/church_086.jpg,7,church
church/church_088.jpg,7,church
church/church_089.jpg,7,church
church/church_090.jpg,7,church
church/church_092.jpg,7,church
church/church_093.jpg,7,church
church/church_095.jpg,7,church
church/church_096.jpg,7,church
church/church_097.jpg,7,church
church/church_099.jpg,7,church
church/church_100.jpg,7,church
church/church_101.jpg,7,church
church/church_102.jpg,7,church
church/church_103.jpg,7,church
church/church_106.jpg,7,church
church/church_108.jpg,7,church
church/church_110.jpg,7,church
church/church_114.jpg,7,church
church/church_116.jpg,7,church
church/church_117.jpg,7,church
church/church_118.jpg,7,church
church/church_120.jpg,7,church
church/church_121.jpg,7,church
church/church_122.jpg,7,church
church/church_123.jpg,7,church
church/church_124.jpg,7,church
church/church_125.jpg,7,church
church/church_126.jpg,7,church
church/church_128.jpg,7,church
church/church_130.jpg,7,church
church/church_131.jpg,7,church
church/church_133.jpg,7,church
church/church_134.jpg,7,church
church/church_135.jpg,7,church
church/church_136.jpg,7,church
church/church_141.jpg,7,church
church/church_142.jpg,7,church
church/church_144.jpg,7,church
church/church_145.jpg,7,church
church/church_146.jpg,7,church
church/church_148.jpg,7,church
church/church_150.jpg,7,church
church/church_151.jpg,7,church
church/church_153.jpg,7,church
church/church_154.jpg,7,church
church/church_155.jpg,7,church
church/church_157.jpg,7,church
church/church_158.jpg,7,church
church/church_159.jpg,7,church
church/church_160.jpg,7,church
church/church_161.jpg,7,church
church/church_164.jpg,7,church
church/church_165.jpg,7,church
church/church_166.jpg,7,church
church/church_167.jpg,7,church
church/church_168.jpg,7,church
church/church_169.jpg,7,church
church/church_170.jpg,7,church
church/church_172.jpg,7,church
church/church_173.jpg,7,church
church/church_174.jpg,7,church
church/church_175.jpg,7,church
church/church_176.jpg,7,church
church/church_178.jpg,7,church
church/church_179.jpg,7,church
church/church_182.jpg,7,church
church/church_185.jpg,7,church
church/church_187.jpg,7,church
church/church_188.jpg,7,church
church/church_189.jpg,7,church
church/church_191.jpg,7,church
church/church_193.jpg,7,church
church/church_194.jpg,7,church
church/church_196.jpg,7,church
church/church_198.jpg,7,church
church/church_199.jpg,7,church
church/church_202.jpg,7,church
church/church_204.jpg,7,church
church/church_205.jpg,7,church
church/church_206.jpg,7,church
church/church_207.jpg,7,church
church/church_208.jpg,7,church
church/church_209.jpg,7,church
church/church_212.jpg,7,church
church/church_213.jpg,7,church
church/church_214.jpg,7,church
church/church_215.jpg,7,church
church/church_216.jpg,7,church
church/church_217.jpg,7,church
church/church_219.jpg,7,church
church/church_220.jpg,7,church
church/church_221.jpg,7,church
church/church_222.jpg,7,church
church/church_223.jpg,7,church
church/church_224.jpg,7,church
church/church_225.jpg,7,church
church/church_226.jpg,7,church
church/church_230.jpg,7,church
church/church_231.jpg,7,church
church/church_234.jpg,7,church
church/church_235.jpg,7,church
church/church_236.jpg,7,church
church/church_239.jpg,7,church
church/church_240.jpg,7,church
church/church_241.jpg,7,church
church/church_243.jpg,7,church
church/church_245.jpg,7,church
church/church_248.jpg,7,church
church/church_249.jpg,7,church
church/church_251.jpg,7,church
church/church_253.jpg,7,church
church/church_254.jpg,7,church
church/church_256.jpg,7,church
church/church_257.jpg,7,church
church/church_258.jpg,7,church
church/church_259.jpg,7,church
church/church_260.jpg,7,church
church/church_261.jpg,7,church
church/church_262.jpg,7,church
church/church_263.jpg,7,church
church/church_264.jpg,7,church
church/church_266.jpg,7,church
church/church_267.jpg,7,church
church/church_270.jpg,7,church
church/church_274.jpg,7,church
church/church_275.jpg,7,church
church/church_277.jpg,7,church
church/church_278.jpg,7,church
church/church_280.jpg,7,church
church/church_281.jpg,7,church
church/church_284.jpg,7,church
church/church_285.jpg,7,church
church/church_289.jpg,7,church
church/church_290.jpg,7,church
church/church_291.jpg,7,church
church/church_292.jpg,7,church
church/church_295.jpg,7,church
church/church_296.jpg,7,church
church/church_297.jpg,7,church
church/church_298.jpg,7,church
church/church_300.jpg,7,church
church/church_301.jpg,7,church
church/church_304.jpg,7,church
church/church_305.jpg,7,church
church/church_306.jpg,7,church
church/church_307.jpg,7,church
church/church_309.jpg,7,church
church/church_310.jpg,7,church
church/church_312.jpg,7,church
church/church_313.jpg,7,church
church/church_314.jpg,7,church
church/church_316.jpg,7,church
church/church_317.jpg,7,church
church/church_318.jpg,7,church
church/church_319.jpg,7,church
church/church_320.jpg,7,church
church/church_322.jpg,7,church
church/church_323.jpg,7,church
church/church_324.jpg,7,church
church/church_325.jpg,7,church
church/church_326.jpg,7,church
church/church_327.jpg,7,church
church/church_329.jpg,7,church
church/church_330.jpg,7,church
church/church_331.jpg,7,church
church/church_332.jpg,7,church
church/church_333.jpg,7,church
church/church_334.jpg,7,church
church/church_335.jpg,7,church
church/church_336.jpg,7,church
church/church_339.jpg,7,church
church/church_340.jpg,7,church
church/church_341.jpg,7,church
church/church_343.jpg,7,church
church/church_344.jpg,7,church
church/church_346.jpg,7,church
church/church_347.jpg,7,church
church/church_348.jpg,7,church
church/church_350.jpg,7,church
church/church_352.jpg,7,church
church/church_353.jpg,7,church
church/church_354.jpg,7,church
church/church_356.jpg,7,church
church/church_357.jpg,7,church
church/church_359.jpg,7,church
church/church_361.jpg,7,church
church/church_362.jpg,7,church
church/church_363.jpg,7,church
church/church_365.jpg,7,church
church/church_366.jpg,7,church
church/church_369.jpg,7,church
church/church_372.jpg,7,church
church/church_373.jpg,7,church
church/church_374.jpg,7,church
church/church_376.jpg,7,church
church/church_377.jpg,7,church
church/church_379.jpg,7,church
church/church_380.jpg,7,church
church/church_381.jpg,7,church
church/church_382.jpg,7,church
church/church_385.jpg,7,church
church/church_386.jpg,7,church
church/church_387.jpg,7,church
church/church_389.jpg,7,church
church/church_391.jpg,7,church
church/church_392.jpg,7,church
church/church_393.jpg,7,church
church/church_394.jpg,7,church
church/church_395.jpg,7,church
church/church_396.jpg,7,church
church/church_397.jpg,7,church
church/church_398.jpg,7,church
church/church_399.jpg,7,church
church/church_400.jpg,7,church
church/church_401.jpg,7,church
church/church_402.jpg,7,church
church/church_403.jpg,7,church
church/church_404.jpg,7,church
church/church_405.jpg,7,church
church/church_408.jpg,7,church
church/church_409.jpg,7,church
church/church_410.jpg,7,church
church/church_411.jpg,7,church
church/church_412.jpg,7,church
church/church_413.jpg,7,church
church/church_414.jpg,7,church
church/church_415.jpg,7,church
church/church_418.jpg,7,church
church/church_419.jpg,7,church
church/church_420.jpg,7,church
church/church_421.jpg,7,church
church/church_422.jpg,7,church
church/church_423.jpg,7,church
church/church_425.jpg,7,church
church/church_426.jpg,7,church
church/church_427.jpg,7,church
church/church_428.jpg,7,church
church/church_429.jpg,7,church
church/church_430.jpg,7,church
church/church_431.jpg,7,church
church/church_432.jpg,7,church
church/church_435.jpg,7,church
church/church_436.jpg,7,church
church/church_437.jpg,7,church
church/church_438.jpg,7,church
church/church_439.jpg,7,church
church/church_440.jpg,7,church
church/church_441.jpg,7,church
church/church_442.jpg,7,church
church/church_444.jpg,7,church
church/church_445.jpg,7,church
church/church_448.jpg,7,church
church/church_449.jpg,7,church
church/church_451.jpg,7,church
church/church_452.jpg,7,church
church/church_453.jpg,7,church
church/church_454.jpg,7,church
church/church_455.jpg,7,church
church/church_456.jpg,7,church
church/church_457.jpg,7,church
church/church_458.jpg,7,church
church/church_459.jpg,7,church
church/church_461.jpg,7,church
church/church_462.jpg,7,church
church/church_463.jpg,7,church
church/church_465.jpg,7,church
church/church_466.jpg,7,church
church/church_468.jpg,7,church
church/church_470.jpg,7,church
church/church_475.jpg,7,church
church/church_476.jpg,7,church
church/church_477.jpg,7,church
church/church_478.jpg,7,church
church/church_480.jpg,7,church
church/church_482.jpg,7,church
church/church_483.jpg,7,church
church/church_484.jpg,7,church
church/church_485.jpg,7,church
church/church_486.jpg,7,church
church/church_488.jpg,7,church
church/church_489.jpg,7,church
church/church_490.jpg,7,church
church/church_491.jpg,7,church
church/church_495.jpg,7,church
church/church_496.jpg,7,church
church/church_502.jpg,7,church
church/church_504.jpg,7,church
church/church_505.jpg,7,church
church/church_507.jpg,7,church
church/church_508.jpg,7,church
church/church_509.jpg,7,church
church/church_512.jpg,7,church
church/church_513.jpg,7,church
church/church_515.jpg,7,church
church/church_516.jpg,7,church
church/church_517.jpg,7,church
church/church_518.jpg,7,church
church/church_519.jpg,7,church
church/church_520.jpg,7,church
church/church_521.jpg,7,church
church/church_522.jpg,7,church
church/church_523.jpg,7,church
church/church_524.jpg,7,church
church/church_526.jpg,7,church
church/church_527.jpg,7,church
church/church_528.jpg,7,church
church/church_529.jpg,7,church
church/church_530.jpg,7,church
church/church_532.jpg,7,church
church/church_533.jpg,7,church
church/church_534.jpg,7,church
church/church_535.jpg,7,church
church/church_536.jpg,7,church
church/church_539.jpg,7,church
church/church_540.jpg,7,church
church/church_541.jpg,7,church
church/church_542.jpg,7,church
church/church_543.jpg,7,church
church/church_544.jpg,7,church
church/church_545.jpg,7,church
church/church_546.jpg,7,church
church/church_547.jpg,7,church
church/church_548.jpg,7,church
church/church_549.jpg,7,church
church/church_551.jpg,7,church
church/church_553.jpg,7,church
church/church_554.jpg,7,church
church/church_555.jpg,7,church
church/church_556.jpg,7,church
church/church_559.jpg,7,church
church/church_561.jpg,7,church
church/church_562.jpg,7,church
church/church_563.jpg,7,church
church/church_564.jpg,7,church
church/church_566.jpg,7,church
church/church_569.jpg,7,church
church/church_573.jpg,7,church
church/church_574.jpg,7,church
church/church_575.jpg,7,church
church/church_576.jpg,7,church
church/church_577.jpg,7,church
church/church_578.jpg,7,church
church/church_579.jpg,7,church
church/church_581.jpg,7,church
church/church_583.jpg,7,church
church/church_584.jpg,7,church
church/church_585.jpg,7,church
church/church_586.jpg,7,church
church/church_587.jpg,7,church
church/church_588.jpg,7,church
church/church_589.jpg,7,church
church/church_590.jpg,7,church
church/church_591.jpg,7,church
church/church_592.jpg,7,church
church/church_593.jpg,7,church
church/church_594.jpg,7,church
church/church_595.jpg,7,church
church/church_597.jpg,7,church
church/church_599.jpg,7,church
church/church_600.jpg,7,church
church/church_601.jpg,7,church
church/church_602.jpg,7,church
church/church_603.jpg,7,church
church/church_604.jpg,7,church
church/church_605.jpg,7,church
church/church_607.jpg,7,church
church/church_609.jpg,7,church
church/church_610.jpg,7,church
church/church_611.jpg,7,church
church/church_613.jpg,7,church
church/church_614.jpg,7,church
church/church_616.jpg,7,church
church/church_617.jpg,7,church
church/church_618.jpg,7,church
church/church_619.jpg,7,church
church/church_620.jpg,7,church
church/church_623.jpg,7,church
church/church_625.jpg,7,church
church/church_627.jpg,7,church
church/church_629.jpg,7,church
church/church_630.jpg,7,church
church/church_631.jpg,7,church
church/church_635.jpg,7,church
church/church_636.jpg,7,church
church/church_637.jpg,7,church
church/church_638.jpg,7,church
church/church_641.jpg,7,church
church/church_642.jpg,7,church
church/church_644.jpg,7,church
church/church_645.jpg,7,church
church/church_648.jpg,7,church
church/church_650.jpg,7,church
church/church_651.jpg,7,church
church/church_652.jpg,7,church
church/church_655.jpg,7,church
church/church_656.jpg,7,church
church/church_657.jpg,7,church
church/church_658.jpg,7,church
church/church_659.jpg,7,church
church/church_661.jpg,7,church
church/church_662.jpg,7,church
church/church_664.jpg,7,church
church/church_665.jpg,7,church
church/church_666.jpg,7,church
church/church_667.jpg,7,church
church/church_669.jpg,7,church
church/church_670.jpg,7,church
church/church_671.jpg,7,church
church/church_672.jpg,7,church
church/church_673.jpg,7,church
church/church_674.jpg,7,church
church/church_675.jpg,7,church
church/church_680.jpg,7,church
church/church_681.jpg,7,church
church/church_682.jpg,7,church
church/church_683.jpg,7,church
church/church_686.jpg,7,church
church/church_687.jpg,7,church
church/church_688.jpg,7,church
church/church_689.jpg,7,church
church/church_690.jpg,7,church
church/church_691.jpg,7,church
church/church_693.jpg,7,church
church/church_696.jpg,7,church
church/church_700.jpg,7,church
circular_farmland/circular_farmland_001.jpg,8,circular_farmland
circular_farmland/circular_farmland_002.jpg,8,circular_farmland
circular_farmland/circular_farmland_003.jpg,8,circular_farmland
circular_farmland/circular_farmland_004.jpg,8,circular_farmland
circular_farmland/circular_farmland_005.jpg,8,circular_farmland
circular_farmland/circular_farmland_006.jpg,8,circular_farmland
circular_farmland/circular_farmland_009.jpg,8,circular_farmland
circular_farmland/circular_farmland_010.jpg,8,circular_farmland
circular_farmland/circular_farmland_011.jpg,8,circular_farmland
circular_farmland/circular_farmland_012.jpg,8,circular_farmland
circular_farmland/circular_farmland_013.jpg,8,circular_farmland
circular_farmland/circular_farmland_014.jpg,8,circular_farmland
circular_farmland/circular_farmland_015.jpg,8,circular_farmland
circular_farmland/circular_farmland_016.jpg,8,circular_farmland
circular_farmland/circular_farmland_017.jpg,8,circular_farmland
circular_farmland/circular_farmland_018.jpg,8,circular_farmland
circular_farmland/circular_farmland_019.jpg,8,circular_farmland
circular_farmland/circular_farmland_021.jpg,8,circular_farmland
circular_farmland/circular_farmland_022.jpg,8,circular_farmland
circular_farmland/circular_farmland_023.jpg,8,circular_farmland
circular_farmland/circular_farmland_024.jpg,8,circular_farmland
circular_farmland/circular_farmland_025.jpg,8,circular_farmland
circular_farmland/circular_farmland_027.jpg,8,circular_farmland
circular_farmland/circular_farmland_028.jpg,8,circular_farmland
circular_farmland/circular_farmland_030.jpg,8,circular_farmland
circular_farmland/circular_farmland_031.jpg,8,circular_farmland
circular_farmland/circular_farmland_033.jpg,8,circular_farmland
circular_farmland/circular_farmland_034.jpg,8,circular_farmland
circular_farmland/circular_farmland_035.jpg,8,circular_farmland
circular_farmland/circular_farmland_036.jpg,8,circular_farmland
circular_farmland/circular_farmland_037.jpg,8,circular_farmland
circular_farmland/circular_farmland_038.jpg,8,circular_farmland
circular_farmland/circular_farmland_039.jpg,8,circular_farmland
circular_farmland/circular_farmland_040.jpg,8,circular_farmland
circular_farmland/circular_farmland_041.jpg,8,circular_farmland
circular_farmland/circular_farmland_044.jpg,8,circular_farmland
circular_farmland/circular_farmland_045.jpg,8,circular_farmland
circular_farmland/circular_farmland_047.jpg,8,circular_farmland
circular_farmland/circular_farmland_048.jpg,8,circular_farmland
circular_farmland/circular_farmland_049.jpg,8,circular_farmland
circular_farmland/circular_farmland_050.jpg,8,circular_farmland
circular_farmland/circular_farmland_051.jpg,8,circular_farmland
circular_farmland/circular_farmland_053.jpg,8,circular_farmland
circular_farmland/circular_farmland_055.jpg,8,circular_farmland
circular_farmland/circular_farmland_056.jpg,8,circular_farmland
circular_farmland/circular_farmland_057.jpg,8,circular_farmland
circular_farmland/circular_farmland_059.jpg,8,circular_farmland
circular_farmland/circular_farmland_060.jpg,8,circular_farmland
circular_farmland/circular_farmland_061.jpg,8,circular_farmland
circular_farmland/circular_farmland_062.jpg,8,circular_farmland
circular_farmland/circular_farmland_063.jpg,8,circular_farmland
circular_farmland/circular_farmland_064.jpg,8,circular_farmland
circular_farmland/circular_farmland_065.jpg,8,circular_farmland
circular_farmland/circular_farmland_066.jpg,8,circular_farmland
circular_farmland/circular_farmland_067.jpg,8,circular_farmland
circular_farmland/circular_farmland_068.jpg,8,circular_farmland
circular_farmland/circular_farmland_069.jpg,8,circular_farmland
circular_farmland/circular_farmland_070.jpg,8,circular_farmland
circular_farmland/circular_farmland_074.jpg,8,circular_farmland
circular_farmland/circular_farmland_076.jpg,8,circular_farmland
circular_farmland/circular_farmland_078.jpg,8,circular_farmland
circular_farmland/circular_farmland_080.jpg,8,circular_farmland
circular_farmland/circular_farmland_081.jpg,8,circular_farmland
circular_farmland/circular_farmland_082.jpg,8,circular_farmland
circular_farmland/circular_farmland_084.jpg,8,circular_farmland
circular_farmland/circular_farmland_085.jpg,8,circular_farmland
circular_farmland/circular_farmland_088.jpg,8,circular_farmland
circular_farmland/circular_farmland_089.jpg,8,circular_farmland
circular_farmland/circular_farmland_090.jpg,8,circular_farmland
circular_farmland/circular_farmland_091.jpg,8,circular_farmland
circular_farmland/circular_farmland_092.jpg,8,circular_farmland
circular_farmland/circular_farmland_094.jpg,8,circular_farmland
circular_farmland/circular_farmland_095.jpg,8,circular_farmland
circular_farmland/circular_farmland_097.jpg,8,circular_farmland
circular_farmland/circular_farmland_098.jpg,8,circular_farmland
circular_farmland/circular_farmland_099.jpg,8,circular_farmland
circular_farmland/circular_farmland_100.jpg,8,circular_farmland
circular_farmland/circular_farmland_101.jpg,8,circular_farmland
circular_farmland/circular_farmland_103.jpg,8,circular_farmland
circular_farmland/circular_farmland_105.jpg,8,circular_farmland
circular_farmland/circular_farmland_106.jpg,8,circular_farmland
circular_farmland/circular_farmland_107.jpg,8,circular_farmland
circular_farmland/circular_farmland_108.jpg,8,circular_farmland
circular_farmland/circular_farmland_113.jpg,8,circular_farmland
circular_farmland/circular_farmland_114.jpg,8,circular_farmland
circular_farmland/circular_farmland_115.jpg,8,circular_farmland
circular_farmland/circular_farmland_117.jpg,8,circular_farmland
circular_farmland/circular_farmland_119.jpg,8,circular_farmland
circular_farmland/circular_farmland_120.jpg,8,circular_farmland
circular_farmland/circular_farmland_121.jpg,8,circular_farmland
circular_farmland/circular_farmland_122.jpg,8,circular_farmland
circular_farmland/circular_farmland_124.jpg,8,circular_farmland
circular_farmland/circular_farmland_125.jpg,8,circular_farmland
circular_farmland/circular_farmland_126.jpg,8,circular_farmland
circular_farmland/circular_farmland_127.jpg,8,circular_farmland
circular_farmland/circular_farmland_128.jpg,8,circular_farmland
circular_farmland/circular_farmland_130.jpg,8,circular_farmland
circular_farmland/circular_farmland_132.jpg,8,circular_farmland
circular_farmland/circular_farmland_133.jpg,8,circular_farmland
circular_farmland/circular_farmland_134.jpg,8,circular_farmland
circular_farmland/circular_farmland_135.jpg,8,circular_farmland
circular_farmland/circular_farmland_136.jpg,8,circular_farmland
circular_farmland/circular_farmland_138.jpg,8,circular_farmland
circular_farmland/circular_farmland_139.jpg,8,circular_farmland
circular_farmland/circular_farmland_140.jpg,8,circular_farmland
circular_farmland/circular_farmland_141.jpg,8,circular_farmland
circular_farmland/circular_farmland_143.jpg,8,circular_farmland
circular_farmland/circular_farmland_144.jpg,8,circular_farmland
circular_farmland/circular_farmland_145.jpg,8,circular_farmland
circular_farmland/circular_farmland_147.jpg,8,circular_farmland
circular_farmland/circular_farmland_149.jpg,8,circular_farmland
circular_farmland/circular_farmland_150.jpg,8,circular_farmland
circular_farmland/circular_farmland_151.jpg,8,circular_farmland
circular_farmland/circular_farmland_152.jpg,8,circular_farmland
circular_farmland/circular_farmland_153.jpg,8,circular_farmland
circular_farmland/circular_farmland_154.jpg,8,circular_farmland
circular_farmland/circular_farmland_155.jpg,8,circular_farmland
circular_farmland/circular_farmland_157.jpg,8,circular_farmland
circular_farmland/circular_farmland_158.jpg,8,circular_farmland
circular_farmland/circular_farmland_159.jpg,8,circular_farmland
circular_farmland/circular_farmland_160.jpg,8,circular_farmland
circular_farmland/circular_farmland_161.jpg,8,circular_farmland
circular_farmland/circular_farmland_162.jpg,8,circular_farmland
circular_farmland/circular_farmland_163.jpg,8,circular_farmland
circular_farmland/circular_farmland_165.jpg,8,circular_farmland
circular_farmland/circular_farmland_166.jpg,8,circular_farmland
circular_farmland/circular_farmland_167.jpg,8,circular_farmland
circular_farmland/circular_farmland_168.jpg,8,circular_farmland
circular_farmland/circular_farmland_170.jpg,8,circular_farmland
circular_farmland/circular_farmland_172.jpg,8,circular_farmland
circular_farmland/circular_farmland_173.jpg,8,circular_farmland
circular_farmland/circular_farmland_174.jpg,8,circular_farmland
circular_farmland/circular_farmland_175.jpg,8,circular_farmland
circular_farmland/circular_farmland_176.jpg,8,circular_farmland
circular_farmland/circular_farmland_177.jpg,8,circular_farmland
circular_farmland/circular_farmland_179.jpg,8,circular_farmland
circular_farmland/circular_farmland_180.jpg,8,circular_farmland
circular_farmland/circular_farmland_182.jpg,8,circular_farmland
circular_farmland/circular_farmland_183.jpg,8,circular_farmland
circular_farmland/circular_farmland_184.jpg,8,circular_farmland
circular_farmland/circular_farmland_185.jpg,8,circular_farmland
circular_farmland/circular_farmland_186.jpg,8,circular_farmland
circular_farmland/circular_farmland_187.jpg,8,circular_farmland
circular_farmland/circular_farmland_191.jpg,8,circular_farmland
circular_farmland/circular_farmland_192.jpg,8,circular_farmland
circular_farmland/circular_farmland_194.jpg,8,circular_farmland
circular_farmland/circular_farmland_196.jpg,8,circular_farmland
circular_farmland/circular_farmland_197.jpg,8,circular_farmland
circular_farmland/circular_farmland_198.jpg,8,circular_farmland
circular_farmland/circular_farmland_199.jpg,8,circular_farmland
circular_farmland/circular_farmland_202.jpg,8,circular_farmland
circular_farmland/circular_farmland_203.jpg,8,circular_farmland
circular_farmland/circular_farmland_205.jpg,8,circular_farmland
circular_farmland/circular_farmland_208.jpg,8,circular_farmland
circular_farmland/circular_farmland_209.jpg,8,circular_farmland
circular_farmland/circular_farmland_210.jpg,8,circular_farmland
circular_farmland/circular_farmland_213.jpg,8,circular_farmland
circular_farmland/circular_farmland_214.jpg,8,circular_farmland
circular_farmland/circular_farmland_216.jpg,8,circular_farmland
circular_farmland/circular_farmland_218.jpg,8,circular_farmland
circular_farmland/circular_farmland_219.jpg,8,circular_farmland
circular_farmland/circular_farmland_221.jpg,8,circular_farmland
circular_farmland/circular_farmland_222.jpg,8,circular_farmland
circular_farmland/circular_farmland_223.jpg,8,circular_farmland
circular_farmland/circular_farmland_224.jpg,8,circular_farmland
circular_farmland/circular_farmland_225.jpg,8,circular_farmland
circular_farmland/circular_farmland_226.jpg,8,circular_farmland
circular_farmland/circular_farmland_227.jpg,8,circular_farmland
circular_farmland/circular_farmland_228.jpg,8,circular_farmland
circular_farmland/circular_farmland_229.jpg,8,circular_farmland
circular_farmland/circular_farmland_230.jpg,8,circular_farmland
circular_farmland/circular_farmland_231.jpg,8,circular_farmland
circular_farmland/circular_farmland_233.jpg,8,circular_farmland
circular_farmland/circular_farmland_234.jpg,8,circular_farmland
circular_farmland/circular_farmland_235.jpg,8,circular_farmland
circular_farmland/circular_farmland_236.jpg,8,circular_farmland
circular_farmland/circular_farmland_237.jpg,8,circular_farmland
circular_farmland/circular_farmland_238.jpg,8,circular_farmland
circular_farmland/circular_farmland_239.jpg,8,circular_farmland
circular_farmland/circular_farmland_240.jpg,8,circular_farmland
circular_farmland/circular_farmland_241.jpg,8,circular_farmland
circular_farmland/circular_farmland_242.jpg,8,circular_farmland
circular_farmland/circular_farmland_248.jpg,8,circular_farmland
circular_farmland/circular_farmland_249.jpg,8,circular_farmland
circular_farmland/circular_farmland_250.jpg,8,circular_farmland
circular_farmland/circular_farmland_252.jpg,8,circular_farmland
circular_farmland/circular_farmland_254.jpg,8,circular_farmland
circular_farmland/circular_farmland_255.jpg,8,circular_farmland
circular_farmland/circular_farmland_256.jpg,8,circular_farmland
circular_farmland/circular_farmland_257.jpg,8,circular_farmland
circular_farmland/circular_farmland_258.jpg,8,circular_farmland
circular_farmland/circular_farmland_259.jpg,8,circular_farmland
circular_farmland/circular_farmland_261.jpg,8,circular_farmland
circular_farmland/circular_farmland_262.jpg,8,circular_farmland
circular_farmland/circular_farmland_264.jpg,8,circular_farmland
circular_farmland/circular_farmland_265.jpg,8,circular_farmland
circular_farmland/circular_farmland_266.jpg,8,circular_farmland
circular_farmland/circular_farmland_268.jpg,8,circular_farmland
circular_farmland/circular_farmland_270.jpg,8,circular_farmland
circular_farmland/circular_farmland_271.jpg,8,circular_farmland
circular_farmland/circular_farmland_272.jpg,8,circular_farmland
circular_farmland/circular_farmland_274.jpg,8,circular_farmland
circular_farmland/circular_farmland_277.jpg,8,circular_farmland
circular_farmland/circular_farmland_279.jpg,8,circular_farmland
circular_farmland/circular_farmland_280.jpg,8,circular_farmland
circular_farmland/circular_farmland_281.jpg,8,circular_farmland
circular_farmland/circular_farmland_282.jpg,8,circular_farmland
circular_farmland/circular_farmland_284.jpg,8,circular_farmland
circular_farmland/circular_farmland_285.jpg,8,circular_farmland
circular_farmland/circular_farmland_286.jpg,8,circular_farmland
circular_farmland/circular_farmland_288.jpg,8,circular_farmland
circular_farmland/circular_farmland_289.jpg,8,circular_farmland
circular_farmland/circular_farmland_290.jpg,8,circular_farmland
circular_farmland/circular_farmland_293.jpg,8,circular_farmland
circular_farmland/circular_farmland_295.jpg,8,circular_farmland
circular_farmland/circular_farmland_296.jpg,8,circular_farmland
circular_farmland/circular_farmland_297.jpg,8,circular_farmland
circular_farmland/circular_farmland_298.jpg,8,circular_farmland
circular_farmland/circular_farmland_300.jpg,8,circular_farmland
circular_farmland/circular_farmland_301.jpg,8,circular_farmland
circular_farmland/circular_farmland_302.jpg,8,circular_farmland
circular_farmland/circular_farmland_303.jpg,8,circular_farmland
circular_farmland/circular_farmland_304.jpg,8,circular_farmland
circular_farmland/circular_farmland_307.jpg,8,circular_farmland
circular_farmland/circular_farmland_308.jpg,8,circular_farmland
circular_farmland/circular_farmland_309.jpg,8,circular_farmland
circular_farmland/circular_farmland_311.jpg,8,circular_farmland
circular_farmland/circular_farmland_312.jpg,8,circular_farmland
circular_farmland/circular_farmland_314.jpg,8,circular_farmland
circular_farmland/circular_farmland_315.jpg,8,circular_farmland
circular_farmland/circular_farmland_316.jpg,8,circular_farmland
circular_farmland/circular_farmland_318.jpg,8,circular_farmland
circular_farmland/circular_farmland_319.jpg,8,circular_farmland
circular_farmland/circular_farmland_321.jpg,8,circular_farmland
circular_farmland/circular_farmland_322.jpg,8,circular_farmland
circular_farmland/circular_farmland_323.jpg,8,circular_farmland
circular_farmland/circular_farmland_325.jpg,8,circular_farmland
circular_farmland/circular_farmland_327.jpg,8,circular_farmland
circular_farmland/circular_farmland_329.jpg,8,circular_farmland
circular_farmland/circular_farmland_331.jpg,8,circular_farmland
circular_farmland/circular_farmland_332.jpg,8,circular_farmland
circular_farmland/circular_farmland_333.jpg,8,circular_farmland
circular_farmland/circular_farmland_335.jpg,8,circular_farmland
circular_farmland/circular_farmland_336.jpg,8,circular_farmland
circular_farmland/circular_farmland_338.jpg,8,circular_farmland
circular_farmland/circular_farmland_339.jpg,8,circular_farmland
circular_farmland/circular_farmland_340.jpg,8,circular_farmland
circular_farmland/circular_farmland_341.jpg,8,circular_farmland
circular_farmland/circular_farmland_342.jpg,8,circular_farmland
circular_farmland/circular_farmland_343.jpg,8,circular_farmland
circular_farmland/circular_farmland_345.jpg,8,circular_farmland
circular_farmland/circular_farmland_346.jpg,8,circular_farmland
circular_farmland/circular_farmland_347.jpg,8,circular_farmland
circular_farmland/circular_farmland_349.jpg,8,circular_farmland
circular_farmland/circular_farmland_350.jpg,8,circular_farmland
circular_farmland/circular_farmland_351.jpg,8,circular_farmland
circular_farmland/circular_farmland_352.jpg,8,circular_farmland
circular_farmland/circular_farmland_353.jpg,8,circular_farmland
circular_farmland/circular_farmland_354.jpg,8,circular_farmland
circular_farmland/circular_farmland_357.jpg,8,circular_farmland
circular_farmland/circular_farmland_360.jpg,8,circular_farmland
circular_farmland/circular_farmland_361.jpg,8,circular_farmland
circular_farmland/circular_farmland_362.jpg,8,circular_farmland
circular_farmland/circular_farmland_363.jpg,8,circular_farmland
circular_farmland/circular_farmland_365.jpg,8,circular_farmland
circular_farmland/circular_farmland_368.jpg,8,circular_farmland
circular_farmland/circular_farmland_370.jpg,8,circular_farmland
circular_farmland/circular_farmland_371.jpg,8,circular_farmland
circular_farmland/circular_farmland_373.jpg,8,circular_farmland
circular_farmland/circular_farmland_374.jpg,8,circular_farmland
circular_farmland/circular_farmland_375.jpg,8,circular_farmland
circular_farmland/circular_farmland_378.jpg,8,circular_farmland
circular_farmland/circular_farmland_379.jpg,8,circular_farmland
circular_farmland/circular_farmland_380.jpg,8,circular_farmland
circular_farmland/circular_farmland_382.jpg,8,circular_farmland
circular_farmland/circular_farmland_383.jpg,8,circular_farmland
circular_farmland/circular_farmland_384.jpg,8,circular_farmland
circular_farmland/circular_farmland_385.jpg,8,circular_farmland
circular_farmland/circular_farmland_386.jpg,8,circular_farmland
circular_farmland/circular_farmland_387.jpg,8,circular_farmland
circular_farmland/circular_farmland_388.jpg,8,circular_farmland
circular_farmland/circular_farmland_389.jpg,8,circular_farmland
circular_farmland/circular_farmland_390.jpg,8,circular_farmland
circular_farmland/circular_farmland_392.jpg,8,circular_farmland
circular_farmland/circular_farmland_393.jpg,8,circular_farmland
circular_farmland/circular_farmland_394.jpg,8,circular_farmland
circular_farmland/circular_farmland_395.jpg,8,circular_farmland
circular_farmland/circular_farmland_397.jpg,8,circular_farmland
circular_farmland/circular_farmland_398.jpg,8,circular_farmland
circular_farmland/circular_farmland_399.jpg,8,circular_farmland
circular_farmland/circular_farmland_402.jpg,8,circular_farmland
circular_farmland/circular_farmland_403.jpg,8,circular_farmland
circular_farmland/circular_farmland_404.jpg,8,circular_farmland
circular_farmland/circular_farmland_405.jpg,8,circular_farmland
circular_farmland/circular_farmland_406.jpg,8,circular_farmland
circular_farmland/circular_farmland_407.jpg,8,circular_farmland
circular_farmland/circular_farmland_410.jpg,8,circular_farmland
circular_farmland/circular_farmland_412.jpg,8,circular_farmland
circular_farmland/circular_farmland_415.jpg,8,circular_farmland
circular_farmland/circular_farmland_416.jpg,8,circular_farmland
circular_farmland/circular_farmland_417.jpg,8,circular_farmland
circular_farmland/circular_farmland_418.jpg,8,circular_farmland
circular_farmland/circular_farmland_419.jpg,8,circular_farmland
circular_farmland/circular_farmland_420.jpg,8,circular_farmland
circular_farmland/circular_farmland_423.jpg,8,circular_farmland
circular_farmland/circular_farmland_424.jpg,8,circular_farmland
circular_farmland/circular_farmland_425.jpg,8,circular_farmland
circular_farmland/circular_farmland_426.jpg,8,circular_farmland
circular_farmland/circular_farmland_428.jpg,8,circular_farmland
circular_farmland/circular_farmland_430.jpg,8,circular_farmland
circular_farmland/circular_farmland_431.jpg,8,circular_farmland
circular_farmland/circular_farmland_432.jpg,8,circular_farmland
circular_farmland/circular_farmland_433.jpg,8,circular_farmland
circular_farmland/circular_farmland_436.jpg,8,circular_farmland
circular_farmland/circular_farmland_442.jpg,8,circular_farmland
circular_farmland/circular_farmland_444.jpg,8,circular_farmland
circular_farmland/circular_farmland_445.jpg,8,circular_farmland
circular_farmland/circular_farmland_446.jpg,8,circular_farmland
circular_farmland/circular_farmland_447.jpg,8,circular_farmland
circular_farmland/circular_farmland_449.jpg,8,circular_farmland
circular_farmland/circular_farmland_450.jpg,8,circular_farmland
circular_farmland/circular_farmland_451.jpg,8,circular_farmland
circular_farmland/circular_farmland_453.jpg,8,circular_farmland
circular_farmland/circular_farmland_454.jpg,8,circular_farmland
circular_farmland/circular_farmland_455.jpg,8,circular_farmland
circular_farmland/circular_farmland_456.jpg,8,circular_farmland
circular_farmland/circular_farmland_458.jpg,8,circular_farmland
circular_farmland/circular_farmland_459.jpg,8,circular_farmland
circular_farmland/circular_farmland_460.jpg,8,circular_farmland
circular_farmland/circular_farmland_461.jpg,8,circular_farmland
circular_farmland/circular_farmland_463.jpg,8,circular_farmland
circular_farmland/circular_farmland_464.jpg,8,circular_farmland
circular_farmland/circular_farmland_465.jpg,8,circular_farmland
circular_farmland/circular_farmland_466.jpg,8,circular_farmland
circular_farmland/circular_farmland_468.jpg,8,circular_farmland
circular_farmland/circular_farmland_469.jpg,8,circular_farmland
circular_farmland/circular_farmland_470.jpg,8,circular_farmland
circular_farmland/circular_farmland_471.jpg,8,circular_farmland
circular_farmland/circular_farmland_472.jpg,8,circular_farmland
circular_farmland/circular_farmland_473.jpg,8,circular_farmland
circular_farmland/circular_farmland_474.jpg,8,circular_farmland
circular_farmland/circular_farmland_477.jpg,8,circular_farmland
circular_farmland/circular_farmland_479.jpg,8,circular_farmland
circular_farmland/circular_farmland_481.jpg,8,circular_farmland
circular_farmland/circular_farmland_482.jpg,8,circular_farmland
circular_farmland/circular_farmland_483.jpg,8,circular_farmland
circular_farmland/circular_farmland_484.jpg,8,circular_farmland
circular_farmland/circular_farmland_485.jpg,8,circular_farmland
circular_farmland/circular_farmland_486.jpg,8,circular_farmland
circular_farmland/circular_farmland_487.jpg,8,circular_farmland
circular_farmland/circular_farmland_488.jpg,8,circular_farmland
circular_farmland/circular_farmland_489.jpg,8,circular_farmland
circular_farmland/circular_farmland_491.jpg,8,circular_farmland
circular_farmland/circular_farmland_492.jpg,8,circular_farmland
circular_farmland/circular_farmland_493.jpg,8,circular_farmland
circular_farmland/circular_farmland_494.jpg,8,circular_farmland
circular_farmland/circular_farmland_497.jpg,8,circular_farmland
circular_farmland/circular_farmland_499.jpg,8,circular_farmland
circular_farmland/circular_farmland_501.jpg,8,circular_farmland
circular_farmland/circular_farmland_503.jpg,8,circular_farmland
circular_farmland/circular_farmland_504.jpg,8,circular_farmland
circular_farmland/circular_farmland_505.jpg,8,circular_farmland
circular_farmland/circular_farmland_509.jpg,8,circular_farmland
circular_farmland/circular_farmland_510.jpg,8,circular_farmland
circular_farmland/circular_farmland_512.jpg,8,circular_farmland
circular_farmland/circular_farmland_514.jpg,8,circular_farmland
circular_farmland/circular_farmland_515.jpg,8,circular_farmland
circular_farmland/circular_farmland_517.jpg,8,circular_farmland
circular_farmland/circular_farmland_518.jpg,8,circular_farmland
circular_farmland/circular_farmland_520.jpg,8,circular_farmland
circular_farmland/circular_farmland_521.jpg,8,circular_farmland
circular_farmland/circular_farmland_522.jpg,8,circular_farmland
circular_farmland/circular_farmland_524.jpg,8,circular_farmland
circular_farmland/circular_farmland_525.jpg,8,circular_farmland
circular_farmland/circular_farmland_526.jpg,8,circular_farmland
circular_farmland/circular_farmland_529.jpg,8,circular_farmland
circular_farmland/circular_farmland_531.jpg,8,circular_farmland
circular_farmland/circular_farmland_533.jpg,8,circular_farmland
circular_farmland/circular_farmland_534.jpg,8,circular_farmland
circular_farmland/circular_farmland_536.jpg,8,circular_farmland
circular_farmland/circular_farmland_537.jpg,8,circular_farmland
circular_farmland/circular_farmland_539.jpg,8,circular_farmland
circular_farmland/circular_farmland_542.jpg,8,circular_farmland
circular_farmland/circular_farmland_543.jpg,8,circular_farmland
circular_farmland/circular_farmland_544.jpg,8,circular_farmland
circular_farmland/circular_farmland_545.jpg,8,circular_farmland
circular_farmland/circular_farmland_546.jpg,8,circular_farmland
circular_farmland/circular_farmland_549.jpg,8,circular_farmland
circular_farmland/circular_farmland_552.jpg,8,circular_farmland
circular_farmland/circular_farmland_553.jpg,8,circular_farmland
circular_farmland/circular_farmland_554.jpg,8,circular_farmland
circular_farmland/circular_farmland_555.jpg,8,circular_farmland
circular_farmland/circular_farmland_557.jpg,8,circular_farmland
circular_farmland/circular_farmland_559.jpg,8,circular_farmland
circular_farmland/circular_farmland_560.jpg,8,circular_farmland
circular_farmland/circular_farmland_562.jpg,8,circular_farmland
circular_farmland/circular_farmland_564.jpg,8,circular_farmland
circular_farmland/circular_farmland_565.jpg,8,circular_farmland
circular_farmland/circular_farmland_567.jpg,8,circular_farmland
circular_farmland/circular_farmland_569.jpg,8,circular_farmland
circular_farmland/circular_farmland_570.jpg,8,circular_farmland
circular_farmland/circular_farmland_571.jpg,8,circular_farmland
circular_farmland/circular_farmland_573.jpg,8,circular_farmland
circular_farmland/circular_farmland_574.jpg,8,circular_farmland
circular_farmland/circular_farmland_575.jpg,8,circular_farmland
circular_farmland/circular_farmland_576.jpg,8,circular_farmland
circular_farmland/circular_farmland_578.jpg,8,circular_farmland
circular_farmland/circular_farmland_579.jpg,8,circular_farmland
circular_farmland/circular_farmland_580.jpg,8,circular_farmland
circular_farmland/circular_farmland_581.jpg,8,circular_farmland
circular_farmland/circular_farmland_582.jpg,8,circular_farmland
circular_farmland/circular_farmland_583.jpg,8,circular_farmland
circular_farmland/circular_farmland_584.jpg,8,circular_farmland
circular_farmland/circular_farmland_585.jpg,8,circular_farmland
circular_farmland/circular_farmland_586.jpg,8,circular_farmland
circular_farmland/circular_farmland_588.jpg,8,circular_farmland
circular_farmland/circular_farmland_589.jpg,8,circular_farmland
circular_farmland/circular_farmland_590.jpg,8,circular_farmland
circular_farmland/circular_farmland_591.jpg,8,circular_farmland
circular_farmland/circular_farmland_594.jpg,8,circular_farmland
circular_farmland/circular_farmland_595.jpg,8,circular_farmland
circular_farmland/circular_farmland_596.jpg,8,circular_farmland
circular_farmland/circular_farmland_597.jpg,8,circular_farmland
circular_farmland/circular_farmland_598.jpg,8,circular_farmland
circular_farmland/circular_farmland_600.jpg,8,circular_farmland
circular_farmland/circular_farmland_602.jpg,8,circular_farmland
circular_farmland/circular_farmland_603.jpg,8,circular_farmland
circular_farmland/circular_farmland_604.jpg,8,circular_farmland
circular_farmland/circular_farmland_606.jpg,8,circular_farmland
circular_farmland/circular_farmland_609.jpg,8,circular_farmland
circular_farmland/circular_farmland_612.jpg,8,circular_farmland
circular_farmland/circular_farmland_613.jpg,8,circular_farmland
circular_farmland/circular_farmland_617.jpg,8,circular_farmland
circular_farmland/circular_farmland_618.jpg,8,circular_farmland
circular_farmland/circular_farmland_619.jpg,8,circular_farmland
circular_farmland/circular_farmland_620.jpg,8,circular_farmland
circular_farmland/circular_farmland_622.jpg,8,circular_farmland
circular_farmland/circular_farmland_623.jpg,8,circular_farmland
circular_farmland/circular_farmland_624.jpg,8,circular_farmland
circular_farmland/circular_farmland_625.jpg,8,circular_farmland
circular_farmland/circular_farmland_627.jpg,8,circular_farmland
circular_farmland/circular_farmland_628.jpg,8,circular_farmland
circular_farmland/circular_farmland_629.jpg,8,circular_farmland
circular_farmland/circular_farmland_631.jpg,8,circular_farmland
circular_farmland/circular_farmland_632.jpg,8,circular_farmland
circular_farmland/circular_farmland_634.jpg,8,circular_farmland
circular_farmland/circular_farmland_635.jpg,8,circular_farmland
circular_farmland/circular_farmland_636.jpg,8,circular_farmland
circular_farmland/circular_farmland_637.jpg,8,circular_farmland
circular_farmland/circular_farmland_638.jpg,8,circular_farmland
circular_farmland/circular_farmland_642.jpg,8,circular_farmland
circular_farmland/circular_farmland_644.jpg,8,circular_farmland
circular_farmland/circular_farmland_647.jpg,8,circular_farmland
circular_farmland/circular_farmland_648.jpg,8,circular_farmland
circular_farmland/circular_farmland_649.jpg,8,circular_farmland
circular_farmland/circular_farmland_650.jpg,8,circular_farmland
circular_farmland/circular_farmland_651.jpg,8,circular_farmland
circular_farmland/circular_farmland_652.jpg,8,circular_farmland
circular_farmland/circular_farmland_653.jpg,8,circular_farmland
circular_farmland/circular_farmland_655.jpg,8,circular_farmland
circular_farmland/circular_farmland_658.jpg,8,circular_farmland
circular_farmland/circular_farmland_659.jpg,8,circular_farmland
circular_farmland/circular_farmland_660.jpg,8,circular_farmland
circular_farmland/circular_farmland_664.jpg,8,circular_farmland
circular_farmland/circular_farmland_665.jpg,8,circular_farmland
circular_farmland/circular_farmland_667.jpg,8,circular_farmland
circular_farmland/circular_farmland_668.jpg,8,circular_farmland
circular_farmland/circular_farmland_669.jpg,8,circular_farmland
circular_farmland/circular_farmland_670.jpg,8,circular_farmland
circular_farmland/circular_farmland_671.jpg,8,circular_farmland
circular_farmland/circular_farmland_673.jpg,8,circular_farmland
circular_farmland/circular_farmland_674.jpg,8,circular_farmland
circular_farmland/circular_farmland_675.jpg,8,circular_farmland
circular_farmland/circular_farmland_677.jpg,8,circular_farmland
circular_farmland/circular_farmland_680.jpg,8,circular_farmland
circular_farmland/circular_farmland_681.jpg,8,circular_farmland
circular_farmland/circular_farmland_682.jpg,8,circular_farmland
circular_farmland/circular_farmland_683.jpg,8,circular_farmland
circular_farmland/circular_farmland_684.jpg,8,circular_farmland
circular_farmland/circular_farmland_685.jpg,8,circular_farmland
circular_farmland/circular_farmland_686.jpg,8,circular_farmland
circular_farmland/circular_farmland_687.jpg,8,circular_farmland
circular_farmland/circular_farmland_688.jpg,8,circular_farmland
circular_farmland/circular_farmland_691.jpg,8,circular_farmland
circular_farmland/circular_farmland_692.jpg,8,circular_farmland
circular_farmland/circular_farmland_693.jpg,8,circular_farmland
circular_farmland/circular_farmland_694.jpg,8,circular_farmland
circular_farmland/circular_farmland_695.jpg,8,circular_farmland
circular_farmland/circular_farmland_697.jpg,8,circular_farmland
circular_farmland/circular_farmland_699.jpg,8,circular_farmland
cloud/cloud_002.jpg,9,cloud
cloud/cloud_004.jpg,9,cloud
cloud/cloud_005.jpg,9,cloud
cloud/cloud_006.jpg,9,cloud
cloud/cloud_007.jpg,9,cloud
cloud/cloud_008.jpg,9,cloud
cloud/cloud_009.jpg,9,cloud
cloud/cloud_010.jpg,9,cloud
cloud/cloud_011.jpg,9,cloud
cloud/cloud_012.jpg,9,cloud
cloud/cloud_015.jpg,9,cloud
cloud/cloud_016.jpg,9,cloud
cloud/cloud_017.jpg,9,cloud
cloud/cloud_019.jpg,9,cloud
cloud/cloud_020.jpg,9,cloud
cloud/cloud_021.jpg,9,cloud
cloud/cloud_023.jpg,9,cloud
cloud/cloud_025.jpg,9,cloud
cloud/cloud_026.jpg,9,cloud
cloud/cloud_028.jpg,9,cloud
cloud/cloud_029.jpg,9,cloud
cloud/cloud_030.jpg,9,cloud
cloud/cloud_031.jpg,9,cloud
cloud/cloud_032.jpg,9,cloud
cloud/cloud_033.jpg,9,cloud
cloud/cloud_034.jpg,9,cloud
cloud/cloud_036.jpg,9,cloud
cloud/cloud_037.jpg,9,cloud
cloud/cloud_038.jpg,9,cloud
cloud/cloud_039.jpg,9,cloud
cloud/cloud_040.jpg,9,cloud
cloud/cloud_041.jpg,9,cloud
cloud/cloud_042.jpg,9,cloud
cloud/cloud_043.jpg,9,cloud
cloud/cloud_044.jpg,9,cloud
cloud/cloud_045.jpg,9,cloud
cloud/cloud_046.jpg,9,cloud
cloud/cloud_047.jpg,9,cloud
cloud/cloud_048.jpg,9,cloud
cloud/cloud_049.jpg,9,cloud
cloud/cloud_051.jpg,9,cloud
cloud/cloud_053.jpg,9,cloud
cloud/cloud_054.jpg,9,cloud
cloud/cloud_055.jpg,9,cloud
cloud/cloud_058.jpg,9,cloud
cloud/cloud_060.jpg,9,cloud
cloud/cloud_061.jpg,9,cloud
cloud/cloud_062.jpg,9,cloud
cloud/cloud_063.jpg,9,cloud
cloud/cloud_064.jpg,9,cloud
cloud/cloud_066.jpg,9,cloud
cloud/cloud_067.jpg,9,cloud
cloud/cloud_070.jpg,9,cloud
cloud/cloud_072.jpg,9,cloud
cloud/cloud_073.jpg,9,cloud
cloud/cloud_074.jpg,9,cloud
cloud/cloud_075.jpg,9,cloud
cloud/cloud_076.jpg,9,cloud
cloud/cloud_077.jpg,9,cloud
cloud/cloud_078.jpg,9,cloud
cloud/cloud_080.jpg,9,cloud
cloud/cloud_081.jpg,9,cloud
cloud/cloud_084.jpg,9,cloud
cloud/cloud_085.jpg,9,cloud
cloud/cloud_086.jpg,9,cloud
cloud/cloud_088.jpg,9,cloud
cloud/cloud_089.jpg,9,cloud
cloud/cloud_090.jpg,9,cloud
cloud/cloud_091.jpg,9,cloud
cloud/cloud_092.jpg,9,cloud
cloud/cloud_096.jpg,9,cloud
cloud/cloud_099.jpg,9,cloud
cloud/cloud_100.jpg,9,cloud
cloud/cloud_101.jpg,9,cloud
cloud/cloud_102.jpg,9,cloud
cloud/cloud_103.jpg,9,cloud
cloud/cloud_104.jpg,9,cloud
cloud/cloud_107.jpg,9,cloud
cloud/cloud_108.jpg,9,cloud
cloud/cloud_109.jpg,9,cloud
cloud/cloud_111.jpg,9,cloud
cloud/cloud_115.jpg,9,cloud
cloud/cloud_117.jpg,9,cloud
cloud/cloud_118.jpg,9,cloud
cloud/cloud_119.jpg,9,cloud
cloud/cloud_120.jpg,9,cloud
cloud/cloud_121.jpg,9,cloud
cloud/cloud_124.jpg,9,cloud
cloud/cloud_127.jpg,9,cloud
cloud/cloud_129.jpg,9,cloud
cloud/cloud_131.jpg,9,cloud
cloud/cloud_133.jpg,9,cloud
cloud/cloud_134.jpg,9,cloud
cloud/cloud_135.jpg,9,cloud
cloud/cloud_136.jpg,9,cloud
cloud/cloud_137.jpg,9,cloud
cloud/cloud_138.jpg,9,cloud
cloud/cloud_139.jpg,9,cloud
cloud/cloud_140.jpg,9,cloud
cloud/cloud_141.jpg,9,cloud
cloud/cloud_142.jpg,9,cloud
cloud/cloud_143.jpg,9,cloud
cloud/cloud_144.jpg,9,cloud
cloud/cloud_145.jpg,9,cloud
cloud/cloud_147.jpg,9,cloud
cloud/cloud_148.jpg,9,cloud
cloud/cloud_149.jpg,9,cloud
cloud/cloud_150.jpg,9,cloud
cloud/cloud_151.jpg,9,cloud
cloud/cloud_152.jpg,9,cloud
cloud/cloud_153.jpg,9,cloud
cloud/cloud_154.jpg,9,cloud
cloud/cloud_155.jpg,9,cloud
cloud/cloud_156.jpg,9,cloud
cloud/cloud_159.jpg,9,cloud
cloud/cloud_160.jpg,9,cloud
cloud/cloud_162.jpg,9,cloud
cloud/cloud_163.jpg,9,cloud
cloud/cloud_164.jpg,9,cloud
cloud/cloud_166.jpg,9,cloud
cloud/cloud_167.jpg,9,cloud
cloud/cloud_168.jpg,9,cloud
cloud/cloud_169.jpg,9,cloud
cloud/cloud_170.jpg,9,cloud
cloud/cloud_173.jpg,9,cloud
cloud/cloud_174.jpg,9,cloud
cloud/cloud_175.jpg,9,cloud
cloud/cloud_176.jpg,9,cloud
cloud/cloud_177.jpg,9,cloud
cloud/cloud_178.jpg,9,cloud
cloud/cloud_179.jpg,9,cloud
cloud/cloud_180.jpg,9,cloud
cloud/cloud_181.jpg,9,cloud
cloud/cloud_183.jpg,9,cloud
cloud/cloud_184.jpg,9,cloud
cloud/cloud_185.jpg,9,cloud
cloud/cloud_186.jpg,9,cloud
cloud/cloud_187.jpg,9,cloud
cloud/cloud_188.jpg,9,cloud
cloud/cloud_190.jpg,9,cloud
cloud/cloud_192.jpg,9,cloud
cloud/cloud_194.jpg,9,cloud
cloud/cloud_195.jpg,9,cloud
cloud/cloud_196.jpg,9,cloud
cloud/cloud_197.jpg,9,cloud
cloud/cloud_199.jpg,9,cloud
cloud/cloud_201.jpg,9,cloud
cloud/cloud_202.jpg,9,cloud
cloud/cloud_203.jpg,9,cloud
cloud/cloud_204.jpg,9,cloud
cloud/cloud_205.jpg,9,cloud
cloud/cloud_206.jpg,9,cloud
cloud/cloud_208.jpg,9,cloud
cloud/cloud_210.jpg,9,cloud
cloud/cloud_211.jpg,9,cloud
cloud/cloud_213.jpg,9,cloud
cloud/cloud_214.jpg,9,cloud
cloud/cloud_215.jpg,9,cloud
cloud/cloud_217.jpg,9,cloud
cloud/cloud_218.jpg,9,cloud
cloud/cloud_219.jpg,9,cloud
cloud/cloud_220.jpg,9,cloud
cloud/cloud_221.jpg,9,cloud
cloud/cloud_223.jpg,9,cloud
cloud/cloud_225.jpg,9,cloud
cloud/cloud_226.jpg,9,cloud
cloud/cloud_227.jpg,9,cloud
cloud/cloud_231.jpg,9,cloud
cloud/cloud_232.jpg,9,cloud
cloud/cloud_233.jpg,9,cloud
cloud/cloud_234.jpg,9,cloud
cloud/cloud_235.jpg,9,cloud
cloud/cloud_238.jpg,9,cloud
cloud/cloud_239.jpg,9,cloud
cloud/cloud_240.jpg,9,cloud
cloud/cloud_242.jpg,9,cloud
cloud/cloud_243.jpg,9,cloud
cloud/cloud_244.jpg,9,cloud
cloud/cloud_245.jpg,9,cloud
cloud/cloud_246.jpg,9,cloud
cloud/cloud_249.jpg,9,cloud
cloud/cloud_250.jpg,9,cloud
cloud/cloud_252.jpg,9,cloud
cloud/cloud_254.jpg,9,cloud
cloud/cloud_255.jpg,9,cloud
cloud/cloud_257.jpg,9,cloud
cloud/cloud_258.jpg,9,cloud
cloud/cloud_259.jpg,9,cloud
cloud/cloud_261.jpg,9,cloud
cloud/cloud_262.jpg,9,cloud
cloud/cloud_263.jpg,9,cloud
cloud/cloud_264.jpg,9,cloud
cloud/cloud_266.jpg,9,cloud
cloud/cloud_267.jpg,9,cloud
cloud/cloud_268.jpg,9,cloud
cloud/cloud_269.jpg,9,cloud
cloud/cloud_272.jpg,9,cloud
cloud/cloud_274.jpg,9,cloud
cloud/cloud_275.jpg,9,cloud
cloud/cloud_276.jpg,9,cloud
cloud/cloud_277.jpg,9,cloud
cloud/cloud_279.jpg,9,cloud
cloud/cloud_280.jpg,9,cloud
cloud/cloud_281.jpg,9,cloud
cloud/cloud_282.jpg,9,cloud
cloud/cloud_285.jpg,9,cloud
cloud/cloud_287.jpg,9,cloud
cloud/cloud_288.jpg,9,cloud
cloud/cloud_289.jpg,9,cloud
cloud/cloud_290.jpg,9,cloud
cloud/cloud_292.jpg,9,cloud
cloud/cloud_293.jpg,9,cloud
cloud/cloud_297.jpg,9,cloud
cloud/cloud_299.jpg,9,cloud
cloud/cloud_300.jpg,9,cloud
cloud/cloud_301.jpg,9,cloud
cloud/cloud_302.jpg,9,cloud
cloud/cloud_303.jpg,9,cloud
cloud/cloud_304.jpg,9,cloud
cloud/cloud_305.jpg,9,cloud
cloud/cloud_307.jpg,9,cloud
cloud/cloud_309.jpg,9,cloud
cloud/cloud_311.jpg,9,cloud
cloud/cloud_313.jpg,9,cloud
cloud/cloud_314.jpg,9,cloud
cloud/cloud_315.jpg,9,cloud
cloud/cloud_316.jpg,9,cloud
cloud/cloud_319.jpg,9,cloud
cloud/cloud_320.jpg,9,cloud
cloud/cloud_321.jpg,9,cloud
cloud/cloud_322.jpg,9,cloud
cloud/cloud_323.jpg,9,cloud
cloud/cloud_324.jpg,9,cloud
cloud/cloud_326.jpg,9,cloud
cloud/cloud_328.jpg,9,cloud
cloud/cloud_329.jpg,9,cloud
cloud/cloud_330.jpg,9,cloud
cloud/cloud_331.jpg,9,cloud
cloud/cloud_332.jpg,9,cloud
cloud/cloud_333.jpg,9,cloud
cloud/cloud_336.jpg,9,cloud
cloud/cloud_337.jpg,9,cloud
cloud/cloud_338.jpg,9,cloud
cloud/cloud_339.jpg,9,cloud
cloud/cloud_343.jpg,9,cloud
cloud/cloud_344.jpg,9,cloud
cloud/cloud_345.jpg,9,cloud
cloud/cloud_346.jpg,9,cloud
cloud/cloud_348.jpg,9,cloud
cloud/cloud_350.jpg,9,cloud
cloud/cloud_351.jpg,9,cloud
cloud/cloud_353.jpg,9,cloud
cloud/cloud_354.jpg,9,cloud
cloud/cloud_355.jpg,9,cloud
cloud/cloud_356.jpg,9,cloud
cloud/cloud_358.jpg,9,cloud
cloud/cloud_359.jpg,9,cloud
cloud/cloud_360.jpg,9,cloud
cloud/cloud_362.jpg,9,cloud
cloud/cloud_364.jpg,9,cloud
cloud/cloud_365.jpg,9,cloud
cloud/cloud_366.jpg,9,cloud
cloud/cloud_367.jpg,9,cloud
cloud/cloud_370.jpg,9,cloud
cloud/cloud_371.jpg,9,cloud
cloud/cloud_373.jpg,9,cloud
cloud/cloud_374.jpg,9,cloud
cloud/cloud_376.jpg,9,cloud
cloud/cloud_377.jpg,9,cloud
cloud/cloud_378.jpg,9,cloud
cloud/cloud_380.jpg,9,cloud
cloud/cloud_382.jpg,9,cloud
cloud/cloud_388.jpg,9,cloud
cloud/cloud_391.jpg,9,cloud
cloud/cloud_393.jpg,9,cloud
cloud/cloud_394.jpg,9,cloud
cloud/cloud_395.jpg,9,cloud
cloud/cloud_396.jpg,9,cloud
cloud/cloud_397.jpg,9,cloud
cloud/cloud_399.jpg,9,cloud
cloud/cloud_400.jpg,9,cloud
cloud/cloud_401.jpg,9,cloud
cloud/cloud_404.jpg,9,cloud
cloud/cloud_405.jpg,9,cloud
cloud/cloud_406.jpg,9,cloud
cloud/cloud_407.jpg,9,cloud
cloud/cloud_408.jpg,9,cloud
cloud/cloud_409.jpg,9,cloud
cloud/cloud_410.jpg,9,cloud
cloud/cloud_412.jpg,9,cloud
cloud/cloud_414.jpg,9,cloud
cloud/cloud_416.jpg,9,cloud
cloud/cloud_417.jpg,9,cloud
cloud/cloud_418.jpg,9,cloud
cloud/cloud_419.jpg,9,cloud
cloud/cloud_420.jpg,9,cloud
cloud/cloud_421.jpg,9,cloud
cloud/cloud_423.jpg,9,cloud
cloud/cloud_424.jpg,9,cloud
cloud/cloud_427.jpg,9,cloud
cloud/cloud_429.jpg,9,cloud
cloud/cloud_430.jpg,9,cloud
cloud/cloud_433.jpg,9,cloud
cloud/cloud_434.jpg,9,cloud
cloud/cloud_436.jpg,9,cloud
cloud/cloud_437.jpg,9,cloud
cloud/cloud_438.jpg,9,cloud
cloud/cloud_441.jpg,9,cloud
cloud/cloud_443.jpg,9,cloud
cloud/cloud_444.jpg,9,cloud
cloud/cloud_449.jpg,9,cloud
cloud/cloud_450.jpg,9,cloud
cloud/cloud_452.jpg,9,cloud
cloud/cloud_453.jpg,9,cloud
cloud/cloud_454.jpg,9,cloud
cloud/cloud_455.jpg,9,cloud
cloud/cloud_456.jpg,9,cloud
cloud/cloud_457.jpg,9,cloud
cloud/cloud_458.jpg,9,cloud
cloud/cloud_460.jpg,9,cloud
cloud/cloud_461.jpg,9,cloud
cloud/cloud_462.jpg,9,cloud
cloud/cloud_463.jpg,9,cloud
cloud/cloud_465.jpg,9,cloud
cloud/cloud_466.jpg,9,cloud
cloud/cloud_467.jpg,9,cloud
cloud/cloud_468.jpg,9,cloud
cloud/cloud_469.jpg,9,cloud
cloud/cloud_475.jpg,9,cloud
cloud/cloud_476.jpg,9,cloud
cloud/cloud_478.jpg,9,cloud
cloud/cloud_479.jpg,9,cloud
cloud/cloud_480.jpg,9,cloud
cloud/cloud_481.jpg,9,cloud
cloud/cloud_483.jpg,9,cloud
cloud/cloud_486.jpg,9,cloud
cloud/cloud_487.jpg,9,cloud
cloud/cloud_489.jpg,9,cloud
cloud/cloud_490.jpg,9,cloud
cloud/cloud_491.jpg,9,cloud
cloud/cloud_492.jpg,9,cloud
cloud/cloud_493.jpg,9,cloud
cloud/cloud_495.jpg,9,cloud
cloud/cloud_496.jpg,9,cloud
cloud/cloud_497.jpg,9,cloud
cloud/cloud_500.jpg,9,cloud
cloud/cloud_501.jpg,9,cloud
cloud/cloud_504.jpg,9,cloud
cloud/cloud_505.jpg,9,cloud
cloud/cloud_507.jpg,9,cloud
cloud/cloud_508.jpg,9,cloud
cloud/cloud_509.jpg,9,cloud
cloud/cloud_510.jpg,9,cloud
cloud/cloud_511.jpg,9,cloud
cloud/cloud_512.jpg,9,cloud
cloud/cloud_514.jpg,9,cloud
cloud/cloud_515.jpg,9,cloud
cloud/cloud_516.jpg,9,cloud
cloud/cloud_517.jpg,9,cloud
cloud/cloud_518.jpg,9,cloud
cloud/cloud_520.jpg,9,cloud
cloud/cloud_522.jpg,9,cloud
cloud/cloud_523.jpg,9,cloud
cloud/cloud_524.jpg,9,cloud
cloud/cloud_525.jpg,9,cloud
cloud/cloud_526.jpg,9,cloud
cloud/cloud_527.jpg,9,cloud
cloud/cloud_529.jpg,9,cloud
cloud/cloud_531.jpg,9,cloud
cloud/cloud_533.jpg,9,cloud
cloud/cloud_534.jpg,9,cloud
cloud/cloud_535.jpg,9,cloud
cloud/cloud_536.jpg,9,cloud
cloud/cloud_538.jpg,9,cloud
cloud/cloud_539.jpg,9,cloud
cloud/cloud_540.jpg,9,cloud
cloud/cloud_541.jpg,9,cloud
cloud/cloud_542.jpg,9,cloud
cloud/cloud_543.jpg,9,cloud
cloud/cloud_545.jpg,9,cloud
cloud/cloud_547.jpg,9,cloud
cloud/cloud_548.jpg,9,cloud
cloud/cloud_549.jpg,9,cloud
cloud/cloud_552.jpg,9,cloud
cloud/cloud_554.jpg,9,cloud
cloud/cloud_555.jpg,9,cloud
cloud/cloud_556.jpg,9,cloud
cloud/cloud_557.jpg,9,cloud
cloud/cloud_558.jpg,9,cloud
cloud/cloud_564.jpg,9,cloud
cloud/cloud_565.jpg,9,cloud
cloud/cloud_566.jpg,9,cloud
cloud/cloud_567.jpg,9,cloud
cloud/cloud_569.jpg,9,cloud
cloud/cloud_570.jpg,9,cloud
cloud/cloud_571.jpg,9,cloud
cloud/cloud_572.jpg,9,cloud
cloud/cloud_573.jpg,9,cloud
cloud/cloud_574.jpg,9,cloud
cloud/cloud_576.jpg,9,cloud
cloud/cloud_577.jpg,9,cloud
cloud/cloud_578.jpg,9,cloud
cloud/cloud_579.jpg,9,cloud
cloud/cloud_580.jpg,9,cloud
cloud/cloud_581.jpg,9,cloud
cloud/cloud_583.jpg,9,cloud
cloud/cloud_584.jpg,9,cloud
cloud/cloud_585.jpg,9,cloud
cloud/cloud_586.jpg,9,cloud
cloud/cloud_587.jpg,9,cloud
cloud/cloud_590.jpg,9,cloud
cloud/cloud_594.jpg,9,cloud
cloud/cloud_595.jpg,9,cloud
cloud/cloud_596.jpg,9,cloud
cloud/cloud_598.jpg,9,cloud
cloud/cloud_599.jpg,9,cloud
cloud/cloud_600.jpg,9,cloud
cloud/cloud_602.jpg,9,cloud
cloud/cloud_604.jpg,9,cloud
cloud/cloud_605.jpg,9,cloud
cloud/cloud_606.jpg,9,cloud
cloud/cloud_609.jpg,9,cloud
cloud/cloud_610.jpg,9,cloud
cloud/cloud_612.jpg,9,cloud
cloud/cloud_613.jpg,9,cloud
cloud/cloud_615.jpg,9,cloud
cloud/cloud_617.jpg,9,cloud
cloud/cloud_618.jpg,9,cloud
cloud/cloud_620.jpg,9,cloud
cloud/cloud_622.jpg,9,cloud
cloud/cloud_623.jpg,9,cloud
cloud/cloud_624.jpg,9,cloud
cloud/cloud_625.jpg,9,cloud
cloud/cloud_626.jpg,9,cloud
cloud/cloud_627.jpg,9,cloud
cloud/cloud_629.jpg,9,cloud
cloud/cloud_631.jpg,9,cloud
cloud/cloud_632.jpg,9,cloud
cloud/cloud_633.jpg,9,cloud
cloud/cloud_634.jpg,9,cloud
cloud/cloud_636.jpg,9,cloud
cloud/cloud_637.jpg,9,cloud
cloud/cloud_638.jpg,9,cloud
cloud/cloud_639.jpg,9,cloud
cloud/cloud_640.jpg,9,cloud
cloud/cloud_641.jpg,9,cloud
cloud/cloud_643.jpg,9,cloud
cloud/cloud_644.jpg,9,cloud
cloud/cloud_645.jpg,9,cloud
cloud/cloud_646.jpg,9,cloud
cloud/cloud_647.jpg,9,cloud
cloud/cloud_648.jpg,9,cloud
cloud/cloud_649.jpg,9,cloud
cloud/cloud_650.jpg,9,cloud
cloud/cloud_651.jpg,9,cloud
cloud/cloud_653.jpg,9,cloud
cloud/cloud_654.jpg,9,cloud
cloud/cloud_656.jpg,9,cloud
cloud/cloud_658.jpg,9,cloud
cloud/cloud_659.jpg,9,cloud
cloud/cloud_660.jpg,9,cloud
cloud/cloud_661.jpg,9,cloud
cloud/cloud_662.jpg,9,cloud
cloud/cloud_663.jpg,9,cloud
cloud/cloud_664.jpg,9,cloud
cloud/cloud_665.jpg,9,cloud
cloud/cloud_666.jpg,9,cloud
cloud/cloud_670.jpg,9,cloud
cloud/cloud_671.jpg,9,cloud
cloud/cloud_672.jpg,9,cloud
cloud/cloud_673.jpg,9,cloud
cloud/cloud_674.jpg,9,cloud
cloud/cloud_676.jpg,9,cloud
cloud/cloud_678.jpg,9,cloud
cloud/cloud_679.jpg,9,cloud
cloud/cloud_681.jpg,9,cloud
cloud/cloud_682.jpg,9,cloud
cloud/cloud_683.jpg,9,cloud
cloud/cloud_684.jpg,9,cloud
cloud/cloud_685.jpg,9,cloud
cloud/cloud_689.jpg,9,cloud
cloud/cloud_690.jpg,9,cloud
cloud/cloud_691.jpg,9,cloud
cloud/cloud_693.jpg,9,cloud
cloud/cloud_694.jpg,9,cloud
cloud/cloud_695.jpg,9,cloud
cloud/cloud_696.jpg,9,cloud
cloud/cloud_697.jpg,9,cloud
cloud/cloud_698.jpg,9,cloud
cloud/cloud_699.jpg,9,cloud
commercial_area/commercial_area_001.jpg,10,commercial_area
commercial_area/commercial_area_002.jpg,10,commercial_area
commercial_area/commercial_area_003.jpg,10,commercial_area
commercial_area/commercial_area_006.jpg,10,commercial_area
commercial_area/commercial_area_008.jpg,10,commercial_area
commercial_area/commercial_area_009.jpg,10,commercial_area
commercial_area/commercial_area_012.jpg,10,commercial_area
commercial_area/commercial_area_014.jpg,10,commercial_area
commercial_area/commercial_area_015.jpg,10,commercial_area
commercial_area/commercial_area_017.jpg,10,commercial_area
commercial_area/commercial_area_018.jpg,10,commercial_area
commercial_area/commercial_area_020.jpg,10,commercial_area
commercial_area/commercial_area_021.jpg,10,commercial_area
commercial_area/commercial_area_022.jpg,10,commercial_area
commercial_area/commercial_area_023.jpg,10,commercial_area
commercial_area/commercial_area_024.jpg,10,commercial_area
commercial_area/commercial_area_025.jpg,10,commercial_area
commercial_area/commercial_area_027.jpg,10,commercial_area
commercial_area/commercial_area_029.jpg,10,commercial_area
commercial_area/commercial_area_030.jpg,10,commercial_area
commercial_area/commercial_area_031.jpg,10,commercial_area
commercial_area/commercial_area_032.jpg,10,commercial_area
commercial_area/commercial_area_033.jpg,10,commercial_area
commercial_area/commercial_area_035.jpg,10,commercial_area
commercial_area/commercial_area_036.jpg,10,commercial_area
commercial_area/commercial_area_038.jpg,10,commercial_area
commercial_area/commercial_area_039.jpg,10,commercial_area
commercial_area/commercial_area_041.jpg,10,commercial_area
commercial_area/commercial_area_043.jpg,10,commercial_area
commercial_area/commercial_area_046.jpg,10,commercial_area
commercial_area/commercial_area_047.jpg,10,commercial_area
commercial_area/commercial_area_048.jpg,10,commercial_area
commercial_area/commercial_area_049.jpg,10,commercial_area
commercial_area/commercial_area_050.jpg,10,commercial_area
commercial_area/commercial_area_052.jpg,10,commercial_area
commercial_area/commercial_area_053.jpg,10,commercial_area
commercial_area/commercial_area_054.jpg,10,commercial_area
commercial_area/commercial_area_056.jpg,10,commercial_area
commercial_area/commercial_area_058.jpg,10,commercial_area
commercial_area/commercial_area_060.jpg,10,commercial_area
commercial_area/commercial_area_061.jpg,10,commercial_area
commercial_area/commercial_area_064.jpg,10,commercial_area
commercial_area/commercial_area_065.jpg,10,commercial_area
commercial_area/commercial_area_066.jpg,10,commercial_area
commercial_area/commercial_area_067.jpg,10,commercial_area
commercial_area/commercial_area_070.jpg,10,commercial_area
commercial_area/commercial_area_072.jpg,10,commercial_area
commercial_area/commercial_area_073.jpg,10,commercial_area
commercial_area/commercial_area_074.jpg,10,commercial_area
commercial_area/commercial_area_076.jpg,10,commercial_area
commercial_area/commercial_area_077.jpg,10,commercial_area
commercial_area/commercial_area_078.jpg,10,commercial_area
commercial_area/commercial_area_079.jpg,10,commercial_area
commercial_area/commercial_area_081.jpg,10,commercial_area
commercial_area/commercial_area_082.jpg,10,commercial_area
commercial_area/commercial_area_083.jpg,10,commercial_area
commercial_area/commercial_area_085.jpg,10,commercial_area
commercial_area/commercial_area_086.jpg,10,commercial_area
commercial_area/commercial_area_087.jpg,10,commercial_area
commercial_area/commercial_area_089.jpg,10,commercial_area
commercial_area/commercial_area_091.jpg,10,commercial_area
commercial_area/commercial_area_092.jpg,10,commercial_area
commercial_area/commercial_area_093.jpg,10,commercial_area
commercial_area/commercial_area_094.jpg,10,commercial_area
commercial_area/commercial_area_095.jpg,10,commercial_area
commercial_area/commercial_area_096.jpg,10,commercial_area
commercial_area/commercial_area_097.jpg,10,commercial_area
commercial_area/commercial_area_098.jpg,10,commercial_area
commercial_area/commercial_area_100.jpg,10,commercial_area
commercial_area/commercial_area_102.jpg,10,commercial_area
commercial_area/commercial_area_103.jpg,10,commercial_area
commercial_area/commercial_area_104.jpg,10,commercial_area
commercial_area/commercial_area_106.jpg,10,commercial_area
commercial_area/commercial_area_107.jpg,10,commercial_area
commercial_area/commercial_area_109.jpg,10,commercial_area
commercial_area/commercial_area_110.jpg,10,commercial_area
commercial_area/commercial_area_111.jpg,10,commercial_area
commercial_area/commercial_area_113.jpg,10,commercial_area
commercial_area/commercial_area_115.jpg,10,commercial_area
commercial_area/commercial_area_116.jpg,10,commercial_area
commercial_area/commercial_area_118.jpg,10,commercial_area
commercial_area/commercial_area_119.jpg,10,commercial_area
commercial_area/commercial_area_120.jpg,10,commercial_area
commercial_area/commercial_area_121.jpg,10,commercial_area
commercial_area/commercial_area_122.jpg,10,commercial_area
commercial_area/commercial_area_123.jpg,10,commercial_area
commercial_area/commercial_area_124.jpg,10,commercial_area
commercial_area/commercial_area_125.jpg,10,commercial_area
commercial_area/commercial_area_126.jpg,10,commercial_area
commercial_area/commercial_area_127.jpg,10,commercial_area
commercial_area/commercial_area_129.jpg,10,commercial_area
commercial_area/commercial_area_130.jpg,10,commercial_area
commercial_area/commercial_area_131.jpg,10,commercial_area
commercial_area/commercial_area_133.jpg,10,commercial_area
commercial_area/commercial_area_134.jpg,10,commercial_area
commercial_area/commercial_area_135.jpg,10,commercial_area
commercial_area/commercial_area_136.jpg,10,commercial_area
commercial_area/commercial_area_137.jpg,10,commercial_area
commercial_area/commercial_area_138.jpg,10,commercial_area
commercial_area/commercial_area_139.jpg,10,commercial_area
commercial_area/commercial_area_140.jpg,10,commercial_area
commercial_area/commercial_area_141.jpg,10,commercial_area
commercial_area/commercial_area_142.jpg,10,commercial_area
commercial_area/commercial_area_146.jpg,10,commercial_area
commercial_area/commercial_area_147.jpg,10,commercial_area
commercial_area/commercial_area_148.jpg,10,commercial_area
commercial_area/commercial_area_149.jpg,10,commercial_area
commercial_area/commercial_area_152.jpg,10,commercial_area
commercial_area/commercial_area_153.jpg,10,commercial_area
commercial_area/commercial_area_154.jpg,10,commercial_area
commercial_area/commercial_area_155.jpg,10,commercial_area
commercial_area/commercial_area_156.jpg,10,commercial_area
commercial_area/commercial_area_157.jpg,10,commercial_area
commercial_area/commercial_area_158.jpg,10,commercial_area
commercial_area/commercial_area_159.jpg,10,commercial_area
commercial_area/commercial_area_160.jpg,10,commercial_area
commercial_area/commercial_area_161.jpg,10,commercial_area
commercial_area/commercial_area_162.jpg,10,commercial_area
commercial_area/commercial_area_163.jpg,10,commercial_area
commercial_area/commercial_area_164.jpg,10,commercial_area
commercial_area/commercial_area_166.jpg,10,commercial_area
commercial_area/commercial_area_171.jpg,10,commercial_area
commercial_area/commercial_area_172.jpg,10,commercial_area
commercial_area/commercial_area_173.jpg,10,commercial_area
commercial_area/commercial_area_174.jpg,10,commercial_area
commercial_area/commercial_area_175.jpg,10,commercial_area
commercial_area/commercial_area_176.jpg,10,commercial_area
commercial_area/commercial_area_177.jpg,10,commercial_area
commercial_area/commercial_area_180.jpg,10,commercial_area
commercial_area/commercial_area_183.jpg,10,commercial_area
commercial_area/commercial_area_184.jpg,10,commercial_area
commercial_area/commercial_area_185.jpg,10,commercial_area
commercial_area/commercial_area_186.jpg,10,commercial_area
commercial_area/commercial_area_187.jpg,10,commercial_area
commercial_area/commercial_area_190.jpg,10,commercial_area
commercial_area/commercial_area_191.jpg,10,commercial_area
commercial_area/commercial_area_192.jpg,10,commercial_area
commercial_area/commercial_area_193.jpg,10,commercial_area
commercial_area/commercial_area_195.jpg,10,commercial_area
commercial_area/commercial_area_196.jpg,10,commercial_area
commercial_area/commercial_area_198.jpg,10,commercial_area
commercial_area/commercial_area_201.jpg,10,commercial_area
commercial_area/commercial_area_202.jpg,10,commercial_area
commercial_area/commercial_area_203.jpg,10,commercial_area
commercial_area/commercial_area_205.jpg,10,commercial_area
commercial_area/commercial_area_208.jpg,10,commercial_area
commercial_area/commercial_area_209.jpg,10,commercial_area
commercial_area/commercial_area_210.jpg,10,commercial_area
commercial_area/commercial_area_211.jpg,10,commercial_area
commercial_area/commercial_area_212.jpg,10,commercial_area
commercial_area/commercial_area_213.jpg,10,commercial_area
commercial_area/commercial_area_216.jpg,10,commercial_area
commercial_area/commercial_area_217.jpg,10,commercial_area
commercial_area/commercial_area_218.jpg,10,commercial_area
commercial_area/commercial_area_220.jpg,10,commercial_area
commercial_area/commercial_area_222.jpg,10,commercial_area
commercial_area/commercial_area_223.jpg,10,commercial_area
commercial_area/commercial_area_224.jpg,10,commercial_area
commercial_area/commercial_area_225.jpg,10,commercial_area
commercial_area/commercial_area_227.jpg,10,commercial_area
commercial_area/commercial_area_228.jpg,10,commercial_area
commercial_area/commercial_area_229.jpg,10,commercial_area
commercial_area/commercial_area_230.jpg,10,commercial_area
commercial_area/commercial_area_232.jpg,10,commercial_area
commercial_area/commercial_area_233.jpg,10,commercial_area
commercial_area/commercial_area_234.jpg,10,commercial_area
commercial_area/commercial_area_235.jpg,10,commercial_area
commercial_area/commercial_area_236.jpg,10,commercial_area
commercial_area/commercial_area_238.jpg,10,commercial_area
commercial_area/commercial_area_240.jpg,10,commercial_area
commercial_area/commercial_area_241.jpg,10,commercial_area
commercial_area/commercial_area_242.jpg,10,commercial_area
commercial_area/commercial_area_243.jpg,10,commercial_area
commercial_area/commercial_area_244.jpg,10,commercial_area
commercial_area/commercial_area_245.jpg,10,commercial_area
commercial_area/commercial_area_248.jpg,10,commercial_area
commercial_area/commercial_area_249.jpg,10,commercial_area
commercial_area/commercial_area_252.jpg,10,commercial_area
commercial_area/commercial_area_253.jpg,10,commercial_area
commercial_area/commercial_area_257.jpg,10,commercial_area
commercial_area/commercial_area_260.jpg,10,commercial_area
commercial_area/commercial_area_261.jpg,10,commercial_area
commercial_area/commercial_area_262.jpg,10,commercial_area
commercial_area/commercial_area_263.jpg,10,commercial_area
commercial_area/commercial_area_264.jpg,10,commercial_area
commercial_area/commercial_area_265.jpg,10,commercial_area
commercial_area/commercial_area_267.jpg,10,commercial_area
commercial_area/commercial_area_268.jpg,10,commercial_area
commercial_area/commercial_area_269.jpg,10,commercial_area
commercial_area/commercial_area_270.jpg,10,commercial_area
commercial_area/commercial_area_271.jpg,10,commercial_area
commercial_area/commercial_area_272.jpg,10,commercial_area
commercial_area/commercial_area_273.jpg,10,commercial_area
commercial_area/commercial_area_274.jpg,10,commercial_area
commercial_area/commercial_area_275.jpg,10,commercial_area
commercial_area/commercial_area_276.jpg,10,commercial_area
commercial_area/commercial_area_277.jpg,10,commercial_area
commercial_area/commercial_area_278.jpg,10,commercial_area
commercial_area/commercial_area_279.jpg,10,commercial_area
commercial_area/commercial_area_280.jpg,10,commercial_area
commercial_area/commercial_area_283.jpg,10,commercial_area
commercial_area/commercial_area_285.jpg,10,commercial_area
commercial_area/commercial_area_286.jpg,10,commercial_area
commercial_area/commercial_area_287.jpg,10,commercial_area
commercial_area/commercial_area_288.jpg,10,commercial_area
commercial_area/commercial_area_289.jpg,10,commercial_area
commercial_area/commercial_area_290.jpg,10,commercial_area
commercial_area/commercial_area_291.jpg,10,commercial_area
commercial_area/commercial_area_292.jpg,10,commercial_area
commercial_area/commercial_area_293.jpg,10,commercial_area
commercial_area/commercial_area_295.jpg,10,commercial_area
commercial_area/commercial_area_296.jpg,10,commercial_area
commercial_area/commercial_area_298.jpg,10,commercial_area
commercial_area/commercial_area_299.jpg,10,commercial_area
commercial_area/commercial_area_301.jpg,10,commercial_area
commercial_area/commercial_area_302.jpg,10,commercial_area
commercial_area/commercial_area_303.jpg,10,commercial_area
commercial_area/commercial_area_304.jpg,10,commercial_area
commercial_area/commercial_area_305.jpg,10,commercial_area
commercial_area/commercial_area_306.jpg,10,commercial_area
commercial_area/commercial_area_308.jpg,10,commercial_area
commercial_area/commercial_area_310.jpg,10,commercial_area
commercial_area/commercial_area_313.jpg,10,commercial_area
commercial_area/commercial_area_314.jpg,10,commercial_area
commercial_area/commercial_area_315.jpg,10,commercial_area
commercial_area/commercial_area_316.jpg,10,commercial_area
commercial_area/commercial_area_317.jpg,10,commercial_area
commercial_area/commercial_area_318.jpg,10,commercial_area
commercial_area/commercial_area_319.jpg,10,commercial_area
commercial_area/commercial_area_320.jpg,10,commercial_area
commercial_area/commercial_area_321.jpg,10,commercial_area
commercial_area/commercial_area_322.jpg,10,commercial_area
commercial_area/commercial_area_323.jpg,10,commercial_area
commercial_area/commercial_area_324.jpg,10,commercial_area
commercial_area/commercial_area_326.jpg,10,commercial_area
commercial_area/commercial_area_327.jpg,10,commercial_area
commercial_area/commercial_area_328.jpg,10,commercial_area
commercial_area/commercial_area_331.jpg,10,commercial_area
commercial_area/commercial_area_332.jpg,10,commercial_area
commercial_area/commercial_area_334.jpg,10,commercial_area
commercial_area/commercial_area_335.jpg,10,commercial_area
commercial_area/commercial_area_337.jpg,10,commercial_area
commercial_area/commercial_area_338.jpg,10,commercial_area
commercial_area/commercial_area_340.jpg,10,commercial_area
commercial_area/commercial_area_341.jpg,10,commercial_area
commercial_area/commercial_area_342.jpg,10,commercial_area
commercial_area/commercial_area_343.jpg,10,commercial_area
commercial_area/commercial_area_344.jpg,10,commercial_area
commercial_area/commercial_area_345.jpg,10,commercial_area
commercial_area/commercial_area_346.jpg,10,commercial_area
commercial_area/commercial_area_347.jpg,10,commercial_area
commercial_area/commercial_area_348.jpg,10,commercial_area
commercial_area/commercial_area_349.jpg,10,commercial_area
commercial_area/commercial_area_350.jpg,10,commercial_area
commercial_area/commercial_area_351.jpg,10,commercial_area
commercial_area/commercial_area_352.jpg,10,commercial_area
commercial_area/commercial_area_354.jpg,10,commercial_area
commercial_area/commercial_area_356.jpg,10,commercial_area
commercial_area/commercial_area_359.jpg,10,commercial_area
commercial_area/commercial_area_360.jpg,10,commercial_area
commercial_area/commercial_area_361.jpg,10,commercial_area
commercial_area/commercial_area_363.jpg,10,commercial_area
commercial_area/commercial_area_364.jpg,10,commercial_area
commercial_area/commercial_area_370.jpg,10,commercial_area
commercial_area/commercial_area_371.jpg,10,commercial_area
commercial_area/commercial_area_372.jpg,10,commercial_area
commercial_area/commercial_area_373.jpg,10,commercial_area
commercial_area/commercial_area_374.jpg,10,commercial_area
commercial_area/commercial_area_375.jpg,10,commercial_area
commercial_area/commercial_area_376.jpg,10,commercial_area
commercial_area/commercial_area_379.jpg,10,commercial_area
commercial_area/commercial_area_381.jpg,10,commercial_area
commercial_area/commercial_area_383.jpg,10,commercial_area
commercial_area/commercial_area_384.jpg,10,commercial_area
commercial_area/commercial_area_385.jpg,10,commercial_area
commercial_area/commercial_area_386.jpg,10,commercial_area
commercial_area/commercial_area_387.jpg,10,commercial_area
commercial_area/commercial_area_388.jpg,10,commercial_area
commercial_area/commercial_area_389.jpg,10,commercial_area
commercial_area/commercial_area_390.jpg,10,commercial_area
commercial_area/commercial_area_391.jpg,10,commercial_area
commercial_area/commercial_area_392.jpg,10,commercial_area
commercial_area/commercial_area_393.jpg,10,commercial_area
commercial_area/commercial_area_395.jpg,10,commercial_area
commercial_area/commercial_area_398.jpg,10,commercial_area
commercial_area/commercial_area_400.jpg,10,commercial_area
commercial_area/commercial_area_401.jpg,10,commercial_area
commercial_area/commercial_area_404.jpg,10,commercial_area
commercial_area/commercial_area_406.jpg,10,commercial_area
commercial_area/commercial_area_407.jpg,10,commercial_area
commercial_area/commercial_area_408.jpg,10,commercial_area
commercial_area/commercial_area_411.jpg,10,commercial_area
commercial_area/commercial_area_412.jpg,10,commercial_area
commercial_area/commercial_area_413.jpg,10,commercial_area
commercial_area/commercial_area_417.jpg,10,commercial_area
commercial_area/commercial_area_418.jpg,10,commercial_area
commercial_area/commercial_area_419.jpg,10,commercial_area
commercial_area/commercial_area_423.jpg,10,commercial_area
commercial_area/commercial_area_424.jpg,10,commercial_area
commercial_area/commercial_area_426.jpg,10,commercial_area
commercial_area/commercial_area_427.jpg,10,commercial_area
commercial_area/commercial_area_430.jpg,10,commercial_area
commercial_area/commercial_area_431.jpg,10,commercial_area
commercial_area/commercial_area_432.jpg,10,commercial_area
commercial_area/commercial_area_435.jpg,10,commercial_area
commercial_area/commercial_area_436.jpg,10,commercial_area
commercial_area/commercial_area_437.jpg,10,commercial_area
commercial_area/commercial_area_438.jpg,10,commercial_area
commercial_area/commercial_area_439.jpg,10,commercial_area
commercial_area/commercial_area_440.jpg,10,commercial_area
commercial_area/commercial_area_441.jpg,10,commercial_area
commercial_area/commercial_area_442.jpg,10,commercial_area
commercial_area/commercial_area_443.jpg,10,commercial_area
commercial_area/commercial_area_445.jpg,10,commercial_area
commercial_area/commercial_area_447.jpg,10,commercial_area
commercial_area/commercial_area_448.jpg,10,commercial_area
commercial_area/commercial_area_449.jpg,10,commercial_area
commercial_area/commercial_area_450.jpg,10,commercial_area
commercial_area/commercial_area_451.jpg,10,commercial_area
commercial_area/commercial_area_454.jpg,10,commercial_area
commercial_area/commercial_area_455.jpg,10,commercial_area
commercial_area/commercial_area_456.jpg,10,commercial_area
commercial_area/commercial_area_457.jpg,10,commercial_area
commercial_area/commercial_area_458.jpg,10,commercial_area
commercial_area/commercial_area_460.jpg,10,commercial_area
commercial_area/commercial_area_462.jpg,10,commercial_area
commercial_area/commercial_area_463.jpg,10,commercial_area
commercial_area/commercial_area_465.jpg,10,commercial_area
commercial_area/commercial_area_466.jpg,10,commercial_area
commercial_area/commercial_area_467.jpg,10,commercial_area
commercial_area/commercial_area_470.jpg,10,commercial_area
commercial_area/commercial_area_471.jpg,10,commercial_area
commercial_area/commercial_area_473.jpg,10,commercial_area
commercial_area/commercial_area_476.jpg,10,commercial_area
commercial_area/commercial_area_477.jpg,10,commercial_area
commercial_area/commercial_area_479.jpg,10,commercial_area
commercial_area/commercial_area_481.jpg,10,commercial_area
commercial_area/commercial_area_483.jpg,10,commercial_area
commercial_area/commercial_area_484.jpg,10,commercial_area
commercial_area/commercial_area_486.jpg,10,commercial_area
commercial_area/commercial_area_488.jpg,10,commercial_area
commercial_area/commercial_area_489.jpg,10,commercial_area
commercial_area/commercial_area_490.jpg,10,commercial_area
commercial_area/commercial_area_491.jpg,10,commercial_area
commercial_area/commercial_area_492.jpg,10,commercial_area
commercial_area/commercial_area_493.jpg,10,commercial_area
commercial_area/commercial_area_494.jpg,10,commercial_area
commercial_area/commercial_area_495.jpg,10,commercial_area
commercial_area/commercial_area_497.jpg,10,commercial_area
commercial_area/commercial_area_498.jpg,10,commercial_area
commercial_area/commercial_area_499.jpg,10,commercial_area
commercial_area/commercial_area_500.jpg,10,commercial_area
commercial_area/commercial_area_501.jpg,10,commercial_area
commercial_area/commercial_area_502.jpg,10,commercial_area
commercial_area/commercial_area_504.jpg,10,commercial_area
commercial_area/commercial_area_505.jpg,10,commercial_area
commercial_area/commercial_area_506.jpg,10,commercial_area
commercial_area/commercial_area_508.jpg,10,commercial_area
commercial_area/commercial_area_509.jpg,10,commercial_area
commercial_area/commercial_area_511.jpg,10,commercial_area
commercial_area/commercial_area_512.jpg,10,commercial_area
commercial_area/commercial_area_514.jpg,10,commercial_area
commercial_area/commercial_area_515.jpg,10,commercial_area
commercial_area/commercial_area_516.jpg,10,commercial_area
commercial_area/commercial_area_518.jpg,10,commercial_area
commercial_area/commercial_area_519.jpg,10,commercial_area
commercial_area/commercial_area_520.jpg,10,commercial_area
commercial_area/commercial_area_523.jpg,10,commercial_area
commercial_area/commercial_area_525.jpg,10,commercial_area
commercial_area/commercial_area_526.jpg,10,commercial_area
commercial_area/commercial_area_527.jpg,10,commercial_area
commercial_area/commercial_area_529.jpg,10,commercial_area
commercial_area/commercial_area_531.jpg,10,commercial_area
commercial_area/commercial_area_532.jpg,10,commercial_area
commercial_area/commercial_area_533.jpg,10,commercial_area
commercial_area/commercial_area_534.jpg,10,commercial_area
commercial_area/commercial_area_535.jpg,10,commercial_area
commercial_area/commercial_area_536.jpg,10,commercial_area
commercial_area/commercial_area_537.jpg,10,commercial_area
commercial_area/commercial_area_538.jpg,10,commercial_area
commercial_area/commercial_area_540.jpg,10,commercial_area
commercial_area/commercial_area_541.jpg,10,commercial_area
commercial_area/commercial_area_542.jpg,10,commercial_area
commercial_area/commercial_area_543.jpg,10,commercial_area
commercial_area/commercial_area_546.jpg,10,commercial_area
commercial_area/commercial_area_547.jpg,10,commercial_area
commercial_area/commercial_area_548.jpg,10,commercial_area
commercial_area/commercial_area_550.jpg,10,commercial_area
commercial_area/commercial_area_551.jpg,10,commercial_area
commercial_area/commercial_area_552.jpg,10,commercial_area
commercial_area/commercial_area_553.jpg,10,commercial_area
commercial_area/commercial_area_554.jpg,10,commercial_area
commercial_area/commercial_area_555.jpg,10,commercial_area
commercial_area/commercial_area_557.jpg,10,commercial_area
commercial_area/commercial_area_558.jpg,10,commercial_area
commercial_area/commercial_area_559.jpg,10,commercial_area
commercial_area/commercial_area_560.jpg,10,commercial_area
commercial_area/commercial_area_562.jpg,10,commercial_area
commercial_area/commercial_area_563.jpg,10,commercial_area
commercial_area/commercial_area_564.jpg,10,commercial_area
commercial_area/commercial_area_565.jpg,10,commercial_area
commercial_area/commercial_area_566.jpg,10,commercial_area
commercial_area/commercial_area_567.jpg,10,commercial_area
commercial_area/commercial_area_569.jpg,10,commercial_area
commercial_area/commercial_area_571.jpg,10,commercial_area
commercial_area/commercial_area_572.jpg,10,commercial_area
commercial_area/commercial_area_574.jpg,10,commercial_area
commercial_area/commercial_area_575.jpg,10,commercial_area
commercial_area/commercial_area_576.jpg,10,commercial_area
commercial_area/commercial_area_578.jpg,10,commercial_area
commercial_area/commercial_area_580.jpg,10,commercial_area
commercial_area/commercial_area_581.jpg,10,commercial_area
commercial_area/commercial_area_582.jpg,10,commercial_area
commercial_area/commercial_area_583.jpg,10,commercial_area
commercial_area/commercial_area_584.jpg,10,commercial_area
commercial_area/commercial_area_585.jpg,10,commercial_area
commercial_area/commercial_area_587.jpg,10,commercial_area
commercial_area/commercial_area_591.jpg,10,commercial_area
commercial_area/commercial_area_596.jpg,10,commercial_area
commercial_area/commercial_area_597.jpg,10,commercial_area
commercial_area/commercial_area_598.jpg,10,commercial_area
commercial_area/commercial_area_599.jpg,10,commercial_area
commercial_area/commercial_area_600.jpg,10,commercial_area
commercial_area/commercial_area_601.jpg,10,commercial_area
commercial_area/commercial_area_603.jpg,10,commercial_area
commercial_area/commercial_area_604.jpg,10,commercial_area
commercial_area/commercial_area_607.jpg,10,commercial_area
commercial_area/commercial_area_609.jpg,10,commercial_area
commercial_area/commercial_area_610.jpg,10,commercial_area
commercial_area/commercial_area_611.jpg,10,commercial_area
commercial_area/commercial_area_612.jpg,10,commercial_area
commercial_area/commercial_area_613.jpg,10,commercial_area
commercial_area/commercial_area_617.jpg,10,commercial_area
commercial_area/commercial_area_621.jpg,10,commercial_area
commercial_area/commercial_area_623.jpg,10,commercial_area
commercial_area/commercial_area_624.jpg,10,commercial_area
commercial_area/commercial_area_625.jpg,10,commercial_area
commercial_area/commercial_area_626.jpg,10,commercial_area
commercial_area/commercial_area_627.jpg,10,commercial_area
commercial_area/commercial_area_628.jpg,10,commercial_area
commercial_area/commercial_area_630.jpg,10,commercial_area
commercial_area/commercial_area_631.jpg,10,commercial_area
commercial_area/commercial_area_632.jpg,10,commercial_area
commercial_area/commercial_area_633.jpg,10,commercial_area
commercial_area/commercial_area_637.jpg,10,commercial_area
commercial_area/commercial_area_640.jpg,10,commercial_area
commercial_area/commercial_area_641.jpg,10,commercial_area
commercial_area/commercial_area_642.jpg,10,commercial_area
commercial_area/commercial_area_644.jpg,10,commercial_area
commercial_area/commercial_area_645.jpg,10,commercial_area
commercial_area/commercial_area_646.jpg,10,commercial_area
commercial_area/commercial_area_648.jpg,10,commercial_area
commercial_area/commercial_area_650.jpg,10,commercial_area
commercial_area/commercial_area_651.jpg,10,commercial_area
commercial_area/commercial_area_653.jpg,10,commercial_area
commercial_area/commercial_area_654.jpg,10,commercial_area
commercial_area/commercial_area_657.jpg,10,commercial_area
commercial_area/commercial_area_658.jpg,10,commercial_area
commercial_area/commercial_area_659.jpg,10,commercial_area
commercial_area/commercial_area_661.jpg,10,commercial_area
commercial_area/commercial_area_662.jpg,10,commercial_area
commercial_area/commercial_area_663.jpg,10,commercial_area
commercial_area/commercial_area_664.jpg,10,commercial_area
commercial_area/commercial_area_665.jpg,10,commercial_area
commercial_area/commercial_area_666.jpg,10,commercial_area
commercial_area/commercial_area_667.jpg,10,commercial_area
commercial_area/commercial_area_669.jpg,10,commercial_area
commercial_area/commercial_area_671.jpg,10,commercial_area
commercial_area/commercial_area_672.jpg,10,commercial_area
commercial_area/commercial_area_673.jpg,10,commercial_area
commercial_area/commercial_area_675.jpg,10,commercial_area
commercial_area/commercial_area_676.jpg,10,commercial_area
commercial_area/commercial_area_677.jpg,10,commercial_area
commercial_area/commercial_area_678.jpg,10,commercial_area
commercial_area/commercial_area_680.jpg,10,commercial_area
commercial_area/commercial_area_681.jpg,10,commercial_area
commercial_area/commercial_area_682.jpg,10,commercial_area
commercial_area/commercial_area_683.jpg,10,commercial_area
commercial_area/commercial_area_684.jpg,10,commercial_area
commercial_area/commercial_area_685.jpg,10,commercial_area
commercial_area/commercial_area_686.jpg,10,commercial_area
commercial_area/commercial_area_688.jpg,10,commercial_area
commercial_area/commercial_area_691.jpg,10,commercial_area
commercial_area/commercial_area_692.jpg,10,commercial_area
commercial_area/commercial_area_693.jpg,10,commercial_area
commercial_area/commercial_area_696.jpg,10,commercial_area
commercial_area/commercial_area_697.jpg,10,commercial_area
commercial_area/commercial_area_698.jpg,10,commercial_area
commercial_area/commercial_area_699.jpg,10,commercial_area
commercial_area/commercial_area_700.jpg,10,commercial_area
dense_residential/dense_residential_003.jpg,11,dense_residential
dense_residential/dense_residential_004.jpg,11,dense_residential
dense_residential/dense_residential_005.jpg,11,dense_residential
dense_residential/dense_residential_008.jpg,11,dense_residential
dense_residential/dense_residential_010.jpg,11,dense_residential
dense_residential/dense_residential_011.jpg,11,dense_residential
dense_residential/dense_residential_013.jpg,11,dense_residential
dense_residential/dense_residential_015.jpg,11,dense_residential
dense_residential/dense_residential_017.jpg,11,dense_residential
dense_residential/dense_residential_018.jpg,11,dense_residential
dense_residential/dense_residential_019.jpg,11,dense_residential
dense_residential/dense_residential_022.jpg,11,dense_residential
dense_residential/dense_residential_023.jpg,11,dense_residential
dense_residential/dense_residential_024.jpg,11,dense_residential
dense_residential/dense_residential_025.jpg,11,dense_residential
dense_residential/dense_residential_026.jpg,11,dense_residential
dense_residential/dense_residential_027.jpg,11,dense_residential
dense_residential/dense_residential_030.jpg,11,dense_residential
dense_residential/dense_residential_033.jpg,11,dense_residential
dense_residential/dense_residential_034.jpg,11,dense_residential
dense_residential/dense_residential_035.jpg,11,dense_residential
dense_residential/dense_residential_037.jpg,11,dense_residential
dense_residential/dense_residential_038.jpg,11,dense_residential
dense_residential/dense_residential_040.jpg,11,dense_residential
dense_residential/dense_residential_041.jpg,11,dense_residential
dense_residential/dense_residential_043.jpg,11,dense_residential
dense_residential/dense_residential_044.jpg,11,dense_residential
dense_residential/dense_residential_045.jpg,11,dense_residential
dense_residential/dense_residential_047.jpg,11,dense_residential
dense_residential/dense_residential_048.jpg,11,dense_residential
dense_residential/dense_residential_050.jpg,11,dense_residential
dense_residential/dense_residential_051.jpg,11,dense_residential
dense_residential/dense_residential_052.jpg,11,dense_residential
dense_residential/dense_residential_053.jpg,11,dense_residential
dense_residential/dense_residential_054.jpg,11,dense_residential
dense_residential/dense_residential_055.jpg,11,dense_residential
dense_residential/dense_residential_057.jpg,11,dense_residential
dense_residential/dense_residential_060.jpg,11,dense_residential
dense_residential/dense_residential_061.jpg,11,dense_residential
dense_residential/dense_residential_063.jpg,11,dense_residential
dense_residential/dense_residential_064.jpg,11,dense_residential
dense_residential/dense_residential_065.jpg,11,dense_residential
dense_residential/dense_residential_070.jpg,11,dense_residential
dense_residential/dense_residential_071.jpg,11,dense_residential
dense_residential/dense_residential_072.jpg,11,dense_residential
dense_residential/dense_residential_076.jpg,11,dense_residential
dense_residential/dense_residential_077.jpg,11,dense_residential
dense_residential/dense_residential_078.jpg,11,dense_residential
dense_residential/dense_residential_079.jpg,11,dense_residential
dense_residential/dense_residential_080.jpg,11,dense_residential
dense_residential/dense_residential_081.jpg,11,dense_residential
dense_residential/dense_residential_083.jpg,11,dense_residential
dense_residential/dense_residential_085.jpg,11,dense_residential
dense_residential/dense_residential_086.jpg,11,dense_residential
dense_residential/dense_residential_087.jpg,11,dense_residential
dense_residential/dense_residential_088.jpg,11,dense_residential
dense_residential/dense_residential_089.jpg,11,dense_residential
dense_residential/dense_residential_090.jpg,11,dense_residential
dense_residential/dense_residential_091.jpg,11,dense_residential
dense_residential/dense_residential_092.jpg,11,dense_residential
dense_residential/dense_residential_094.jpg,11,dense_residential
dense_residential/dense_residential_095.jpg,11,dense_residential
dense_residential/dense_residential_096.jpg,11,dense_residential
dense_residential/dense_residential_097.jpg,11,dense_residential
dense_residential/dense_residential_098.jpg,11,dense_residential
dense_residential/dense_residential_104.jpg,11,dense_residential
dense_residential/dense_residential_107.jpg,11,dense_residential
dense_residential/dense_residential_108.jpg,11,dense_residential
dense_residential/dense_residential_110.jpg,11,dense_residential
dense_residential/dense_residential_111.jpg,11,dense_residential
dense_residential/dense_residential_113.jpg,11,dense_residential
dense_residential/dense_residential_116.jpg,11,dense_residential
dense_residential/dense_residential_118.jpg,11,dense_residential
dense_residential/dense_residential_119.jpg,11,dense_residential
dense_residential/dense_residential_120.jpg,11,dense_residential
dense_residential/dense_residential_121.jpg,11,dense_residential
dense_residential/dense_residential_122.jpg,11,dense_residential
dense_residential/dense_residential_124.jpg,11,dense_residential
dense_residential/dense_residential_126.jpg,11,dense_residential
dense_residential/dense_residential_127.jpg,11,dense_residential
dense_residential/dense_residential_128.jpg,11,dense_residential
dense_residential/dense_residential_130.jpg,11,dense_residential
dense_residential/dense_residential_131.jpg,11,dense_residential
dense_residential/dense_residential_132.jpg,11,dense_residential
dense_residential/dense_residential_133.jpg,11,dense_residential
dense_residential/dense_residential_134.jpg,11,dense_residential
dense_residential/dense_residential_135.jpg,11,dense_residential
dense_residential/dense_residential_136.jpg,11,dense_residential
dense_residential/dense_residential_137.jpg,11,dense_residential
dense_residential/dense_residential_138.jpg,11,dense_residential
dense_residential/dense_residential_139.jpg,11,dense_residential
dense_residential/dense_residential_141.jpg,11,dense_residential
dense_residential/dense_residential_142.jpg,11,dense_residential
dense_residential/dense_residential_144.jpg,11,dense_residential
dense_residential/dense_residential_145.jpg,11,dense_residential
dense_residential/dense_residential_146.jpg,11,dense_residential
dense_residential/dense_residential_147.jpg,11,dense_residential
dense_residential/dense_residential_148.jpg,11,dense_residential
dense_residential/dense_residential_149.jpg,11,dense_residential
dense_residential/dense_residential_150.jpg,11,dense_residential
dense_residential/dense_residential_151.jpg,11,dense_residential
dense_residential/dense_residential_152.jpg,11,dense_residential
dense_residential/dense_residential_153.jpg,11,dense_residential
dense_residential/dense_residential_154.jpg,11,dense_residential
dense_residential/dense_residential_155.jpg,11,dense_residential
dense_residential/dense_residential_156.jpg,11,dense_residential
dense_residential/dense_residential_158.jpg,11,dense_residential
dense_residential/dense_residential_160.jpg,11,dense_residential
dense_residential/dense_residential_162.jpg,11,dense_residential
dense_residential/dense_residential_163.jpg,11,dense_residential
dense_residential/dense_residential_164.jpg,11,dense_residential
dense_residential/dense_residential_165.jpg,11,dense_residential
dense_residential/dense_residential_166.jpg,11,dense_residential
dense_residential/dense_residential_167.jpg,11,dense_residential
dense_residential/dense_residential_168.jpg,11,dense_residential
dense_residential/dense_residential_169.jpg,11,dense_residential
dense_residential/dense_residential_170.jpg,11,dense_residential
dense_residential/dense_residential_173.jpg,11,dense_residential
dense_residential/dense_residential_174.jpg,11,dense_residential
dense_residential/dense_residential_175.jpg,11,dense_residential
dense_residential/dense_residential_177.jpg,11,dense_residential
dense_residential/dense_residential_179.jpg,11,dense_residential
dense_residential/dense_residential_180.jpg,11,dense_residential
dense_residential/dense_residential_182.jpg,11,dense_residential
dense_residential/dense_residential_183.jpg,11,dense_residential
dense_residential/dense_residential_184.jpg,11,dense_residential
dense_residential/dense_residential_185.jpg,11,dense_residential
dense_residential/dense_residential_186.jpg,11,dense_residential
dense_residential/dense_residential_187.jpg,11,dense_residential
dense_residential/dense_residential_189.jpg,11,dense_residential
dense_residential/dense_residential_190.jpg,11,dense_residential
dense_residential/dense_residential_191.jpg,11,dense_residential
dense_residential/dense_residential_192.jpg,11,dense_residential
dense_residential/dense_residential_193.jpg,11,dense_residential
dense_residential/dense_residential_194.jpg,11,dense_residential
dense_residential/dense_residential_195.jpg,11,dense_residential
dense_residential/dense_residential_196.jpg,11,dense_residential
dense_residential/dense_residential_197.jpg,11,dense_residential
dense_residential/dense_residential_198.jpg,11,dense_residential
dense_residential/dense_residential_199.jpg,11,dense_residential
dense_residential/dense_residential_200.jpg,11,dense_residential
dense_residential/dense_residential_201.jpg,11,dense_residential
dense_residential/dense_residential_202.jpg,11,dense_residential
dense_residential/dense_residential_203.jpg,11,dense_residential
dense_residential/dense_residential_205.jpg,11,dense_residential
dense_residential/dense_residential_206.jpg,11,dense_residential
dense_residential/dense_residential_213.jpg,11,dense_residential
dense_residential/dense_residential_214.jpg,11,dense_residential
dense_residential/dense_residential_217.jpg,11,dense_residential
dense_residential/dense_residential_218.jpg,11,dense_residential
dense_residential/dense_residential_219.jpg,11,dense_residential
dense_residential/dense_residential_222.jpg,11,dense_residential
dense_residential/dense_residential_223.jpg,11,dense_residential
dense_residential/dense_residential_224.jpg,11,dense_residential
dense_residential/dense_residential_226.jpg,11,dense_residential
dense_residential/dense_residential_227.jpg,11,dense_residential
dense_residential/dense_residential_228.jpg,11,dense_residential
dense_residential/dense_residential_230.jpg,11,dense_residential
dense_residential/dense_residential_232.jpg,11,dense_residential
dense_residential/dense_residential_233.jpg,11,dense_residential
dense_residential/dense_residential_234.jpg,11,dense_residential
dense_residential/dense_residential_235.jpg,11,dense_residential
dense_residential/dense_residential_236.jpg,11,dense_residential
dense_residential/dense_residential_237.jpg,11,dense_residential
dense_residential/dense_residential_239.jpg,11,dense_residential
dense_residential/dense_residential_240.jpg,11,dense_residential
dense_residential/dense_residential_241.jpg,11,dense_residential
dense_residential/dense_residential_242.jpg,11,dense_residential
dense_residential/dense_residential_244.jpg,11,dense_residential
dense_residential/dense_residential_245.jpg,11,dense_residential
dense_residential/dense_residential_246.jpg,11,dense_residential
dense_residential/dense_residential_247.jpg,11,dense_residential
dense_residential/dense_residential_248.jpg,11,dense_residential
dense_residential/dense_residential_250.jpg,11,dense_residential
dense_residential/dense_residential_251.jpg,11,dense_residential
dense_residential/dense_residential_252.jpg,11,dense_residential
dense_residential/dense_residential_253.jpg,11,dense_residential
dense_residential/dense_residential_254.jpg,11,dense_residential
dense_residential/dense_residential_256.jpg,11,dense_residential
dense_residential/dense_residential_257.jpg,11,dense_residential
dense_residential/dense_residential_258.jpg,11,dense_residential
dense_residential/dense_residential_261.jpg,11,dense_residential
dense_residential/dense_residential_262.jpg,11,dense_residential
dense_residential/dense_residential_263.jpg,11,dense_residential
dense_residential/dense_residential_264.jpg,11,dense_residential
dense_residential/dense_residential_265.jpg,11,dense_residential
dense_residential/dense_residential_266.jpg,11,dense_residential
dense_residential/dense_residential_267.jpg,11,dense_residential
dense_residential/dense_residential_268.jpg,11,dense_residential
dense_residential/dense_residential_269.jpg,11,dense_residential
dense_residential/dense_residential_272.jpg,11,dense_residential
dense_residential/dense_residential_273.jpg,11,dense_residential
dense_residential/dense_residential_274.jpg,11,dense_residential
dense_residential/dense_residential_275.jpg,11,dense_residential
dense_residential/dense_residential_277.jpg,11,dense_residential
dense_residential/dense_residential_278.jpg,11,dense_residential
dense_residential/dense_residential_279.jpg,11,dense_residential
dense_residential/dense_residential_280.jpg,11,dense_residential
dense_residential/dense_residential_281.jpg,11,dense_residential
dense_residential/dense_residential_282.jpg,11,dense_residential
dense_residential/dense_residential_284.jpg,11,dense_residential
dense_residential/dense_residential_286.jpg,11,dense_residential
dense_residential/dense_residential_287.jpg,11,dense_residential
dense_residential/dense_residential_288.jpg,11,dense_residential
dense_residential/dense_residential_289.jpg,11,dense_residential
dense_residential/dense_residential_290.jpg,11,dense_residential
dense_residential/dense_residential_291.jpg,11,dense_residential
dense_residential/dense_residential_293.jpg,11,dense_residential
dense_residential/dense_residential_294.jpg,11,dense_residential
dense_residential/dense_residential_295.jpg,11,dense_residential
dense_residential/dense_residential_296.jpg,11,dense_residential
dense_residential/dense_residential_298.jpg,11,dense_residential
dense_residential/dense_residential_300.jpg,11,dense_residential
dense_residential/dense_residential_301.jpg,11,dense_residential
dense_residential/dense_residential_302.jpg,11,dense_residential
dense_residential/dense_residential_303.jpg,11,dense_residential
dense_residential/dense_residential_304.jpg,11,dense_residential
dense_residential/dense_residential_305.jpg,11,dense_residential
dense_residential/dense_residential_306.jpg,11,dense_residential
dense_residential/dense_residential_308.jpg,11,dense_residential
dense_residential/dense_residential_309.jpg,11,dense_residential
dense_residential/dense_residential_311.jpg,11,dense_residential
dense_residential/dense_residential_312.jpg,11,dense_residential
dense_residential/dense_residential_313.jpg,11,dense_residential
dense_residential/dense_residential_316.jpg,11,dense_residential
dense_residential/dense_residential_317.jpg,11,dense_residential
dense_residential/dense_residential_318.jpg,11,dense_residential
dense_residential/dense_residential_319.jpg,11,dense_residential
dense_residential/dense_residential_321.jpg,11,dense_residential
dense_residential/dense_residential_322.jpg,11,dense_residential
dense_residential/dense_residential_323.jpg,11,dense_residential
dense_residential/dense_residential_324.jpg,11,dense_residential
dense_residential/dense_residential_327.jpg,11,dense_residential
dense_residential/dense_residential_328.jpg,11,dense_residential
dense_residential/dense_residential_329.jpg,11,dense_residential
dense_residential/dense_residential_330.jpg,11,dense_residential
dense_residential/dense_residential_332.jpg,11,dense_residential
dense_residential/dense_residential_334.jpg,11,dense_residential
dense_residential/dense_residential_338.jpg,11,dense_residential
dense_residential/dense_residential_339.jpg,11,dense_residential
dense_residential/dense_residential_340.jpg,11,dense_residential
dense_residential/dense_residential_341.jpg,11,dense_residential
dense_residential/dense_residential_343.jpg,11,dense_residential
dense_residential/dense_residential_344.jpg,11,dense_residential
dense_residential/dense_residential_345.jpg,11,dense_residential
dense_residential/dense_residential_346.jpg,11,dense_residential
dense_residential/dense_residential_347.jpg,11,dense_residential
dense_residential/dense_residential_348.jpg,11,dense_residential
dense_residential/dense_residential_349.jpg,11,dense_residential
dense_residential/dense_residential_350.jpg,11,dense_residential
dense_residential/dense_residential_351.jpg,11,dense_residential
dense_residential/dense_residential_352.jpg,11,dense_residential
dense_residential/dense_residential_353.jpg,11,dense_residential
dense_residential/dense_residential_354.jpg,11,dense_residential
dense_residential/dense_residential_355.jpg,11,dense_residential
dense_residential/dense_residential_358.jpg,11,dense_residential
dense_residential/dense_residential_359.jpg,11,dense_residential
dense_residential/dense_residential_360.jpg,11,dense_residential
dense_residential/dense_residential_361.jpg,11,dense_residential
dense_residential/dense_residential_363.jpg,11,dense_residential
dense_residential/dense_residential_364.jpg,11,dense_residential
dense_residential/dense_residential_366.jpg,11,dense_residential
dense_residential/dense_residential_367.jpg,11,dense_residential
dense_residential/dense_residential_369.jpg,11,dense_residential
dense_residential/dense_residential_370.jpg,11,dense_residential
dense_residential/dense_residential_371.jpg,11,dense_residential
dense_residential/dense_residential_374.jpg,11,dense_residential
dense_residential/dense_residential_375.jpg,11,dense_residential
dense_residential/dense_residential_376.jpg,11,dense_residential
dense_residential/dense_residential_377.jpg,11,dense_residential
dense_residential/dense_residential_378.jpg,11,dense_residential
dense_residential/dense_residential_379.jpg,11,dense_residential
dense_residential/dense_residential_380.jpg,11,dense_residential
dense_residential/dense_residential_381.jpg,11,dense_residential
dense_residential/dense_residential_382.jpg,11,dense_residential
dense_residential/dense_residential_383.jpg,11,dense_residential
dense_residential/dense_residential_385.jpg,11,dense_residential
dense_residential/dense_residential_386.jpg,11,dense_residential
dense_residential/dense_residential_392.jpg,11,dense_residential
dense_residential/dense_residential_393.jpg,11,dense_residential
dense_residential/dense_residential_395.jpg,11,dense_residential
dense_residential/dense_residential_396.jpg,11,dense_residential
dense_residential/dense_residential_398.jpg,11,dense_residential
dense_residential/dense_residential_399.jpg,11,dense_residential
dense_residential/dense_residential_400.jpg,11,dense_residential
dense_residential/dense_residential_401.jpg,11,dense_residential
dense_residential/dense_residential_402.jpg,11,dense_residential
dense_residential/dense_residential_403.jpg,11,dense_residential
dense_residential/dense_residential_405.jpg,11,dense_residential
dense_residential/dense_residential_406.jpg,11,dense_residential
dense_residential/dense_residential_408.jpg,11,dense_residential
dense_residential/dense_residential_409.jpg,11,dense_residential
dense_residential/dense_residential_410.jpg,11,dense_residential
dense_residential/dense_residential_411.jpg,11,dense_residential
dense_residential/dense_residential_413.jpg,11,dense_residential
dense_residential/dense_residential_414.jpg,11,dense_residential
dense_residential/dense_residential_415.jpg,11,dense_residential
dense_residential/dense_residential_416.jpg,11,dense_residential
dense_residential/dense_residential_417.jpg,11,dense_residential
dense_residential/dense_residential_418.jpg,11,dense_residential
dense_residential/dense_residential_419.jpg,11,dense_residential
dense_residential/dense_residential_420.jpg,11,dense_residential
dense_residential/dense_residential_421.jpg,11,dense_residential
dense_residential/dense_residential_422.jpg,11,dense_residential
dense_residential/dense_residential_423.jpg,11,dense_residential
dense_residential/dense_residential_424.jpg,11,dense_residential
dense_residential/dense_residential_427.jpg,11,dense_residential
dense_residential/dense_residential_428.jpg,11,dense_residential
dense_residential/dense_residential_430.jpg,11,dense_residential
dense_residential/dense_residential_431.jpg,11,dense_residential
dense_residential/dense_residential_435.jpg,11,dense_residential
dense_residential/dense_residential_436.jpg,11,dense_residential
dense_residential/dense_residential_437.jpg,11,dense_residential
dense_residential/dense_residential_438.jpg,11,dense_residential
dense_residential/dense_residential_440.jpg,11,dense_residential
dense_residential/dense_residential_443.jpg,11,dense_residential
dense_residential/dense_residential_444.jpg,11,dense_residential
dense_residential/dense_residential_445.jpg,11,dense_residential
dense_residential/dense_residential_446.jpg,11,dense_residential
dense_residential/dense_residential_447.jpg,11,dense_residential
dense_residential/dense_residential_448.jpg,11,dense_residential
dense_residential/dense_residential_450.jpg,11,dense_residential
dense_residential/dense_residential_451.jpg,11,dense_residential
dense_residential/dense_residential_452.jpg,11,dense_residential
dense_residential/dense_residential_453.jpg,11,dense_residential
dense_residential/dense_residential_454.jpg,11,dense_residential
dense_residential/dense_residential_456.jpg,11,dense_residential
dense_residential/dense_residential_457.jpg,11,dense_residential
dense_residential/dense_residential_459.jpg,11,dense_residential
dense_residential/dense_residential_460.jpg,11,dense_residential
dense_residential/dense_residential_461.jpg,11,dense_residential
dense_residential/dense_residential_463.jpg,11,dense_residential
dense_residential/dense_residential_465.jpg,11,dense_residential
dense_residential/dense_residential_467.jpg,11,dense_residential
dense_residential/dense_residential_468.jpg,11,dense_residential
dense_residential/dense_residential_469.jpg,11,dense_residential
dense_residential/dense_residential_470.jpg,11,dense_residential
dense_residential/dense_residential_471.jpg,11,dense_residential
dense_residential/dense_residential_472.jpg,11,dense_residential
dense_residential/dense_residential_474.jpg,11,dense_residential
dense_residential/dense_residential_475.jpg,11,dense_residential
dense_residential/dense_residential_476.jpg,11,dense_residential
dense_residential/dense_residential_477.jpg,11,dense_residential
dense_residential/dense_residential_480.jpg,11,dense_residential
dense_residential/dense_residential_481.jpg,11,dense_residential
dense_residential/dense_residential_485.jpg,11,dense_residential
dense_residential/dense_residential_486.jpg,11,dense_residential
dense_residential/dense_residential_487.jpg,11,dense_residential
dense_residential/dense_residential_488.jpg,11,dense_residential
dense_residential/dense_residential_489.jpg,11,dense_residential
dense_residential/dense_residential_490.jpg,11,dense_residential
dense_residential/dense_residential_491.jpg,11,dense_residential
dense_residential/dense_residential_493.jpg,11,dense_residential
dense_residential/dense_residential_494.jpg,11,dense_residential
dense_residential/dense_residential_496.jpg,11,dense_residential
dense_residential/dense_residential_497.jpg,11,dense_residential
dense_residential/dense_residential_500.jpg,11,dense_residential
dense_residential/dense_residential_501.jpg,11,dense_residential
dense_residential/dense_residential_503.jpg,11,dense_residential
dense_residential/dense_residential_504.jpg,11,dense_residential
dense_residential/dense_residential_507.jpg,11,dense_residential
dense_residential/dense_residential_508.jpg,11,dense_residential
dense_residential/dense_residential_509.jpg,11,dense_residential
dense_residential/dense_residential_510.jpg,11,dense_residential
dense_residential/dense_residential_512.jpg,11,dense_residential
dense_residential/dense_residential_513.jpg,11,dense_residential
dense_residential/dense_residential_515.jpg,11,dense_residential
dense_residential/dense_residential_516.jpg,11,dense_residential
dense_residential/dense_residential_517.jpg,11,dense_residential
dense_residential/dense_residential_518.jpg,11,dense_residential
dense_residential/dense_residential_519.jpg,11,dense_residential
dense_residential/dense_residential_520.jpg,11,dense_residential
dense_residential/dense_residential_522.jpg,11,dense_residential
dense_residential/dense_residential_523.jpg,11,dense_residential
dense_residential/dense_residential_524.jpg,11,dense_residential
dense_residential/dense_residential_527.jpg,11,dense_residential
dense_residential/dense_residential_528.jpg,11,dense_residential
dense_residential/dense_residential_529.jpg,11,dense_residential
dense_residential/dense_residential_530.jpg,11,dense_residential
dense_residential/dense_residential_531.jpg,11,dense_residential
dense_residential/dense_residential_532.jpg,11,dense_residential
dense_residential/dense_residential_533.jpg,11,dense_residential
dense_residential/dense_residential_535.jpg,11,dense_residential
dense_residential/dense_residential_539.jpg,11,dense_residential
dense_residential/dense_residential_542.jpg,11,dense_residential
dense_residential/dense_residential_543.jpg,11,dense_residential
dense_residential/dense_residential_544.jpg,11,dense_residential
dense_residential/dense_residential_545.jpg,11,dense_residential
dense_residential/dense_residential_546.jpg,11,dense_residential
dense_residential/dense_residential_548.jpg,11,dense_residential
dense_residential/dense_residential_551.jpg,11,dense_residential
dense_residential/dense_residential_552.jpg,11,dense_residential
dense_residential/dense_residential_553.jpg,11,dense_residential
dense_residential/dense_residential_555.jpg,11,dense_residential
dense_residential/dense_residential_556.jpg,11,dense_residential
dense_residential/dense_residential_557.jpg,11,dense_residential
dense_residential/dense_residential_558.jpg,11,dense_residential
dense_residential/dense_residential_559.jpg,11,dense_residential
dense_residential/dense_residential_560.jpg,11,dense_residential
dense_residential/dense_residential_561.jpg,11,dense_residential
dense_residential/dense_residential_562.jpg,11,dense_residential
dense_residential/dense_residential_563.jpg,11,dense_residential
dense_residential/dense_residential_564.jpg,11,dense_residential
dense_residential/dense_residential_566.jpg,11,dense_residential
dense_residential/dense_residential_567.jpg,11,dense_residential
dense_residential/dense_residential_568.jpg,11,dense_residential
dense_residential/dense_residential_569.jpg,11,dense_residential
dense_residential/dense_residential_572.jpg,11,dense_residential
dense_residential/dense_residential_573.jpg,11,dense_residential
dense_residential/dense_residential_575.jpg,11,dense_residential
dense_residential/dense_residential_576.jpg,11,dense_residential
dense_residential/dense_residential_579.jpg,11,dense_residential
dense_residential/dense_residential_582.jpg,11,dense_residential
dense_residential/dense_residential_583.jpg,11,dense_residential
dense_residential/dense_residential_585.jpg,11,dense_residential
dense_residential/dense_residential_586.jpg,11,dense_residential
dense_residential/dense_residential_587.jpg,11,dense_residential
dense_residential/dense_residential_588.jpg,11,dense_residential
dense_residential/dense_residential_589.jpg,11,dense_residential
dense_residential/dense_residential_590.jpg,11,dense_residential
dense_residential/dense_residential_594.jpg,11,dense_residential
dense_residential/dense_residential_595.jpg,11,dense_residential
dense_residential/dense_residential_596.jpg,11,dense_residential
dense_residential/dense_residential_597.jpg,11,dense_residential
dense_residential/dense_residential_598.jpg,11,dense_residential
dense_residential/dense_residential_600.jpg,11,dense_residential
dense_residential/dense_residential_601.jpg,11,dense_residential
dense_residential/dense_residential_604.jpg,11,dense_residential
dense_residential/dense_residential_607.jpg,11,dense_residential
dense_residential/dense_residential_608.jpg,11,dense_residential
dense_residential/dense_residential_609.jpg,11,dense_residential
dense_residential/dense_residential_610.jpg,11,dense_residential
dense_residential/dense_residential_611.jpg,11,dense_residential
dense_residential/dense_residential_612.jpg,11,dense_residential
dense_residential/dense_residential_613.jpg,11,dense_residential
dense_residential/dense_residential_616.jpg,11,dense_residential
dense_residential/dense_residential_617.jpg,11,dense_residential
dense_residential/dense_residential_618.jpg,11,dense_residential
dense_residential/dense_residential_619.jpg,11,dense_residential
dense_residential/dense_residential_622.jpg,11,dense_residential
dense_residential/dense_residential_623.jpg,11,dense_residential
dense_residential/dense_residential_625.jpg,11,dense_residential
dense_residential/dense_residential_626.jpg,11,dense_residential
dense_residential/dense_residential_627.jpg,11,dense_residential
dense_residential/dense_residential_629.jpg,11,dense_residential
dense_residential/dense_residential_631.jpg,11,dense_residential
dense_residential/dense_residential_632.jpg,11,dense_residential
dense_residential/dense_residential_633.jpg,11,dense_residential
dense_residential/dense_residential_634.jpg,11,dense_residential
dense_residential/dense_residential_635.jpg,11,dense_residential
dense_residential/dense_residential_638.jpg,11,dense_residential
dense_residential/dense_residential_641.jpg,11,dense_residential
dense_residential/dense_residential_642.jpg,11,dense_residential
dense_residential/dense_residential_648.jpg,11,dense_residential
dense_residential/dense_residential_649.jpg,11,dense_residential
dense_residential/dense_residential_650.jpg,11,dense_residential
dense_residential/dense_residential_651.jpg,11,dense_residential
dense_residential/dense_residential_652.jpg,11,dense_residential
dense_residential/dense_residential_653.jpg,11,dense_residential
dense_residential/dense_residential_654.jpg,11,dense_residential
dense_residential/dense_residential_655.jpg,11,dense_residential
dense_residential/dense_residential_657.jpg,11,dense_residential
dense_residential/dense_residential_659.jpg,11,dense_residential
dense_residential/dense_residential_661.jpg,11,dense_residential
dense_residential/dense_residential_662.jpg,11,dense_residential
dense_residential/dense_residential_663.jpg,11,dense_residential
dense_residential/dense_residential_664.jpg,11,dense_residential
dense_residential/dense_residential_667.jpg,11,dense_residential
dense_residential/dense_residential_668.jpg,11,dense_residential
dense_residential/dense_residential_669.jpg,11,dense_residential
dense_residential/dense_residential_673.jpg,11,dense_residential
dense_residential/dense_residential_675.jpg,11,dense_residential
dense_residential/dense_residential_676.jpg,11,dense_residential
dense_residential/dense_residential_677.jpg,11,dense_residential
dense_residential/dense_residential_679.jpg,11,dense_residential
dense_residential/dense_residential_680.jpg,11,dense_residential
dense_residential/dense_residential_681.jpg,11,dense_residential
dense_residential/dense_residential_682.jpg,11,dense_residential
dense_residential/dense_residential_683.jpg,11,dense_residential
dense_residential/dense_residential_684.jpg,11,dense_residential
dense_residential/dense_residential_685.jpg,11,dense_residential
dense_residential/dense_residential_686.jpg,11,dense_residential
dense_residential/dense_residential_687.jpg,11,dense_residential
dense_residential/dense_residential_688.jpg,11,dense_residential
dense_residential/dense_residential_689.jpg,11,dense_residential
dense_residential/dense_residential_690.jpg,11,dense_residential
dense_residential/dense_residential_691.jpg,11,dense_residential
dense_residential/dense_residential_694.jpg,11,dense_residential
dense_residential/dense_residential_697.jpg,11,dense_residential
dense_residential/dense_residential_700.jpg,11,dense_residential
desert/desert_001.jpg,12,desert
desert/desert_002.jpg,12,desert
desert/desert_003.jpg,12,desert
desert/desert_004.jpg,12,desert
desert/desert_005.jpg,12,desert
desert/desert_009.jpg,12,desert
desert/desert_010.jpg,12,desert
desert/desert_011.jpg,12,desert
desert/desert_013.jpg,12,desert
desert/desert_014.jpg,12,desert
desert/desert_016.jpg,12,desert
desert/desert_017.jpg,12,desert
desert/desert_018.jpg,12,desert
desert/desert_019.jpg,12,desert
desert/desert_020.jpg,12,desert
desert/desert_023.jpg,12,desert
desert/desert_025.jpg,12,desert
desert/desert_026.jpg,12,desert
desert/desert_027.jpg,12,desert
desert/desert_028.jpg,12,desert
desert/desert_029.jpg,12,desert
desert/desert_030.jpg,12,desert
desert/desert_031.jpg,12,desert
desert/desert_032.jpg,12,desert
desert/desert_033.jpg,12,desert
desert/desert_034.jpg,12,desert
desert/desert_035.jpg,12,desert
desert/desert_036.jpg,12,desert
desert/desert_037.jpg,12,desert
desert/desert_040.jpg,12,desert
desert/desert_043.jpg,12,desert
desert/desert_044.jpg,12,desert
desert/desert_045.jpg,12,desert
desert/desert_046.jpg,12,desert
desert/desert_048.jpg,12,desert
desert/desert_050.jpg,12,desert
desert/desert_051.jpg,12,desert
desert/desert_052.jpg,12,desert
desert/desert_054.jpg,12,desert
desert/desert_055.jpg,12,desert
desert/desert_056.jpg,12,desert
desert/desert_057.jpg,12,desert
desert/desert_060.jpg,12,desert
desert/desert_061.jpg,12,desert
desert/desert_062.jpg,12,desert
desert/desert_064.jpg,12,desert
desert/desert_065.jpg,12,desert
desert/desert_066.jpg,12,desert
desert/desert_068.jpg,12,desert
desert/desert_070.jpg,12,desert
desert/desert_071.jpg,12,desert
desert/desert_072.jpg,12,desert
desert/desert_073.jpg,12,desert
desert/desert_076.jpg,12,desert
desert/desert_077.jpg,12,desert
desert/desert_079.jpg,12,desert
desert/desert_080.jpg,12,desert
desert/desert_081.jpg,12,desert
desert/desert_082.jpg,12,desert
desert/desert_083.jpg,12,desert
desert/desert_085.jpg,12,desert
desert/desert_088.jpg,12,desert
desert/desert_089.jpg,12,desert
desert/desert_090.jpg,12,desert
desert/desert_091.jpg,12,desert
desert/desert_093.jpg,12,desert
desert/desert_094.jpg,12,desert
desert/desert_096.jpg,12,desert
desert/desert_097.jpg,12,desert
desert/desert_098.jpg,12,desert
desert/desert_099.jpg,12,desert
desert/desert_102.jpg,12,desert
desert/desert_106.jpg,12,desert
desert/desert_107.jpg,12,desert
desert/desert_108.jpg,12,desert
desert/desert_109.jpg,12,desert
desert/desert_110.jpg,12,desert
desert/desert_111.jpg,12,desert
desert/desert_113.jpg,12,desert
desert/desert_114.jpg,12,desert
desert/desert_117.jpg,12,desert
desert/desert_120.jpg,12,desert
desert/desert_121.jpg,12,desert
desert/desert_122.jpg,12,desert
desert/desert_124.jpg,12,desert
desert/desert_125.jpg,12,desert
desert/desert_126.jpg,12,desert
desert/desert_128.jpg,12,desert
desert/desert_129.jpg,12,desert
desert/desert_131.jpg,12,desert
desert/desert_132.jpg,12,desert
desert/desert_133.jpg,12,desert
desert/desert_134.jpg,12,desert
desert/desert_135.jpg,12,desert
desert/desert_138.jpg,12,desert
desert/desert_140.jpg,12,desert
desert/desert_142.jpg,12,desert
desert/desert_143.jpg,12,desert
desert/desert_144.jpg,12,desert
desert/desert_145.jpg,12,desert
desert/desert_146.jpg,12,desert
desert/desert_148.jpg,12,desert
desert/desert_150.jpg,12,desert
desert/desert_153.jpg,12,desert
desert/desert_154.jpg,12,desert
desert/desert_157.jpg,12,desert
desert/desert_159.jpg,12,desert
desert/desert_160.jpg,12,desert
desert/desert_161.jpg,12,desert
desert/desert_162.jpg,12,desert
desert/desert_164.jpg,12,desert
desert/desert_165.jpg,12,desert
desert/desert_167.jpg,12,desert
desert/desert_168.jpg,12,desert
desert/desert_169.jpg,12,desert
desert/desert_170.jpg,12,desert
desert/desert_172.jpg,12,desert
desert/desert_174.jpg,12,desert
desert/desert_175.jpg,12,desert
desert/desert_177.jpg,12,desert
desert/desert_178.jpg,12,desert
desert/desert_179.jpg,12,desert
desert/desert_180.jpg,12,desert
desert/desert_181.jpg,12,desert
desert/desert_182.jpg,12,desert
desert/desert_184.jpg,12,desert
desert/desert_185.jpg,12,desert
desert/desert_186.jpg,12,desert
desert/desert_187.jpg,12,desert
desert/desert_188.jpg,12,desert
desert/desert_189.jpg,12,desert
desert/desert_192.jpg,12,desert
desert/desert_193.jpg,12,desert
desert/desert_194.jpg,12,desert
desert/desert_195.jpg,12,desert
desert/desert_196.jpg,12,desert
desert/desert_198.jpg,12,desert
desert/desert_200.jpg,12,desert
desert/desert_201.jpg,12,desert
desert/desert_202.jpg,12,desert
desert/desert_203.jpg,12,desert
desert/desert_204.jpg,12,desert
desert/desert_205.jpg,12,desert
desert/desert_207.jpg,12,desert
desert/desert_208.jpg,12,desert
desert/desert_209.jpg,12,desert
desert/desert_212.jpg,12,desert
desert/desert_215.jpg,12,desert
desert/desert_216.jpg,12,desert
desert/desert_217.jpg,12,desert
desert/desert_218.jpg,12,desert
desert/desert_219.jpg,12,desert
desert/desert_220.jpg,12,desert
desert/desert_223.jpg,12,desert
desert/desert_224.jpg,12,desert
desert/desert_227.jpg,12,desert
desert/desert_228.jpg,12,desert
desert/desert_230.jpg,12,desert
desert/desert_231.jpg,12,desert
desert/desert_232.jpg,12,desert
desert/desert_233.jpg,12,desert
desert/desert_238.jpg,12,desert
desert/desert_239.jpg,12,desert
desert/desert_241.jpg,12,desert
desert/desert_245.jpg,12,desert
desert/desert_246.jpg,12,desert
desert/desert_247.jpg,12,desert
desert/desert_248.jpg,12,desert
desert/desert_249.jpg,12,desert
desert/desert_251.jpg,12,desert
desert/desert_253.jpg,12,desert
desert/desert_254.jpg,12,desert
desert/desert_255.jpg,12,desert
desert/desert_256.jpg,12,desert
desert/desert_259.jpg,12,desert
desert/desert_263.jpg,12,desert
desert/desert_264.jpg,12,desert
desert/desert_265.jpg,12,desert
desert/desert_266.jpg,12,desert
desert/desert_267.jpg,12,desert
desert/desert_268.jpg,12,desert
desert/desert_269.jpg,12,desert
desert/desert_270.jpg,12,desert
desert/desert_272.jpg,12,desert
desert/desert_273.jpg,12,desert
desert/desert_275.jpg,12,desert
desert/desert_276.jpg,12,desert
desert/desert_277.jpg,12,desert
desert/desert_279.jpg,12,desert
desert/desert_285.jpg,12,desert
desert/desert_287.jpg,12,desert
desert/desert_288.jpg,12,desert
desert/desert_291.jpg,12,desert
desert/desert_292.jpg,12,desert
desert/desert_294.jpg,12,desert
desert/desert_296.jpg,12,desert
desert/desert_297.jpg,12,desert
desert/desert_299.jpg,12,desert
desert/desert_300.jpg,12,desert
desert/desert_301.jpg,12,desert
desert/desert_303.jpg,12,desert
desert/desert_306.jpg,12,desert
desert/desert_307.jpg,12,desert
desert/desert_308.jpg,12,desert
desert/desert_311.jpg,12,desert
desert/desert_312.jpg,12,desert
desert/desert_314.jpg,12,desert
desert/desert_315.jpg,12,desert
desert/desert_316.jpg,12,desert
desert/desert_317.jpg,12,desert
desert/desert_318.jpg,12,desert
desert/desert_319.jpg,12,desert
desert/desert_320.jpg,12,desert
desert/desert_322.jpg,12,desert
desert/desert_325.jpg,12,desert
desert/desert_327.jpg,12,desert
desert/desert_329.jpg,12,desert
desert/desert_330.jpg,12,desert
desert/desert_331.jpg,12,desert
desert/desert_332.jpg,12,desert
desert/desert_333.jpg,12,desert
desert/desert_334.jpg,12,desert
desert/desert_337.jpg,12,desert
desert/desert_338.jpg,12,desert
desert/desert_340.jpg,12,desert
desert/desert_341.jpg,12,desert
desert/desert_342.jpg,12,desert
desert/desert_343.jpg,12,desert
desert/desert_345.jpg,12,desert
desert/desert_346.jpg,12,desert
desert/desert_347.jpg,12,desert
desert/desert_348.jpg,12,desert
desert/desert_350.jpg,12,desert
desert/desert_351.jpg,12,desert
desert/desert_352.jpg,12,desert
desert/desert_353.jpg,12,desert
desert/desert_355.jpg,12,desert
desert/desert_356.jpg,12,desert
desert/desert_357.jpg,12,desert
desert/desert_358.jpg,12,desert
desert/desert_359.jpg,12,desert
desert/desert_360.jpg,12,desert
desert/desert_361.jpg,12,desert
desert/desert_362.jpg,12,desert
desert/desert_365.jpg,12,desert
desert/desert_368.jpg,12,desert
desert/desert_369.jpg,12,desert
desert/desert_370.jpg,12,desert
desert/desert_373.jpg,12,desert
desert/desert_374.jpg,12,desert
desert/desert_375.jpg,12,desert
desert/desert_377.jpg,12,desert
desert/desert_378.jpg,12,desert
desert/desert_381.jpg,12,desert
desert/desert_382.jpg,12,desert
desert/desert_383.jpg,12,desert
desert/desert_384.jpg,12,desert
desert/desert_385.jpg,12,desert
desert/desert_386.jpg,12,desert
desert/desert_387.jpg,12,desert
desert/desert_389.jpg,12,desert
desert/desert_390.jpg,12,desert
desert/desert_391.jpg,12,desert
desert/desert_392.jpg,12,desert
desert/desert_393.jpg,12,desert
desert/desert_397.jpg,12,desert
desert/desert_398.jpg,12,desert
desert/desert_400.jpg,12,desert
desert/desert_401.jpg,12,desert
desert/desert_402.jpg,12,desert
desert/desert_404.jpg,12,desert
desert/desert_405.jpg,12,desert
desert/desert_406.jpg,12,desert
desert/desert_408.jpg,12,desert
desert/desert_410.jpg,12,desert
desert/desert_411.jpg,12,desert
desert/desert_414.jpg,12,desert
desert/desert_415.jpg,12,desert
desert/desert_417.jpg,12,desert
desert/desert_418.jpg,12,desert
desert/desert_420.jpg,12,desert
desert/desert_421.jpg,12,desert
desert/desert_422.jpg,12,desert
desert/desert_423.jpg,12,desert
desert/desert_424.jpg,12,desert
desert/desert_425.jpg,12,desert
desert/desert_426.jpg,12,desert
desert/desert_427.jpg,12,desert
desert/desert_429.jpg,12,desert
desert/desert_431.jpg,12,desert
desert/desert_433.jpg,12,desert
desert/desert_434.jpg,12,desert
desert/desert_435.jpg,12,desert
desert/desert_436.jpg,12,desert
desert/desert_438.jpg,12,desert
desert/desert_440.jpg,12,desert
desert/desert_442.jpg,12,desert
desert/desert_443.jpg,12,desert
desert/desert_445.jpg,12,desert
desert/desert_446.jpg,12,desert
desert/desert_447.jpg,12,desert
desert/desert_448.jpg,12,desert
desert/desert_449.jpg,12,desert
desert/desert_450.jpg,12,desert
desert/desert_451.jpg,12,desert
desert/desert_452.jpg,12,desert
desert/desert_453.jpg,12,desert
desert/desert_454.jpg,12,desert
desert/desert_457.jpg,12,desert
desert/desert_458.jpg,12,desert
desert/desert_461.jpg,12,desert
desert/desert_464.jpg,12,desert
desert/desert_465.jpg,12,desert
desert/desert_467.jpg,12,desert
desert/desert_468.jpg,12,desert
desert/desert_469.jpg,12,desert
desert/desert_472.jpg,12,desert
desert/desert_473.jpg,12,desert
desert/desert_474.jpg,12,desert
desert/desert_477.jpg,12,desert
desert/desert_478.jpg,12,desert
desert/desert_479.jpg,12,desert
desert/desert_481.jpg,12,desert
desert/desert_484.jpg,12,desert
desert/desert_485.jpg,12,desert
desert/desert_487.jpg,12,desert
desert/desert_488.jpg,12,desert
desert/desert_489.jpg,12,desert
desert/desert_491.jpg,12,desert
desert/desert_492.jpg,12,desert
desert/desert_493.jpg,12,desert
desert/desert_494.jpg,12,desert
desert/desert_495.jpg,12,desert
desert/desert_496.jpg,12,desert
desert/desert_497.jpg,12,desert
desert/desert_498.jpg,12,desert
desert/desert_499.jpg,12,desert
desert/desert_501.jpg,12,desert
desert/desert_503.jpg,12,desert
desert/desert_505.jpg,12,desert
desert/desert_506.jpg,12,desert
desert/desert_507.jpg,12,desert
desert/desert_508.jpg,12,desert
desert/desert_509.jpg,12,desert
desert/desert_513.jpg,12,desert
desert/desert_514.jpg,12,desert
desert/desert_515.jpg,12,desert
desert/desert_516.jpg,12,desert
desert/desert_517.jpg,12,desert
desert/desert_519.jpg,12,desert
desert/desert_520.jpg,12,desert
desert/desert_522.jpg,12,desert
desert/desert_523.jpg,12,desert
desert/desert_524.jpg,12,desert
desert/desert_526.jpg,12,desert
desert/desert_527.jpg,12,desert
desert/desert_528.jpg,12,desert
desert/desert_529.jpg,12,desert
desert/desert_530.jpg,12,desert
desert/desert_531.jpg,12,desert
desert/desert_532.jpg,12,desert
desert/desert_533.jpg,12,desert
desert/desert_534.jpg,12,desert
desert/desert_536.jpg,12,desert
desert/desert_537.jpg,12,desert
desert/desert_538.jpg,12,desert
desert/desert_540.jpg,12,desert
desert/desert_541.jpg,12,desert
desert/desert_542.jpg,12,desert
desert/desert_543.jpg,12,desert
desert/desert_544.jpg,12,desert
desert/desert_545.jpg,12,desert
desert/desert_546.jpg,12,desert
desert/desert_547.jpg,12,desert
desert/desert_548.jpg,12,desert
desert/desert_549.jpg,12,desert
desert/desert_550.jpg,12,desert
desert/desert_551.jpg,12,desert
desert/desert_552.jpg,12,desert
desert/desert_553.jpg,12,desert
desert/desert_554.jpg,12,desert
desert/desert_557.jpg,12,desert
desert/desert_558.jpg,12,desert
desert/desert_559.jpg,12,desert
desert/desert_561.jpg,12,desert
desert/desert_563.jpg,12,desert
desert/desert_564.jpg,12,desert
desert/desert_565.jpg,12,desert
desert/desert_566.jpg,12,desert
desert/desert_567.jpg,12,desert
desert/desert_568.jpg,12,desert
desert/desert_569.jpg,12,desert
desert/desert_571.jpg,12,desert
desert/desert_572.jpg,12,desert
desert/desert_573.jpg,12,desert
desert/desert_574.jpg,12,desert
desert/desert_575.jpg,12,desert
desert/desert_576.jpg,12,desert
desert/desert_577.jpg,12,desert
desert/desert_579.jpg,12,desert
desert/desert_580.jpg,12,desert
desert/desert_581.jpg,12,desert
desert/desert_582.jpg,12,desert
desert/desert_583.jpg,12,desert
desert/desert_584.jpg,12,desert
desert/desert_585.jpg,12,desert
desert/desert_586.jpg,12,desert
desert/desert_587.jpg,12,desert
desert/desert_588.jpg,12,desert
desert/desert_589.jpg,12,desert
desert/desert_591.jpg,12,desert
desert/desert_593.jpg,12,desert
desert/desert_594.jpg,12,desert
desert/desert_595.jpg,12,desert
desert/desert_596.jpg,12,desert
desert/desert_597.jpg,12,desert
desert/desert_598.jpg,12,desert
desert/desert_599.jpg,12,desert
desert/desert_600.jpg,12,desert
desert/desert_601.jpg,12,desert
desert/desert_603.jpg,12,desert
desert/desert_604.jpg,12,desert
desert/desert_606.jpg,12,desert
desert/desert_607.jpg,12,desert
desert/desert_608.jpg,12,desert
desert/desert_609.jpg,12,desert
desert/desert_611.jpg,12,desert
desert/desert_613.jpg,12,desert
desert/desert_614.jpg,12,desert
desert/desert_615.jpg,12,desert
desert/desert_616.jpg,12,desert
desert/desert_618.jpg,12,desert
desert/desert_620.jpg,12,desert
desert/desert_621.jpg,12,desert
desert/desert_622.jpg,12,desert
desert/desert_623.jpg,12,desert
desert/desert_624.jpg,12,desert
desert/desert_625.jpg,12,desert
desert/desert_628.jpg,12,desert
desert/desert_629.jpg,12,desert
desert/desert_630.jpg,12,desert
desert/desert_631.jpg,12,desert
desert/desert_632.jpg,12,desert
desert/desert_634.jpg,12,desert
desert/desert_635.jpg,12,desert
desert/desert_636.jpg,12,desert
desert/desert_637.jpg,12,desert
desert/desert_640.jpg,12,desert
desert/desert_641.jpg,12,desert
desert/desert_643.jpg,12,desert
desert/desert_645.jpg,12,desert
desert/desert_646.jpg,12,desert
desert/desert_649.jpg,12,desert
desert/desert_650.jpg,12,desert
desert/desert_651.jpg,12,desert
desert/desert_652.jpg,12,desert
desert/desert_653.jpg,12,desert
desert/desert_654.jpg,12,desert
desert/desert_657.jpg,12,desert
desert/desert_659.jpg,12,desert
desert/desert_660.jpg,12,desert
desert/desert_661.jpg,12,desert
desert/desert_662.jpg,12,desert
desert/desert_664.jpg,12,desert
desert/desert_665.jpg,12,desert
desert/desert_666.jpg,12,desert
desert/desert_667.jpg,12,desert
desert/desert_668.jpg,12,desert
desert/desert_669.jpg,12,desert
desert/desert_670.jpg,12,desert
desert/desert_671.jpg,12,desert
desert/desert_673.jpg,12,desert
desert/desert_674.jpg,12,desert
desert/desert_675.jpg,12,desert
desert/desert_676.jpg,12,desert
desert/desert_677.jpg,12,desert
desert/desert_678.jpg,12,desert
desert/desert_680.jpg,12,desert
desert/desert_685.jpg,12,desert
desert/desert_686.jpg,12,desert
desert/desert_687.jpg,12,desert
desert/desert_688.jpg,12,desert
desert/desert_689.jpg,12,desert
desert/desert_690.jpg,12,desert
desert/desert_691.jpg,12,desert
desert/desert_693.jpg,12,desert
desert/desert_694.jpg,12,desert
desert/desert_695.jpg,12,desert
desert/desert_697.jpg,12,desert
desert/desert_699.jpg,12,desert
forest/forest_002.jpg,13,forest
forest/forest_003.jpg,13,forest
forest/forest_004.jpg,13,forest
forest/forest_005.jpg,13,forest
forest/forest_006.jpg,13,forest
forest/forest_008.jpg,13,forest
forest/forest_010.jpg,13,forest
forest/forest_011.jpg,13,forest
forest/forest_012.jpg,13,forest
forest/forest_013.jpg,13,forest
forest/forest_015.jpg,13,forest
forest/forest_016.jpg,13,forest
forest/forest_017.jpg,13,forest
forest/forest_018.jpg,13,forest
forest/forest_019.jpg,13,forest
forest/forest_021.jpg,13,forest
forest/forest_022.jpg,13,forest
forest/forest_023.jpg,13,forest
forest/forest_025.jpg,13,forest
forest/forest_027.jpg,13,forest
forest/forest_029.jpg,13,forest
forest/forest_030.jpg,13,forest
forest/forest_031.jpg,13,forest
forest/forest_033.jpg,13,forest
forest/forest_034.jpg,13,forest
forest/forest_035.jpg,13,forest
forest/forest_036.jpg,13,forest
forest/forest_038.jpg,13,forest
forest/forest_039.jpg,13,forest
forest/forest_040.jpg,13,forest
forest/forest_041.jpg,13,forest
forest/forest_044.jpg,13,forest
forest/forest_045.jpg,13,forest
forest/forest_046.jpg,13,forest
forest/forest_047.jpg,13,forest
forest/forest_049.jpg,13,forest
forest/forest_050.jpg,13,forest
forest/forest_051.jpg,13,forest
forest/forest_052.jpg,13,forest
forest/forest_053.jpg,13,forest
forest/forest_055.jpg,13,forest
forest/forest_057.jpg,13,forest
forest/forest_058.jpg,13,forest
forest/forest_059.jpg,13,forest
forest/forest_061.jpg,13,forest
forest/forest_063.jpg,13,forest
forest/forest_064.jpg,13,forest
forest/forest_066.jpg,13,forest
forest/forest_067.jpg,13,forest
forest/forest_068.jpg,13,forest
forest/forest_069.jpg,13,forest
forest/forest_070.jpg,13,forest
forest/forest_073.jpg,13,forest
forest/forest_075.jpg,13,forest
forest/forest_076.jpg,13,forest
forest/forest_077.jpg,13,forest
forest/forest_078.jpg,13,forest
forest/forest_079.jpg,13,forest
forest/forest_080.jpg,13,forest
forest/forest_081.jpg,13,forest
forest/forest_083.jpg,13,forest
forest/forest_085.jpg,13,forest
forest/forest_086.jpg,13,forest
forest/forest_087.jpg,13,forest
forest/forest_089.jpg,13,forest
forest/forest_090.jpg,13,forest
forest/forest_092.jpg,13,forest
forest/forest_093.jpg,13,forest
forest/forest_094.jpg,13,forest
forest/forest_095.jpg,13,forest
forest/forest_096.jpg,13,forest
forest/forest_097.jpg,13,forest
forest/forest_098.jpg,13,forest
forest/forest_100.jpg,13,forest
forest/forest_102.jpg,13,forest
forest/forest_103.jpg,13,forest
forest/forest_107.jpg,13,forest
forest/forest_108.jpg,13,forest
forest/forest_109.jpg,13,forest
forest/forest_111.jpg,13,forest
forest/forest_112.jpg,13,forest
forest/forest_113.jpg,13,forest
forest/forest_114.jpg,13,forest
forest/forest_115.jpg,13,forest
forest/forest_116.jpg,13,forest
forest/forest_117.jpg,13,forest
forest/forest_118.jpg,13,forest
forest/forest_119.jpg,13,forest
forest/forest_120.jpg,13,forest
forest/forest_121.jpg,13,forest
forest/forest_122.jpg,13,forest
forest/forest_124.jpg,13,forest
forest/forest_126.jpg,13,forest
forest/forest_127.jpg,13,forest
forest/forest_128.jpg,13,forest
forest/forest_129.jpg,13,forest
forest/forest_131.jpg,13,forest
forest/forest_134.jpg,13,forest
forest/forest_135.jpg,13,forest
forest/forest_136.jpg,13,forest
forest/forest_137.jpg,13,forest
forest/forest_139.jpg,13,forest
forest/forest_140.jpg,13,forest
forest/forest_141.jpg,13,forest
forest/forest_142.jpg,13,forest
forest/forest_143.jpg,13,forest
forest/forest_144.jpg,13,forest
forest/forest_145.jpg,13,forest
forest/forest_147.jpg,13,forest
forest/forest_151.jpg,13,forest
forest/forest_152.jpg,13,forest
forest/forest_153.jpg,13,forest
forest/forest_154.jpg,13,forest
forest/forest_155.jpg,13,forest
forest/forest_156.jpg,13,forest
forest/forest_157.jpg,13,forest
forest/forest_158.jpg,13,forest
forest/forest_159.jpg,13,forest
forest/forest_160.jpg,13,forest
forest/forest_161.jpg,13,forest
forest/forest_166.jpg,13,forest
forest/forest_170.jpg,13,forest
forest/forest_171.jpg,13,forest
forest/forest_172.jpg,13,forest
forest/forest_173.jpg,13,forest
forest/forest_174.jpg,13,forest
forest/forest_175.jpg,13,forest
forest/forest_177.jpg,13,forest
forest/forest_178.jpg,13,forest
forest/forest_179.jpg,13,forest
forest/forest_180.jpg,13,forest
forest/forest_181.jpg,13,forest
forest/forest_182.jpg,13,forest
forest/forest_183.jpg,13,forest
forest/forest_184.jpg,13,forest
forest/forest_185.jpg,13,forest
forest/forest_186.jpg,13,forest
forest/forest_189.jpg,13,forest
forest/forest_190.jpg,13,forest
forest/forest_193.jpg,13,forest
forest/forest_195.jpg,13,forest
forest/forest_196.jpg,13,forest
forest/forest_197.jpg,13,forest
forest/forest_198.jpg,13,forest
forest/forest_199.jpg,13,forest
forest/forest_200.jpg,13,forest
forest/forest_203.jpg,13,forest
forest/forest_205.jpg,13,forest
forest/forest_206.jpg,13,forest
forest/forest_207.jpg,13,forest
forest/forest_209.jpg,13,forest
forest/forest_210.jpg,13,forest
forest/forest_212.jpg,13,forest
forest/forest_216.jpg,13,forest
forest/forest_217.jpg,13,forest
forest/forest_218.jpg,13,forest
forest/forest_219.jpg,13,forest
forest/forest_220.jpg,13,forest
forest/forest_221.jpg,13,forest
forest/forest_222.jpg,13,forest
forest/forest_223.jpg,13,forest
forest/forest_224.jpg,13,forest
forest/forest_226.jpg,13,forest
forest/forest_227.jpg,13,forest
forest/forest_228.jpg,13,forest
forest/forest_229.jpg,13,forest
forest/forest_230.jpg,13,forest
forest/forest_231.jpg,13,forest
forest/forest_232.jpg,13,forest
forest/forest_233.jpg,13,forest
forest/forest_234.jpg,13,forest
forest/forest_235.jpg,13,forest
forest/forest_237.jpg,13,forest
forest/forest_238.jpg,13,forest
forest/forest_240.jpg,13,forest
forest/forest_241.jpg,13,forest
forest/forest_243.jpg,13,forest
forest/forest_244.jpg,13,forest
forest/forest_246.jpg,13,forest
forest/forest_247.jpg,13,forest
forest/forest_248.jpg,13,forest
forest/forest_249.jpg,13,forest
forest/forest_250.jpg,13,forest
forest/forest_251.jpg,13,forest
forest/forest_252.jpg,13,forest
forest/forest_254.jpg,13,forest
forest/forest_255.jpg,13,forest
forest/forest_256.jpg,13,forest
forest/forest_257.jpg,13,forest
forest/forest_258.jpg,13,forest
forest/forest_259.jpg,13,forest
forest/forest_260.jpg,13,forest
forest/forest_261.jpg,13,forest
forest/forest_262.jpg,13,forest
forest/forest_263.jpg,13,forest
forest/forest_264.jpg,13,forest
forest/forest_267.jpg,13,forest
forest/forest_268.jpg,13,forest
forest/forest_269.jpg,13,forest
forest/forest_271.jpg,13,forest
forest/forest_272.jpg,13,forest
forest/forest_273.jpg,13,forest
forest/forest_274.jpg,13,forest
forest/forest_275.jpg,13,forest
forest/forest_276.jpg,13,forest
forest/forest_279.jpg,13,forest
forest/forest_280.jpg,13,forest
forest/forest_282.jpg,13,forest
forest/forest_283.jpg,13,forest
forest/forest_284.jpg,13,forest
forest/forest_288.jpg,13,forest
forest/forest_289.jpg,13,forest
forest/forest_291.jpg,13,forest
forest/forest_294.jpg,13,forest
forest/forest_296.jpg,13,forest
forest/forest_297.jpg,13,forest
forest/forest_298.jpg,13,forest
forest/forest_300.jpg,13,forest
forest/forest_301.jpg,13,forest
forest/forest_302.jpg,13,forest
forest/forest_303.jpg,13,forest
forest/forest_304.jpg,13,forest
forest/forest_305.jpg,13,forest
forest/forest_306.jpg,13,forest
forest/forest_307.jpg,13,forest
forest/forest_309.jpg,13,forest
forest/forest_310.jpg,13,forest
forest/forest_312.jpg,13,forest
forest/forest_313.jpg,13,forest
forest/forest_314.jpg,13,forest
forest/forest_316.jpg,13,forest
forest/forest_318.jpg,13,forest
forest/forest_319.jpg,13,forest
forest/forest_322.jpg,13,forest
forest/forest_323.jpg,13,forest
forest/forest_325.jpg,13,forest
forest/forest_327.jpg,13,forest
forest/forest_329.jpg,13,forest
forest/forest_330.jpg,13,forest
forest/forest_331.jpg,13,forest
forest/forest_332.jpg,13,forest
forest/forest_334.jpg,13,forest
forest/forest_335.jpg,13,forest
forest/forest_338.jpg,13,forest
forest/forest_339.jpg,13,forest
forest/forest_341.jpg,13,forest
forest/forest_342.jpg,13,forest
forest/forest_344.jpg,13,forest
forest/forest_345.jpg,13,forest
forest/forest_346.jpg,13,forest
forest/forest_347.jpg,13,forest
forest/forest_348.jpg,13,forest
forest/forest_351.jpg,13,forest
forest/forest_352.jpg,13,forest
forest/forest_353.jpg,13,forest
forest/forest_355.jpg,13,forest
forest/forest_357.jpg,13,forest
forest/forest_358.jpg,13,forest
forest/forest_359.jpg,13,forest
forest/forest_360.jpg,13,forest
forest/forest_361.jpg,13,forest
forest/forest_362.jpg,13,forest
forest/forest_364.jpg,13,forest
forest/forest_365.jpg,13,forest
forest/forest_366.jpg,13,forest
forest/forest_367.jpg,13,forest
forest/forest_368.jpg,13,forest
forest/forest_370.jpg,13,forest
forest/forest_372.jpg,13,forest
forest/forest_373.jpg,13,forest
forest/forest_374.jpg,13,forest
forest/forest_375.jpg,13,forest
forest/forest_377.jpg,13,forest
forest/forest_378.jpg,13,forest
forest/forest_379.jpg,13,forest
forest/forest_383.jpg,13,forest
forest/forest_384.jpg,13,forest
forest/forest_386.jpg,13,forest
forest/forest_388.jpg,13,forest
forest/forest_389.jpg,13,forest
forest/forest_390.jpg,13,forest
forest/forest_391.jpg,13,forest
forest/forest_392.jpg,13,forest
forest/forest_397.jpg,13,forest
forest/forest_398.jpg,13,forest
forest/forest_399.jpg,13,forest
forest/forest_401.jpg,13,forest
forest/forest_403.jpg,13,forest
forest/forest_405.jpg,13,forest
forest/forest_406.jpg,13,forest
forest/forest_407.jpg,13,forest
forest/forest_408.jpg,13,forest
forest/forest_409.jpg,13,forest
forest/forest_410.jpg,13,forest
forest/forest_411.jpg,13,forest
forest/forest_412.jpg,13,forest
forest/forest_413.jpg,13,forest
forest/forest_414.jpg,13,forest
forest/forest_415.jpg,13,forest
forest/forest_417.jpg,13,forest
forest/forest_418.jpg,13,forest
forest/forest_419.jpg,13,forest
forest/forest_421.jpg,13,forest
forest/forest_423.jpg,13,forest
forest/forest_424.jpg,13,forest
forest/forest_425.jpg,13,forest
forest/forest_427.jpg,13,forest
forest/forest_428.jpg,13,forest
forest/forest_429.jpg,13,forest
forest/forest_430.jpg,13,forest
forest/forest_432.jpg,13,forest
forest/forest_433.jpg,13,forest
forest/forest_434.jpg,13,forest
forest/forest_435.jpg,13,forest
forest/forest_436.jpg,13,forest
forest/forest_437.jpg,13,forest
forest/forest_439.jpg,13,forest
forest/forest_440.jpg,13,forest
forest/forest_443.jpg,13,forest
forest/forest_444.jpg,13,forest
forest/forest_445.jpg,13,forest
forest/forest_447.jpg,13,forest
forest/forest_448.jpg,13,forest
forest/forest_449.jpg,13,forest
forest/forest_450.jpg,13,forest
forest/forest_451.jpg,13,forest
forest/forest_454.jpg,13,forest
forest/forest_455.jpg,13,forest
forest/forest_456.jpg,13,forest
forest/forest_459.jpg,13,forest
forest/forest_462.jpg,13,forest
forest/forest_463.jpg,13,forest
forest/forest_465.jpg,13,forest
forest/forest_466.jpg,13,forest
forest/forest_468.jpg,13,forest
forest/forest_469.jpg,13,forest
forest/forest_472.jpg,13,forest
forest/forest_473.jpg,13,forest
forest/forest_474.jpg,13,forest
forest/forest_475.jpg,13,forest
forest/forest_476.jpg,13,forest
forest/forest_477.jpg,13,forest
forest/forest_478.jpg,13,forest
forest/forest_480.jpg,13,forest
forest/forest_481.jpg,13,forest
forest/forest_482.jpg,13,forest
forest/forest_483.jpg,13,forest
forest/forest_484.jpg,13,forest
forest/forest_485.jpg,13,forest
forest/forest_486.jpg,13,forest
forest/forest_488.jpg,13,forest
forest/forest_489.jpg,13,forest
forest/forest_490.jpg,13,forest
forest/forest_491.jpg,13,forest
forest/forest_492.jpg,13,forest
forest/forest_493.jpg,13,forest
forest/forest_494.jpg,13,forest
forest/forest_498.jpg,13,forest
forest/forest_499.jpg,13,forest
forest/forest_500.jpg,13,forest
forest/forest_501.jpg,13,forest
forest/forest_502.jpg,13,forest
forest/forest_503.jpg,13,forest
forest/forest_507.jpg,13,forest
forest/forest_508.jpg,13,forest
forest/forest_509.jpg,13,forest
forest/forest_510.jpg,13,forest
forest/forest_511.jpg,13,forest
forest/forest_512.jpg,13,forest
forest/forest_515.jpg,13,forest
forest/forest_516.jpg,13,forest
forest/forest_517.jpg,13,forest
forest/forest_519.jpg,13,forest
forest/forest_521.jpg,13,forest
forest/forest_523.jpg,13,forest
forest/forest_524.jpg,13,forest
forest/forest_525.jpg,13,forest
forest/forest_526.jpg,13,forest
forest/forest_527.jpg,13,forest
forest/forest_528.jpg,13,forest
forest/forest_529.jpg,13,forest
forest/forest_530.jpg,13,forest
forest/forest_531.jpg,13,forest
forest/forest_533.jpg,13,forest
forest/forest_535.jpg,13,forest
forest/forest_536.jpg,13,forest
forest/forest_539.jpg,13,forest
forest/forest_542.jpg,13,forest
forest/forest_543.jpg,13,forest
forest/forest_550.jpg,13,forest
forest/forest_551.jpg,13,forest
forest/forest_552.jpg,13,forest
forest/forest_555.jpg,13,forest
forest/forest_556.jpg,13,forest
forest/forest_560.jpg,13,forest
forest/forest_562.jpg,13,forest
forest/forest_563.jpg,13,forest
forest/forest_564.jpg,13,forest
forest/forest_567.jpg,13,forest
forest/forest_569.jpg,13,forest
forest/forest_571.jpg,13,forest
forest/forest_572.jpg,13,forest
forest/forest_575.jpg,13,forest
forest/forest_576.jpg,13,forest
forest/forest_580.jpg,13,forest
forest/forest_581.jpg,13,forest
forest/forest_582.jpg,13,forest
forest/forest_583.jpg,13,forest
forest/forest_584.jpg,13,forest
forest/forest_586.jpg,13,forest
forest/forest_588.jpg,13,forest
forest/forest_590.jpg,13,forest
forest/forest_591.jpg,13,forest
forest/forest_592.jpg,13,forest
forest/forest_593.jpg,13,forest
forest/forest_594.jpg,13,forest
forest/forest_596.jpg,13,forest
forest/forest_597.jpg,13,forest
forest/forest_598.jpg,13,forest
forest/forest_599.jpg,13,forest
forest/forest_600.jpg,13,forest
forest/forest_601.jpg,13,forest
forest/forest_602.jpg,13,forest
forest/forest_603.jpg,13,forest
forest/forest_604.jpg,13,forest
forest/forest_605.jpg,13,forest
forest/forest_607.jpg,13,forest
forest/forest_608.jpg,13,forest
forest/forest_609.jpg,13,forest
forest/forest_610.jpg,13,forest
forest/forest_611.jpg,13,forest
forest/forest_612.jpg,13,forest
forest/forest_614.jpg,13,forest
forest/forest_615.jpg,13,forest
forest/forest_616.jpg,13,forest
forest/forest_617.jpg,13,forest
forest/forest_619.jpg,13,forest
forest/forest_620.jpg,13,forest
forest/forest_621.jpg,13,forest
forest/forest_622.jpg,13,forest
forest/forest_623.jpg,13,forest
forest/forest_625.jpg,13,forest
forest/forest_626.jpg,13,forest
forest/forest_627.jpg,13,forest
forest/forest_629.jpg,13,forest
forest/forest_630.jpg,13,forest
forest/forest_631.jpg,13,forest
forest/forest_632.jpg,13,forest
forest/forest_636.jpg,13,forest
forest/forest_637.jpg,13,forest
forest/forest_638.jpg,13,forest
forest/forest_642.jpg,13,forest
forest/forest_643.jpg,13,forest
forest/forest_644.jpg,13,forest
forest/forest_646.jpg,13,forest
forest/forest_647.jpg,13,forest
forest/forest_651.jpg,13,forest
forest/forest_652.jpg,13,forest
forest/forest_655.jpg,13,forest
forest/forest_657.jpg,13,forest
forest/forest_658.jpg,13,forest
forest/forest_661.jpg,13,forest
forest/forest_662.jpg,13,forest
forest/forest_663.jpg,13,forest
forest/forest_665.jpg,13,forest
forest/forest_667.jpg,13,forest
forest/forest_668.jpg,13,forest
forest/forest_669.jpg,13,forest
forest/forest_671.jpg,13,forest
forest/forest_672.jpg,13,forest
forest/forest_673.jpg,13,forest
forest/forest_675.jpg,13,forest
forest/forest_676.jpg,13,forest
forest/forest_677.jpg,13,forest
forest/forest_678.jpg,13,forest
forest/forest_679.jpg,13,forest
forest/forest_681.jpg,13,forest
forest/forest_682.jpg,13,forest
forest/forest_683.jpg,13,forest
forest/forest_684.jpg,13,forest
forest/forest_685.jpg,13,forest
forest/forest_686.jpg,13,forest
forest/forest_687.jpg,13,forest
forest/forest_688.jpg,13,forest
forest/forest_689.jpg,13,forest
forest/forest_694.jpg,13,forest
forest/forest_696.jpg,13,forest
forest/forest_697.jpg,13,forest
forest/forest_699.jpg,13,forest
forest/forest_700.jpg,13,forest
freeway/freeway_001.jpg,14,freeway
freeway/freeway_003.jpg,14,freeway
freeway/freeway_004.jpg,14,freeway
freeway/freeway_005.jpg,14,freeway
freeway/freeway_007.jpg,14,freeway
freeway/freeway_008.jpg,14,freeway
freeway/freeway_009.jpg,14,freeway
freeway/freeway_011.jpg,14,freeway
freeway/freeway_014.jpg,14,freeway
freeway/freeway_015.jpg,14,freeway
freeway/freeway_016.jpg,14,freeway
freeway/freeway_017.jpg,14,freeway
freeway/freeway_018.jpg,14,freeway
freeway/freeway_019.jpg,14,freeway
freeway/freeway_020.jpg,14,freeway
freeway/freeway_021.jpg,14,freeway
freeway/freeway_022.jpg,14,freeway
freeway/freeway_024.jpg,14,freeway
freeway/freeway_026.jpg,14,freeway
freeway/freeway_028.jpg,14,freeway
freeway/freeway_029.jpg,14,freeway
freeway/freeway_030.jpg,14,freeway
freeway/freeway_032.jpg,14,freeway
freeway/freeway_033.jpg,14,freeway
freeway/freeway_034.jpg,14,freeway
freeway/freeway_035.jpg,14,freeway
freeway/freeway_036.jpg,14,freeway
freeway/freeway_037.jpg,14,freeway
freeway/freeway_039.jpg,14,freeway
freeway/freeway_040.jpg,14,freeway
freeway/freeway_041.jpg,14,freeway
freeway/freeway_042.jpg,14,freeway
freeway/freeway_043.jpg,14,freeway
freeway/freeway_045.jpg,14,freeway
freeway/freeway_050.jpg,14,freeway
freeway/freeway_052.jpg,14,freeway
freeway/freeway_053.jpg,14,freeway
freeway/freeway_054.jpg,14,freeway
freeway/freeway_055.jpg,14,freeway
freeway/freeway_058.jpg,14,freeway
freeway/freeway_059.jpg,14,freeway
freeway/freeway_062.jpg,14,freeway
freeway/freeway_063.jpg,14,freeway
freeway/freeway_066.jpg,14,freeway
freeway/freeway_067.jpg,14,freeway
freeway/freeway_068.jpg,14,freeway
freeway/freeway_071.jpg,14,freeway
freeway/freeway_072.jpg,14,freeway
freeway/freeway_075.jpg,14,freeway
freeway/freeway_077.jpg,14,freeway
freeway/freeway_078.jpg,14,freeway
freeway/freeway_079.jpg,14,freeway
freeway/freeway_081.jpg,14,freeway
freeway/freeway_083.jpg,14,freeway
freeway/freeway_084.jpg,14,freeway
freeway/freeway_085.jpg,14,freeway
freeway/freeway_086.jpg,14,freeway
freeway/freeway_087.jpg,14,freeway
freeway/freeway_090.jpg,14,freeway
freeway/freeway_092.jpg,14,freeway
freeway/freeway_093.jpg,14,freeway
freeway/freeway_095.jpg,14,freeway
freeway/freeway_096.jpg,14,freeway
freeway/freeway_097.jpg,14,freeway
freeway/freeway_098.jpg,14,freeway
freeway/freeway_100.jpg,14,freeway
freeway/freeway_101.jpg,14,freeway
freeway/freeway_102.jpg,14,freeway
freeway/freeway_103.jpg,14,freeway
freeway/freeway_104.jpg,14,freeway
freeway/freeway_105.jpg,14,freeway
freeway/freeway_106.jpg,14,freeway
freeway/freeway_108.jpg,14,freeway
freeway/freeway_110.jpg,14,freeway
freeway/freeway_112.jpg,14,freeway
freeway/freeway_113.jpg,14,freeway
freeway/freeway_115.jpg,14,freeway
freeway/freeway_116.jpg,14,freeway
freeway/freeway_117.jpg,14,freeway
freeway/freeway_118.jpg,14,freeway
freeway/freeway_119.jpg,14,freeway
freeway/freeway_120.jpg,14,freeway
freeway/freeway_121.jpg,14,freeway
freeway/freeway_125.jpg,14,freeway
freeway/freeway_126.jpg,14,freeway
freeway/freeway_127.jpg,14,freeway
freeway/freeway_128.jpg,14,freeway
freeway/freeway_129.jpg,14,freeway
freeway/freeway_130.jpg,14,freeway
freeway/freeway_131.jpg,14,freeway
freeway/freeway_132.jpg,14,freeway
freeway/freeway_133.jpg,14,freeway
freeway/freeway_134.jpg,14,freeway
freeway/freeway_135.jpg,14,freeway
freeway/freeway_136.jpg,14,freeway
freeway/freeway_137.jpg,14,freeway
freeway/freeway_138.jpg,14,freeway
freeway/freeway_140.jpg,14,freeway
freeway/freeway_142.jpg,14,freeway
freeway/freeway_143.jpg,14,freeway
freeway/freeway_144.jpg,14,freeway
freeway/freeway_147.jpg,14,freeway
freeway/freeway_150.jpg,14,freeway
freeway/freeway_151.jpg,14,freeway
freeway/freeway_152.jpg,14,freeway
freeway/freeway_153.jpg,14,freeway
freeway/freeway_154.jpg,14,freeway
freeway/freeway_155.jpg,14,freeway
freeway/freeway_159.jpg,14,freeway
freeway/freeway_160.jpg,14,freeway
freeway/freeway_161.jpg,14,freeway
freeway/freeway_162.jpg,14,freeway
freeway/freeway_163.jpg,14,freeway
freeway/freeway_164.jpg,14,freeway
freeway/freeway_166.jpg,14,freeway
freeway/freeway_168.jpg,14,freeway
freeway/freeway_171.jpg,14,freeway
freeway/freeway_172.jpg,14,freeway
freeway/freeway_173.jpg,14,freeway
freeway/freeway_174.jpg,14,freeway
freeway/freeway_175.jpg,14,freeway
freeway/freeway_176.jpg,14,freeway
freeway/freeway_177.jpg,14,freeway
freeway/freeway_179.jpg,14,freeway
freeway/freeway_180.jpg,14,freeway
freeway/freeway_181.jpg,14,freeway
freeway/freeway_182.jpg,14,freeway
freeway/freeway_183.jpg,14,freeway
freeway/freeway_184.jpg,14,freeway
freeway/freeway_185.jpg,14,freeway
freeway/freeway_188.jpg,14,freeway
freeway/freeway_190.jpg,14,freeway
freeway/freeway_191.jpg,14,freeway
freeway/freeway_192.jpg,14,freeway
freeway/freeway_193.jpg,14,freeway
freeway/freeway_194.jpg,14,freeway
freeway/freeway_195.jpg,14,freeway
freeway/freeway_196.jpg,14,freeway
freeway/freeway_197.jpg,14,freeway
freeway/freeway_200.jpg,14,freeway
freeway/freeway_202.jpg,14,freeway
freeway/freeway_206.jpg,14,freeway
freeway/freeway_209.jpg,14,freeway
freeway/freeway_212.jpg,14,freeway
freeway/freeway_213.jpg,14,freeway
freeway/freeway_215.jpg,14,freeway
freeway/freeway_216.jpg,14,freeway
freeway/freeway_218.jpg,14,freeway
freeway/freeway_220.jpg,14,freeway
freeway/freeway_222.jpg,14,freeway
freeway/freeway_223.jpg,14,freeway
freeway/freeway_224.jpg,14,freeway
freeway/freeway_225.jpg,14,freeway
freeway/freeway_227.jpg,14,freeway
freeway/freeway_228.jpg,14,freeway
freeway/freeway_229.jpg,14,freeway
freeway/freeway_231.jpg,14,freeway
freeway/freeway_232.jpg,14,freeway
freeway/freeway_233.jpg,14,freeway
freeway/freeway_234.jpg,14,freeway
freeway/freeway_235.jpg,14,freeway
freeway/freeway_236.jpg,14,freeway
freeway/freeway_237.jpg,14,freeway
freeway/freeway_241.jpg,14,freeway
freeway/freeway_242.jpg,14,freeway
freeway/freeway_243.jpg,14,freeway
freeway/freeway_245.jpg,14,freeway
freeway/freeway_246.jpg,14,freeway
freeway/freeway_248.jpg,14,freeway
freeway/freeway_249.jpg,14,freeway
freeway/freeway_250.jpg,14,freeway
freeway/freeway_251.jpg,14,freeway
freeway/freeway_252.jpg,14,freeway
freeway/freeway_254.jpg,14,freeway
freeway/freeway_255.jpg,14,freeway
freeway/freeway_256.jpg,14,freeway
freeway/freeway_258.jpg,14,freeway
freeway/freeway_259.jpg,14,freeway
freeway/freeway_260.jpg,14,freeway
freeway/freeway_262.jpg,14,freeway
freeway/freeway_263.jpg,14,freeway
freeway/freeway_264.jpg,14,freeway
freeway/freeway_266.jpg,14,freeway
freeway/freeway_267.jpg,14,freeway
freeway/freeway_269.jpg,14,freeway
freeway/freeway_270.jpg,14,freeway
freeway/freeway_272.jpg,14,freeway
freeway/freeway_275.jpg,14,freeway
freeway/freeway_276.jpg,14,freeway
freeway/freeway_277.jpg,14,freeway
freeway/freeway_278.jpg,14,freeway
freeway/freeway_279.jpg,14,freeway
freeway/freeway_281.jpg,14,freeway
freeway/freeway_283.jpg,14,freeway
freeway/freeway_284.jpg,14,freeway
freeway/freeway_285.jpg,14,freeway
freeway/freeway_286.jpg,14,freeway
freeway/freeway_289.jpg,14,freeway
freeway/freeway_290.jpg,14,freeway
freeway/freeway_291.jpg,14,freeway
freeway/freeway_292.jpg,14,freeway
freeway/freeway_294.jpg,14,freeway
freeway/freeway_295.jpg,14,freeway
freeway/freeway_297.jpg,14,freeway
freeway/freeway_298.jpg,14,freeway
freeway/freeway_300.jpg,14,freeway
freeway/freeway_301.jpg,14,freeway
freeway/freeway_303.jpg,14,freeway
freeway/freeway_304.jpg,14,freeway
freeway/freeway_305.jpg,14,freeway
freeway/freeway_308.jpg,14,freeway
freeway/freeway_310.jpg,14,freeway
freeway/freeway_311.jpg,14,freeway
freeway/freeway_312.jpg,14,freeway
freeway/freeway_313.jpg,14,freeway
freeway/freeway_314.jpg,14,freeway
freeway/freeway_315.jpg,14,freeway
freeway/freeway_317.jpg,14,freeway
freeway/freeway_318.jpg,14,freeway
freeway/freeway_319.jpg,14,freeway
freeway/freeway_320.jpg,14,freeway
freeway/freeway_321.jpg,14,freeway
freeway/freeway_322.jpg,14,freeway
freeway/freeway_324.jpg,14,freeway
freeway/freeway_326.jpg,14,freeway
freeway/freeway_331.jpg,14,freeway
freeway/freeway_332.jpg,14,freeway
freeway/freeway_333.jpg,14,freeway
freeway/freeway_335.jpg,14,freeway
freeway/freeway_336.jpg,14,freeway
freeway/freeway_338.jpg,14,freeway
freeway/freeway_340.jpg,14,freeway
freeway/freeway_341.jpg,14,freeway
freeway/freeway_343.jpg,14,freeway
freeway/freeway_344.jpg,14,freeway
freeway/freeway_345.jpg,14,freeway
freeway/freeway_346.jpg,14,freeway
freeway/freeway_347.jpg,14,freeway
freeway/freeway_348.jpg,14,freeway
freeway/freeway_350.jpg,14,freeway
freeway/freeway_351.jpg,14,freeway
freeway/freeway_352.jpg,14,freeway
freeway/freeway_353.jpg,14,freeway
freeway/freeway_354.jpg,14,freeway
freeway/freeway_355.jpg,14,freeway
freeway/freeway_358.jpg,14,freeway
freeway/freeway_360.jpg,14,freeway
freeway/freeway_361.jpg,14,freeway
freeway/freeway_362.jpg,14,freeway
freeway/freeway_363.jpg,14,freeway
freeway/freeway_364.jpg,14,freeway
freeway/freeway_367.jpg,14,freeway
freeway/freeway_368.jpg,14,freeway
freeway/freeway_369.jpg,14,freeway
freeway/freeway_370.jpg,14,freeway
freeway/freeway_371.jpg,14,freeway
freeway/freeway_372.jpg,14,freeway
freeway/freeway_373.jpg,14,freeway
freeway/freeway_375.jpg,14,freeway
freeway/freeway_377.jpg,14,freeway
freeway/freeway_378.jpg,14,freeway
freeway/freeway_379.jpg,14,freeway
freeway/freeway_381.jpg,14,freeway
freeway/freeway_384.jpg,14,freeway
freeway/freeway_386.jpg,14,freeway
freeway/freeway_387.jpg,14,freeway
freeway/freeway_388.jpg,14,freeway
freeway/freeway_389.jpg,14,freeway
freeway/freeway_391.jpg,14,freeway
freeway/freeway_392.jpg,14,freeway
freeway/freeway_393.jpg,14,freeway
freeway/freeway_394.jpg,14,freeway
freeway/freeway_396.jpg,14,freeway
freeway/freeway_398.jpg,14,freeway
freeway/freeway_399.jpg,14,freeway
freeway/freeway_400.jpg,14,freeway
freeway/freeway_402.jpg,14,freeway
freeway/freeway_403.jpg,14,freeway
freeway/freeway_404.jpg,14,freeway
freeway/freeway_405.jpg,14,freeway
freeway/freeway_406.jpg,14,freeway
freeway/freeway_407.jpg,14,freeway
freeway/freeway_408.jpg,14,freeway
freeway/freeway_411.jpg,14,freeway
freeway/freeway_412.jpg,14,freeway
freeway/freeway_414.jpg,14,freeway
freeway/freeway_416.jpg,14,freeway
freeway/freeway_418.jpg,14,freeway
freeway/freeway_419.jpg,14,freeway
freeway/freeway_421.jpg,14,freeway
freeway/freeway_422.jpg,14,freeway
freeway/freeway_423.jpg,14,freeway
freeway/freeway_424.jpg,14,freeway
freeway/freeway_425.jpg,14,freeway
freeway/freeway_426.jpg,14,freeway
freeway/freeway_427.jpg,14,freeway
freeway/freeway_428.jpg,14,freeway
freeway/freeway_429.jpg,14,freeway
freeway/freeway_430.jpg,14,freeway
freeway/freeway_432.jpg,14,freeway
freeway/freeway_435.jpg,14,freeway
freeway/freeway_436.jpg,14,freeway
freeway/freeway_437.jpg,14,freeway
freeway/freeway_438.jpg,14,freeway
freeway/freeway_439.jpg,14,freeway
freeway/freeway_440.jpg,14,freeway
freeway/freeway_441.jpg,14,freeway
freeway/freeway_443.jpg,14,freeway
freeway/freeway_445.jpg,14,freeway
freeway/freeway_446.jpg,14,freeway
freeway/freeway_447.jpg,14,freeway
freeway/freeway_448.jpg,14,freeway
freeway/freeway_450.jpg,14,freeway
freeway/freeway_451.jpg,14,freeway
freeway/freeway_452.jpg,14,freeway
freeway/freeway_453.jpg,14,freeway
freeway/freeway_454.jpg,14,freeway
freeway/freeway_455.jpg,14,freeway
freeway/freeway_456.jpg,14,freeway
freeway/freeway_457.jpg,14,freeway
freeway/freeway_458.jpg,14,freeway
freeway/freeway_460.jpg,14,freeway
freeway/freeway_462.jpg,14,freeway
freeway/freeway_463.jpg,14,freeway
freeway/freeway_464.jpg,14,freeway
freeway/freeway_465.jpg,14,freeway
freeway/freeway_466.jpg,14,freeway
freeway/freeway_467.jpg,14,freeway
freeway/freeway_469.jpg,14,freeway
freeway/freeway_470.jpg,14,freeway
freeway/freeway_471.jpg,14,freeway
freeway/freeway_473.jpg,14,freeway
freeway/freeway_474.jpg,14,freeway
freeway/freeway_475.jpg,14,freeway
freeway/freeway_477.jpg,14,freeway
freeway/freeway_478.jpg,14,freeway
freeway/freeway_479.jpg,14,freeway
freeway/freeway_480.jpg,14,freeway
freeway/freeway_481.jpg,14,freeway
freeway/freeway_483.jpg,14,freeway
freeway/freeway_484.jpg,14,freeway
freeway/freeway_485.jpg,14,freeway
freeway/freeway_486.jpg,14,freeway
freeway/freeway_487.jpg,14,freeway
freeway/freeway_488.jpg,14,freeway
freeway/freeway_489.jpg,14,freeway
freeway/freeway_491.jpg,14,freeway
freeway/freeway_493.jpg,14,freeway
freeway/freeway_494.jpg,14,freeway
freeway/freeway_495.jpg,14,freeway
freeway/freeway_496.jpg,14,freeway
freeway/freeway_497.jpg,14,freeway
freeway/freeway_499.jpg,14,freeway
freeway/freeway_500.jpg,14,freeway
freeway/freeway_501.jpg,14,freeway
freeway/freeway_502.jpg,14,freeway
freeway/freeway_505.jpg,14,freeway
freeway/freeway_506.jpg,14,freeway
freeway/freeway_507.jpg,14,freeway
freeway/freeway_508.jpg,14,freeway
freeway/freeway_509.jpg,14,freeway
freeway/freeway_511.jpg,14,freeway
freeway/freeway_512.jpg,14,freeway
freeway/freeway_514.jpg,14,freeway
freeway/freeway_515.jpg,14,freeway
freeway/freeway_517.jpg,14,freeway
freeway/freeway_518.jpg,14,freeway
freeway/freeway_519.jpg,14,freeway
freeway/freeway_521.jpg,14,freeway
freeway/freeway_523.jpg,14,freeway
freeway/freeway_524.jpg,14,freeway
freeway/freeway_525.jpg,14,freeway
freeway/freeway_526.jpg,14,freeway
freeway/freeway_527.jpg,14,freeway
freeway/freeway_528.jpg,14,freeway
freeway/freeway_529.jpg,14,freeway
freeway/freeway_530.jpg,14,freeway
freeway/freeway_531.jpg,14,freeway
freeway/freeway_532.jpg,14,freeway
freeway/freeway_535.jpg,14,freeway
freeway/freeway_537.jpg,14,freeway
freeway/freeway_540.jpg,14,freeway
freeway/freeway_541.jpg,14,freeway
freeway/freeway_542.jpg,14,freeway
freeway/freeway_544.jpg,14,freeway
freeway/freeway_545.jpg,14,freeway
freeway/freeway_546.jpg,14,freeway
freeway/freeway_547.jpg,14,freeway
freeway/freeway_549.jpg,14,freeway
freeway/freeway_551.jpg,14,freeway
freeway/freeway_553.jpg,14,freeway
freeway/freeway_554.jpg,14,freeway
freeway/freeway_556.jpg,14,freeway
freeway/freeway_557.jpg,14,freeway
freeway/freeway_559.jpg,14,freeway
freeway/freeway_561.jpg,14,freeway
freeway/freeway_562.jpg,14,freeway
freeway/freeway_563.jpg,14,freeway
freeway/freeway_564.jpg,14,freeway
freeway/freeway_565.jpg,14,freeway
freeway/freeway_566.jpg,14,freeway
freeway/freeway_567.jpg,14,freeway
freeway/freeway_570.jpg,14,freeway
freeway/freeway_571.jpg,14,freeway
freeway/freeway_572.jpg,14,freeway
freeway/freeway_576.jpg,14,freeway
freeway/freeway_577.jpg,14,freeway
freeway/freeway_578.jpg,14,freeway
freeway/freeway_579.jpg,14,freeway
freeway/freeway_581.jpg,14,freeway
freeway/freeway_582.jpg,14,freeway
freeway/freeway_583.jpg,14,freeway
freeway/freeway_586.jpg,14,freeway
freeway/freeway_587.jpg,14,freeway
freeway/freeway_588.jpg,14,freeway
freeway/freeway_592.jpg,14,freeway
freeway/freeway_593.jpg,14,freeway
freeway/freeway_594.jpg,14,freeway
freeway/freeway_595.jpg,14,freeway
freeway/freeway_596.jpg,14,freeway
freeway/freeway_598.jpg,14,freeway
freeway/freeway_603.jpg,14,freeway
freeway/freeway_605.jpg,14,freeway
freeway/freeway_606.jpg,14,freeway
freeway/freeway_607.jpg,14,freeway
freeway/freeway_608.jpg,14,freeway
freeway/freeway_611.jpg,14,freeway
freeway/freeway_612.jpg,14,freeway
freeway/freeway_613.jpg,14,freeway
freeway/freeway_615.jpg,14,freeway
freeway/freeway_616.jpg,14,freeway
freeway/freeway_617.jpg,14,freeway
freeway/freeway_618.jpg,14,freeway
freeway/freeway_619.jpg,14,freeway
freeway/freeway_620.jpg,14,freeway
freeway/freeway_621.jpg,14,freeway
freeway/freeway_623.jpg,14,freeway
freeway/freeway_624.jpg,14,freeway
freeway/freeway_625.jpg,14,freeway
freeway/freeway_626.jpg,14,freeway
freeway/freeway_627.jpg,14,freeway
freeway/freeway_629.jpg,14,freeway
freeway/freeway_630.jpg,14,freeway
freeway/freeway_631.jpg,14,freeway
freeway/freeway_632.jpg,14,freeway
freeway/freeway_633.jpg,14,freeway
freeway/freeway_634.jpg,14,freeway
freeway/freeway_636.jpg,14,freeway
freeway/freeway_638.jpg,14,freeway
freeway/freeway_640.jpg,14,freeway
freeway/freeway_643.jpg,14,freeway
freeway/freeway_645.jpg,14,freeway
freeway/freeway_647.jpg,14,freeway
freeway/freeway_649.jpg,14,freeway
freeway/freeway_651.jpg,14,freeway
freeway/freeway_652.jpg,14,freeway
freeway/freeway_653.jpg,14,freeway
freeway/freeway_654.jpg,14,freeway
freeway/freeway_657.jpg,14,freeway
freeway/freeway_658.jpg,14,freeway
freeway/freeway_660.jpg,14,freeway
freeway/freeway_661.jpg,14,freeway
freeway/freeway_662.jpg,14,freeway
freeway/freeway_663.jpg,14,freeway
freeway/freeway_664.jpg,14,freeway
freeway/freeway_666.jpg,14,freeway
freeway/freeway_668.jpg,14,freeway
freeway/freeway_669.jpg,14,freeway
freeway/freeway_670.jpg,14,freeway
freeway/freeway_671.jpg,14,freeway
freeway/freeway_672.jpg,14,freeway
freeway/freeway_673.jpg,14,freeway
freeway/freeway_674.jpg,14,freeway
freeway/freeway_676.jpg,14,freeway
freeway/freeway_677.jpg,14,freeway
freeway/freeway_678.jpg,14,freeway
freeway/freeway_679.jpg,14,freeway
freeway/freeway_680.jpg,14,freeway
freeway/freeway_682.jpg,14,freeway
freeway/freeway_684.jpg,14,freeway
freeway/freeway_685.jpg,14,freeway
freeway/freeway_686.jpg,14,freeway
freeway/freeway_688.jpg,14,freeway
freeway/freeway_689.jpg,14,freeway
freeway/freeway_690.jpg,14,freeway
freeway/freeway_692.jpg,14,freeway
freeway/freeway_693.jpg,14,freeway
freeway/freeway_695.jpg,14,freeway
freeway/freeway_697.jpg,14,freeway
freeway/freeway_698.jpg,14,freeway
golf_course/golf_course_002.jpg,15,golf_course
golf_course/golf_course_003.jpg,15,golf_course
golf_course/golf_course_004.jpg,15,golf_course
golf_course/golf_course_005.jpg,15,golf_course
golf_course/golf_course_006.jpg,15,golf_course
golf_course/golf_course_007.jpg,15,golf_course
golf_course/golf_course_008.jpg,15,golf_course
golf_course/golf_course_010.jpg,15,golf_course
golf_course/golf_course_011.jpg,15,golf_course
golf_course/golf_course_012.jpg,15,golf_course
golf_course/golf_course_014.jpg,15,golf_course
golf_course/golf_course_016.jpg,15,golf_course
golf_course/golf_course_017.jpg,15,golf_course
golf_course/golf_course_020.jpg,15,golf_course
golf_course/golf_course_021.jpg,15,golf_course
golf_course/golf_course_023.jpg,15,golf_course
golf_course/golf_course_026.jpg,15,golf_course
golf_course/golf_course_028.jpg,15,golf_course
golf_course/golf_course_029.jpg,15,golf_course
golf_course/golf_course_030.jpg,15,golf_course
golf_course/golf_course_032.jpg,15,golf_course
golf_course/golf_course_034.jpg,15,golf_course
golf_course/golf_course_035.jpg,15,golf_course
golf_course/golf_course_036.jpg,15,golf_course
golf_course/golf_course_037.jpg,15,golf_course
golf_course/golf_course_038.jpg,15,golf_course
golf_course/golf_course_039.jpg,15,golf_course
golf_course/golf_course_041.jpg,15,golf_course
golf_course/golf_course_042.jpg,15,golf_course
golf_course/golf_course_045.jpg,15,golf_course
golf_course/golf_course_046.jpg,15,golf_course
golf_course/golf_course_047.jpg,15,golf_course
golf_course/golf_course_049.jpg,15,golf_course
golf_course/golf_course_050.jpg,15,golf_course
golf_course/golf_course_051.jpg,15,golf_course
golf_course/golf_course_052.jpg,15,golf_course
golf_course/golf_course_054.jpg,15,golf_course
golf_course/golf_course_055.jpg,15,golf_course
golf_course/golf_course_057.jpg,15,golf_course
golf_course/golf_course_058.jpg,15,golf_course
golf_course/golf_course_060.jpg,15,golf_course
golf_course/golf_course_061.jpg,15,golf_course
golf_course/golf_course_062.jpg,15,golf_course
golf_course/golf_course_063.jpg,15,golf_course
golf_course/golf_course_064.jpg,15,golf_course
golf_course/golf_course_065.jpg,15,golf_course
golf_course/golf_course_066.jpg,15,golf_course
golf_course/golf_course_067.jpg,15,golf_course
golf_course/golf_course_068.jpg,15,golf_course
golf_course/golf_course_069.jpg,15,golf_course
golf_course/golf_course_071.jpg,15,golf_course
golf_course/golf_course_073.jpg,15,golf_course
golf_course/golf_course_074.jpg,15,golf_course
golf_course/golf_course_075.jpg,15,golf_course
golf_course/golf_course_078.jpg,15,golf_course
golf_course/golf_course_079.jpg,15,golf_course
golf_course/golf_course_080.jpg,15,golf_course
golf_course/golf_course_081.jpg,15,golf_course
golf_course/golf_course_082.jpg,15,golf_course
golf_course/golf_course_083.jpg,15,golf_course
golf_course/golf_course_085.jpg,15,golf_course
golf_course/golf_course_088.jpg,15,golf_course
golf_course/golf_course_089.jpg,15,golf_course
golf_course/golf_course_091.jpg,15,golf_course
golf_course/golf_course_092.jpg,15,golf_course
golf_course/golf_course_093.jpg,15,golf_course
golf_course/golf_course_094.jpg,15,golf_course
golf_course/golf_course_095.jpg,15,golf_course
golf_course/golf_course_096.jpg,15,golf_course
golf_course/golf_course_097.jpg,15,golf_course
golf_course/golf_course_098.jpg,15,golf_course
golf_course/golf_course_099.jpg,15,golf_course
golf_course/golf_course_100.jpg,15,golf_course
golf_course/golf_course_102.jpg,15,golf_course
golf_course/golf_course_103.jpg,15,golf_course
golf_course/golf_course_106.jpg,15,golf_course
golf_course/golf_course_108.jpg,15,golf_course
golf_course/golf_course_109.jpg,15,golf_course
golf_course/golf_course_110.jpg,15,golf_course
golf_course/golf_course_112.jpg,15,golf_course
golf_course/golf_course_113.jpg,15,golf_course
golf_course/golf_course_115.jpg,15,golf_course
golf_course/golf_course_116.jpg,15,golf_course
golf_course/golf_course_117.jpg,15,golf_course
golf_course/golf_course_118.jpg,15,golf_course
golf_course/golf_course_119.jpg,15,golf_course
golf_course/golf_course_120.jpg,15,golf_course
golf_course/golf_course_122.jpg,15,golf_course
golf_course/golf_course_123.jpg,15,golf_course
golf_course/golf_course_125.jpg,15,golf_course
golf_course/golf_course_126.jpg,15,golf_course
golf_course/golf_course_127.jpg,15,golf_course
golf_course/golf_course_128.jpg,15,golf_course
golf_course/golf_course_129.jpg,15,golf_course
golf_course/golf_course_130.jpg,15,golf_course
golf_course/golf_course_132.jpg,15,golf_course
golf_course/golf_course_133.jpg,15,golf_course
golf_course/golf_course_134.jpg,15,golf_course
golf_course/golf_course_135.jpg,15,golf_course
golf_course/golf_course_136.jpg,15,golf_course
golf_course/golf_course_139.jpg,15,golf_course
golf_course/golf_course_140.jpg,15,golf_course
golf_course/golf_course_142.jpg,15,golf_course
golf_course/golf_course_145.jpg,15,golf_course
golf_course/golf_course_148.jpg,15,golf_course
golf_course/golf_course_149.jpg,15,golf_course
golf_course/golf_course_150.jpg,15,golf_course
golf_course/golf_course_151.jpg,15,golf_course
golf_course/golf_course_152.jpg,15,golf_course
golf_course/golf_course_153.jpg,15,golf_course
golf_course/golf_course_154.jpg,15,golf_course
golf_course/golf_course_156.jpg,15,golf_course
golf_course/golf_course_157.jpg,15,golf_course
golf_course/golf_course_158.jpg,15,golf_course
golf_course/golf_course_159.jpg,15,golf_course
golf_course/golf_course_161.jpg,15,golf_course
golf_course/golf_course_162.jpg,15,golf_course
golf_course/golf_course_167.jpg,15,golf_course
golf_course/golf_course_168.jpg,15,golf_course
golf_course/golf_course_169.jpg,15,golf_course
golf_course/golf_course_171.jpg,15,golf_course
golf_course/golf_course_172.jpg,15,golf_course
golf_course/golf_course_173.jpg,15,golf_course
golf_course/golf_course_176.jpg,15,golf_course
golf_course/golf_course_177.jpg,15,golf_course
golf_course/golf_course_178.jpg,15,golf_course
golf_course/golf_course_180.jpg,15,golf_course
golf_course/golf_course_181.jpg,15,golf_course
golf_course/golf_course_182.jpg,15,golf_course
golf_course/golf_course_184.jpg,15,golf_course
golf_course/golf_course_185.jpg,15,golf_course
golf_course/golf_course_186.jpg,15,golf_course
golf_course/golf_course_187.jpg,15,golf_course
golf_course/golf_course_190.jpg,15,golf_course
golf_course/golf_course_192.jpg,15,golf_course
golf_course/golf_course_193.jpg,15,golf_course
golf_course/golf_course_194.jpg,15,golf_course
golf_course/golf_course_196.jpg,15,golf_course
golf_course/golf_course_197.jpg,15,golf_course
golf_course/golf_course_198.jpg,15,golf_course
golf_course/golf_course_199.jpg,15,golf_course
golf_course/golf_course_200.jpg,15,golf_course
golf_course/golf_course_201.jpg,15,golf_course
golf_course/golf_course_202.jpg,15,golf_course
golf_course/golf_course_203.jpg,15,golf_course
golf_course/golf_course_204.jpg,15,golf_course
golf_course/golf_course_207.jpg,15,golf_course
golf_course/golf_course_208.jpg,15,golf_course
golf_course/golf_course_209.jpg,15,golf_course
golf_course/golf_course_210.jpg,15,golf_course
golf_course/golf_course_212.jpg,15,golf_course
golf_course/golf_course_213.jpg,15,golf_course
golf_course/golf_course_214.jpg,15,golf_course
golf_course/golf_course_215.jpg,15,golf_course
golf_course/golf_course_216.jpg,15,golf_course
golf_course/golf_course_219.jpg,15,golf_course
golf_course/golf_course_220.jpg,15,golf_course
golf_course/golf_course_221.jpg,15,golf_course
golf_course/golf_course_222.jpg,15,golf_course
golf_course/golf_course_224.jpg,15,golf_course
golf_course/golf_course_226.jpg,15,golf_course
golf_course/golf_course_227.jpg,15,golf_course
golf_course/golf_course_229.jpg,15,golf_course
golf_course/golf_course_230.jpg,15,golf_course
golf_course/golf_course_231.jpg,15,golf_course
golf_course/golf_course_233.jpg,15,golf_course
golf_course/golf_course_236.jpg,15,golf_course
golf_course/golf_course_237.jpg,15,golf_course
golf_course/golf_course_238.jpg,15,golf_course
golf_course/golf_course_239.jpg,15,golf_course
golf_course/golf_course_240.jpg,15,golf_course
golf_course/golf_course_241.jpg,15,golf_course
golf_course/golf_course_242.jpg,15,golf_course
golf_course/golf_course_243.jpg,15,golf_course
golf_course/golf_course_244.jpg,15,golf_course
golf_course/golf_course_246.jpg,15,golf_course
golf_course/golf_course_247.jpg,15,golf_course
golf_course/golf_course_248.jpg,15,golf_course
golf_course/golf_course_251.jpg,15,golf_course
golf_course/golf_course_252.jpg,15,golf_course
golf_course/golf_course_254.jpg,15,golf_course
golf_course/golf_course_258.jpg,15,golf_course
golf_course/golf_course_261.jpg,15,golf_course
golf_course/golf_course_262.jpg,15,golf_course
golf_course/golf_course_263.jpg,15,golf_course
golf_course/golf_course_264.jpg,15,golf_course
golf_course/golf_course_265.jpg,15,golf_course
golf_course/golf_course_266.jpg,15,golf_course
golf_course/golf_course_268.jpg,15,golf_course
golf_course/golf_course_270.jpg,15,golf_course
golf_course/golf_course_271.jpg,15,golf_course
golf_course/golf_course_272.jpg,15,golf_course
golf_course/golf_course_273.jpg,15,golf_course
golf_course/golf_course_274.jpg,15,golf_course
golf_course/golf_course_275.jpg,15,golf_course
golf_course/golf_course_276.jpg,15,golf_course
golf_course/golf_course_277.jpg,15,golf_course
golf_course/golf_course_278.jpg,15,golf_course
golf_course/golf_course_280.jpg,15,golf_course
golf_course/golf_course_282.jpg,15,golf_course
golf_course/golf_course_283.jpg,15,golf_course
golf_course/golf_course_284.jpg,15,golf_course
golf_course/golf_course_285.jpg,15,golf_course
golf_course/golf_course_286.jpg,15,golf_course
golf_course/golf_course_287.jpg,15,golf_course
golf_course/golf_course_289.jpg,15,golf_course
golf_course/golf_course_290.jpg,15,golf_course
golf_course/golf_course_293.jpg,15,golf_course
golf_course/golf_course_294.jpg,15,golf_course
golf_course/golf_course_295.jpg,15,golf_course
golf_course/golf_course_297.jpg,15,golf_course
golf_course/golf_course_298.jpg,15,golf_course
golf_course/golf_course_299.jpg,15,golf_course
golf_course/golf_course_300.jpg,15,golf_course
golf_course/golf_course_304.jpg,15,golf_course
golf_course/golf_course_305.jpg,15,golf_course
golf_course/golf_course_309.jpg,15,golf_course
golf_course/golf_course_310.jpg,15,golf_course
golf_course/golf_course_311.jpg,15,golf_course
golf_course/golf_course_312.jpg,15,golf_course
golf_course/golf_course_313.jpg,15,golf_course
golf_course/golf_course_314.jpg,15,golf_course
golf_course/golf_course_315.jpg,15,golf_course
golf_course/golf_course_319.jpg,15,golf_course
golf_course/golf_course_321.jpg,15,golf_course
golf_course/golf_course_322.jpg,15,golf_course
golf_course/golf_course_323.jpg,15,golf_course
golf_course/golf_course_324.jpg,15,golf_course
golf_course/golf_course_326.jpg,15,golf_course
golf_course/golf_course_327.jpg,15,golf_course
golf_course/golf_course_328.jpg,15,golf_course
golf_course/golf_course_329.jpg,15,golf_course
golf_course/golf_course_332.jpg,15,golf_course
golf_course/golf_course_333.jpg,15,golf_course
golf_course/golf_course_334.jpg,15,golf_course
golf_course/golf_course_335.jpg,15,golf_course
golf_course/golf_course_337.jpg,15,golf_course
golf_course/golf_course_340.jpg,15,golf_course
golf_course/golf_course_341.jpg,15,golf_course
golf_course/golf_course_342.jpg,15,golf_course
golf_course/golf_course_343.jpg,15,golf_course
golf_course/golf_course_344.jpg,15,golf_course
golf_course/golf_course_346.jpg,15,golf_course
golf_course/golf_course_347.jpg,15,golf_course
golf_course/golf_course_349.jpg,15,golf_course
golf_course/golf_course_350.jpg,15,golf_course
golf_course/golf_course_351.jpg,15,golf_course
golf_course/golf_course_352.jpg,15,golf_course
golf_course/golf_course_354.jpg,15,golf_course
golf_course/golf_course_355.jpg,15,golf_course
golf_course/golf_course_356.jpg,15,golf_course
golf_course/golf_course_357.jpg,15,golf_course
golf_course/golf_course_358.jpg,15,golf_course
golf_course/golf_course_360.jpg,15,golf_course
golf_course/golf_course_361.jpg,15,golf_course
golf_course/golf_course_362.jpg,15,golf_course
golf_course/golf_course_363.jpg,15,golf_course
golf_course/golf_course_366.jpg,15,golf_course
golf_course/golf_course_367.jpg,15,golf_course
golf_course/golf_course_368.jpg,15,golf_course
golf_course/golf_course_369.jpg,15,golf_course
golf_course/golf_course_370.jpg,15,golf_course
golf_course/golf_course_371.jpg,15,golf_course
golf_course/golf_course_372.jpg,15,golf_course
golf_course/golf_course_373.jpg,15,golf_course
golf_course/golf_course_374.jpg,15,golf_course
golf_course/golf_course_375.jpg,15,golf_course
golf_course/golf_course_376.jpg,15,golf_course
golf_course/golf_course_378.jpg,15,golf_course
golf_course/golf_course_379.jpg,15,golf_course
golf_course/golf_course_380.jpg,15,golf_course
golf_course/golf_course_383.jpg,15,golf_course
golf_course/golf_course_385.jpg,15,golf_course
golf_course/golf_course_387.jpg,15,golf_course
golf_course/golf_course_388.jpg,15,golf_course
golf_course/golf_course_389.jpg,15,golf_course
golf_course/golf_course_390.jpg,15,golf_course
golf_course/golf_course_392.jpg,15,golf_course
golf_course/golf_course_393.jpg,15,golf_course
golf_course/golf_course_394.jpg,15,golf_course
golf_course/golf_course_395.jpg,15,golf_course
golf_course/golf_course_396.jpg,15,golf_course
golf_course/golf_course_398.jpg,15,golf_course
golf_course/golf_course_399.jpg,15,golf_course
golf_course/golf_course_400.jpg,15,golf_course
golf_course/golf_course_404.jpg,15,golf_course
golf_course/golf_course_405.jpg,15,golf_course
golf_course/golf_course_406.jpg,15,golf_course
golf_course/golf_course_407.jpg,15,golf_course
golf_course/golf_course_408.jpg,15,golf_course
golf_course/golf_course_409.jpg,15,golf_course
golf_course/golf_course_410.jpg,15,golf_course
golf_course/golf_course_411.jpg,15,golf_course
golf_course/golf_course_412.jpg,15,golf_course
golf_course/golf_course_414.jpg,15,golf_course
golf_course/golf_course_415.jpg,15,golf_course
golf_course/golf_course_416.jpg,15,golf_course
golf_course/golf_course_418.jpg,15,golf_course
golf_course/golf_course_419.jpg,15,golf_course
golf_course/golf_course_421.jpg,15,golf_course
golf_course/golf_course_422.jpg,15,golf_course
golf_course/golf_course_423.jpg,15,golf_course
golf_course/golf_course_424.jpg,15,golf_course
golf_course/golf_course_426.jpg,15,golf_course
golf_course/golf_course_428.jpg,15,golf_course
golf_course/golf_course_429.jpg,15,golf_course
golf_course/golf_course_430.jpg,15,golf_course
golf_course/golf_course_433.jpg,15,golf_course
golf_course/golf_course_436.jpg,15,golf_course
golf_course/golf_course_437.jpg,15,golf_course
golf_course/golf_course_442.jpg,15,golf_course
golf_course/golf_course_443.jpg,15,golf_course
golf_course/golf_course_446.jpg,15,golf_course
golf_course/golf_course_447.jpg,15,golf_course
golf_course/golf_course_448.jpg,15,golf_course
golf_course/golf_course_451.jpg,15,golf_course
golf_course/golf_course_453.jpg,15,golf_course
golf_course/golf_course_457.jpg,15,golf_course
golf_course/golf_course_458.jpg,15,golf_course
golf_course/golf_course_459.jpg,15,golf_course
golf_course/golf_course_460.jpg,15,golf_course
golf_course/golf_course_461.jpg,15,golf_course
golf_course/golf_course_462.jpg,15,golf_course
golf_course/golf_course_463.jpg,15,golf_course
golf_course/golf_course_464.jpg,15,golf_course
golf_course/golf_course_465.jpg,15,golf_course
golf_course/golf_course_466.jpg,15,golf_course
golf_course/golf_course_468.jpg,15,golf_course
golf_course/golf_course_471.jpg,15,golf_course
golf_course/golf_course_472.jpg,15,golf_course
golf_course/golf_course_473.jpg,15,golf_course
golf_course/golf_course_474.jpg,15,golf_course
golf_course/golf_course_475.jpg,15,golf_course
golf_course/golf_course_477.jpg,15,golf_course
golf_course/golf_course_479.jpg,15,golf_course
golf_course/golf_course_480.jpg,15,golf_course
golf_course/golf_course_482.jpg,15,golf_course
golf_course/golf_course_483.jpg,15,golf_course
golf_course/golf_course_484.jpg,15,golf_course
golf_course/golf_course_489.jpg,15,golf_course
golf_course/golf_course_490.jpg,15,golf_course
golf_course/golf_course_491.jpg,15,golf_course
golf_course/golf_course_493.jpg,15,golf_course
golf_course/golf_course_494.jpg,15,golf_course
golf_course/golf_course_495.jpg,15,golf_course
golf_course/golf_course_496.jpg,15,golf_course
golf_course/golf_course_498.jpg,15,golf_course
golf_course/golf_course_500.jpg,15,golf_course
golf_course/golf_course_501.jpg,15,golf_course
golf_course/golf_course_504.jpg,15,golf_course
golf_course/golf_course_505.jpg,15,golf_course
golf_course/golf_course_506.jpg,15,golf_course
golf_course/golf_course_507.jpg,15,golf_course
golf_course/golf_course_508.jpg,15,golf_course
golf_course/golf_course_509.jpg,15,golf_course
golf_course/golf_course_510.jpg,15,golf_course
golf_course/golf_course_511.jpg,15,golf_course
golf_course/golf_course_512.jpg,15,golf_course
golf_course/golf_course_513.jpg,15,golf_course
golf_course/golf_course_514.jpg,15,golf_course
golf_course/golf_course_516.jpg,15,golf_course
golf_course/golf_course_518.jpg,15,golf_course
golf_course/golf_course_520.jpg,15,golf_course
golf_course/golf_course_521.jpg,15,golf_course
golf_course/golf_course_522.jpg,15,golf_course
golf_course/golf_course_523.jpg,15,golf_course
golf_course/golf_course_524.jpg,15,golf_course
golf_course/golf_course_525.jpg,15,golf_course
golf_course/golf_course_526.jpg,15,golf_course
golf_course/golf_course_528.jpg,15,golf_course
golf_course/golf_course_530.jpg,15,golf_course
golf_course/golf_course_531.jpg,15,golf_course
golf_course/golf_course_532.jpg,15,golf_course
golf_course/golf_course_534.jpg,15,golf_course
golf_course/golf_course_535.jpg,15,golf_course
golf_course/golf_course_536.jpg,15,golf_course
golf_course/golf_course_537.jpg,15,golf_course
golf_course/golf_course_538.jpg,15,golf_course
golf_course/golf_course_539.jpg,15,golf_course
golf_course/golf_course_543.jpg,15,golf_course
golf_course/golf_course_544.jpg,15,golf_course
golf_course/golf_course_546.jpg,15,golf_course
golf_course/golf_course_547.jpg,15,golf_course
golf_course/golf_course_549.jpg,15,golf_course
golf_course/golf_course_551.jpg,15,golf_course
golf_course/golf_course_553.jpg,15,golf_course
golf_course/golf_course_554.jpg,15,golf_course
golf_course/golf_course_555.jpg,15,golf_course
golf_course/golf_course_556.jpg,15,golf_course
golf_course/golf_course_557.jpg,15,golf_course
golf_course/golf_course_558.jpg,15,golf_course
golf_course/golf_course_559.jpg,15,golf_course
golf_course/golf_course_561.jpg,15,golf_course
golf_course/golf_course_562.jpg,15,golf_course
golf_course/golf_course_563.jpg,15,golf_course
golf_course/golf_course_565.jpg,15,golf_course
golf_course/golf_course_568.jpg,15,golf_course
golf_course/golf_course_570.jpg,15,golf_course
golf_course/golf_course_572.jpg,15,golf_course
golf_course/golf_course_573.jpg,15,golf_course
golf_course/golf_course_574.jpg,15,golf_course
golf_course/golf_course_575.jpg,15,golf_course
golf_course/golf_course_576.jpg,15,golf_course
golf_course/golf_course_577.jpg,15,golf_course
golf_course/golf_course_580.jpg,15,golf_course
golf_course/golf_course_582.jpg,15,golf_course
golf_course/golf_course_583.jpg,15,golf_course
golf_course/golf_course_584.jpg,15,golf_course
golf_course/golf_course_585.jpg,15,golf_course
golf_course/golf_course_586.jpg,15,golf_course
golf_course/golf_course_589.jpg,15,golf_course
golf_course/golf_course_591.jpg,15,golf_course
golf_course/golf_course_593.jpg,15,golf_course
golf_course/golf_course_594.jpg,15,golf_course
golf_course/golf_course_595.jpg,15,golf_course
golf_course/golf_course_596.jpg,15,golf_course
golf_course/golf_course_600.jpg,15,golf_course
golf_course/golf_course_601.jpg,15,golf_course
golf_course/golf_course_604.jpg,15,golf_course
golf_course/golf_course_605.jpg,15,golf_course
golf_course/golf_course_606.jpg,15,golf_course
golf_course/golf_course_609.jpg,15,golf_course
golf_course/golf_course_610.jpg,15,golf_course
golf_course/golf_course_611.jpg,15,golf_course
golf_course/golf_course_612.jpg,15,golf_course
golf_course/golf_course_613.jpg,15,golf_course
golf_course/golf_course_614.jpg,15,golf_course
golf_course/golf_course_615.jpg,15,golf_course
golf_course/golf_course_617.jpg,15,golf_course
golf_course/golf_course_618.jpg,15,golf_course
golf_course/golf_course_619.jpg,15,golf_course
golf_course/golf_course_620.jpg,15,golf_course
golf_course/golf_course_622.jpg,15,golf_course
golf_course/golf_course_623.jpg,15,golf_course
golf_course/golf_course_625.jpg,15,golf_course
golf_course/golf_course_626.jpg,15,golf_course
golf_course/golf_course_628.jpg,15,golf_course
golf_course/golf_course_629.jpg,15,golf_course
golf_course/golf_course_630.jpg,15,golf_course
golf_course/golf_course_635.jpg,15,golf_course
golf_course/golf_course_636.jpg,15,golf_course
golf_course/golf_course_637.jpg,15,golf_course
golf_course/golf_course_638.jpg,15,golf_course
golf_course/golf_course_639.jpg,15,golf_course
golf_course/golf_course_640.jpg,15,golf_course
golf_course/golf_course_643.jpg,15,golf_course
golf_course/golf_course_644.jpg,15,golf_course
golf_course/golf_course_645.jpg,15,golf_course
golf_course/golf_course_646.jpg,15,golf_course
golf_course/golf_course_647.jpg,15,golf_course
golf_course/golf_course_648.jpg,15,golf_course
golf_course/golf_course_649.jpg,15,golf_course
golf_course/golf_course_651.jpg,15,golf_course
golf_course/golf_course_652.jpg,15,golf_course
golf_course/golf_course_653.jpg,15,golf_course
golf_course/golf_course_654.jpg,15,golf_course
golf_course/golf_course_655.jpg,15,golf_course
golf_course/golf_course_657.jpg,15,golf_course
golf_course/golf_course_658.jpg,15,golf_course
golf_course/golf_course_659.jpg,15,golf_course
golf_course/golf_course_662.jpg,15,golf_course
golf_course/golf_course_663.jpg,15,golf_course
golf_course/golf_course_664.jpg,15,golf_course
golf_course/golf_course_665.jpg,15,golf_course
golf_course/golf_course_666.jpg,15,golf_course
golf_course/golf_course_667.jpg,15,golf_course
golf_course/golf_course_670.jpg,15,golf_course
golf_course/golf_course_674.jpg,15,golf_course
golf_course/golf_course_677.jpg,15,golf_course
golf_course/golf_course_679.jpg,15,golf_course
golf_course/golf_course_680.jpg,15,golf_course
golf_course/golf_course_681.jpg,15,golf_course
golf_course/golf_course_682.jpg,15,golf_course
golf_course/golf_course_683.jpg,15,golf_course
golf_course/golf_course_684.jpg,15,golf_course
golf_course/golf_course_685.jpg,15,golf_course
golf_course/golf_course_686.jpg,15,golf_course
golf_course/golf_course_687.jpg,15,golf_course
golf_course/golf_course_688.jpg,15,golf_course
golf_course/golf_course_689.jpg,15,golf_course
golf_course/golf_course_690.jpg,15,golf_course
golf_course/golf_course_691.jpg,15,golf_course
golf_course/golf_course_692.jpg,15,golf_course
golf_course/golf_course_693.jpg,15,golf_course
golf_course/golf_course_694.jpg,15,golf_course
golf_course/golf_course_695.jpg,15,golf_course
golf_course/golf_course_697.jpg,15,golf_course
golf_course/golf_course_698.jpg,15,golf_course
golf_course/golf_course_699.jpg,15,golf_course
golf_course/golf_course_700.jpg,15,golf_course
ground_track_field/ground_track_field_001.jpg,16,ground_track_field
ground_track_field/ground_track_field_002.jpg,16,ground_track_field
ground_track_field/ground_track_field_003.jpg,16,ground_track_field
ground_track_field/ground_track_field_004.jpg,16,ground_track_field
ground_track_field/ground_track_field_006.jpg,16,ground_track_field
ground_track_field/ground_track_field_007.jpg,16,ground_track_field
ground_track_field/ground_track_field_008.jpg,16,ground_track_field
ground_track_field/ground_track_field_009.jpg,16,ground_track_field
ground_track_field/ground_track_field_010.jpg,16,ground_track_field
ground_track_field/ground_track_field_011.jpg,16,ground_track_field
ground_track_field/ground_track_field_013.jpg,16,ground_track_field
ground_track_field/ground_track_field_014.jpg,16,ground_track_field
ground_track_field/ground_track_field_015.jpg,16,ground_track_field
ground_track_field/ground_track_field_016.jpg,16,ground_track_field
ground_track_field/ground_track_field_017.jpg,16,ground_track_field
ground_track_field/ground_track_field_020.jpg,16,ground_track_field
ground_track_field/ground_track_field_021.jpg,16,ground_track_field
ground_track_field/ground_track_field_022.jpg,16,ground_track_field
ground_track_field/ground_track_field_023.jpg,16,ground_track_field
ground_track_field/ground_track_field_025.jpg,16,ground_track_field
ground_track_field/ground_track_field_026.jpg,16,ground_track_field
ground_track_field/ground_track_field_027.jpg,16,ground_track_field
ground_track_field/ground_track_field_028.jpg,16,ground_track_field
ground_track_field/ground_track_field_030.jpg,16,ground_track_field
ground_track_field/ground_track_field_032.jpg,16,ground_track_field
ground_track_field/ground_track_field_033.jpg,16,ground_track_field
ground_track_field/ground_track_field_035.jpg,16,ground_track_field
ground_track_field/ground_track_field_036.jpg,16,ground_track_field
ground_track_field/ground_track_field_038.jpg,16,ground_track_field
ground_track_field/ground_track_field_039.jpg,16,ground_track_field
ground_track_field/ground_track_field_041.jpg,16,ground_track_field
ground_track_field/ground_track_field_043.jpg,16,ground_track_field
ground_track_field/ground_track_field_044.jpg,16,ground_track_field
ground_track_field/ground_track_field_045.jpg,16,ground_track_field
ground_track_field/ground_track_field_046.jpg,16,ground_track_field
ground_track_field/ground_track_field_047.jpg,16,ground_track_field
ground_track_field/ground_track_field_048.jpg,16,ground_track_field
ground_track_field/ground_track_field_049.jpg,16,ground_track_field
ground_track_field/ground_track_field_050.jpg,16,ground_track_field
ground_track_field/ground_track_field_051.jpg,16,ground_track_field
ground_track_field/ground_track_field_052.jpg,16,ground_track_field
ground_track_field/ground_track_field_053.jpg,16,ground_track_field
ground_track_field/ground_track_field_054.jpg,16,ground_track_field
ground_track_field/ground_track_field_055.jpg,16,ground_track_field
ground_track_field/ground_track_field_056.jpg,16,ground_track_field
ground_track_field/ground_track_field_058.jpg,16,ground_track_field
ground_track_field/ground_track_field_060.jpg,16,ground_track_field
ground_track_field/ground_track_field_061.jpg,16,ground_track_field
ground_track_field/ground_track_field_062.jpg,16,ground_track_field
ground_track_field/ground_track_field_063.jpg,16,ground_track_field
ground_track_field/ground_track_field_064.jpg,16,ground_track_field
ground_track_field/ground_track_field_066.jpg,16,ground_track_field
ground_track_field/ground_track_field_067.jpg,16,ground_track_field
ground_track_field/ground_track_field_068.jpg,16,ground_track_field
ground_track_field/ground_track_field_070.jpg,16,ground_track_field
ground_track_field/ground_track_field_073.jpg,16,ground_track_field
ground_track_field/ground_track_field_074.jpg,16,ground_track_field
ground_track_field/ground_track_field_075.jpg,16,ground_track_field
ground_track_field/ground_track_field_076.jpg,16,ground_track_field
ground_track_field/ground_track_field_077.jpg,16,ground_track_field
ground_track_field/ground_track_field_078.jpg,16,ground_track_field
ground_track_field/ground_track_field_079.jpg,16,ground_track_field
ground_track_field/ground_track_field_082.jpg,16,ground_track_field
ground_track_field/ground_track_field_083.jpg,16,ground_track_field
ground_track_field/ground_track_field_084.jpg,16,ground_track_field
ground_track_field/ground_track_field_087.jpg,16,ground_track_field
ground_track_field/ground_track_field_088.jpg,16,ground_track_field
ground_track_field/ground_track_field_089.jpg,16,ground_track_field
ground_track_field/ground_track_field_090.jpg,16,ground_track_field
ground_track_field/ground_track_field_091.jpg,16,ground_track_field
ground_track_field/ground_track_field_096.jpg,16,ground_track_field
ground_track_field/ground_track_field_097.jpg,16,ground_track_field
ground_track_field/ground_track_field_100.jpg,16,ground_track_field
ground_track_field/ground_track_field_101.jpg,16,ground_track_field
ground_track_field/ground_track_field_102.jpg,16,ground_track_field
ground_track_field/ground_track_field_103.jpg,16,ground_track_field
ground_track_field/ground_track_field_104.jpg,16,ground_track_field
ground_track_field/ground_track_field_105.jpg,16,ground_track_field
ground_track_field/ground_track_field_106.jpg,16,ground_track_field
ground_track_field/ground_track_field_107.jpg,16,ground_track_field
ground_track_field/ground_track_field_109.jpg,16,ground_track_field
ground_track_field/ground_track_field_110.jpg,16,ground_track_field
ground_track_field/ground_track_field_111.jpg,16,ground_track_field
ground_track_field/ground_track_field_113.jpg,16,ground_track_field
ground_track_field/ground_track_field_114.jpg,16,ground_track_field
ground_track_field/ground_track_field_115.jpg,16,ground_track_field
ground_track_field/ground_track_field_117.jpg,16,ground_track_field
ground_track_field/ground_track_field_118.jpg,16,ground_track_field
ground_track_field/ground_track_field_119.jpg,16,ground_track_field
ground_track_field/ground_track_field_120.jpg,16,ground_track_field
ground_track_field/ground_track_field_123.jpg,16,ground_track_field
ground_track_field/ground_track_field_124.jpg,16,ground_track_field
ground_track_field/ground_track_field_125.jpg,16,ground_track_field
ground_track_field/ground_track_field_126.jpg,16,ground_track_field
ground_track_field/ground_track_field_127.jpg,16,ground_track_field
ground_track_field/ground_track_field_129.jpg,16,ground_track_field
ground_track_field/ground_track_field_130.jpg,16,ground_track_field
ground_track_field/ground_track_field_131.jpg,16,ground_track_field
ground_track_field/ground_track_field_132.jpg,16,ground_track_field
ground_track_field/ground_track_field_133.jpg,16,ground_track_field
ground_track_field/ground_track_field_135.jpg,16,ground_track_field
ground_track_field/ground_track_field_136.jpg,16,ground_track_field
ground_track_field/ground_track_field_138.jpg,16,ground_track_field
ground_track_field/ground_track_field_141.jpg,16,ground_track_field
ground_track_field/ground_track_field_142.jpg,16,ground_track_field
ground_track_field/ground_track_field_143.jpg,16,ground_track_field
ground_track_field/ground_track_field_144.jpg,16,ground_track_field
ground_track_field/ground_track_field_145.jpg,16,ground_track_field
ground_track_field/ground_track_field_147.jpg,16,ground_track_field
ground_track_field/ground_track_field_148.jpg,16,ground_track_field
ground_track_field/ground_track_field_150.jpg,16,ground_track_field
ground_track_field/ground_track_field_151.jpg,16,ground_track_field
ground_track_field/ground_track_field_152.jpg,16,ground_track_field
ground_track_field/ground_track_field_153.jpg,16,ground_track_field
ground_track_field/ground_track_field_155.jpg,16,ground_track_field
ground_track_field/ground_track_field_156.jpg,16,ground_track_field
ground_track_field/ground_track_field_160.jpg,16,ground_track_field
ground_track_field/ground_track_field_161.jpg,16,ground_track_field
ground_track_field/ground_track_field_162.jpg,16,ground_track_field
ground_track_field/ground_track_field_163.jpg,16,ground_track_field
ground_track_field/ground_track_field_164.jpg,16,ground_track_field
ground_track_field/ground_track_field_168.jpg,16,ground_track_field
ground_track_field/ground_track_field_169.jpg,16,ground_track_field
ground_track_field/ground_track_field_171.jpg,16,ground_track_field
ground_track_field/ground_track_field_172.jpg,16,ground_track_field
ground_track_field/ground_track_field_173.jpg,16,ground_track_field
ground_track_field/ground_track_field_174.jpg,16,ground_track_field
ground_track_field/ground_track_field_175.jpg,16,ground_track_field
ground_track_field/ground_track_field_177.jpg,16,ground_track_field
ground_track_field/ground_track_field_179.jpg,16,ground_track_field
ground_track_field/ground_track_field_183.jpg,16,ground_track_field
ground_track_field/ground_track_field_186.jpg,16,ground_track_field
ground_track_field/ground_track_field_187.jpg,16,ground_track_field
ground_track_field/ground_track_field_188.jpg,16,ground_track_field
ground_track_field/ground_track_field_189.jpg,16,ground_track_field
ground_track_field/ground_track_field_191.jpg,16,ground_track_field
ground_track_field/ground_track_field_192.jpg,16,ground_track_field
ground_track_field/ground_track_field_193.jpg,16,ground_track_field
ground_track_field/ground_track_field_194.jpg,16,ground_track_field
ground_track_field/ground_track_field_195.jpg,16,ground_track_field
ground_track_field/ground_track_field_196.jpg,16,ground_track_field
ground_track_field/ground_track_field_197.jpg,16,ground_track_field
ground_track_field/ground_track_field_198.jpg,16,ground_track_field
ground_track_field/ground_track_field_199.jpg,16,ground_track_field
ground_track_field/ground_track_field_200.jpg,16,ground_track_field
ground_track_field/ground_track_field_201.jpg,16,ground_track_field
ground_track_field/ground_track_field_203.jpg,16,ground_track_field
ground_track_field/ground_track_field_204.jpg,16,ground_track_field
ground_track_field/ground_track_field_205.jpg,16,ground_track_field
ground_track_field/ground_track_field_206.jpg,16,ground_track_field
ground_track_field/ground_track_field_208.jpg,16,ground_track_field
ground_track_field/ground_track_field_209.jpg,16,ground_track_field
ground_track_field/ground_track_field_212.jpg,16,ground_track_field
ground_track_field/ground_track_field_215.jpg,16,ground_track_field
ground_track_field/ground_track_field_219.jpg,16,ground_track_field
ground_track_field/ground_track_field_220.jpg,16,ground_track_field
ground_track_field/ground_track_field_222.jpg,16,ground_track_field
ground_track_field/ground_track_field_223.jpg,16,ground_track_field
ground_track_field/ground_track_field_224.jpg,16,ground_track_field
ground_track_field/ground_track_field_225.jpg,16,ground_track_field
ground_track_field/ground_track_field_226.jpg,16,ground_track_field
ground_track_field/ground_track_field_228.jpg,16,ground_track_field
ground_track_field/ground_track_field_229.jpg,16,ground_track_field
ground_track_field/ground_track_field_230.jpg,16,ground_track_field
ground_track_field/ground_track_field_231.jpg,16,ground_track_field
ground_track_field/ground_track_field_232.jpg,16,ground_track_field
ground_track_field/ground_track_field_236.jpg,16,ground_track_field
ground_track_field/ground_track_field_237.jpg,16,ground_track_field
ground_track_field/ground_track_field_238.jpg,16,ground_track_field
ground_track_field/ground_track_field_239.jpg,16,ground_track_field
ground_track_field/ground_track_field_240.jpg,16,ground_track_field
ground_track_field/ground_track_field_241.jpg,16,ground_track_field
ground_track_field/ground_track_field_245.jpg,16,ground_track_field
ground_track_field/ground_track_field_246.jpg,16,ground_track_field
ground_track_field/ground_track_field_248.jpg,16,ground_track_field
ground_track_field/ground_track_field_249.jpg,16,ground_track_field
ground_track_field/ground_track_field_250.jpg,16,ground_track_field
ground_track_field/ground_track_field_253.jpg,16,ground_track_field
ground_track_field/ground_track_field_258.jpg,16,ground_track_field
ground_track_field/ground_track_field_259.jpg,16,ground_track_field
ground_track_field/ground_track_field_261.jpg,16,ground_track_field
ground_track_field/ground_track_field_262.jpg,16,ground_track_field
ground_track_field/ground_track_field_263.jpg,16,ground_track_field
ground_track_field/ground_track_field_264.jpg,16,ground_track_field
ground_track_field/ground_track_field_267.jpg,16,ground_track_field
ground_track_field/ground_track_field_269.jpg,16,ground_track_field
ground_track_field/ground_track_field_270.jpg,16,ground_track_field
ground_track_field/ground_track_field_274.jpg,16,ground_track_field
ground_track_field/ground_track_field_275.jpg,16,ground_track_field
ground_track_field/ground_track_field_276.jpg,16,ground_track_field
ground_track_field/ground_track_field_277.jpg,16,ground_track_field
ground_track_field/ground_track_field_278.jpg,16,ground_track_field
ground_track_field/ground_track_field_279.jpg,16,ground_track_field
ground_track_field/ground_track_field_281.jpg,16,ground_track_field
ground_track_field/ground_track_field_283.jpg,16,ground_track_field
ground_track_field/ground_track_field_284.jpg,16,ground_track_field
ground_track_field/ground_track_field_285.jpg,16,ground_track_field
ground_track_field/ground_track_field_287.jpg,16,ground_track_field
ground_track_field/ground_track_field_288.jpg,16,ground_track_field
ground_track_field/ground_track_field_289.jpg,16,ground_track_field
ground_track_field/ground_track_field_290.jpg,16,ground_track_field
ground_track_field/ground_track_field_291.jpg,16,ground_track_field
ground_track_field/ground_track_field_292.jpg,16,ground_track_field
ground_track_field/ground_track_field_294.jpg,16,ground_track_field
ground_track_field/ground_track_field_295.jpg,16,ground_track_field
ground_track_field/ground_track_field_296.jpg,16,ground_track_field
ground_track_field/ground_track_field_297.jpg,16,ground_track_field
ground_track_field/ground_track_field_299.jpg,16,ground_track_field
ground_track_field/ground_track_field_300.jpg,16,ground_track_field
ground_track_field/ground_track_field_301.jpg,16,ground_track_field
ground_track_field/ground_track_field_302.jpg,16,ground_track_field
ground_track_field/ground_track_field_303.jpg,16,ground_track_field
ground_track_field/ground_track_field_305.jpg,16,ground_track_field
ground_track_field/ground_track_field_307.jpg,16,ground_track_field
ground_track_field/ground_track_field_310.jpg,16,ground_track_field
ground_track_field/ground_track_field_312.jpg,16,ground_track_field
ground_track_field/ground_track_field_313.jpg,16,ground_track_field
ground_track_field/ground_track_field_314.jpg,16,ground_track_field
ground_track_field/ground_track_field_315.jpg,16,ground_track_field
ground_track_field/ground_track_field_320.jpg,16,ground_track_field
ground_track_field/ground_track_field_321.jpg,16,ground_track_field
ground_track_field/ground_track_field_324.jpg,16,ground_track_field
ground_track_field/ground_track_field_325.jpg,16,ground_track_field
ground_track_field/ground_track_field_326.jpg,16,ground_track_field
ground_track_field/ground_track_field_328.jpg,16,ground_track_field
ground_track_field/ground_track_field_329.jpg,16,ground_track_field
ground_track_field/ground_track_field_331.jpg,16,ground_track_field
ground_track_field/ground_track_field_332.jpg,16,ground_track_field
ground_track_field/ground_track_field_333.jpg,16,ground_track_field
ground_track_field/ground_track_field_335.jpg,16,ground_track_field
ground_track_field/ground_track_field_338.jpg,16,ground_track_field
ground_track_field/ground_track_field_340.jpg,16,ground_track_field
ground_track_field/ground_track_field_344.jpg,16,ground_track_field
ground_track_field/ground_track_field_345.jpg,16,ground_track_field
ground_track_field/ground_track_field_349.jpg,16,ground_track_field
ground_track_field/ground_track_field_350.jpg,16,ground_track_field
ground_track_field/ground_track_field_351.jpg,16,ground_track_field
ground_track_field/ground_track_field_352.jpg,16,ground_track_field
ground_track_field/ground_track_field_354.jpg,16,ground_track_field
ground_track_field/ground_track_field_355.jpg,16,ground_track_field
ground_track_field/ground_track_field_356.jpg,16,ground_track_field
ground_track_field/ground_track_field_358.jpg,16,ground_track_field
ground_track_field/ground_track_field_360.jpg,16,ground_track_field
ground_track_field/ground_track_field_361.jpg,16,ground_track_field
ground_track_field/ground_track_field_362.jpg,16,ground_track_field
ground_track_field/ground_track_field_363.jpg,16,ground_track_field
ground_track_field/ground_track_field_364.jpg,16,ground_track_field
ground_track_field/ground_track_field_367.jpg,16,ground_track_field
ground_track_field/ground_track_field_369.jpg,16,ground_track_field
ground_track_field/ground_track_field_370.jpg,16,ground_track_field
ground_track_field/ground_track_field_371.jpg,16,ground_track_field
ground_track_field/ground_track_field_372.jpg,16,ground_track_field
ground_track_field/ground_track_field_374.jpg,16,ground_track_field
ground_track_field/ground_track_field_375.jpg,16,ground_track_field
ground_track_field/ground_track_field_376.jpg,16,ground_track_field
ground_track_field/ground_track_field_377.jpg,16,ground_track_field
ground_track_field/ground_track_field_380.jpg,16,ground_track_field
ground_track_field/ground_track_field_381.jpg,16,ground_track_field
ground_track_field/ground_track_field_383.jpg,16,ground_track_field
ground_track_field/ground_track_field_384.jpg,16,ground_track_field
ground_track_field/ground_track_field_385.jpg,16,ground_track_field
ground_track_field/ground_track_field_386.jpg,16,ground_track_field
ground_track_field/ground_track_field_387.jpg,16,ground_track_field
ground_track_field/ground_track_field_389.jpg,16,ground_track_field
ground_track_field/ground_track_field_391.jpg,16,ground_track_field
ground_track_field/ground_track_field_392.jpg,16,ground_track_field
ground_track_field/ground_track_field_393.jpg,16,ground_track_field
ground_track_field/ground_track_field_394.jpg,16,ground_track_field
ground_track_field/ground_track_field_395.jpg,16,ground_track_field
ground_track_field/ground_track_field_396.jpg,16,ground_track_field
ground_track_field/ground_track_field_397.jpg,16,ground_track_field
ground_track_field/ground_track_field_402.jpg,16,ground_track_field
ground_track_field/ground_track_field_403.jpg,16,ground_track_field
ground_track_field/ground_track_field_404.jpg,16,ground_track_field
ground_track_field/ground_track_field_405.jpg,16,ground_track_field
ground_track_field/ground_track_field_406.jpg,16,ground_track_field
ground_track_field/ground_track_field_407.jpg,16,ground_track_field
ground_track_field/ground_track_field_408.jpg,16,ground_track_field
ground_track_field/ground_track_field_409.jpg,16,ground_track_field
ground_track_field/ground_track_field_410.jpg,16,ground_track_field
ground_track_field/ground_track_field_411.jpg,16,ground_track_field
ground_track_field/ground_track_field_414.jpg,16,ground_track_field
ground_track_field/ground_track_field_419.jpg,16,ground_track_field
ground_track_field/ground_track_field_422.jpg,16,ground_track_field
ground_track_field/ground_track_field_423.jpg,16,ground_track_field
ground_track_field/ground_track_field_426.jpg,16,ground_track_field
ground_track_field/ground_track_field_427.jpg,16,ground_track_field
ground_track_field/ground_track_field_428.jpg,16,ground_track_field
ground_track_field/ground_track_field_429.jpg,16,ground_track_field
ground_track_field/ground_track_field_430.jpg,16,ground_track_field
ground_track_field/ground_track_field_431.jpg,16,ground_track_field
ground_track_field/ground_track_field_432.jpg,16,ground_track_field
ground_track_field/ground_track_field_433.jpg,16,ground_track_field
ground_track_field/ground_track_field_434.jpg,16,ground_track_field
ground_track_field/ground_track_field_436.jpg,16,ground_track_field
ground_track_field/ground_track_field_438.jpg,16,ground_track_field
ground_track_field/ground_track_field_439.jpg,16,ground_track_field
ground_track_field/ground_track_field_440.jpg,16,ground_track_field
ground_track_field/ground_track_field_441.jpg,16,ground_track_field
ground_track_field/ground_track_field_442.jpg,16,ground_track_field
ground_track_field/ground_track_field_443.jpg,16,ground_track_field
ground_track_field/ground_track_field_444.jpg,16,ground_track_field
ground_track_field/ground_track_field_445.jpg,16,ground_track_field
ground_track_field/ground_track_field_449.jpg,16,ground_track_field
ground_track_field/ground_track_field_450.jpg,16,ground_track_field
ground_track_field/ground_track_field_451.jpg,16,ground_track_field
ground_track_field/ground_track_field_452.jpg,16,ground_track_field
ground_track_field/ground_track_field_453.jpg,16,ground_track_field
ground_track_field/ground_track_field_455.jpg,16,ground_track_field
ground_track_field/ground_track_field_456.jpg,16,ground_track_field
ground_track_field/ground_track_field_457.jpg,16,ground_track_field
ground_track_field/ground_track_field_461.jpg,16,ground_track_field
ground_track_field/ground_track_field_462.jpg,16,ground_track_field
ground_track_field/ground_track_field_463.jpg,16,ground_track_field
ground_track_field/ground_track_field_465.jpg,16,ground_track_field
ground_track_field/ground_track_field_467.jpg,16,ground_track_field
ground_track_field/ground_track_field_468.jpg,16,ground_track_field
ground_track_field/ground_track_field_469.jpg,16,ground_track_field
ground_track_field/ground_track_field_470.jpg,16,ground_track_field
ground_track_field/ground_track_field_471.jpg,16,ground_track_field
ground_track_field/ground_track_field_472.jpg,16,ground_track_field
ground_track_field/ground_track_field_476.jpg,16,ground_track_field
ground_track_field/ground_track_field_477.jpg,16,ground_track_field
ground_track_field/ground_track_field_478.jpg,16,ground_track_field
ground_track_field/ground_track_field_481.jpg,16,ground_track_field
ground_track_field/ground_track_field_483.jpg,16,ground_track_field
ground_track_field/ground_track_field_484.jpg,16,ground_track_field
ground_track_field/ground_track_field_486.jpg,16,ground_track_field
ground_track_field/ground_track_field_488.jpg,16,ground_track_field
ground_track_field/ground_track_field_489.jpg,16,ground_track_field
ground_track_field/ground_track_field_490.jpg,16,ground_track_field
ground_track_field/ground_track_field_491.jpg,16,ground_track_field
ground_track_field/ground_track_field_493.jpg,16,ground_track_field
ground_track_field/ground_track_field_494.jpg,16,ground_track_field
ground_track_field/ground_track_field_495.jpg,16,ground_track_field
ground_track_field/ground_track_field_496.jpg,16,ground_track_field
ground_track_field/ground_track_field_497.jpg,16,ground_track_field
ground_track_field/ground_track_field_498.jpg,16,ground_track_field
ground_track_field/ground_track_field_500.jpg,16,ground_track_field
ground_track_field/ground_track_field_501.jpg,16,ground_track_field
ground_track_field/ground_track_field_502.jpg,16,ground_track_field
ground_track_field/ground_track_field_503.jpg,16,ground_track_field
ground_track_field/ground_track_field_504.jpg,16,ground_track_field
ground_track_field/ground_track_field_505.jpg,16,ground_track_field
ground_track_field/ground_track_field_506.jpg,16,ground_track_field
ground_track_field/ground_track_field_507.jpg,16,ground_track_field
ground_track_field/ground_track_field_510.jpg,16,ground_track_field
ground_track_field/ground_track_field_514.jpg,16,ground_track_field
ground_track_field/ground_track_field_515.jpg,16,ground_track_field
ground_track_field/ground_track_field_516.jpg,16,ground_track_field
ground_track_field/ground_track_field_517.jpg,16,ground_track_field
ground_track_field/ground_track_field_518.jpg,16,ground_track_field
ground_track_field/ground_track_field_519.jpg,16,ground_track_field
ground_track_field/ground_track_field_522.jpg,16,ground_track_field
ground_track_field/ground_track_field_523.jpg,16,ground_track_field
ground_track_field/ground_track_field_524.jpg,16,ground_track_field
ground_track_field/ground_track_field_526.jpg,16,ground_track_field
ground_track_field/ground_track_field_527.jpg,16,ground_track_field
ground_track_field/ground_track_field_528.jpg,16,ground_track_field
ground_track_field/ground_track_field_530.jpg,16,ground_track_field
ground_track_field/ground_track_field_531.jpg,16,ground_track_field
ground_track_field/ground_track_field_533.jpg,16,ground_track_field
ground_track_field/ground_track_field_534.jpg,16,ground_track_field
ground_track_field/ground_track_field_535.jpg,16,ground_track_field
ground_track_field/ground_track_field_536.jpg,16,ground_track_field
ground_track_field/ground_track_field_538.jpg,16,ground_track_field
ground_track_field/ground_track_field_539.jpg,16,ground_track_field
ground_track_field/ground_track_field_540.jpg,16,ground_track_field
ground_track_field/ground_track_field_542.jpg,16,ground_track_field
ground_track_field/ground_track_field_543.jpg,16,ground_track_field
ground_track_field/ground_track_field_544.jpg,16,ground_track_field
ground_track_field/ground_track_field_545.jpg,16,ground_track_field
ground_track_field/ground_track_field_548.jpg,16,ground_track_field
ground_track_field/ground_track_field_549.jpg,16,ground_track_field
ground_track_field/ground_track_field_550.jpg,16,ground_track_field
ground_track_field/ground_track_field_551.jpg,16,ground_track_field
ground_track_field/ground_track_field_552.jpg,16,ground_track_field
ground_track_field/ground_track_field_553.jpg,16,ground_track_field
ground_track_field/ground_track_field_555.jpg,16,ground_track_field
ground_track_field/ground_track_field_556.jpg,16,ground_track_field
ground_track_field/ground_track_field_557.jpg,16,ground_track_field
ground_track_field/ground_track_field_558.jpg,16,ground_track_field
ground_track_field/ground_track_field_560.jpg,16,ground_track_field
ground_track_field/ground_track_field_563.jpg,16,ground_track_field
ground_track_field/ground_track_field_565.jpg,16,ground_track_field
ground_track_field/ground_track_field_567.jpg,16,ground_track_field
ground_track_field/ground_track_field_569.jpg,16,ground_track_field
ground_track_field/ground_track_field_572.jpg,16,ground_track_field
ground_track_field/ground_track_field_574.jpg,16,ground_track_field
ground_track_field/ground_track_field_575.jpg,16,ground_track_field
ground_track_field/ground_track_field_576.jpg,16,ground_track_field
ground_track_field/ground_track_field_577.jpg,16,ground_track_field
ground_track_field/ground_track_field_578.jpg,16,ground_track_field
ground_track_field/ground_track_field_579.jpg,16,ground_track_field
ground_track_field/ground_track_field_580.jpg,16,ground_track_field
ground_track_field/ground_track_field_581.jpg,16,ground_track_field
ground_track_field/ground_track_field_582.jpg,16,ground_track_field
ground_track_field/ground_track_field_584.jpg,16,ground_track_field
ground_track_field/ground_track_field_585.jpg,16,ground_track_field
ground_track_field/ground_track_field_587.jpg,16,ground_track_field
ground_track_field/ground_track_field_588.jpg,16,ground_track_field
ground_track_field/ground_track_field_589.jpg,16,ground_track_field
ground_track_field/ground_track_field_590.jpg,16,ground_track_field
ground_track_field/ground_track_field_591.jpg,16,ground_track_field
ground_track_field/ground_track_field_592.jpg,16,ground_track_field
ground_track_field/ground_track_field_594.jpg,16,ground_track_field
ground_track_field/ground_track_field_595.jpg,16,ground_track_field
ground_track_field/ground_track_field_596.jpg,16,ground_track_field
ground_track_field/ground_track_field_597.jpg,16,ground_track_field
ground_track_field/ground_track_field_598.jpg,16,ground_track_field
ground_track_field/ground_track_field_599.jpg,16,ground_track_field
ground_track_field/ground_track_field_600.jpg,16,ground_track_field
ground_track_field/ground_track_field_601.jpg,16,ground_track_field
ground_track_field/ground_track_field_602.jpg,16,ground_track_field
ground_track_field/ground_track_field_603.jpg,16,ground_track_field
ground_track_field/ground_track_field_604.jpg,16,ground_track_field
ground_track_field/ground_track_field_606.jpg,16,ground_track_field
ground_track_field/ground_track_field_607.jpg,16,ground_track_field
ground_track_field/ground_track_field_608.jpg,16,ground_track_field
ground_track_field/ground_track_field_609.jpg,16,ground_track_field
ground_track_field/ground_track_field_610.jpg,16,ground_track_field
ground_track_field/ground_track_field_611.jpg,16,ground_track_field
ground_track_field/ground_track_field_612.jpg,16,ground_track_field
ground_track_field/ground_track_field_613.jpg,16,ground_track_field
ground_track_field/ground_track_field_614.jpg,16,ground_track_field
ground_track_field/ground_track_field_615.jpg,16,ground_track_field
ground_track_field/ground_track_field_616.jpg,16,ground_track_field
ground_track_field/ground_track_field_617.jpg,16,ground_track_field
ground_track_field/ground_track_field_618.jpg,16,ground_track_field
ground_track_field/ground_track_field_619.jpg,16,ground_track_field
ground_track_field/ground_track_field_622.jpg,16,ground_track_field
ground_track_field/ground_track_field_623.jpg,16,ground_track_field
ground_track_field/ground_track_field_624.jpg,16,ground_track_field
ground_track_field/ground_track_field_625.jpg,16,ground_track_field
ground_track_field/ground_track_field_627.jpg,16,ground_track_field
ground_track_field/ground_track_field_628.jpg,16,ground_track_field
ground_track_field/ground_track_field_629.jpg,16,ground_track_field
ground_track_field/ground_track_field_631.jpg,16,ground_track_field
ground_track_field/ground_track_field_632.jpg,16,ground_track_field
ground_track_field/ground_track_field_634.jpg,16,ground_track_field
ground_track_field/ground_track_field_636.jpg,16,ground_track_field
ground_track_field/ground_track_field_637.jpg,16,ground_track_field
ground_track_field/ground_track_field_639.jpg,16,ground_track_field
ground_track_field/ground_track_field_641.jpg,16,ground_track_field
ground_track_field/ground_track_field_642.jpg,16,ground_track_field
ground_track_field/ground_track_field_643.jpg,16,ground_track_field
ground_track_field/ground_track_field_644.jpg,16,ground_track_field
ground_track_field/ground_track_field_646.jpg,16,ground_track_field
ground_track_field/ground_track_field_647.jpg,16,ground_track_field
ground_track_field/ground_track_field_649.jpg,16,ground_track_field
ground_track_field/ground_track_field_650.jpg,16,ground_track_field
ground_track_field/ground_track_field_651.jpg,16,ground_track_field
ground_track_field/ground_track_field_652.jpg,16,ground_track_field
ground_track_field/ground_track_field_653.jpg,16,ground_track_field
ground_track_field/ground_track_field_654.jpg,16,ground_track_field
ground_track_field/ground_track_field_656.jpg,16,ground_track_field
ground_track_field/ground_track_field_658.jpg,16,ground_track_field
ground_track_field/ground_track_field_659.jpg,16,ground_track_field
ground_track_field/ground_track_field_660.jpg,16,ground_track_field
ground_track_field/ground_track_field_661.jpg,16,ground_track_field
ground_track_field/ground_track_field_662.jpg,16,ground_track_field
ground_track_field/ground_track_field_663.jpg,16,ground_track_field
ground_track_field/ground_track_field_665.jpg,16,ground_track_field
ground_track_field/ground_track_field_667.jpg,16,ground_track_field
ground_track_field/ground_track_field_668.jpg,16,ground_track_field
ground_track_field/ground_track_field_669.jpg,16,ground_track_field
ground_track_field/ground_track_field_670.jpg,16,ground_track_field
ground_track_field/ground_track_field_671.jpg,16,ground_track_field
ground_track_field/ground_track_field_672.jpg,16,ground_track_field
ground_track_field/ground_track_field_673.jpg,16,ground_track_field
ground_track_field/ground_track_field_674.jpg,16,ground_track_field
ground_track_field/ground_track_field_676.jpg,16,ground_track_field
ground_track_field/ground_track_field_677.jpg,16,ground_track_field
ground_track_field/ground_track_field_678.jpg,16,ground_track_field
ground_track_field/ground_track_field_679.jpg,16,ground_track_field
ground_track_field/ground_track_field_680.jpg,16,ground_track_field
ground_track_field/ground_track_field_681.jpg,16,ground_track_field
ground_track_field/ground_track_field_682.jpg,16,ground_track_field
ground_track_field/ground_track_field_683.jpg,16,ground_track_field
ground_track_field/ground_track_field_684.jpg,16,ground_track_field
ground_track_field/ground_track_field_686.jpg,16,ground_track_field
ground_track_field/ground_track_field_687.jpg,16,ground_track_field
ground_track_field/ground_track_field_689.jpg,16,ground_track_field
ground_track_field/ground_track_field_690.jpg,16,ground_track_field
ground_track_field/ground_track_field_692.jpg,16,ground_track_field
ground_track_field/ground_track_field_694.jpg,16,ground_track_field
ground_track_field/ground_track_field_695.jpg,16,ground_track_field
ground_track_field/ground_track_field_697.jpg,16,ground_track_field
ground_track_field/ground_track_field_698.jpg,16,ground_track_field
ground_track_field/ground_track_field_700.jpg,16,ground_track_field
harbor/harbor_001.jpg,17,harbor
harbor/harbor_002.jpg,17,harbor
harbor/harbor_004.jpg,17,harbor
harbor/harbor_005.jpg,17,harbor
harbor/harbor_008.jpg,17,harbor
harbor/harbor_009.jpg,17,harbor
harbor/harbor_010.jpg,17,harbor
harbor/harbor_011.jpg,17,harbor
harbor/harbor_012.jpg,17,harbor
harbor/harbor_015.jpg,17,harbor
harbor/harbor_016.jpg,17,harbor
harbor/harbor_017.jpg,17,harbor
harbor/harbor_018.jpg,17,harbor
harbor/harbor_021.jpg,17,harbor
harbor/harbor_022.jpg,17,harbor
harbor/harbor_023.jpg,17,harbor
harbor/harbor_024.jpg,17,harbor
harbor/harbor_025.jpg,17,harbor
harbor/harbor_026.jpg,17,harbor
harbor/harbor_029.jpg,17,harbor
harbor/harbor_030.jpg,17,harbor
harbor/harbor_031.jpg,17,harbor
harbor/harbor_033.jpg,17,harbor
harbor/harbor_035.jpg,17,harbor
harbor/harbor_036.jpg,17,harbor
harbor/harbor_038.jpg,17,harbor
harbor/harbor_039.jpg,17,harbor
harbor/harbor_040.jpg,17,harbor
harbor/harbor_041.jpg,17,harbor
harbor/harbor_042.jpg,17,harbor
harbor/harbor_048.jpg,17,harbor
harbor/harbor_049.jpg,17,harbor
harbor/harbor_050.jpg,17,harbor
harbor/harbor_051.jpg,17,harbor
harbor/harbor_053.jpg,17,harbor
harbor/harbor_055.jpg,17,harbor
harbor/harbor_056.jpg,17,harbor
harbor/harbor_057.jpg,17,harbor
harbor/harbor_061.jpg,17,harbor
harbor/harbor_062.jpg,17,harbor
harbor/harbor_063.jpg,17,harbor
harbor/harbor_064.jpg,17,harbor
harbor/harbor_065.jpg,17,harbor
harbor/harbor_066.jpg,17,harbor
harbor/harbor_067.jpg,17,harbor
harbor/harbor_068.jpg,17,harbor
harbor/harbor_069.jpg,17,harbor
harbor/harbor_072.jpg,17,harbor
harbor/harbor_073.jpg,17,harbor
harbor/harbor_074.jpg,17,harbor
harbor/harbor_075.jpg,17,harbor
harbor/harbor_076.jpg,17,harbor
harbor/harbor_077.jpg,17,harbor
harbor/harbor_079.jpg,17,harbor
harbor/harbor_080.jpg,17,harbor
harbor/harbor_081.jpg,17,harbor
harbor/harbor_082.jpg,17,harbor
harbor/harbor_083.jpg,17,harbor
harbor/harbor_084.jpg,17,harbor
harbor/harbor_085.jpg,17,harbor
harbor/harbor_087.jpg,17,harbor
harbor/harbor_089.jpg,17,harbor
harbor/harbor_090.jpg,17,harbor
harbor/harbor_091.jpg,17,harbor
harbor/harbor_092.jpg,17,harbor
harbor/harbor_094.jpg,17,harbor
harbor/harbor_096.jpg,17,harbor
harbor/harbor_097.jpg,17,harbor
harbor/harbor_098.jpg,17,harbor
harbor/harbor_099.jpg,17,harbor
harbor/harbor_100.jpg,17,harbor
harbor/harbor_101.jpg,17,harbor
harbor/harbor_102.jpg,17,harbor
harbor/harbor_105.jpg,17,harbor
harbor/harbor_106.jpg,17,harbor
harbor/harbor_107.jpg,17,harbor
harbor/harbor_108.jpg,17,harbor
harbor/harbor_109.jpg,17,harbor
harbor/harbor_110.jpg,17,harbor
harbor/harbor_111.jpg,17,harbor
harbor/harbor_112.jpg,17,harbor
harbor/harbor_113.jpg,17,harbor
harbor/harbor_118.jpg,17,harbor
harbor/harbor_120.jpg,17,harbor
harbor/harbor_122.jpg,17,harbor
harbor/harbor_123.jpg,17,harbor
harbor/harbor_124.jpg,17,harbor
harbor/harbor_126.jpg,17,harbor
harbor/harbor_127.jpg,17,harbor
harbor/harbor_128.jpg,17,harbor
harbor/harbor_129.jpg,17,harbor
harbor/harbor_131.jpg,17,harbor
harbor/harbor_132.jpg,17,harbor
harbor/harbor_134.jpg,17,harbor
harbor/harbor_135.jpg,17,harbor
harbor/harbor_136.jpg,17,harbor
harbor/harbor_137.jpg,17,harbor
harbor/harbor_138.jpg,17,harbor
harbor/harbor_139.jpg,17,harbor
harbor/harbor_140.jpg,17,harbor
harbor/harbor_142.jpg,17,harbor
harbor/harbor_143.jpg,17,harbor
harbor/harbor_145.jpg,17,harbor
harbor/harbor_146.jpg,17,harbor
harbor/harbor_147.jpg,17,harbor
harbor/harbor_148.jpg,17,harbor
harbor/harbor_149.jpg,17,harbor
harbor/harbor_150.jpg,17,harbor
harbor/harbor_151.jpg,17,harbor
harbor/harbor_152.jpg,17,harbor
harbor/harbor_153.jpg,17,harbor
harbor/harbor_154.jpg,17,harbor
harbor/harbor_156.jpg,17,harbor
harbor/harbor_161.jpg,17,harbor
harbor/harbor_162.jpg,17,harbor
harbor/harbor_163.jpg,17,harbor
harbor/harbor_164.jpg,17,harbor
harbor/harbor_167.jpg,17,harbor
harbor/harbor_168.jpg,17,harbor
harbor/harbor_170.jpg,17,harbor
harbor/harbor_171.jpg,17,harbor
harbor/harbor_173.jpg,17,harbor
harbor/harbor_174.jpg,17,harbor
harbor/harbor_176.jpg,17,harbor
harbor/harbor_177.jpg,17,harbor
harbor/harbor_178.jpg,17,harbor
harbor/harbor_179.jpg,17,harbor
harbor/harbor_181.jpg,17,harbor
harbor/harbor_182.jpg,17,harbor
harbor/harbor_184.jpg,17,harbor
harbor/harbor_185.jpg,17,harbor
harbor/harbor_187.jpg,17,harbor
harbor/harbor_189.jpg,17,harbor
harbor/harbor_190.jpg,17,harbor
harbor/harbor_191.jpg,17,harbor
harbor/harbor_192.jpg,17,harbor
harbor/harbor_193.jpg,17,harbor
harbor/harbor_194.jpg,17,harbor
harbor/harbor_195.jpg,17,harbor
harbor/harbor_196.jpg,17,harbor
harbor/harbor_197.jpg,17,harbor
harbor/harbor_201.jpg,17,harbor
harbor/harbor_202.jpg,17,harbor
harbor/harbor_205.jpg,17,harbor
harbor/harbor_206.jpg,17,harbor
harbor/harbor_207.jpg,17,harbor
harbor/harbor_209.jpg,17,harbor
harbor/harbor_211.jpg,17,harbor
harbor/harbor_212.jpg,17,harbor
harbor/harbor_214.jpg,17,harbor
harbor/harbor_215.jpg,17,harbor
harbor/harbor_217.jpg,17,harbor
harbor/harbor_218.jpg,17,harbor
harbor/harbor_219.jpg,17,harbor
harbor/harbor_220.jpg,17,harbor
harbor/harbor_223.jpg,17,harbor
harbor/harbor_225.jpg,17,harbor
harbor/harbor_226.jpg,17,harbor
harbor/harbor_227.jpg,17,harbor
harbor/harbor_228.jpg,17,harbor
harbor/harbor_229.jpg,17,harbor
harbor/harbor_230.jpg,17,harbor
harbor/harbor_231.jpg,17,harbor
harbor/harbor_233.jpg,17,harbor
harbor/harbor_236.jpg,17,harbor
harbor/harbor_237.jpg,17,harbor
harbor/harbor_238.jpg,17,harbor
harbor/harbor_241.jpg,17,harbor
harbor/harbor_242.jpg,17,harbor
harbor/harbor_243.jpg,17,harbor
harbor/harbor_244.jpg,17,harbor
harbor/harbor_246.jpg,17,harbor
harbor/harbor_247.jpg,17,harbor
harbor/harbor_248.jpg,17,harbor
harbor/harbor_249.jpg,17,harbor
harbor/harbor_251.jpg,17,harbor
harbor/harbor_252.jpg,17,harbor
harbor/harbor_253.jpg,17,harbor
harbor/harbor_255.jpg,17,harbor
harbor/harbor_258.jpg,17,harbor
harbor/harbor_259.jpg,17,harbor
harbor/harbor_260.jpg,17,harbor
harbor/harbor_262.jpg,17,harbor
harbor/harbor_263.jpg,17,harbor
harbor/harbor_264.jpg,17,harbor
harbor/harbor_266.jpg,17,harbor
harbor/harbor_267.jpg,17,harbor
harbor/harbor_268.jpg,17,harbor
harbor/harbor_269.jpg,17,harbor
harbor/harbor_271.jpg,17,harbor
harbor/harbor_272.jpg,17,harbor
harbor/harbor_275.jpg,17,harbor
harbor/harbor_276.jpg,17,harbor
harbor/harbor_277.jpg,17,harbor
harbor/harbor_278.jpg,17,harbor
harbor/harbor_279.jpg,17,harbor
harbor/harbor_280.jpg,17,harbor
harbor/harbor_281.jpg,17,harbor
harbor/harbor_282.jpg,17,harbor
harbor/harbor_283.jpg,17,harbor
harbor/harbor_285.jpg,17,harbor
harbor/harbor_287.jpg,17,harbor
harbor/harbor_290.jpg,17,harbor
harbor/harbor_291.jpg,17,harbor
harbor/harbor_293.jpg,17,harbor
harbor/harbor_294.jpg,17,harbor
harbor/harbor_295.jpg,17,harbor
harbor/harbor_296.jpg,17,harbor
harbor/harbor_297.jpg,17,harbor
harbor/harbor_298.jpg,17,harbor
harbor/harbor_299.jpg,17,harbor
harbor/harbor_300.jpg,17,harbor
harbor/harbor_301.jpg,17,harbor
harbor/harbor_305.jpg,17,harbor
harbor/harbor_306.jpg,17,harbor
harbor/harbor_307.jpg,17,harbor
harbor/harbor_310.jpg,17,harbor
harbor/harbor_311.jpg,17,harbor
harbor/harbor_312.jpg,17,harbor
harbor/harbor_313.jpg,17,harbor
harbor/harbor_314.jpg,17,harbor
harbor/harbor_316.jpg,17,harbor
harbor/harbor_317.jpg,17,harbor
harbor/harbor_319.jpg,17,harbor
harbor/harbor_320.jpg,17,harbor
harbor/harbor_321.jpg,17,harbor
harbor/harbor_322.jpg,17,harbor
harbor/harbor_323.jpg,17,harbor
harbor/harbor_324.jpg,17,harbor
harbor/harbor_326.jpg,17,harbor
harbor/harbor_327.jpg,17,harbor
harbor/harbor_328.jpg,17,harbor
harbor/harbor_329.jpg,17,harbor
harbor/harbor_336.jpg,17,harbor
harbor/harbor_337.jpg,17,harbor
harbor/harbor_338.jpg,17,harbor
harbor/harbor_339.jpg,17,harbor
harbor/harbor_340.jpg,17,harbor
harbor/harbor_341.jpg,17,harbor
harbor/harbor_344.jpg,17,harbor
harbor/harbor_345.jpg,17,harbor
harbor/harbor_346.jpg,17,harbor
harbor/harbor_347.jpg,17,harbor
harbor/harbor_349.jpg,17,harbor
harbor/harbor_350.jpg,17,harbor
harbor/harbor_351.jpg,17,harbor
harbor/harbor_352.jpg,17,harbor
harbor/harbor_353.jpg,17,harbor
harbor/harbor_354.jpg,17,harbor
harbor/harbor_355.jpg,17,harbor
harbor/harbor_357.jpg,17,harbor
harbor/harbor_358.jpg,17,harbor
harbor/harbor_359.jpg,17,harbor
harbor/harbor_360.jpg,17,harbor
harbor/harbor_361.jpg,17,harbor
harbor/harbor_362.jpg,17,harbor
harbor/harbor_363.jpg,17,harbor
harbor/harbor_366.jpg,17,harbor
harbor/harbor_367.jpg,17,harbor
harbor/harbor_369.jpg,17,harbor
harbor/harbor_370.jpg,17,harbor
harbor/harbor_371.jpg,17,harbor
harbor/harbor_372.jpg,17,harbor
harbor/harbor_375.jpg,17,harbor
harbor/harbor_376.jpg,17,harbor
harbor/harbor_377.jpg,17,harbor
harbor/harbor_378.jpg,17,harbor
harbor/harbor_379.jpg,17,harbor
harbor/harbor_380.jpg,17,harbor
harbor/harbor_382.jpg,17,harbor
harbor/harbor_384.jpg,17,harbor
harbor/harbor_385.jpg,17,harbor
harbor/harbor_386.jpg,17,harbor
harbor/harbor_387.jpg,17,harbor
harbor/harbor_388.jpg,17,harbor
harbor/harbor_390.jpg,17,harbor
harbor/harbor_391.jpg,17,harbor
harbor/harbor_393.jpg,17,harbor
harbor/harbor_394.jpg,17,harbor
harbor/harbor_395.jpg,17,harbor
harbor/harbor_396.jpg,17,harbor
harbor/harbor_397.jpg,17,harbor
harbor/harbor_398.jpg,17,harbor
harbor/harbor_399.jpg,17,harbor
harbor/harbor_400.jpg,17,harbor
harbor/harbor_401.jpg,17,harbor
harbor/harbor_403.jpg,17,harbor
harbor/harbor_404.jpg,17,harbor
harbor/harbor_406.jpg,17,harbor
harbor/harbor_407.jpg,17,harbor
harbor/harbor_408.jpg,17,harbor
harbor/harbor_410.jpg,17,harbor
harbor/harbor_411.jpg,17,harbor
harbor/harbor_412.jpg,17,harbor
harbor/harbor_413.jpg,17,harbor
harbor/harbor_414.jpg,17,harbor
harbor/harbor_415.jpg,17,harbor
harbor/harbor_416.jpg,17,harbor
harbor/harbor_417.jpg,17,harbor
harbor/harbor_421.jpg,17,harbor
harbor/harbor_422.jpg,17,harbor
harbor/harbor_425.jpg,17,harbor
harbor/harbor_426.jpg,17,harbor
harbor/harbor_427.jpg,17,harbor
harbor/harbor_428.jpg,17,harbor
harbor/harbor_429.jpg,17,harbor
harbor/harbor_430.jpg,17,harbor
harbor/harbor_431.jpg,17,harbor
harbor/harbor_432.jpg,17,harbor
harbor/harbor_433.jpg,17,harbor
harbor/harbor_434.jpg,17,harbor
harbor/harbor_436.jpg,17,harbor
harbor/harbor_437.jpg,17,harbor
harbor/harbor_438.jpg,17,harbor
harbor/harbor_439.jpg,17,harbor
harbor/harbor_440.jpg,17,harbor
harbor/harbor_441.jpg,17,harbor
harbor/harbor_442.jpg,17,harbor
harbor/harbor_443.jpg,17,harbor
harbor/harbor_444.jpg,17,harbor
harbor/harbor_445.jpg,17,harbor
harbor/harbor_446.jpg,17,harbor
harbor/harbor_449.jpg,17,harbor
harbor/harbor_450.jpg,17,harbor
harbor/harbor_451.jpg,17,harbor
harbor/harbor_452.jpg,17,harbor
harbor/harbor_453.jpg,17,harbor
harbor/harbor_454.jpg,17,harbor
harbor/harbor_455.jpg,17,harbor
harbor/harbor_457.jpg,17,harbor
harbor/harbor_459.jpg,17,harbor
harbor/harbor_461.jpg,17,harbor
harbor/harbor_463.jpg,17,harbor
harbor/harbor_464.jpg,17,harbor
harbor/harbor_465.jpg,17,harbor
harbor/harbor_466.jpg,17,harbor
harbor/harbor_467.jpg,17,harbor
harbor/harbor_469.jpg,17,harbor
harbor/harbor_470.jpg,17,harbor
harbor/harbor_471.jpg,17,harbor
harbor/harbor_472.jpg,17,harbor
harbor/harbor_473.jpg,17,harbor
harbor/harbor_474.jpg,17,harbor
harbor/harbor_476.jpg,17,harbor
harbor/harbor_477.jpg,17,harbor
harbor/harbor_480.jpg,17,harbor
harbor/harbor_483.jpg,17,harbor
harbor/harbor_484.jpg,17,harbor
harbor/harbor_485.jpg,17,harbor
harbor/harbor_486.jpg,17,harbor
harbor/harbor_488.jpg,17,harbor
harbor/harbor_489.jpg,17,harbor
harbor/harbor_490.jpg,17,harbor
harbor/harbor_491.jpg,17,harbor
harbor/harbor_492.jpg,17,harbor
harbor/harbor_493.jpg,17,harbor
harbor/harbor_494.jpg,17,harbor
harbor/harbor_495.jpg,17,harbor
harbor/harbor_496.jpg,17,harbor
harbor/harbor_497.jpg,17,harbor
harbor/harbor_498.jpg,17,harbor
harbor/harbor_499.jpg,17,harbor
harbor/harbor_500.jpg,17,harbor
harbor/harbor_501.jpg,17,harbor
harbor/harbor_504.jpg,17,harbor
harbor/harbor_506.jpg,17,harbor
harbor/harbor_507.jpg,17,harbor
harbor/harbor_510.jpg,17,harbor
harbor/harbor_511.jpg,17,harbor
harbor/harbor_512.jpg,17,harbor
harbor/harbor_515.jpg,17,harbor
harbor/harbor_516.jpg,17,harbor
harbor/harbor_518.jpg,17,harbor
harbor/harbor_519.jpg,17,harbor
harbor/harbor_521.jpg,17,harbor
harbor/harbor_522.jpg,17,harbor
harbor/harbor_523.jpg,17,harbor
harbor/harbor_525.jpg,17,harbor
harbor/harbor_526.jpg,17,harbor
harbor/harbor_529.jpg,17,harbor
harbor/harbor_530.jpg,17,harbor
harbor/harbor_531.jpg,17,harbor
harbor/harbor_534.jpg,17,harbor
harbor/harbor_537.jpg,17,harbor
harbor/harbor_539.jpg,17,harbor
harbor/harbor_540.jpg,17,harbor
harbor/harbor_542.jpg,17,harbor
harbor/harbor_543.jpg,17,harbor
harbor/harbor_544.jpg,17,harbor
harbor/harbor_546.jpg,17,harbor
harbor/harbor_547.jpg,17,harbor
harbor/harbor_549.jpg,17,harbor
harbor/harbor_550.jpg,17,harbor
harbor/harbor_551.jpg,17,harbor
harbor/harbor_552.jpg,17,harbor
harbor/harbor_553.jpg,17,harbor
harbor/harbor_554.jpg,17,harbor
harbor/harbor_555.jpg,17,harbor
harbor/harbor_557.jpg,17,harbor
harbor/harbor_561.jpg,17,harbor
harbor/harbor_563.jpg,17,harbor
harbor/harbor_564.jpg,17,harbor
harbor/harbor_567.jpg,17,harbor
harbor/harbor_568.jpg,17,harbor
harbor/harbor_569.jpg,17,harbor
harbor/harbor_570.jpg,17,harbor
harbor/harbor_572.jpg,17,harbor
harbor/harbor_574.jpg,17,harbor
harbor/harbor_575.jpg,17,harbor
harbor/harbor_576.jpg,17,harbor
harbor/harbor_577.jpg,17,harbor
harbor/harbor_578.jpg,17,harbor
harbor/harbor_580.jpg,17,harbor
harbor/harbor_581.jpg,17,harbor
harbor/harbor_582.jpg,17,harbor
harbor/harbor_583.jpg,17,harbor
harbor/harbor_584.jpg,17,harbor
harbor/harbor_587.jpg,17,harbor
harbor/harbor_588.jpg,17,harbor
harbor/harbor_592.jpg,17,harbor
harbor/harbor_593.jpg,17,harbor
harbor/harbor_594.jpg,17,harbor
harbor/harbor_596.jpg,17,harbor
harbor/harbor_598.jpg,17,harbor
harbor/harbor_599.jpg,17,harbor
harbor/harbor_604.jpg,17,harbor
harbor/harbor_605.jpg,17,harbor
harbor/harbor_606.jpg,17,harbor
harbor/harbor_607.jpg,17,harbor
harbor/harbor_608.jpg,17,harbor
harbor/harbor_609.jpg,17,harbor
harbor/harbor_611.jpg,17,harbor
harbor/harbor_615.jpg,17,harbor
harbor/harbor_616.jpg,17,harbor
harbor/harbor_618.jpg,17,harbor
harbor/harbor_620.jpg,17,harbor
harbor/harbor_621.jpg,17,harbor
harbor/harbor_624.jpg,17,harbor
harbor/harbor_625.jpg,17,harbor
harbor/harbor_626.jpg,17,harbor
harbor/harbor_627.jpg,17,harbor
harbor/harbor_628.jpg,17,harbor
harbor/harbor_629.jpg,17,harbor
harbor/harbor_630.jpg,17,harbor
harbor/harbor_631.jpg,17,harbor
harbor/harbor_633.jpg,17,harbor
harbor/harbor_634.jpg,17,harbor
harbor/harbor_635.jpg,17,harbor
harbor/harbor_637.jpg,17,harbor
harbor/harbor_638.jpg,17,harbor
harbor/harbor_639.jpg,17,harbor
harbor/harbor_640.jpg,17,harbor
harbor/harbor_644.jpg,17,harbor
harbor/harbor_646.jpg,17,harbor
harbor/harbor_647.jpg,17,harbor
harbor/harbor_648.jpg,17,harbor
harbor/harbor_649.jpg,17,harbor
harbor/harbor_651.jpg,17,harbor
harbor/harbor_654.jpg,17,harbor
harbor/harbor_655.jpg,17,harbor
harbor/harbor_656.jpg,17,harbor
harbor/harbor_657.jpg,17,harbor
harbor/harbor_658.jpg,17,harbor
harbor/harbor_659.jpg,17,harbor
harbor/harbor_661.jpg,17,harbor
harbor/harbor_662.jpg,17,harbor
harbor/harbor_663.jpg,17,harbor
harbor/harbor_667.jpg,17,harbor
harbor/harbor_668.jpg,17,harbor
harbor/harbor_669.jpg,17,harbor
harbor/harbor_670.jpg,17,harbor
harbor/harbor_671.jpg,17,harbor
harbor/harbor_673.jpg,17,harbor
harbor/harbor_674.jpg,17,harbor
harbor/harbor_675.jpg,17,harbor
harbor/harbor_677.jpg,17,harbor
harbor/harbor_682.jpg,17,harbor
harbor/harbor_683.jpg,17,harbor
harbor/harbor_684.jpg,17,harbor
harbor/harbor_685.jpg,17,harbor
harbor/harbor_686.jpg,17,harbor
harbor/harbor_687.jpg,17,harbor
harbor/harbor_688.jpg,17,harbor
harbor/harbor_690.jpg,17,harbor
harbor/harbor_693.jpg,17,harbor
harbor/harbor_694.jpg,17,harbor
harbor/harbor_696.jpg,17,harbor
harbor/harbor_697.jpg,17,harbor
harbor/harbor_698.jpg,17,harbor
harbor/harbor_699.jpg,17,harbor
industrial_area/industrial_area_001.jpg,18,industrial_area
industrial_area/industrial_area_002.jpg,18,industrial_area
industrial_area/industrial_area_006.jpg,18,industrial_area
industrial_area/industrial_area_007.jpg,18,industrial_area
industrial_area/industrial_area_009.jpg,18,industrial_area
industrial_area/industrial_area_012.jpg,18,industrial_area
industrial_area/industrial_area_014.jpg,18,industrial_area
industrial_area/industrial_area_017.jpg,18,industrial_area
industrial_area/industrial_area_018.jpg,18,industrial_area
industrial_area/industrial_area_019.jpg,18,industrial_area
industrial_area/industrial_area_020.jpg,18,industrial_area
industrial_area/industrial_area_021.jpg,18,industrial_area
industrial_area/industrial_area_022.jpg,18,industrial_area
industrial_area/industrial_area_023.jpg,18,industrial_area
industrial_area/industrial_area_024.jpg,18,industrial_area
industrial_area/industrial_area_026.jpg,18,industrial_area
industrial_area/industrial_area_028.jpg,18,industrial_area
industrial_area/industrial_area_029.jpg,18,industrial_area
industrial_area/industrial_area_030.jpg,18,industrial_area
industrial_area/industrial_area_031.jpg,18,industrial_area
industrial_area/industrial_area_032.jpg,18,industrial_area
industrial_area/industrial_area_033.jpg,18,industrial_area
industrial_area/industrial_area_034.jpg,18,industrial_area
industrial_area/industrial_area_037.jpg,18,industrial_area
industrial_area/industrial_area_038.jpg,18,industrial_area
industrial_area/industrial_area_040.jpg,18,industrial_area
industrial_area/industrial_area_041.jpg,18,industrial_area
industrial_area/industrial_area_045.jpg,18,industrial_area
industrial_area/industrial_area_046.jpg,18,industrial_area
industrial_area/industrial_area_047.jpg,18,industrial_area
industrial_area/industrial_area_049.jpg,18,industrial_area
industrial_area/industrial_area_052.jpg,18,industrial_area
industrial_area/industrial_area_054.jpg,18,industrial_area
industrial_area/industrial_area_055.jpg,18,industrial_area
industrial_area/industrial_area_056.jpg,18,industrial_area
industrial_area/industrial_area_058.jpg,18,industrial_area
industrial_area/industrial_area_059.jpg,18,industrial_area
industrial_area/industrial_area_061.jpg,18,industrial_area
industrial_area/industrial_area_062.jpg,18,industrial_area
industrial_area/industrial_area_063.jpg,18,industrial_area
industrial_area/industrial_area_064.jpg,18,industrial_area
industrial_area/industrial_area_065.jpg,18,industrial_area
industrial_area/industrial_area_068.jpg,18,industrial_area
industrial_area/industrial_area_071.jpg,18,industrial_area
industrial_area/industrial_area_072.jpg,18,industrial_area
industrial_area/industrial_area_073.jpg,18,industrial_area
industrial_area/industrial_area_074.jpg,18,industrial_area
industrial_area/industrial_area_075.jpg,18,industrial_area
industrial_area/industrial_area_076.jpg,18,industrial_area
industrial_area/industrial_area_077.jpg,18,industrial_area
industrial_area/industrial_area_078.jpg,18,industrial_area
industrial_area/industrial_area_079.jpg,18,industrial_area
industrial_area/industrial_area_080.jpg,18,industrial_area
industrial_area/industrial_area_081.jpg,18,industrial_area
industrial_area/industrial_area_082.jpg,18,industrial_area
industrial_area/industrial_area_083.jpg,18,industrial_area
industrial_area/industrial_area_085.jpg,18,industrial_area
industrial_area/industrial_area_086.jpg,18,industrial_area
industrial_area/industrial_area_087.jpg,18,industrial_area
industrial_area/industrial_area_088.jpg,18,industrial_area
industrial_area/industrial_area_089.jpg,18,industrial_area
industrial_area/industrial_area_092.jpg,18,industrial_area
industrial_area/industrial_area_093.jpg,18,industrial_area
industrial_area/industrial_area_094.jpg,18,industrial_area
industrial_area/industrial_area_095.jpg,18,industrial_area
industrial_area/industrial_area_097.jpg,18,industrial_area
industrial_area/industrial_area_098.jpg,18,industrial_area
industrial_area/industrial_area_099.jpg,18,industrial_area
industrial_area/industrial_area_100.jpg,18,industrial_area
industrial_area/industrial_area_102.jpg,18,industrial_area
industrial_area/industrial_area_103.jpg,18,industrial_area
industrial_area/industrial_area_105.jpg,18,industrial_area
industrial_area/industrial_area_107.jpg,18,industrial_area
industrial_area/industrial_area_108.jpg,18,industrial_area
industrial_area/industrial_area_109.jpg,18,industrial_area
industrial_area/industrial_area_113.jpg,18,industrial_area
industrial_area/industrial_area_116.jpg,18,industrial_area
industrial_area/industrial_area_119.jpg,18,industrial_area
industrial_area/industrial_area_121.jpg,18,industrial_area
industrial_area/industrial_area_122.jpg,18,industrial_area
industrial_area/industrial_area_123.jpg,18,industrial_area
industrial_area/industrial_area_124.jpg,18,industrial_area
industrial_area/industrial_area_125.jpg,18,industrial_area
industrial_area/industrial_area_126.jpg,18,industrial_area
industrial_area/industrial_area_127.jpg,18,industrial_area
industrial_area/industrial_area_130.jpg,18,industrial_area
industrial_area/industrial_area_133.jpg,18,industrial_area
industrial_area/industrial_area_135.jpg,18,industrial_area
industrial_area/industrial_area_136.jpg,18,industrial_area
industrial_area/industrial_area_138.jpg,18,industrial_area
industrial_area/industrial_area_139.jpg,18,industrial_area
industrial_area/industrial_area_140.jpg,18,industrial_area
industrial_area/industrial_area_141.jpg,18,industrial_area
industrial_area/industrial_area_142.jpg,18,industrial_area
industrial_area/industrial_area_143.jpg,18,industrial_area
industrial_area/industrial_area_145.jpg,18,industrial_area
industrial_area/industrial_area_146.jpg,18,industrial_area
industrial_area/industrial_area_147.jpg,18,industrial_area
industrial_area/industrial_area_148.jpg,18,industrial_area
industrial_area/industrial_area_150.jpg,18,industrial_area
industrial_area/industrial_area_151.jpg,18,industrial_area
industrial_area/industrial_area_152.jpg,18,industrial_area
industrial_area/industrial_area_153.jpg,18,industrial_area
industrial_area/industrial_area_154.jpg,18,industrial_area
industrial_area/industrial_area_155.jpg,18,industrial_area
industrial_area/industrial_area_157.jpg,18,industrial_area
industrial_area/industrial_area_158.jpg,18,industrial_area
industrial_area/industrial_area_160.jpg,18,industrial_area
industrial_area/industrial_area_161.jpg,18,industrial_area
industrial_area/industrial_area_162.jpg,18,industrial_area
industrial_area/industrial_area_163.jpg,18,industrial_area
industrial_area/industrial_area_164.jpg,18,industrial_area
industrial_area/industrial_area_165.jpg,18,industrial_area
industrial_area/industrial_area_166.jpg,18,industrial_area
industrial_area/industrial_area_167.jpg,18,industrial_area
industrial_area/industrial_area_169.jpg,18,industrial_area
industrial_area/industrial_area_170.jpg,18,industrial_area
industrial_area/industrial_area_172.jpg,18,industrial_area
industrial_area/industrial_area_173.jpg,18,industrial_area
industrial_area/industrial_area_175.jpg,18,industrial_area
industrial_area/industrial_area_177.jpg,18,industrial_area
industrial_area/industrial_area_178.jpg,18,industrial_area
industrial_area/industrial_area_179.jpg,18,industrial_area
industrial_area/industrial_area_182.jpg,18,industrial_area
industrial_area/industrial_area_183.jpg,18,industrial_area
industrial_area/industrial_area_184.jpg,18,industrial_area
industrial_area/industrial_area_186.jpg,18,industrial_area
industrial_area/industrial_area_187.jpg,18,industrial_area
industrial_area/industrial_area_188.jpg,18,industrial_area
industrial_area/industrial_area_189.jpg,18,industrial_area
industrial_area/industrial_area_190.jpg,18,industrial_area
industrial_area/industrial_area_191.jpg,18,industrial_area
industrial_area/industrial_area_192.jpg,18,industrial_area
industrial_area/industrial_area_193.jpg,18,industrial_area
industrial_area/industrial_area_194.jpg,18,industrial_area
industrial_area/industrial_area_195.jpg,18,industrial_area
industrial_area/industrial_area_197.jpg,18,industrial_area
industrial_area/industrial_area_198.jpg,18,industrial_area
industrial_area/industrial_area_199.jpg,18,industrial_area
industrial_area/industrial_area_200.jpg,18,industrial_area
industrial_area/industrial_area_201.jpg,18,industrial_area
industrial_area/industrial_area_202.jpg,18,industrial_area
industrial_area/industrial_area_203.jpg,18,industrial_area
industrial_area/industrial_area_205.jpg,18,industrial_area
industrial_area/industrial_area_206.jpg,18,industrial_area
industrial_area/industrial_area_208.jpg,18,industrial_area
industrial_area/industrial_area_209.jpg,18,industrial_area
industrial_area/industrial_area_210.jpg,18,industrial_area
industrial_area/industrial_area_211.jpg,18,industrial_area
industrial_area/industrial_area_213.jpg,18,industrial_area
industrial_area/industrial_area_216.jpg,18,industrial_area
industrial_area/industrial_area_217.jpg,18,industrial_area
industrial_area/industrial_area_220.jpg,18,industrial_area
industrial_area/industrial_area_222.jpg,18,industrial_area
industrial_area/industrial_area_223.jpg,18,industrial_area
industrial_area/industrial_area_224.jpg,18,industrial_area
industrial_area/industrial_area_225.jpg,18,industrial_area
industrial_area/industrial_area_226.jpg,18,industrial_area
industrial_area/industrial_area_227.jpg,18,industrial_area
industrial_area/industrial_area_228.jpg,18,industrial_area
industrial_area/industrial_area_229.jpg,18,industrial_area
industrial_area/industrial_area_230.jpg,18,industrial_area
industrial_area/industrial_area_231.jpg,18,industrial_area
industrial_area/industrial_area_232.jpg,18,industrial_area
industrial_area/industrial_area_234.jpg,18,industrial_area
industrial_area/industrial_area_237.jpg,18,industrial_area
industrial_area/industrial_area_238.jpg,18,industrial_area
industrial_area/industrial_area_239.jpg,18,industrial_area
industrial_area/industrial_area_240.jpg,18,industrial_area
industrial_area/industrial_area_241.jpg,18,industrial_area
industrial_area/industrial_area_242.jpg,18,industrial_area
industrial_area/industrial_area_243.jpg,18,industrial_area
industrial_area/industrial_area_244.jpg,18,industrial_area
industrial_area/industrial_area_245.jpg,18,industrial_area
industrial_area/industrial_area_247.jpg,18,industrial_area
industrial_area/industrial_area_249.jpg,18,industrial_area
industrial_area/industrial_area_250.jpg,18,industrial_area
industrial_area/industrial_area_251.jpg,18,industrial_area
industrial_area/industrial_area_252.jpg,18,industrial_area
industrial_area/industrial_area_253.jpg,18,industrial_area
industrial_area/industrial_area_254.jpg,18,industrial_area
industrial_area/industrial_area_258.jpg,18,industrial_area
industrial_area/industrial_area_260.jpg,18,industrial_area
industrial_area/industrial_area_261.jpg,18,industrial_area
industrial_area/industrial_area_262.jpg,18,industrial_area
industrial_area/industrial_area_264.jpg,18,industrial_area
industrial_area/industrial_area_265.jpg,18,industrial_area
industrial_area/industrial_area_266.jpg,18,industrial_area
industrial_area/industrial_area_267.jpg,18,industrial_area
industrial_area/industrial_area_268.jpg,18,industrial_area
industrial_area/industrial_area_269.jpg,18,industrial_area
industrial_area/industrial_area_270.jpg,18,industrial_area
industrial_area/industrial_area_271.jpg,18,industrial_area
industrial_area/industrial_area_274.jpg,18,industrial_area
industrial_area/industrial_area_275.jpg,18,industrial_area
industrial_area/industrial_area_276.jpg,18,industrial_area
industrial_area/industrial_area_280.jpg,18,industrial_area
industrial_area/industrial_area_281.jpg,18,industrial_area
industrial_area/industrial_area_283.jpg,18,industrial_area
industrial_area/industrial_area_284.jpg,18,industrial_area
industrial_area/industrial_area_286.jpg,18,industrial_area
industrial_area/industrial_area_287.jpg,18,industrial_area
industrial_area/industrial_area_289.jpg,18,industrial_area
industrial_area/industrial_area_290.jpg,18,industrial_area
industrial_area/industrial_area_292.jpg,18,industrial_area
industrial_area/industrial_area_295.jpg,18,industrial_area
industrial_area/industrial_area_296.jpg,18,industrial_area
industrial_area/industrial_area_297.jpg,18,industrial_area
industrial_area/industrial_area_298.jpg,18,industrial_area
industrial_area/industrial_area_299.jpg,18,industrial_area
industrial_area/industrial_area_300.jpg,18,industrial_area
industrial_area/industrial_area_301.jpg,18,industrial_area
industrial_area/industrial_area_302.jpg,18,industrial_area
industrial_area/industrial_area_305.jpg,18,industrial_area
industrial_area/industrial_area_307.jpg,18,industrial_area
industrial_area/industrial_area_308.jpg,18,industrial_area
industrial_area/industrial_area_309.jpg,18,industrial_area
industrial_area/industrial_area_310.jpg,18,industrial_area
industrial_area/industrial_area_311.jpg,18,industrial_area
industrial_area/industrial_area_312.jpg,18,industrial_area
industrial_area/industrial_area_313.jpg,18,industrial_area
industrial_area/industrial_area_314.jpg,18,industrial_area
industrial_area/industrial_area_315.jpg,18,industrial_area
industrial_area/industrial_area_316.jpg,18,industrial_area
industrial_area/industrial_area_317.jpg,18,industrial_area
industrial_area/industrial_area_319.jpg,18,industrial_area
industrial_area/industrial_area_321.jpg,18,industrial_area
industrial_area/industrial_area_323.jpg,18,industrial_area
industrial_area/industrial_area_324.jpg,18,industrial_area
industrial_area/industrial_area_327.jpg,18,industrial_area
industrial_area/industrial_area_328.jpg,18,industrial_area
industrial_area/industrial_area_329.jpg,18,industrial_area
industrial_area/industrial_area_330.jpg,18,industrial_area
industrial_area/industrial_area_331.jpg,18,industrial_area
industrial_area/industrial_area_332.jpg,18,industrial_area
industrial_area/industrial_area_334.jpg,18,industrial_area
industrial_area/industrial_area_335.jpg,18,industrial_area
industrial_area/industrial_area_336.jpg,18,industrial_area
industrial_area/industrial_area_338.jpg,18,industrial_area
industrial_area/industrial_area_339.jpg,18,industrial_area
industrial_area/industrial_area_340.jpg,18,industrial_area
industrial_area/industrial_area_341.jpg,18,industrial_area
industrial_area/industrial_area_343.jpg,18,industrial_area
industrial_area/industrial_area_344.jpg,18,industrial_area
industrial_area/industrial_area_345.jpg,18,industrial_area
industrial_area/industrial_area_346.jpg,18,industrial_area
industrial_area/industrial_area_348.jpg,18,industrial_area
industrial_area/industrial_area_350.jpg,18,industrial_area
industrial_area/industrial_area_351.jpg,18,industrial_area
industrial_area/industrial_area_352.jpg,18,industrial_area
industrial_area/industrial_area_353.jpg,18,industrial_area
industrial_area/industrial_area_354.jpg,18,industrial_area
industrial_area/industrial_area_356.jpg,18,industrial_area
industrial_area/industrial_area_358.jpg,18,industrial_area
industrial_area/industrial_area_359.jpg,18,industrial_area
industrial_area/industrial_area_361.jpg,18,industrial_area
industrial_area/industrial_area_363.jpg,18,industrial_area
industrial_area/industrial_area_364.jpg,18,industrial_area
industrial_area/industrial_area_365.jpg,18,industrial_area
industrial_area/industrial_area_366.jpg,18,industrial_area
industrial_area/industrial_area_369.jpg,18,industrial_area
industrial_area/industrial_area_370.jpg,18,industrial_area
industrial_area/industrial_area_371.jpg,18,industrial_area
industrial_area/industrial_area_373.jpg,18,industrial_area
industrial_area/industrial_area_374.jpg,18,industrial_area
industrial_area/industrial_area_375.jpg,18,industrial_area
industrial_area/industrial_area_376.jpg,18,industrial_area
industrial_area/industrial_area_377.jpg,18,industrial_area
industrial_area/industrial_area_378.jpg,18,industrial_area
industrial_area/industrial_area_379.jpg,18,industrial_area
industrial_area/industrial_area_381.jpg,18,industrial_area
industrial_area/industrial_area_382.jpg,18,industrial_area
industrial_area/industrial_area_385.jpg,18,industrial_area
industrial_area/industrial_area_386.jpg,18,industrial_area
industrial_area/industrial_area_387.jpg,18,industrial_area
industrial_area/industrial_area_388.jpg,18,industrial_area
industrial_area/industrial_area_389.jpg,18,industrial_area
industrial_area/industrial_area_390.jpg,18,industrial_area
industrial_area/industrial_area_392.jpg,18,industrial_area
industrial_area/industrial_area_393.jpg,18,industrial_area
industrial_area/industrial_area_394.jpg,18,industrial_area
industrial_area/industrial_area_399.jpg,18,industrial_area
industrial_area/industrial_area_400.jpg,18,industrial_area
industrial_area/industrial_area_401.jpg,18,industrial_area
industrial_area/industrial_area_402.jpg,18,industrial_area
industrial_area/industrial_area_403.jpg,18,industrial_area
industrial_area/industrial_area_404.jpg,18,industrial_area
industrial_area/industrial_area_406.jpg,18,industrial_area
industrial_area/industrial_area_407.jpg,18,industrial_area
industrial_area/industrial_area_408.jpg,18,industrial_area
industrial_area/industrial_area_410.jpg,18,industrial_area
industrial_area/industrial_area_411.jpg,18,industrial_area
industrial_area/industrial_area_414.jpg,18,industrial_area
industrial_area/industrial_area_415.jpg,18,industrial_area
industrial_area/industrial_area_418.jpg,18,industrial_area
industrial_area/industrial_area_419.jpg,18,industrial_area
industrial_area/industrial_area_420.jpg,18,industrial_area
industrial_area/industrial_area_421.jpg,18,industrial_area
industrial_area/industrial_area_423.jpg,18,industrial_area
industrial_area/industrial_area_425.jpg,18,industrial_area
industrial_area/industrial_area_426.jpg,18,industrial_area
industrial_area/industrial_area_429.jpg,18,industrial_area
industrial_area/industrial_area_430.jpg,18,industrial_area
industrial_area/industrial_area_432.jpg,18,industrial_area
industrial_area/industrial_area_433.jpg,18,industrial_area
industrial_area/industrial_area_435.jpg,18,industrial_area
industrial_area/industrial_area_436.jpg,18,industrial_area
industrial_area/industrial_area_437.jpg,18,industrial_area
industrial_area/industrial_area_438.jpg,18,industrial_area
industrial_area/industrial_area_440.jpg,18,industrial_area
industrial_area/industrial_area_445.jpg,18,industrial_area
industrial_area/industrial_area_446.jpg,18,industrial_area
industrial_area/industrial_area_447.jpg,18,industrial_area
industrial_area/industrial_area_448.jpg,18,industrial_area
industrial_area/industrial_area_449.jpg,18,industrial_area
industrial_area/industrial_area_450.jpg,18,industrial_area
industrial_area/industrial_area_451.jpg,18,industrial_area
industrial_area/industrial_area_452.jpg,18,industrial_area
industrial_area/industrial_area_453.jpg,18,industrial_area
industrial_area/industrial_area_454.jpg,18,industrial_area
industrial_area/industrial_area_455.jpg,18,industrial_area
industrial_area/industrial_area_456.jpg,18,industrial_area
industrial_area/industrial_area_457.jpg,18,industrial_area
industrial_area/industrial_area_458.jpg,18,industrial_area
industrial_area/industrial_area_460.jpg,18,industrial_area
industrial_area/industrial_area_461.jpg,18,industrial_area
industrial_area/industrial_area_465.jpg,18,industrial_area
industrial_area/industrial_area_468.jpg,18,industrial_area
industrial_area/industrial_area_469.jpg,18,industrial_area
industrial_area/industrial_area_470.jpg,18,industrial_area
industrial_area/industrial_area_471.jpg,18,industrial_area
industrial_area/industrial_area_473.jpg,18,industrial_area
industrial_area/industrial_area_474.jpg,18,industrial_area
industrial_area/industrial_area_477.jpg,18,industrial_area
industrial_area/industrial_area_478.jpg,18,industrial_area
industrial_area/industrial_area_480.jpg,18,industrial_area
industrial_area/industrial_area_481.jpg,18,industrial_area
industrial_area/industrial_area_482.jpg,18,industrial_area
industrial_area/industrial_area_483.jpg,18,industrial_area
industrial_area/industrial_area_485.jpg,18,industrial_area
industrial_area/industrial_area_487.jpg,18,industrial_area
industrial_area/industrial_area_488.jpg,18,industrial_area
industrial_area/industrial_area_491.jpg,18,industrial_area
industrial_area/industrial_area_492.jpg,18,industrial_area
industrial_area/industrial_area_493.jpg,18,industrial_area
industrial_area/industrial_area_495.jpg,18,industrial_area
industrial_area/industrial_area_496.jpg,18,industrial_area
industrial_area/industrial_area_497.jpg,18,industrial_area
industrial_area/industrial_area_498.jpg,18,industrial_area
industrial_area/industrial_area_499.jpg,18,industrial_area
industrial_area/industrial_area_500.jpg,18,industrial_area
industrial_area/industrial_area_501.jpg,18,industrial_area
industrial_area/industrial_area_503.jpg,18,industrial_area
industrial_area/industrial_area_505.jpg,18,industrial_area
industrial_area/industrial_area_507.jpg,18,industrial_area
industrial_area/industrial_area_508.jpg,18,industrial_area
industrial_area/industrial_area_510.jpg,18,industrial_area
industrial_area/industrial_area_512.jpg,18,industrial_area
industrial_area/industrial_area_514.jpg,18,industrial_area
industrial_area/industrial_area_515.jpg,18,industrial_area
industrial_area/industrial_area_516.jpg,18,industrial_area
industrial_area/industrial_area_517.jpg,18,industrial_area
industrial_area/industrial_area_518.jpg,18,industrial_area
industrial_area/industrial_area_519.jpg,18,industrial_area
industrial_area/industrial_area_520.jpg,18,industrial_area
industrial_area/industrial_area_521.jpg,18,industrial_area
industrial_area/industrial_area_524.jpg,18,industrial_area
industrial_area/industrial_area_525.jpg,18,industrial_area
industrial_area/industrial_area_527.jpg,18,industrial_area
industrial_area/industrial_area_528.jpg,18,industrial_area
industrial_area/industrial_area_531.jpg,18,industrial_area
industrial_area/industrial_area_532.jpg,18,industrial_area
industrial_area/industrial_area_533.jpg,18,industrial_area
industrial_area/industrial_area_534.jpg,18,industrial_area
industrial_area/industrial_area_535.jpg,18,industrial_area
industrial_area/industrial_area_538.jpg,18,industrial_area
industrial_area/industrial_area_540.jpg,18,industrial_area
industrial_area/industrial_area_541.jpg,18,industrial_area
industrial_area/industrial_area_543.jpg,18,industrial_area
industrial_area/industrial_area_544.jpg,18,industrial_area
industrial_area/industrial_area_546.jpg,18,industrial_area
industrial_area/industrial_area_547.jpg,18,industrial_area
industrial_area/industrial_area_551.jpg,18,industrial_area
industrial_area/industrial_area_552.jpg,18,industrial_area
industrial_area/industrial_area_553.jpg,18,industrial_area
industrial_area/industrial_area_555.jpg,18,industrial_area
industrial_area/industrial_area_556.jpg,18,industrial_area
industrial_area/industrial_area_561.jpg,18,industrial_area
industrial_area/industrial_area_562.jpg,18,industrial_area
industrial_area/industrial_area_563.jpg,18,industrial_area
industrial_area/industrial_area_564.jpg,18,industrial_area
industrial_area/industrial_area_565.jpg,18,industrial_area
industrial_area/industrial_area_567.jpg,18,industrial_area
industrial_area/industrial_area_570.jpg,18,industrial_area
industrial_area/industrial_area_572.jpg,18,industrial_area
industrial_area/industrial_area_574.jpg,18,industrial_area
industrial_area/industrial_area_575.jpg,18,industrial_area
industrial_area/industrial_area_576.jpg,18,industrial_area
industrial_area/industrial_area_577.jpg,18,industrial_area
industrial_area/industrial_area_578.jpg,18,industrial_area
industrial_area/industrial_area_580.jpg,18,industrial_area
industrial_area/industrial_area_581.jpg,18,industrial_area
industrial_area/industrial_area_583.jpg,18,industrial_area
industrial_area/industrial_area_585.jpg,18,industrial_area
industrial_area/industrial_area_586.jpg,18,industrial_area
industrial_area/industrial_area_587.jpg,18,industrial_area
industrial_area/industrial_area_588.jpg,18,industrial_area
industrial_area/industrial_area_589.jpg,18,industrial_area
industrial_area/industrial_area_590.jpg,18,industrial_area
industrial_area/industrial_area_591.jpg,18,industrial_area
industrial_area/industrial_area_592.jpg,18,industrial_area
industrial_area/industrial_area_593.jpg,18,industrial_area
industrial_area/industrial_area_594.jpg,18,industrial_area
industrial_area/industrial_area_597.jpg,18,industrial_area
industrial_area/industrial_area_598.jpg,18,industrial_area
industrial_area/industrial_area_599.jpg,18,industrial_area
industrial_area/industrial_area_600.jpg,18,industrial_area
industrial_area/industrial_area_601.jpg,18,industrial_area
industrial_area/industrial_area_602.jpg,18,industrial_area
industrial_area/industrial_area_603.jpg,18,industrial_area
industrial_area/industrial_area_604.jpg,18,industrial_area
industrial_area/industrial_area_605.jpg,18,industrial_area
industrial_area/industrial_area_606.jpg,18,industrial_area
industrial_area/industrial_area_607.jpg,18,industrial_area
industrial_area/industrial_area_608.jpg,18,industrial_area
industrial_area/industrial_area_609.jpg,18,industrial_area
industrial_area/industrial_area_611.jpg,18,industrial_area
industrial_area/industrial_area_612.jpg,18,industrial_area
industrial_area/industrial_area_614.jpg,18,industrial_area
industrial_area/industrial_area_615.jpg,18,industrial_area
industrial_area/industrial_area_617.jpg,18,industrial_area
industrial_area/industrial_area_618.jpg,18,industrial_area
industrial_area/industrial_area_620.jpg,18,industrial_area
industrial_area/industrial_area_622.jpg,18,industrial_area
industrial_area/industrial_area_623.jpg,18,industrial_area
industrial_area/industrial_area_625.jpg,18,industrial_area
industrial_area/industrial_area_626.jpg,18,industrial_area
industrial_area/industrial_area_627.jpg,18,industrial_area
industrial_area/industrial_area_628.jpg,18,industrial_area
industrial_area/industrial_area_629.jpg,18,industrial_area
industrial_area/industrial_area_630.jpg,18,industrial_area
industrial_area/industrial_area_632.jpg,18,industrial_area
industrial_area/industrial_area_633.jpg,18,industrial_area
industrial_area/industrial_area_634.jpg,18,industrial_area
industrial_area/industrial_area_635.jpg,18,industrial_area
industrial_area/industrial_area_639.jpg,18,industrial_area
industrial_area/industrial_area_641.jpg,18,industrial_area
industrial_area/industrial_area_642.jpg,18,industrial_area
industrial_area/industrial_area_644.jpg,18,industrial_area
industrial_area/industrial_area_645.jpg,18,industrial_area
industrial_area/industrial_area_646.jpg,18,industrial_area
industrial_area/industrial_area_647.jpg,18,industrial_area
industrial_area/industrial_area_648.jpg,18,industrial_area
industrial_area/industrial_area_649.jpg,18,industrial_area
industrial_area/industrial_area_651.jpg,18,industrial_area
industrial_area/industrial_area_653.jpg,18,industrial_area
industrial_area/industrial_area_654.jpg,18,industrial_area
industrial_area/industrial_area_655.jpg,18,industrial_area
industrial_area/industrial_area_657.jpg,18,industrial_area
industrial_area/industrial_area_658.jpg,18,industrial_area
industrial_area/industrial_area_660.jpg,18,industrial_area
industrial_area/industrial_area_661.jpg,18,industrial_area
industrial_area/industrial_area_662.jpg,18,industrial_area
industrial_area/industrial_area_664.jpg,18,industrial_area
industrial_area/industrial_area_665.jpg,18,industrial_area
industrial_area/industrial_area_667.jpg,18,industrial_area
industrial_area/industrial_area_668.jpg,18,industrial_area
industrial_area/industrial_area_669.jpg,18,industrial_area
industrial_area/industrial_area_670.jpg,18,industrial_area
industrial_area/industrial_area_671.jpg,18,industrial_area
industrial_area/industrial_area_673.jpg,18,industrial_area
industrial_area/industrial_area_675.jpg,18,industrial_area
industrial_area/industrial_area_676.jpg,18,industrial_area
industrial_area/industrial_area_678.jpg,18,industrial_area
industrial_area/industrial_area_679.jpg,18,industrial_area
industrial_area/industrial_area_681.jpg,18,industrial_area
industrial_area/industrial_area_682.jpg,18,industrial_area
industrial_area/industrial_area_683.jpg,18,industrial_area
industrial_area/industrial_area_684.jpg,18,industrial_area
industrial_area/industrial_area_685.jpg,18,industrial_area
industrial_area/industrial_area_686.jpg,18,industrial_area
industrial_area/industrial_area_687.jpg,18,industrial_area
industrial_area/industrial_area_688.jpg,18,industrial_area
industrial_area/industrial_area_689.jpg,18,industrial_area
industrial_area/industrial_area_692.jpg,18,industrial_area
industrial_area/industrial_area_693.jpg,18,industrial_area
industrial_area/industrial_area_694.jpg,18,industrial_area
industrial_area/industrial_area_696.jpg,18,industrial_area
industrial_area/industrial_area_699.jpg,18,industrial_area
industrial_area/industrial_area_700.jpg,18,industrial_area
intersection/intersection_002.jpg,19,intersection
intersection/intersection_004.jpg,19,intersection
intersection/intersection_005.jpg,19,intersection
intersection/intersection_007.jpg,19,intersection
intersection/intersection_008.jpg,19,intersection
intersection/intersection_011.jpg,19,intersection
intersection/intersection_012.jpg,19,intersection
intersection/intersection_013.jpg,19,intersection
intersection/intersection_014.jpg,19,intersection
intersection/intersection_015.jpg,19,intersection
intersection/intersection_017.jpg,19,intersection
intersection/intersection_018.jpg,19,intersection
intersection/intersection_019.jpg,19,intersection
intersection/intersection_020.jpg,19,intersection
intersection/intersection_021.jpg,19,intersection
intersection/intersection_022.jpg,19,intersection
intersection/intersection_023.jpg,19,intersection
intersection/intersection_024.jpg,19,intersection
intersection/intersection_025.jpg,19,intersection
intersection/intersection_026.jpg,19,intersection
intersection/intersection_028.jpg,19,intersection
intersection/intersection_029.jpg,19,intersection
intersection/intersection_030.jpg,19,intersection
intersection/intersection_031.jpg,19,intersection
intersection/intersection_033.jpg,19,intersection
intersection/intersection_034.jpg,19,intersection
intersection/intersection_035.jpg,19,intersection
intersection/intersection_036.jpg,19,intersection
intersection/intersection_037.jpg,19,intersection
intersection/intersection_038.jpg,19,intersection
intersection/intersection_039.jpg,19,intersection
intersection/intersection_040.jpg,19,intersection
intersection/intersection_041.jpg,19,intersection
intersection/intersection_042.jpg,19,intersection
intersection/intersection_043.jpg,19,intersection
intersection/intersection_044.jpg,19,intersection
intersection/intersection_045.jpg,19,intersection
intersection/intersection_048.jpg,19,intersection
intersection/intersection_049.jpg,19,intersection
intersection/intersection_053.jpg,19,intersection
intersection/intersection_054.jpg,19,intersection
intersection/intersection_055.jpg,19,intersection
intersection/intersection_058.jpg,19,intersection
intersection/intersection_061.jpg,19,intersection
intersection/intersection_062.jpg,19,intersection
intersection/intersection_064.jpg,19,intersection
intersection/intersection_065.jpg,19,intersection
intersection/intersection_066.jpg,19,intersection
intersection/intersection_067.jpg,19,intersection
intersection/intersection_068.jpg,19,intersection
intersection/intersection_069.jpg,19,intersection
intersection/intersection_070.jpg,19,intersection
intersection/intersection_072.jpg,19,intersection
intersection/intersection_073.jpg,19,intersection
intersection/intersection_074.jpg,19,intersection
intersection/intersection_077.jpg,19,intersection
intersection/intersection_078.jpg,19,intersection
intersection/intersection_080.jpg,19,intersection
intersection/intersection_082.jpg,19,intersection
intersection/intersection_083.jpg,19,intersection
intersection/intersection_084.jpg,19,intersection
intersection/intersection_085.jpg,19,intersection
intersection/intersection_087.jpg,19,intersection
intersection/intersection_088.jpg,19,intersection
intersection/intersection_089.jpg,19,intersection
intersection/intersection_091.jpg,19,intersection
intersection/intersection_092.jpg,19,intersection
intersection/intersection_093.jpg,19,intersection
intersection/intersection_094.jpg,19,intersection
intersection/intersection_095.jpg,19,intersection
intersection/intersection_096.jpg,19,intersection
intersection/intersection_097.jpg,19,intersection
intersection/intersection_098.jpg,19,intersection
intersection/intersection_099.jpg,19,intersection
intersection/intersection_100.jpg,19,intersection
intersection/intersection_101.jpg,19,intersection
intersection/intersection_102.jpg,19,intersection
intersection/intersection_104.jpg,19,intersection
intersection/intersection_108.jpg,19,intersection
intersection/intersection_110.jpg,19,intersection
intersection/intersection_111.jpg,19,intersection
intersection/intersection_112.jpg,19,intersection
intersection/intersection_113.jpg,19,intersection
intersection/intersection_114.jpg,19,intersection
intersection/intersection_115.jpg,19,intersection
intersection/intersection_117.jpg,19,intersection
intersection/intersection_118.jpg,19,intersection
intersection/intersection_120.jpg,19,intersection
intersection/intersection_121.jpg,19,intersection
intersection/intersection_122.jpg,19,intersection
intersection/intersection_123.jpg,19,intersection
intersection/intersection_124.jpg,19,intersection
intersection/intersection_125.jpg,19,intersection
intersection/intersection_128.jpg,19,intersection
intersection/intersection_129.jpg,19,intersection
intersection/intersection_131.jpg,19,intersection
intersection/intersection_132.jpg,19,intersection
intersection/intersection_133.jpg,19,intersection
intersection/intersection_135.jpg,19,intersection
intersection/intersection_136.jpg,19,intersection
intersection/intersection_137.jpg,19,intersection
intersection/intersection_138.jpg,19,intersection
intersection/intersection_139.jpg,19,intersection
intersection/intersection_140.jpg,19,intersection
intersection/intersection_143.jpg,19,intersection
intersection/intersection_145.jpg,19,intersection
intersection/intersection_146.jpg,19,intersection
intersection/intersection_148.jpg,19,intersection
intersection/intersection_150.jpg,19,intersection
intersection/intersection_151.jpg,19,intersection
intersection/intersection_153.jpg,19,intersection
intersection/intersection_154.jpg,19,intersection
intersection/intersection_155.jpg,19,intersection
intersection/intersection_156.jpg,19,intersection
intersection/intersection_157.jpg,19,intersection
intersection/intersection_158.jpg,19,intersection
intersection/intersection_159.jpg,19,intersection
intersection/intersection_160.jpg,19,intersection
intersection/intersection_161.jpg,19,intersection
intersection/intersection_162.jpg,19,intersection
intersection/intersection_163.jpg,19,intersection
intersection/intersection_164.jpg,19,intersection
intersection/intersection_167.jpg,19,intersection
intersection/intersection_168.jpg,19,intersection
intersection/intersection_169.jpg,19,intersection
intersection/intersection_170.jpg,19,intersection
intersection/intersection_171.jpg,19,intersection
intersection/intersection_173.jpg,19,intersection
intersection/intersection_175.jpg,19,intersection
intersection/intersection_176.jpg,19,intersection
intersection/intersection_177.jpg,19,intersection
intersection/intersection_179.jpg,19,intersection
intersection/intersection_180.jpg,19,intersection
intersection/intersection_181.jpg,19,intersection
intersection/intersection_183.jpg,19,intersection
intersection/intersection_184.jpg,19,intersection
intersection/intersection_185.jpg,19,intersection
intersection/intersection_186.jpg,19,intersection
intersection/intersection_187.jpg,19,intersection
intersection/intersection_188.jpg,19,intersection
intersection/intersection_189.jpg,19,intersection
intersection/intersection_190.jpg,19,intersection
intersection/intersection_191.jpg,19,intersection
intersection/intersection_192.jpg,19,intersection
intersection/intersection_193.jpg,19,intersection
intersection/intersection_194.jpg,19,intersection
intersection/intersection_195.jpg,19,intersection
intersection/intersection_197.jpg,19,intersection
intersection/intersection_198.jpg,19,intersection
intersection/intersection_200.jpg,19,intersection
intersection/intersection_203.jpg,19,intersection
intersection/intersection_205.jpg,19,intersection
intersection/intersection_206.jpg,19,intersection
intersection/intersection_207.jpg,19,intersection
intersection/intersection_208.jpg,19,intersection
intersection/intersection_211.jpg,19,intersection
intersection/intersection_212.jpg,19,intersection
intersection/intersection_213.jpg,19,intersection
intersection/intersection_214.jpg,19,intersection
intersection/intersection_216.jpg,19,intersection
intersection/intersection_218.jpg,19,intersection
intersection/intersection_219.jpg,19,intersection
intersection/intersection_220.jpg,19,intersection
intersection/intersection_221.jpg,19,intersection
intersection/intersection_223.jpg,19,intersection
intersection/intersection_224.jpg,19,intersection
intersection/intersection_225.jpg,19,intersection
intersection/intersection_226.jpg,19,intersection
intersection/intersection_229.jpg,19,intersection
intersection/intersection_230.jpg,19,intersection
intersection/intersection_231.jpg,19,intersection
intersection/intersection_232.jpg,19,intersection
intersection/intersection_233.jpg,19,intersection
intersection/intersection_235.jpg,19,intersection
intersection/intersection_236.jpg,19,intersection
intersection/intersection_237.jpg,19,intersection
intersection/intersection_239.jpg,19,intersection
intersection/intersection_240.jpg,19,intersection
intersection/intersection_241.jpg,19,intersection
intersection/intersection_243.jpg,19,intersection
intersection/intersection_247.jpg,19,intersection
intersection/intersection_248.jpg,19,intersection
intersection/intersection_249.jpg,19,intersection
intersection/intersection_250.jpg,19,intersection
intersection/intersection_251.jpg,19,intersection
intersection/intersection_252.jpg,19,intersection
intersection/intersection_253.jpg,19,intersection
intersection/intersection_254.jpg,19,intersection
intersection/intersection_256.jpg,19,intersection
intersection/intersection_258.jpg,19,intersection
intersection/intersection_259.jpg,19,intersection
intersection/intersection_260.jpg,19,intersection
intersection/intersection_263.jpg,19,intersection
intersection/intersection_264.jpg,19,intersection
intersection/intersection_266.jpg,19,intersection
intersection/intersection_268.jpg,19,intersection
intersection/intersection_270.jpg,19,intersection
intersection/intersection_271.jpg,19,intersection
intersection/intersection_274.jpg,19,intersection
intersection/intersection_276.jpg,19,intersection
intersection/intersection_277.jpg,19,intersection
intersection/intersection_279.jpg,19,intersection
intersection/intersection_280.jpg,19,intersection
intersection/intersection_281.jpg,19,intersection
intersection/intersection_282.jpg,19,intersection
intersection/intersection_283.jpg,19,intersection
intersection/intersection_286.jpg,19,intersection
intersection/intersection_287.jpg,19,intersection
intersection/intersection_288.jpg,19,intersection
intersection/intersection_289.jpg,19,intersection
intersection/intersection_291.jpg,19,intersection
intersection/intersection_292.jpg,19,intersection
intersection/intersection_293.jpg,19,intersection
intersection/intersection_294.jpg,19,intersection
intersection/intersection_295.jpg,19,intersection
intersection/intersection_297.jpg,19,intersection
intersection/intersection_299.jpg,19,intersection
intersection/intersection_302.jpg,19,intersection
intersection/intersection_303.jpg,19,intersection
intersection/intersection_304.jpg,19,intersection
intersection/intersection_305.jpg,19,intersection
intersection/intersection_306.jpg,19,intersection
intersection/intersection_308.jpg,19,intersection
intersection/intersection_309.jpg,19,intersection
intersection/intersection_310.jpg,19,intersection
intersection/intersection_311.jpg,19,intersection
intersection/intersection_312.jpg,19,intersection
intersection/intersection_313.jpg,19,intersection
intersection/intersection_314.jpg,19,intersection
intersection/intersection_315.jpg,19,intersection
intersection/intersection_317.jpg,19,intersection
intersection/intersection_318.jpg,19,intersection
intersection/intersection_319.jpg,19,intersection
intersection/intersection_322.jpg,19,intersection
intersection/intersection_323.jpg,19,intersection
intersection/intersection_325.jpg,19,intersection
intersection/intersection_326.jpg,19,intersection
intersection/intersection_328.jpg,19,intersection
intersection/intersection_333.jpg,19,intersection
intersection/intersection_335.jpg,19,intersection
intersection/intersection_337.jpg,19,intersection
intersection/intersection_338.jpg,19,intersection
intersection/intersection_339.jpg,19,intersection
intersection/intersection_341.jpg,19,intersection
intersection/intersection_342.jpg,19,intersection
intersection/intersection_343.jpg,19,intersection
intersection/intersection_344.jpg,19,intersection
intersection/intersection_345.jpg,19,intersection
intersection/intersection_346.jpg,19,intersection
intersection/intersection_347.jpg,19,intersection
intersection/intersection_350.jpg,19,intersection
intersection/intersection_351.jpg,19,intersection
intersection/intersection_352.jpg,19,intersection
intersection/intersection_353.jpg,19,intersection
intersection/intersection_354.jpg,19,intersection
intersection/intersection_358.jpg,19,intersection
intersection/intersection_359.jpg,19,intersection
intersection/intersection_360.jpg,19,intersection
intersection/intersection_361.jpg,19,intersection
intersection/intersection_362.jpg,19,intersection
intersection/intersection_363.jpg,19,intersection
intersection/intersection_364.jpg,19,intersection
intersection/intersection_366.jpg,19,intersection
intersection/intersection_367.jpg,19,intersection
intersection/intersection_368.jpg,19,intersection
intersection/intersection_369.jpg,19,intersection
intersection/intersection_370.jpg,19,intersection
intersection/intersection_371.jpg,19,intersection
intersection/intersection_372.jpg,19,intersection
intersection/intersection_374.jpg,19,intersection
intersection/intersection_375.jpg,19,intersection
intersection/intersection_377.jpg,19,intersection
intersection/intersection_379.jpg,19,intersection
intersection/intersection_380.jpg,19,intersection
intersection/intersection_381.jpg,19,intersection
intersection/intersection_384.jpg,19,intersection
intersection/intersection_385.jpg,19,intersection
intersection/intersection_386.jpg,19,intersection
intersection/intersection_388.jpg,19,intersection
intersection/intersection_389.jpg,19,intersection
intersection/intersection_390.jpg,19,intersection
intersection/intersection_392.jpg,19,intersection
intersection/intersection_394.jpg,19,intersection
intersection/intersection_396.jpg,19,intersection
intersection/intersection_397.jpg,19,intersection
intersection/intersection_401.jpg,19,intersection
intersection/intersection_402.jpg,19,intersection
intersection/intersection_404.jpg,19,intersection
intersection/intersection_405.jpg,19,intersection
intersection/intersection_406.jpg,19,intersection
intersection/intersection_407.jpg,19,intersection
intersection/intersection_408.jpg,19,intersection
intersection/intersection_409.jpg,19,intersection
intersection/intersection_411.jpg,19,intersection
intersection/intersection_412.jpg,19,intersection
intersection/intersection_413.jpg,19,intersection
intersection/intersection_414.jpg,19,intersection
intersection/intersection_416.jpg,19,intersection
intersection/intersection_418.jpg,19,intersection
intersection/intersection_419.jpg,19,intersection
intersection/intersection_421.jpg,19,intersection
intersection/intersection_423.jpg,19,intersection
intersection/intersection_424.jpg,19,intersection
intersection/intersection_425.jpg,19,intersection
intersection/intersection_426.jpg,19,intersection
intersection/intersection_427.jpg,19,intersection
intersection/intersection_429.jpg,19,intersection
intersection/intersection_430.jpg,19,intersection
intersection/intersection_431.jpg,19,intersection
intersection/intersection_432.jpg,19,intersection
intersection/intersection_433.jpg,19,intersection
intersection/intersection_434.jpg,19,intersection
intersection/intersection_436.jpg,19,intersection
intersection/intersection_437.jpg,19,intersection
intersection/intersection_438.jpg,19,intersection
intersection/intersection_439.jpg,19,intersection
intersection/intersection_440.jpg,19,intersection
intersection/intersection_441.jpg,19,intersection
intersection/intersection_443.jpg,19,intersection
intersection/intersection_444.jpg,19,intersection
intersection/intersection_445.jpg,19,intersection
intersection/intersection_446.jpg,19,intersection
intersection/intersection_447.jpg,19,intersection
intersection/intersection_449.jpg,19,intersection
intersection/intersection_450.jpg,19,intersection
intersection/intersection_453.jpg,19,intersection
intersection/intersection_455.jpg,19,intersection
intersection/intersection_457.jpg,19,intersection
intersection/intersection_459.jpg,19,intersection
intersection/intersection_460.jpg,19,intersection
intersection/intersection_461.jpg,19,intersection
intersection/intersection_463.jpg,19,intersection
intersection/intersection_465.jpg,19,intersection
intersection/intersection_466.jpg,19,intersection
intersection/intersection_467.jpg,19,intersection
intersection/intersection_468.jpg,19,intersection
intersection/intersection_469.jpg,19,intersection
intersection/intersection_470.jpg,19,intersection
intersection/intersection_471.jpg,19,intersection
intersection/intersection_472.jpg,19,intersection
intersection/intersection_473.jpg,19,intersection
intersection/intersection_475.jpg,19,intersection
intersection/intersection_476.jpg,19,intersection
intersection/intersection_477.jpg,19,intersection
intersection/intersection_478.jpg,19,intersection
intersection/intersection_479.jpg,19,intersection
intersection/intersection_481.jpg,19,intersection
intersection/intersection_482.jpg,19,intersection
intersection/intersection_484.jpg,19,intersection
intersection/intersection_486.jpg,19,intersection
intersection/intersection_487.jpg,19,intersection
intersection/intersection_488.jpg,19,intersection
intersection/intersection_490.jpg,19,intersection
intersection/intersection_491.jpg,19,intersection
intersection/intersection_492.jpg,19,intersection
intersection/intersection_493.jpg,19,intersection
intersection/intersection_494.jpg,19,intersection
intersection/intersection_496.jpg,19,intersection
intersection/intersection_499.jpg,19,intersection
intersection/intersection_500.jpg,19,intersection
intersection/intersection_502.jpg,19,intersection
intersection/intersection_505.jpg,19,intersection
intersection/intersection_506.jpg,19,intersection
intersection/intersection_507.jpg,19,intersection
intersection/intersection_509.jpg,19,intersection
intersection/intersection_510.jpg,19,intersection
intersection/intersection_512.jpg,19,intersection
intersection/intersection_513.jpg,19,intersection
intersection/intersection_515.jpg,19,intersection
intersection/intersection_516.jpg,19,intersection
intersection/intersection_518.jpg,19,intersection
intersection/intersection_519.jpg,19,intersection
intersection/intersection_522.jpg,19,intersection
intersection/intersection_523.jpg,19,intersection
intersection/intersection_524.jpg,19,intersection
intersection/intersection_525.jpg,19,intersection
intersection/intersection_527.jpg,19,intersection
intersection/intersection_528.jpg,19,intersection
intersection/intersection_531.jpg,19,intersection
intersection/intersection_532.jpg,19,intersection
intersection/intersection_534.jpg,19,intersection
intersection/intersection_535.jpg,19,intersection
intersection/intersection_536.jpg,19,intersection
intersection/intersection_537.jpg,19,intersection
intersection/intersection_540.jpg,19,intersection
intersection/intersection_541.jpg,19,intersection
intersection/intersection_543.jpg,19,intersection
intersection/intersection_546.jpg,19,intersection
intersection/intersection_547.jpg,19,intersection
intersection/intersection_549.jpg,19,intersection
intersection/intersection_551.jpg,19,intersection
intersection/intersection_554.jpg,19,intersection
intersection/intersection_558.jpg,19,intersection
intersection/intersection_559.jpg,19,intersection
intersection/intersection_560.jpg,19,intersection
intersection/intersection_561.jpg,19,intersection
intersection/intersection_562.jpg,19,intersection
intersection/intersection_563.jpg,19,intersection
intersection/intersection_564.jpg,19,intersection
intersection/intersection_565.jpg,19,intersection
intersection/intersection_566.jpg,19,intersection
intersection/intersection_567.jpg,19,intersection
intersection/intersection_568.jpg,19,intersection
intersection/intersection_569.jpg,19,intersection
intersection/intersection_570.jpg,19,intersection
intersection/intersection_571.jpg,19,intersection
intersection/intersection_574.jpg,19,intersection
intersection/intersection_576.jpg,19,intersection
intersection/intersection_577.jpg,19,intersection
intersection/intersection_578.jpg,19,intersection
intersection/intersection_579.jpg,19,intersection
intersection/intersection_580.jpg,19,intersection
intersection/intersection_581.jpg,19,intersection
intersection/intersection_582.jpg,19,intersection
intersection/intersection_585.jpg,19,intersection
intersection/intersection_586.jpg,19,intersection
intersection/intersection_587.jpg,19,intersection
intersection/intersection_588.jpg,19,intersection
intersection/intersection_589.jpg,19,intersection
intersection/intersection_590.jpg,19,intersection
intersection/intersection_591.jpg,19,intersection
intersection/intersection_595.jpg,19,intersection
intersection/intersection_596.jpg,19,intersection
intersection/intersection_597.jpg,19,intersection
intersection/intersection_599.jpg,19,intersection
intersection/intersection_601.jpg,19,intersection
intersection/intersection_603.jpg,19,intersection
intersection/intersection_604.jpg,19,intersection
intersection/intersection_605.jpg,19,intersection
intersection/intersection_607.jpg,19,intersection
intersection/intersection_608.jpg,19,intersection
intersection/intersection_609.jpg,19,intersection
intersection/intersection_610.jpg,19,intersection
intersection/intersection_611.jpg,19,intersection
intersection/intersection_614.jpg,19,intersection
intersection/intersection_618.jpg,19,intersection
intersection/intersection_619.jpg,19,intersection
intersection/intersection_620.jpg,19,intersection
intersection/intersection_621.jpg,19,intersection
intersection/intersection_623.jpg,19,intersection
intersection/intersection_624.jpg,19,intersection
intersection/intersection_625.jpg,19,intersection
intersection/intersection_626.jpg,19,intersection
intersection/intersection_629.jpg,19,intersection
intersection/intersection_630.jpg,19,intersection
intersection/intersection_631.jpg,19,intersection
intersection/intersection_632.jpg,19,intersection
intersection/intersection_633.jpg,19,intersection
intersection/intersection_634.jpg,19,intersection
intersection/intersection_636.jpg,19,intersection
intersection/intersection_641.jpg,19,intersection
intersection/intersection_643.jpg,19,intersection
intersection/intersection_644.jpg,19,intersection
intersection/intersection_645.jpg,19,intersection
intersection/intersection_646.jpg,19,intersection
intersection/intersection_651.jpg,19,intersection
intersection/intersection_652.jpg,19,intersection
intersection/intersection_653.jpg,19,intersection
intersection/intersection_654.jpg,19,intersection
intersection/intersection_655.jpg,19,intersection
intersection/intersection_656.jpg,19,intersection
intersection/intersection_657.jpg,19,intersection
intersection/intersection_658.jpg,19,intersection
intersection/intersection_659.jpg,19,intersection
intersection/intersection_660.jpg,19,intersection
intersection/intersection_663.jpg,19,intersection
intersection/intersection_665.jpg,19,intersection
intersection/intersection_666.jpg,19,intersection
intersection/intersection_667.jpg,19,intersection
intersection/intersection_668.jpg,19,intersection
intersection/intersection_671.jpg,19,intersection
intersection/intersection_672.jpg,19,intersection
intersection/intersection_673.jpg,19,intersection
intersection/intersection_674.jpg,19,intersection
intersection/intersection_675.jpg,19,intersection
intersection/intersection_677.jpg,19,intersection
intersection/intersection_679.jpg,19,intersection
intersection/intersection_680.jpg,19,intersection
intersection/intersection_681.jpg,19,intersection
intersection/intersection_682.jpg,19,intersection
intersection/intersection_684.jpg,19,intersection
intersection/intersection_688.jpg,19,intersection
intersection/intersection_689.jpg,19,intersection
intersection/intersection_690.jpg,19,intersection
intersection/intersection_692.jpg,19,intersection
intersection/intersection_694.jpg,19,intersection
intersection/intersection_695.jpg,19,intersection
intersection/intersection_696.jpg,19,intersection
intersection/intersection_697.jpg,19,intersection
intersection/intersection_700.jpg,19,intersection
island/island_001.jpg,20,island
island/island_003.jpg,20,island
island/island_004.jpg,20,island
island/island_005.jpg,20,island
island/island_007.jpg,20,island
island/island_008.jpg,20,island
island/island_010.jpg,20,island
island/island_011.jpg,20,island
island/island_012.jpg,20,island
island/island_015.jpg,20,island
island/island_017.jpg,20,island
island/island_018.jpg,20,island
island/island_019.jpg,20,island
island/island_020.jpg,20,island
island/island_021.jpg,20,island
island/island_022.jpg,20,island
island/island_024.jpg,20,island
island/island_025.jpg,20,island
island/island_027.jpg,20,island
island/island_029.jpg,20,island
island/island_030.jpg,20,island
island/island_031.jpg,20,island
island/island_032.jpg,20,island
island/island_034.jpg,20,island
island/island_035.jpg,20,island
island/island_037.jpg,20,island
island/island_039.jpg,20,island
island/island_040.jpg,20,island
island/island_041.jpg,20,island
island/island_042.jpg,20,island
island/island_043.jpg,20,island
island/island_044.jpg,20,island
island/island_046.jpg,20,island
island/island_048.jpg,20,island
island/island_051.jpg,20,island
island/island_052.jpg,20,island
island/island_053.jpg,20,island
island/island_054.jpg,20,island
island/island_056.jpg,20,island
island/island_057.jpg,20,island
island/island_058.jpg,20,island
island/island_059.jpg,20,island
island/island_060.jpg,20,island
island/island_061.jpg,20,island
island/island_063.jpg,20,island
island/island_064.jpg,20,island
island/island_067.jpg,20,island
island/island_069.jpg,20,island
island/island_070.jpg,20,island
island/island_071.jpg,20,island
island/island_073.jpg,20,island
island/island_074.jpg,20,island
island/island_075.jpg,20,island
island/island_076.jpg,20,island
island/island_079.jpg,20,island
island/island_080.jpg,20,island
island/island_081.jpg,20,island
island/island_082.jpg,20,island
island/island_084.jpg,20,island
island/island_085.jpg,20,island
island/island_086.jpg,20,island
island/island_087.jpg,20,island
island/island_088.jpg,20,island
island/island_089.jpg,20,island
island/island_090.jpg,20,island
island/island_091.jpg,20,island
island/island_093.jpg,20,island
island/island_094.jpg,20,island
island/island_095.jpg,20,island
island/island_096.jpg,20,island
island/island_098.jpg,20,island
island/island_100.jpg,20,island
island/island_101.jpg,20,island
island/island_103.jpg,20,island
island/island_104.jpg,20,island
island/island_109.jpg,20,island
island/island_110.jpg,20,island
island/island_112.jpg,20,island
island/island_113.jpg,20,island
island/island_114.jpg,20,island
island/island_116.jpg,20,island
island/island_117.jpg,20,island
island/island_118.jpg,20,island
island/island_119.jpg,20,island
island/island_121.jpg,20,island
island/island_126.jpg,20,island
island/island_127.jpg,20,island
island/island_128.jpg,20,island
island/island_129.jpg,20,island
island/island_130.jpg,20,island
island/island_132.jpg,20,island
island/island_133.jpg,20,island
island/island_135.jpg,20,island
island/island_136.jpg,20,island
island/island_137.jpg,20,island
island/island_138.jpg,20,island
island/island_139.jpg,20,island
island/island_140.jpg,20,island
island/island_141.jpg,20,island
island/island_142.jpg,20,island
island/island_143.jpg,20,island
island/island_144.jpg,20,island
island/island_145.jpg,20,island
island/island_147.jpg,20,island
island/island_149.jpg,20,island
island/island_150.jpg,20,island
island/island_151.jpg,20,island
island/island_152.jpg,20,island
island/island_153.jpg,20,island
island/island_156.jpg,20,island
island/island_158.jpg,20,island
island/island_160.jpg,20,island
island/island_162.jpg,20,island
island/island_163.jpg,20,island
island/island_165.jpg,20,island
island/island_166.jpg,20,island
island/island_167.jpg,20,island
island/island_170.jpg,20,island
island/island_171.jpg,20,island
island/island_172.jpg,20,island
island/island_173.jpg,20,island
island/island_174.jpg,20,island
island/island_176.jpg,20,island
island/island_177.jpg,20,island
island/island_178.jpg,20,island
island/island_179.jpg,20,island
island/island_181.jpg,20,island
island/island_182.jpg,20,island
island/island_183.jpg,20,island
island/island_184.jpg,20,island
island/island_185.jpg,20,island
island/island_186.jpg,20,island
island/island_187.jpg,20,island
island/island_188.jpg,20,island
island/island_189.jpg,20,island
island/island_190.jpg,20,island
island/island_191.jpg,20,island
island/island_192.jpg,20,island
island/island_195.jpg,20,island
island/island_196.jpg,20,island
island/island_197.jpg,20,island
island/island_198.jpg,20,island
island/island_199.jpg,20,island
island/island_200.jpg,20,island
island/island_201.jpg,20,island
island/island_203.jpg,20,island
island/island_204.jpg,20,island
island/island_205.jpg,20,island
island/island_206.jpg,20,island
island/island_207.jpg,20,island
island/island_208.jpg,20,island
island/island_209.jpg,20,island
island/island_210.jpg,20,island
island/island_211.jpg,20,island
island/island_212.jpg,20,island
island/island_213.jpg,20,island
island/island_214.jpg,20,island
island/island_215.jpg,20,island
island/island_216.jpg,20,island
island/island_218.jpg,20,island
island/island_219.jpg,20,island
island/island_221.jpg,20,island
island/island_223.jpg,20,island
island/island_224.jpg,20,island
island/island_225.jpg,20,island
island/island_226.jpg,20,island
island/island_228.jpg,20,island
island/island_229.jpg,20,island
island/island_230.jpg,20,island
island/island_231.jpg,20,island
island/island_232.jpg,20,island
island/island_234.jpg,20,island
island/island_235.jpg,20,island
island/island_237.jpg,20,island
island/island_238.jpg,20,island
island/island_239.jpg,20,island
island/island_241.jpg,20,island
island/island_242.jpg,20,island
island/island_243.jpg,20,island
island/island_244.jpg,20,island
island/island_246.jpg,20,island
island/island_248.jpg,20,island
island/island_249.jpg,20,island
island/island_250.jpg,20,island
island/island_252.jpg,20,island
island/island_253.jpg,20,island
island/island_254.jpg,20,island
island/island_256.jpg,20,island
island/island_257.jpg,20,island
island/island_258.jpg,20,island
island/island_259.jpg,20,island
island/island_260.jpg,20,island
island/island_261.jpg,20,island
island/island_264.jpg,20,island
island/island_266.jpg,20,island
island/island_268.jpg,20,island
island/island_269.jpg,20,island
island/island_272.jpg,20,island
island/island_273.jpg,20,island
island/island_274.jpg,20,island
island/island_275.jpg,20,island
island/island_277.jpg,20,island
island/island_279.jpg,20,island
island/island_280.jpg,20,island
island/island_282.jpg,20,island
island/island_283.jpg,20,island
island/island_284.jpg,20,island
island/island_285.jpg,20,island
island/island_288.jpg,20,island
island/island_289.jpg,20,island
island/island_290.jpg,20,island
island/island_292.jpg,20,island
island/island_295.jpg,20,island
island/island_296.jpg,20,island
island/island_298.jpg,20,island
island/island_301.jpg,20,island
island/island_302.jpg,20,island
island/island_304.jpg,20,island
island/island_306.jpg,20,island
island/island_308.jpg,20,island
island/island_309.jpg,20,island
island/island_311.jpg,20,island
island/island_313.jpg,20,island
island/island_315.jpg,20,island
island/island_316.jpg,20,island
island/island_318.jpg,20,island
island/island_319.jpg,20,island
island/island_320.jpg,20,island
island/island_322.jpg,20,island
island/island_323.jpg,20,island
island/island_324.jpg,20,island
island/island_325.jpg,20,island
island/island_327.jpg,20,island
island/island_329.jpg,20,island
island/island_330.jpg,20,island
island/island_331.jpg,20,island
island/island_332.jpg,20,island
island/island_334.jpg,20,island
island/island_335.jpg,20,island
island/island_339.jpg,20,island
island/island_340.jpg,20,island
island/island_341.jpg,20,island
island/island_342.jpg,20,island
island/island_345.jpg,20,island
island/island_347.jpg,20,island
island/island_349.jpg,20,island
island/island_350.jpg,20,island
island/island_352.jpg,20,island
island/island_353.jpg,20,island
island/island_360.jpg,20,island
island/island_361.jpg,20,island
island/island_363.jpg,20,island
island/island_364.jpg,20,island
island/island_365.jpg,20,island
island/island_366.jpg,20,island
island/island_367.jpg,20,island
island/island_368.jpg,20,island
island/island_370.jpg,20,island
island/island_371.jpg,20,island
island/island_372.jpg,20,island
island/island_373.jpg,20,island
island/island_374.jpg,20,island
island/island_375.jpg,20,island
island/island_376.jpg,20,island
island/island_378.jpg,20,island
island/island_380.jpg,20,island
island/island_381.jpg,20,island
island/island_382.jpg,20,island
island/island_384.jpg,20,island
island/island_385.jpg,20,island
island/island_389.jpg,20,island
island/island_390.jpg,20,island
island/island_392.jpg,20,island
island/island_393.jpg,20,island
island/island_395.jpg,20,island
island/island_397.jpg,20,island
island/island_398.jpg,20,island
island/island_399.jpg,20,island
island/island_402.jpg,20,island
island/island_403.jpg,20,island
island/island_404.jpg,20,island
island/island_407.jpg,20,island
island/island_410.jpg,20,island
island/island_411.jpg,20,island
island/island_412.jpg,20,island
island/island_413.jpg,20,island
island/island_417.jpg,20,island
island/island_418.jpg,20,island
island/island_419.jpg,20,island
island/island_420.jpg,20,island
island/island_421.jpg,20,island
island/island_423.jpg,20,island
island/island_424.jpg,20,island
island/island_425.jpg,20,island
island/island_426.jpg,20,island
island/island_427.jpg,20,island
island/island_429.jpg,20,island
island/island_430.jpg,20,island
island/island_431.jpg,20,island
island/island_432.jpg,20,island
island/island_433.jpg,20,island
island/island_434.jpg,20,island
island/island_435.jpg,20,island
island/island_436.jpg,20,island
island/island_437.jpg,20,island
island/island_438.jpg,20,island
island/island_439.jpg,20,island
island/island_443.jpg,20,island
island/island_445.jpg,20,island
island/island_447.jpg,20,island
island/island_448.jpg,20,island
island/island_449.jpg,20,island
island/island_451.jpg,20,island
island/island_452.jpg,20,island
island/island_453.jpg,20,island
island/island_455.jpg,20,island
island/island_456.jpg,20,island
island/island_457.jpg,20,island
island/island_458.jpg,20,island
island/island_459.jpg,20,island
island/island_460.jpg,20,island
island/island_461.jpg,20,island
island/island_464.jpg,20,island
island/island_465.jpg,20,island
island/island_466.jpg,20,island
island/island_467.jpg,20,island
island/island_469.jpg,20,island
island/island_470.jpg,20,island
island/island_472.jpg,20,island
island/island_473.jpg,20,island
island/island_476.jpg,20,island
island/island_477.jpg,20,island
island/island_479.jpg,20,island
island/island_480.jpg,20,island
island/island_481.jpg,20,island
island/island_482.jpg,20,island
island/island_483.jpg,20,island
island/island_484.jpg,20,island
island/island_485.jpg,20,island
island/island_486.jpg,20,island
island/island_487.jpg,20,island
island/island_489.jpg,20,island
island/island_490.jpg,20,island
island/island_491.jpg,20,island
island/island_493.jpg,20,island
island/island_494.jpg,20,island
island/island_495.jpg,20,island
island/island_496.jpg,20,island
island/island_499.jpg,20,island
island/island_500.jpg,20,island
island/island_501.jpg,20,island
island/island_503.jpg,20,island
island/island_504.jpg,20,island
island/island_505.jpg,20,island
island/island_506.jpg,20,island
island/island_507.jpg,20,island
island/island_509.jpg,20,island
island/island_510.jpg,20,island
island/island_512.jpg,20,island
island/island_514.jpg,20,island
island/island_515.jpg,20,island
island/island_516.jpg,20,island
island/island_517.jpg,20,island
island/island_518.jpg,20,island
island/island_519.jpg,20,island
island/island_520.jpg,20,island
island/island_522.jpg,20,island
island/island_523.jpg,20,island
island/island_524.jpg,20,island
island/island_526.jpg,20,island
island/island_527.jpg,20,island
island/island_528.jpg,20,island
island/island_529.jpg,20,island
island/island_530.jpg,20,island
island/island_531.jpg,20,island
island/island_532.jpg,20,island
island/island_533.jpg,20,island
island/island_534.jpg,20,island
island/island_536.jpg,20,island
island/island_537.jpg,20,island
island/island_539.jpg,20,island
island/island_540.jpg,20,island
island/island_542.jpg,20,island
island/island_543.jpg,20,island
island/island_544.jpg,20,island
island/island_545.jpg,20,island
island/island_546.jpg,20,island
island/island_547.jpg,20,island
island/island_549.jpg,20,island
island/island_550.jpg,20,island
island/island_554.jpg,20,island
island/island_555.jpg,20,island
island/island_556.jpg,20,island
island/island_557.jpg,20,island
island/island_562.jpg,20,island
island/island_563.jpg,20,island
island/island_564.jpg,20,island
island/island_567.jpg,20,island
island/island_568.jpg,20,island
island/island_569.jpg,20,island
island/island_571.jpg,20,island
island/island_573.jpg,20,island
island/island_574.jpg,20,island
island/island_575.jpg,20,island
island/island_576.jpg,20,island
island/island_578.jpg,20,island
island/island_579.jpg,20,island
island/island_580.jpg,20,island
island/island_581.jpg,20,island
island/island_582.jpg,20,island
island/island_583.jpg,20,island
island/island_585.jpg,20,island
island/island_587.jpg,20,island
island/island_588.jpg,20,island
island/island_592.jpg,20,island
island/island_594.jpg,20,island
island/island_595.jpg,20,island
island/island_596.jpg,20,island
island/island_600.jpg,20,island
island/island_601.jpg,20,island
island/island_602.jpg,20,island
island/island_604.jpg,20,island
island/island_605.jpg,20,island
island/island_607.jpg,20,island
island/island_608.jpg,20,island
island/island_609.jpg,20,island
island/island_611.jpg,20,island
island/island_612.jpg,20,island
island/island_614.jpg,20,island
island/island_615.jpg,20,island
island/island_616.jpg,20,island
island/island_617.jpg,20,island
island/island_619.jpg,20,island
island/island_620.jpg,20,island
island/island_622.jpg,20,island
island/island_625.jpg,20,island
island/island_627.jpg,20,island
island/island_628.jpg,20,island
island/island_630.jpg,20,island
island/island_631.jpg,20,island
island/island_633.jpg,20,island
island/island_634.jpg,20,island
island/island_635.jpg,20,island
island/island_638.jpg,20,island
island/island_639.jpg,20,island
island/island_640.jpg,20,island
island/island_641.jpg,20,island
island/island_642.jpg,20,island
island/island_643.jpg,20,island
island/island_644.jpg,20,island
island/island_645.jpg,20,island
island/island_646.jpg,20,island
island/island_647.jpg,20,island
island/island_649.jpg,20,island
island/island_650.jpg,20,island
island/island_652.jpg,20,island
island/island_653.jpg,20,island
island/island_654.jpg,20,island
island/island_655.jpg,20,island
island/island_656.jpg,20,island
island/island_657.jpg,20,island
island/island_660.jpg,20,island
island/island_663.jpg,20,island
island/island_664.jpg,20,island
island/island_665.jpg,20,island
island/island_666.jpg,20,island
island/island_667.jpg,20,island
island/island_668.jpg,20,island
island/island_671.jpg,20,island
island/island_672.jpg,20,island
island/island_673.jpg,20,island
island/island_674.jpg,20,island
island/island_675.jpg,20,island
island/island_676.jpg,20,island
island/island_677.jpg,20,island
island/island_679.jpg,20,island
island/island_680.jpg,20,island
island/island_681.jpg,20,island
island/island_682.jpg,20,island
island/island_683.jpg,20,island
island/island_684.jpg,20,island
island/island_685.jpg,20,island
island/island_686.jpg,20,island
island/island_689.jpg,20,island
island/island_691.jpg,20,island
island/island_693.jpg,20,island
island/island_694.jpg,20,island
island/island_696.jpg,20,island
island/island_697.jpg,20,island
island/island_699.jpg,20,island
lake/lake_001.jpg,21,lake
lake/lake_002.jpg,21,lake
lake/lake_003.jpg,21,lake
lake/lake_004.jpg,21,lake
lake/lake_005.jpg,21,lake
lake/lake_006.jpg,21,lake
lake/lake_007.jpg,21,lake
lake/lake_008.jpg,21,lake
lake/lake_011.jpg,21,lake
lake/lake_012.jpg,21,lake
lake/lake_014.jpg,21,lake
lake/lake_015.jpg,21,lake
lake/lake_016.jpg,21,lake
lake/lake_020.jpg,21,lake
lake/lake_022.jpg,21,lake
lake/lake_023.jpg,21,lake
lake/lake_024.jpg,21,lake
lake/lake_025.jpg,21,lake
lake/lake_026.jpg,21,lake
lake/lake_027.jpg,21,lake
lake/lake_028.jpg,21,lake
lake/lake_029.jpg,21,lake
lake/lake_030.jpg,21,lake
lake/lake_031.jpg,21,lake
lake/lake_032.jpg,21,lake
lake/lake_034.jpg,21,lake
lake/lake_035.jpg,21,lake
lake/lake_037.jpg,21,lake
lake/lake_038.jpg,21,lake
lake/lake_039.jpg,21,lake
lake/lake_040.jpg,21,lake
lake/lake_041.jpg,21,lake
lake/lake_043.jpg,21,lake
lake/lake_045.jpg,21,lake
lake/lake_047.jpg,21,lake
lake/lake_048.jpg,21,lake
lake/lake_049.jpg,21,lake
lake/lake_050.jpg,21,lake
lake/lake_052.jpg,21,lake
lake/lake_053.jpg,21,lake
lake/lake_054.jpg,21,lake
lake/lake_055.jpg,21,lake
lake/lake_056.jpg,21,lake
lake/lake_057.jpg,21,lake
lake/lake_060.jpg,21,lake
lake/lake_061.jpg,21,lake
lake/lake_062.jpg,21,lake
lake/lake_063.jpg,21,lake
lake/lake_065.jpg,21,lake
lake/lake_067.jpg,21,lake
lake/lake_068.jpg,21,lake
lake/lake_069.jpg,21,lake
lake/lake_071.jpg,21,lake
lake/lake_072.jpg,21,lake
lake/lake_075.jpg,21,lake
lake/lake_076.jpg,21,lake
lake/lake_077.jpg,21,lake
lake/lake_085.jpg,21,lake
lake/lake_086.jpg,21,lake
lake/lake_087.jpg,21,lake
lake/lake_088.jpg,21,lake
lake/lake_089.jpg,21,lake
lake/lake_090.jpg,21,lake
lake/lake_091.jpg,21,lake
lake/lake_092.jpg,21,lake
lake/lake_093.jpg,21,lake
lake/lake_094.jpg,21,lake
lake/lake_096.jpg,21,lake
lake/lake_097.jpg,21,lake
lake/lake_099.jpg,21,lake
lake/lake_100.jpg,21,lake
lake/lake_101.jpg,21,lake
lake/lake_102.jpg,21,lake
lake/lake_103.jpg,21,lake
lake/lake_105.jpg,21,lake
lake/lake_107.jpg,21,lake
lake/lake_108.jpg,21,lake
lake/lake_109.jpg,21,lake
lake/lake_110.jpg,21,lake
lake/lake_111.jpg,21,lake
lake/lake_112.jpg,21,lake
lake/lake_114.jpg,21,lake
lake/lake_115.jpg,21,lake
lake/lake_116.jpg,21,lake
lake/lake_118.jpg,21,lake
lake/lake_119.jpg,21,lake
lake/lake_121.jpg,21,lake
lake/lake_123.jpg,21,lake
lake/lake_124.jpg,21,lake
lake/lake_125.jpg,21,lake
lake/lake_126.jpg,21,lake
lake/lake_128.jpg,21,lake
lake/lake_130.jpg,21,lake
lake/lake_131.jpg,21,lake
lake/lake_132.jpg,21,lake
lake/lake_133.jpg,21,lake
lake/lake_134.jpg,21,lake
lake/lake_136.jpg,21,lake
lake/lake_137.jpg,21,lake
lake/lake_139.jpg,21,lake
lake/lake_140.jpg,21,lake
lake/lake_142.jpg,21,lake
lake/lake_145.jpg,21,lake
lake/lake_146.jpg,21,lake
lake/lake_147.jpg,21,lake
lake/lake_150.jpg,21,lake
lake/lake_151.jpg,21,lake
lake/lake_152.jpg,21,lake
lake/lake_153.jpg,21,lake
lake/lake_155.jpg,21,lake
lake/lake_156.jpg,21,lake
lake/lake_159.jpg,21,lake
lake/lake_161.jpg,21,lake
lake/lake_162.jpg,21,lake
lake/lake_163.jpg,21,lake
lake/lake_164.jpg,21,lake
lake/lake_165.jpg,21,lake
lake/lake_166.jpg,21,lake
lake/lake_167.jpg,21,lake
lake/lake_168.jpg,21,lake
lake/lake_170.jpg,21,lake
lake/lake_171.jpg,21,lake
lake/lake_173.jpg,21,lake
lake/lake_174.jpg,21,lake
lake/lake_175.jpg,21,lake
lake/lake_176.jpg,21,lake
lake/lake_177.jpg,21,lake
lake/lake_178.jpg,21,lake
lake/lake_179.jpg,21,lake
lake/lake_180.jpg,21,lake
lake/lake_181.jpg,21,lake
lake/lake_183.jpg,21,lake
lake/lake_184.jpg,21,lake
lake/lake_185.jpg,21,lake
lake/lake_186.jpg,21,lake
lake/lake_187.jpg,21,lake
lake/lake_188.jpg,21,lake
lake/lake_190.jpg,21,lake
lake/lake_191.jpg,21,lake
lake/lake_195.jpg,21,lake
lake/lake_196.jpg,21,lake
lake/lake_197.jpg,21,lake
lake/lake_199.jpg,21,lake
lake/lake_200.jpg,21,lake
lake/lake_201.jpg,21,lake
lake/lake_205.jpg,21,lake
lake/lake_206.jpg,21,lake
lake/lake_207.jpg,21,lake
lake/lake_209.jpg,21,lake
lake/lake_211.jpg,21,lake
lake/lake_212.jpg,21,lake
lake/lake_215.jpg,21,lake
lake/lake_217.jpg,21,lake
lake/lake_218.jpg,21,lake
lake/lake_219.jpg,21,lake
lake/lake_220.jpg,21,lake
lake/lake_221.jpg,21,lake
lake/lake_224.jpg,21,lake
lake/lake_226.jpg,21,lake
lake/lake_227.jpg,21,lake
lake/lake_228.jpg,21,lake
lake/lake_229.jpg,21,lake
lake/lake_230.jpg,21,lake
lake/lake_231.jpg,21,lake
lake/lake_232.jpg,21,lake
lake/lake_233.jpg,21,lake
lake/lake_234.jpg,21,lake
lake/lake_235.jpg,21,lake
lake/lake_237.jpg,21,lake
lake/lake_238.jpg,21,lake
lake/lake_239.jpg,21,lake
lake/lake_242.jpg,21,lake
lake/lake_245.jpg,21,lake
lake/lake_248.jpg,21,lake
lake/lake_249.jpg,21,lake
lake/lake_250.jpg,21,lake
lake/lake_251.jpg,21,lake
lake/lake_252.jpg,21,lake
lake/lake_253.jpg,21,lake
lake/lake_254.jpg,21,lake
lake/lake_255.jpg,21,lake
lake/lake_256.jpg,21,lake
lake/lake_257.jpg,21,lake
lake/lake_258.jpg,21,lake
lake/lake_259.jpg,21,lake
lake/lake_260.jpg,21,lake
lake/lake_262.jpg,21,lake
lake/lake_264.jpg,21,lake
lake/lake_266.jpg,21,lake
lake/lake_267.jpg,21,lake
lake/lake_268.jpg,21,lake
lake/lake_269.jpg,21,lake
lake/lake_270.jpg,21,lake
lake/lake_271.jpg,21,lake
lake/lake_274.jpg,21,lake
lake/lake_277.jpg,21,lake
lake/lake_279.jpg,21,lake
lake/lake_280.jpg,21,lake
lake/lake_282.jpg,21,lake
lake/lake_283.jpg,21,lake
lake/lake_284.jpg,21,lake
lake/lake_285.jpg,21,lake
lake/lake_286.jpg,21,lake
lake/lake_288.jpg,21,lake
lake/lake_291.jpg,21,lake
lake/lake_292.jpg,21,lake
lake/lake_293.jpg,21,lake
lake/lake_295.jpg,21,lake
lake/lake_296.jpg,21,lake
lake/lake_298.jpg,21,lake
lake/lake_299.jpg,21,lake
lake/lake_302.jpg,21,lake
lake/lake_304.jpg,21,lake
lake/lake_305.jpg,21,lake
lake/lake_309.jpg,21,lake
lake/lake_310.jpg,21,lake
lake/lake_311.jpg,21,lake
lake/lake_313.jpg,21,lake
lake/lake_314.jpg,21,lake
lake/lake_315.jpg,21,lake
lake/lake_317.jpg,21,lake
lake/lake_319.jpg,21,lake
lake/lake_320.jpg,21,lake
lake/lake_321.jpg,21,lake
lake/lake_322.jpg,21,lake
lake/lake_323.jpg,21,lake
lake/lake_325.jpg,21,lake
lake/lake_326.jpg,21,lake
lake/lake_327.jpg,21,lake
lake/lake_328.jpg,21,lake
lake/lake_330.jpg,21,lake
lake/lake_331.jpg,21,lake
lake/lake_332.jpg,21,lake
lake/lake_333.jpg,21,lake
lake/lake_334.jpg,21,lake
lake/lake_335.jpg,21,lake
lake/lake_337.jpg,21,lake
lake/lake_338.jpg,21,lake
lake/lake_341.jpg,21,lake
lake/lake_342.jpg,21,lake
lake/lake_343.jpg,21,lake
lake/lake_345.jpg,21,lake
lake/lake_346.jpg,21,lake
lake/lake_347.jpg,21,lake
lake/lake_348.jpg,21,lake
lake/lake_349.jpg,21,lake
lake/lake_351.jpg,21,lake
lake/lake_352.jpg,21,lake
lake/lake_353.jpg,21,lake
lake/lake_354.jpg,21,lake
lake/lake_355.jpg,21,lake
lake/lake_356.jpg,21,lake
lake/lake_357.jpg,21,lake
lake/lake_358.jpg,21,lake
lake/lake_362.jpg,21,lake
lake/lake_363.jpg,21,lake
lake/lake_364.jpg,21,lake
lake/lake_365.jpg,21,lake
lake/lake_366.jpg,21,lake
lake/lake_367.jpg,21,lake
lake/lake_369.jpg,21,lake
lake/lake_371.jpg,21,lake
lake/lake_372.jpg,21,lake
lake/lake_373.jpg,21,lake
lake/lake_375.jpg,21,lake
lake/lake_376.jpg,21,lake
lake/lake_378.jpg,21,lake
lake/lake_379.jpg,21,lake
lake/lake_381.jpg,21,lake
lake/lake_382.jpg,21,lake
lake/lake_383.jpg,21,lake
lake/lake_384.jpg,21,lake
lake/lake_385.jpg,21,lake
lake/lake_387.jpg,21,lake
lake/lake_388.jpg,21,lake
lake/lake_390.jpg,21,lake
lake/lake_391.jpg,21,lake
lake/lake_392.jpg,21,lake
lake/lake_393.jpg,21,lake
lake/lake_394.jpg,21,lake
lake/lake_395.jpg,21,lake
lake/lake_396.jpg,21,lake
lake/lake_397.jpg,21,lake
lake/lake_400.jpg,21,lake
lake/lake_401.jpg,21,lake
lake/lake_403.jpg,21,lake
lake/lake_404.jpg,21,lake
lake/lake_408.jpg,21,lake
lake/lake_410.jpg,21,lake
lake/lake_411.jpg,21,lake
lake/lake_412.jpg,21,lake
lake/lake_414.jpg,21,lake
lake/lake_415.jpg,21,lake
lake/lake_416.jpg,21,lake
lake/lake_417.jpg,21,lake
lake/lake_418.jpg,21,lake
lake/lake_419.jpg,21,lake
lake/lake_420.jpg,21,lake
lake/lake_421.jpg,21,lake
lake/lake_423.jpg,21,lake
lake/lake_424.jpg,21,lake
lake/lake_425.jpg,21,lake
lake/lake_427.jpg,21,lake
lake/lake_428.jpg,21,lake
lake/lake_431.jpg,21,lake
lake/lake_433.jpg,21,lake
lake/lake_434.jpg,21,lake
lake/lake_438.jpg,21,lake
lake/lake_440.jpg,21,lake
lake/lake_442.jpg,21,lake
lake/lake_443.jpg,21,lake
lake/lake_447.jpg,21,lake
lake/lake_448.jpg,21,lake
lake/lake_450.jpg,21,lake
lake/lake_451.jpg,21,lake
lake/lake_453.jpg,21,lake
lake/lake_454.jpg,21,lake
lake/lake_455.jpg,21,lake
lake/lake_456.jpg,21,lake
lake/lake_457.jpg,21,lake
lake/lake_460.jpg,21,lake
lake/lake_461.jpg,21,lake
lake/lake_462.jpg,21,lake
lake/lake_463.jpg,21,lake
lake/lake_465.jpg,21,lake
lake/lake_466.jpg,21,lake
lake/lake_467.jpg,21,lake
lake/lake_468.jpg,21,lake
lake/lake_469.jpg,21,lake
lake/lake_471.jpg,21,lake
lake/lake_473.jpg,21,lake
lake/lake_474.jpg,21,lake
lake/lake_475.jpg,21,lake
lake/lake_477.jpg,21,lake
lake/lake_478.jpg,21,lake
lake/lake_479.jpg,21,lake
lake/lake_480.jpg,21,lake
lake/lake_481.jpg,21,lake
lake/lake_482.jpg,21,lake
lake/lake_484.jpg,21,lake
lake/lake_485.jpg,21,lake
lake/lake_486.jpg,21,lake
lake/lake_487.jpg,21,lake
lake/lake_488.jpg,21,lake
lake/lake_489.jpg,21,lake
lake/lake_490.jpg,21,lake
lake/lake_491.jpg,21,lake
lake/lake_492.jpg,21,lake
lake/lake_494.jpg,21,lake
lake/lake_496.jpg,21,lake
lake/lake_497.jpg,21,lake
lake/lake_501.jpg,21,lake
lake/lake_502.jpg,21,lake
lake/lake_503.jpg,21,lake
lake/lake_504.jpg,21,lake
lake/lake_505.jpg,21,lake
lake/lake_507.jpg,21,lake
lake/lake_508.jpg,21,lake
lake/lake_509.jpg,21,lake
lake/lake_510.jpg,21,lake
lake/lake_512.jpg,21,lake
lake/lake_513.jpg,21,lake
lake/lake_514.jpg,21,lake
lake/lake_517.jpg,21,lake
lake/lake_520.jpg,21,lake
lake/lake_521.jpg,21,lake
lake/lake_525.jpg,21,lake
lake/lake_533.jpg,21,lake
lake/lake_535.jpg,21,lake
lake/lake_536.jpg,21,lake
lake/lake_538.jpg,21,lake
lake/lake_539.jpg,21,lake
lake/lake_540.jpg,21,lake
lake/lake_541.jpg,21,lake
lake/lake_542.jpg,21,lake
lake/lake_544.jpg,21,lake
lake/lake_545.jpg,21,lake
lake/lake_546.jpg,21,lake
lake/lake_547.jpg,21,lake
lake/lake_548.jpg,21,lake
lake/lake_551.jpg,21,lake
lake/lake_555.jpg,21,lake
lake/lake_556.jpg,21,lake
lake/lake_557.jpg,21,lake
lake/lake_558.jpg,21,lake
lake/lake_559.jpg,21,lake
lake/lake_560.jpg,21,lake
lake/lake_561.jpg,21,lake
lake/lake_562.jpg,21,lake
lake/lake_563.jpg,21,lake
lake/lake_566.jpg,21,lake
lake/lake_567.jpg,21,lake
lake/lake_568.jpg,21,lake
lake/lake_569.jpg,21,lake
lake/lake_570.jpg,21,lake
lake/lake_572.jpg,21,lake
lake/lake_574.jpg,21,lake
lake/lake_575.jpg,21,lake
lake/lake_577.jpg,21,lake
lake/lake_578.jpg,21,lake
lake/lake_579.jpg,21,lake
lake/lake_580.jpg,21,lake
lake/lake_581.jpg,21,lake
lake/lake_584.jpg,21,lake
lake/lake_585.jpg,21,lake
lake/lake_586.jpg,21,lake
lake/lake_588.jpg,21,lake
lake/lake_590.jpg,21,lake
lake/lake_591.jpg,21,lake
lake/lake_592.jpg,21,lake
lake/lake_593.jpg,21,lake
lake/lake_594.jpg,21,lake
lake/lake_595.jpg,21,lake
lake/lake_596.jpg,21,lake
lake/lake_598.jpg,21,lake
lake/lake_599.jpg,21,lake
lake/lake_600.jpg,21,lake
lake/lake_601.jpg,21,lake
lake/lake_602.jpg,21,lake
lake/lake_603.jpg,21,lake
lake/lake_604.jpg,21,lake
lake/lake_605.jpg,21,lake
lake/lake_606.jpg,21,lake
lake/lake_607.jpg,21,lake
lake/lake_608.jpg,21,lake
lake/lake_609.jpg,21,lake
lake/lake_610.jpg,21,lake
lake/lake_612.jpg,21,lake
lake/lake_613.jpg,21,lake
lake/lake_614.jpg,21,lake
lake/lake_616.jpg,21,lake
lake/lake_617.jpg,21,lake
lake/lake_619.jpg,21,lake
lake/lake_621.jpg,21,lake
lake/lake_622.jpg,21,lake
lake/lake_624.jpg,21,lake
lake/lake_625.jpg,21,lake
lake/lake_627.jpg,21,lake
lake/lake_628.jpg,21,lake
lake/lake_629.jpg,21,lake
lake/lake_630.jpg,21,lake
lake/lake_631.jpg,21,lake
lake/lake_632.jpg,21,lake
lake/lake_633.jpg,21,lake
lake/lake_637.jpg,21,lake
lake/lake_638.jpg,21,lake
lake/lake_641.jpg,21,lake
lake/lake_643.jpg,21,lake
lake/lake_646.jpg,21,lake
lake/lake_647.jpg,21,lake
lake/lake_648.jpg,21,lake
lake/lake_652.jpg,21,lake
lake/lake_653.jpg,21,lake
lake/lake_654.jpg,21,lake
lake/lake_655.jpg,21,lake
lake/lake_657.jpg,21,lake
lake/lake_658.jpg,21,lake
lake/lake_659.jpg,21,lake
lake/lake_660.jpg,21,lake
lake/lake_661.jpg,21,lake
lake/lake_662.jpg,21,lake
lake/lake_663.jpg,21,lake
lake/lake_664.jpg,21,lake
lake/lake_666.jpg,21,lake
lake/lake_667.jpg,21,lake
lake/lake_668.jpg,21,lake
lake/lake_670.jpg,21,lake
lake/lake_671.jpg,21,lake
lake/lake_674.jpg,21,lake
lake/lake_675.jpg,21,lake
lake/lake_677.jpg,21,lake
lake/lake_678.jpg,21,lake
lake/lake_679.jpg,21,lake
lake/lake_680.jpg,21,lake
lake/lake_681.jpg,21,lake
lake/lake_683.jpg,21,lake
lake/lake_684.jpg,21,lake
lake/lake_685.jpg,21,lake
lake/lake_686.jpg,21,lake
lake/lake_688.jpg,21,lake
lake/lake_689.jpg,21,lake
lake/lake_690.jpg,21,lake
lake/lake_691.jpg,21,lake
lake/lake_692.jpg,21,lake
lake/lake_693.jpg,21,lake
lake/lake_694.jpg,21,lake
lake/lake_695.jpg,21,lake
lake/lake_696.jpg,21,lake
lake/lake_698.jpg,21,lake
lake/lake_700.jpg,21,lake
meadow/meadow_002.jpg,22,meadow
meadow/meadow_003.jpg,22,meadow
meadow/meadow_004.jpg,22,meadow
meadow/meadow_005.jpg,22,meadow
meadow/meadow_006.jpg,22,meadow
meadow/meadow_007.jpg,22,meadow
meadow/meadow_008.jpg,22,meadow
meadow/meadow_010.jpg,22,meadow
meadow/meadow_011.jpg,22,meadow
meadow/meadow_014.jpg,22,meadow
meadow/meadow_015.jpg,22,meadow
meadow/meadow_017.jpg,22,meadow
meadow/meadow_019.jpg,22,meadow
meadow/meadow_020.jpg,22,meadow
meadow/meadow_021.jpg,22,meadow
meadow/meadow_022.jpg,22,meadow
meadow/meadow_024.jpg,22,meadow
meadow/meadow_025.jpg,22,meadow
meadow/meadow_027.jpg,22,meadow
meadow/meadow_028.jpg,22,meadow
meadow/meadow_029.jpg,22,meadow
meadow/meadow_033.jpg,22,meadow
meadow/meadow_037.jpg,22,meadow
meadow/meadow_041.jpg,22,meadow
meadow/meadow_042.jpg,22,meadow
meadow/meadow_047.jpg,22,meadow
meadow/meadow_048.jpg,22,meadow
meadow/meadow_051.jpg,22,meadow
meadow/meadow_052.jpg,22,meadow
meadow/meadow_054.jpg,22,meadow
meadow/meadow_055.jpg,22,meadow
meadow/meadow_056.jpg,22,meadow
meadow/meadow_057.jpg,22,meadow
meadow/meadow_060.jpg,22,meadow
meadow/meadow_061.jpg,22,meadow
meadow/meadow_062.jpg,22,meadow
meadow/meadow_063.jpg,22,meadow
meadow/meadow_064.jpg,22,meadow
meadow/meadow_068.jpg,22,meadow
meadow/meadow_069.jpg,22,meadow
meadow/meadow_070.jpg,22,meadow
meadow/meadow_071.jpg,22,meadow
meadow/meadow_072.jpg,22,meadow
meadow/meadow_073.jpg,22,meadow
meadow/meadow_074.jpg,22,meadow
meadow/meadow_076.jpg,22,meadow
meadow/meadow_080.jpg,22,meadow
meadow/meadow_083.jpg,22,meadow
meadow/meadow_084.jpg,22,meadow
meadow/meadow_085.jpg,22,meadow
meadow/meadow_086.jpg,22,meadow
meadow/meadow_087.jpg,22,meadow
meadow/meadow_088.jpg,22,meadow
meadow/meadow_089.jpg,22,meadow
meadow/meadow_090.jpg,22,meadow
meadow/meadow_092.jpg,22,meadow
meadow/meadow_093.jpg,22,meadow
meadow/meadow_094.jpg,22,meadow
meadow/meadow_097.jpg,22,meadow
meadow/meadow_098.jpg,22,meadow
meadow/meadow_099.jpg,22,meadow
meadow/meadow_100.jpg,22,meadow
meadow/meadow_101.jpg,22,meadow
meadow/meadow_102.jpg,22,meadow
meadow/meadow_105.jpg,22,meadow
meadow/meadow_107.jpg,22,meadow
meadow/meadow_108.jpg,22,meadow
meadow/meadow_110.jpg,22,meadow
meadow/meadow_111.jpg,22,meadow
meadow/meadow_115.jpg,22,meadow
meadow/meadow_116.jpg,22,meadow
meadow/meadow_118.jpg,22,meadow
meadow/meadow_119.jpg,22,meadow
meadow/meadow_123.jpg,22,meadow
meadow/meadow_124.jpg,22,meadow
meadow/meadow_125.jpg,22,meadow
meadow/meadow_126.jpg,22,meadow
meadow/meadow_127.jpg,22,meadow
meadow/meadow_128.jpg,22,meadow
meadow/meadow_129.jpg,22,meadow
meadow/meadow_130.jpg,22,meadow
meadow/meadow_134.jpg,22,meadow
meadow/meadow_135.jpg,22,meadow
meadow/meadow_136.jpg,22,meadow
meadow/meadow_138.jpg,22,meadow
meadow/meadow_139.jpg,22,meadow
meadow/meadow_140.jpg,22,meadow
meadow/meadow_141.jpg,22,meadow
meadow/meadow_143.jpg,22,meadow
meadow/meadow_146.jpg,22,meadow
meadow/meadow_147.jpg,22,meadow
meadow/meadow_151.jpg,22,meadow
meadow/meadow_152.jpg,22,meadow
meadow/meadow_153.jpg,22,meadow
meadow/meadow_156.jpg,22,meadow
meadow/meadow_157.jpg,22,meadow
meadow/meadow_159.jpg,22,meadow
meadow/meadow_160.jpg,22,meadow
meadow/meadow_162.jpg,22,meadow
meadow/meadow_163.jpg,22,meadow
meadow/meadow_164.jpg,22,meadow
meadow/meadow_165.jpg,22,meadow
meadow/meadow_166.jpg,22,meadow
meadow/meadow_167.jpg,22,meadow
meadow/meadow_168.jpg,22,meadow
meadow/meadow_170.jpg,22,meadow
meadow/meadow_171.jpg,22,meadow
meadow/meadow_172.jpg,22,meadow
meadow/meadow_173.jpg,22,meadow
meadow/meadow_174.jpg,22,meadow
meadow/meadow_175.jpg,22,meadow
meadow/meadow_176.jpg,22,meadow
meadow/meadow_178.jpg,22,meadow
meadow/meadow_179.jpg,22,meadow
meadow/meadow_180.jpg,22,meadow
meadow/meadow_181.jpg,22,meadow
meadow/meadow_182.jpg,22,meadow
meadow/meadow_183.jpg,22,meadow
meadow/meadow_184.jpg,22,meadow
meadow/meadow_185.jpg,22,meadow
meadow/meadow_186.jpg,22,meadow
meadow/meadow_187.jpg,22,meadow
meadow/meadow_188.jpg,22,meadow
meadow/meadow_189.jpg,22,meadow
meadow/meadow_190.jpg,22,meadow
meadow/meadow_193.jpg,22,meadow
meadow/meadow_194.jpg,22,meadow
meadow/meadow_196.jpg,22,meadow
meadow/meadow_197.jpg,22,meadow
meadow/meadow_199.jpg,22,meadow
meadow/meadow_200.jpg,22,meadow
meadow/meadow_201.jpg,22,meadow
meadow/meadow_202.jpg,22,meadow
meadow/meadow_203.jpg,22,meadow
meadow/meadow_204.jpg,22,meadow
meadow/meadow_205.jpg,22,meadow
meadow/meadow_206.jpg,22,meadow
meadow/meadow_208.jpg,22,meadow
meadow/meadow_209.jpg,22,meadow
meadow/meadow_210.jpg,22,meadow
meadow/meadow_218.jpg,22,meadow
meadow/meadow_219.jpg,22,meadow
meadow/meadow_220.jpg,22,meadow
meadow/meadow_221.jpg,22,meadow
meadow/meadow_222.jpg,22,meadow
meadow/meadow_223.jpg,22,meadow
meadow/meadow_224.jpg,22,meadow
meadow/meadow_225.jpg,22,meadow
meadow/meadow_226.jpg,22,meadow
meadow/meadow_227.jpg,22,meadow
meadow/meadow_229.jpg,22,meadow
meadow/meadow_230.jpg,22,meadow
meadow/meadow_231.jpg,22,meadow
meadow/meadow_236.jpg,22,meadow
meadow/meadow_237.jpg,22,meadow
meadow/meadow_238.jpg,22,meadow
meadow/meadow_240.jpg,22,meadow
meadow/meadow_246.jpg,22,meadow
meadow/meadow_248.jpg,22,meadow
meadow/meadow_249.jpg,22,meadow
meadow/meadow_250.jpg,22,meadow
meadow/meadow_251.jpg,22,meadow
meadow/meadow_252.jpg,22,meadow
meadow/meadow_254.jpg,22,meadow
meadow/meadow_255.jpg,22,meadow
meadow/meadow_256.jpg,22,meadow
meadow/meadow_257.jpg,22,meadow
meadow/meadow_258.jpg,22,meadow
meadow/meadow_259.jpg,22,meadow
meadow/meadow_260.jpg,22,meadow
meadow/meadow_261.jpg,22,meadow
meadow/meadow_263.jpg,22,meadow
meadow/meadow_264.jpg,22,meadow
meadow/meadow_265.jpg,22,meadow
meadow/meadow_266.jpg,22,meadow
meadow/meadow_268.jpg,22,meadow
meadow/meadow_269.jpg,22,meadow
meadow/meadow_270.jpg,22,meadow
meadow/meadow_271.jpg,22,meadow
meadow/meadow_272.jpg,22,meadow
meadow/meadow_274.jpg,22,meadow
meadow/meadow_277.jpg,22,meadow
meadow/meadow_278.jpg,22,meadow
meadow/meadow_279.jpg,22,meadow
meadow/meadow_280.jpg,22,meadow
meadow/meadow_281.jpg,22,meadow
meadow/meadow_282.jpg,22,meadow
meadow/meadow_284.jpg,22,meadow
meadow/meadow_286.jpg,22,meadow
meadow/meadow_289.jpg,22,meadow
meadow/meadow_290.jpg,22,meadow
meadow/meadow_292.jpg,22,meadow
meadow/meadow_293.jpg,22,meadow
meadow/meadow_296.jpg,22,meadow
meadow/meadow_297.jpg,22,meadow
meadow/meadow_299.jpg,22,meadow
meadow/meadow_300.jpg,22,meadow
meadow/meadow_303.jpg,22,meadow
meadow/meadow_304.jpg,22,meadow
meadow/meadow_306.jpg,22,meadow
meadow/meadow_312.jpg,22,meadow
meadow/meadow_313.jpg,22,meadow
meadow/meadow_315.jpg,22,meadow
meadow/meadow_316.jpg,22,meadow
meadow/meadow_318.jpg,22,meadow
meadow/meadow_319.jpg,22,meadow
meadow/meadow_321.jpg,22,meadow
meadow/meadow_322.jpg,22,meadow
meadow/meadow_323.jpg,22,meadow
meadow/meadow_324.jpg,22,meadow
meadow/meadow_325.jpg,22,meadow
meadow/meadow_326.jpg,22,meadow
meadow/meadow_327.jpg,22,meadow
meadow/meadow_328.jpg,22,meadow
meadow/meadow_329.jpg,22,meadow
meadow/meadow_330.jpg,22,meadow
meadow/meadow_331.jpg,22,meadow
meadow/meadow_333.jpg,22,meadow
meadow/meadow_335.jpg,22,meadow
meadow/meadow_336.jpg,22,meadow
meadow/meadow_337.jpg,22,meadow
meadow/meadow_338.jpg,22,meadow
meadow/meadow_339.jpg,22,meadow
meadow/meadow_340.jpg,22,meadow
meadow/meadow_341.jpg,22,meadow
meadow/meadow_342.jpg,22,meadow
meadow/meadow_344.jpg,22,meadow
meadow/meadow_345.jpg,22,meadow
meadow/meadow_346.jpg,22,meadow
meadow/meadow_347.jpg,22,meadow
meadow/meadow_348.jpg,22,meadow
meadow/meadow_349.jpg,22,meadow
meadow/meadow_350.jpg,22,meadow
meadow/meadow_352.jpg,22,meadow
meadow/meadow_353.jpg,22,meadow
meadow/meadow_354.jpg,22,meadow
meadow/meadow_355.jpg,22,meadow
meadow/meadow_356.jpg,22,meadow
meadow/meadow_357.jpg,22,meadow
meadow/meadow_358.jpg,22,meadow
meadow/meadow_359.jpg,22,meadow
meadow/meadow_362.jpg,22,meadow
meadow/meadow_363.jpg,22,meadow
meadow/meadow_364.jpg,22,meadow
meadow/meadow_365.jpg,22,meadow
meadow/meadow_366.jpg,22,meadow
meadow/meadow_367.jpg,22,meadow
meadow/meadow_370.jpg,22,meadow
meadow/meadow_371.jpg,22,meadow
meadow/meadow_372.jpg,22,meadow
meadow/meadow_373.jpg,22,meadow
meadow/meadow_374.jpg,22,meadow
meadow/meadow_376.jpg,22,meadow
meadow/meadow_377.jpg,22,meadow
meadow/meadow_378.jpg,22,meadow
meadow/meadow_379.jpg,22,meadow
meadow/meadow_380.jpg,22,meadow
meadow/meadow_382.jpg,22,meadow
meadow/meadow_384.jpg,22,meadow
meadow/meadow_385.jpg,22,meadow
meadow/meadow_386.jpg,22,meadow
meadow/meadow_388.jpg,22,meadow
meadow/meadow_389.jpg,22,meadow
meadow/meadow_390.jpg,22,meadow
meadow/meadow_391.jpg,22,meadow
meadow/meadow_392.jpg,22,meadow
meadow/meadow_393.jpg,22,meadow
meadow/meadow_395.jpg,22,meadow
meadow/meadow_396.jpg,22,meadow
meadow/meadow_397.jpg,22,meadow
meadow/meadow_398.jpg,22,meadow
meadow/meadow_400.jpg,22,meadow
meadow/meadow_401.jpg,22,meadow
meadow/meadow_402.jpg,22,meadow
meadow/meadow_403.jpg,22,meadow
meadow/meadow_404.jpg,22,meadow
meadow/meadow_406.jpg,22,meadow
meadow/meadow_407.jpg,22,meadow
meadow/meadow_408.jpg,22,meadow
meadow/meadow_409.jpg,22,meadow
meadow/meadow_412.jpg,22,meadow
meadow/meadow_414.jpg,22,meadow
meadow/meadow_415.jpg,22,meadow
meadow/meadow_417.jpg,22,meadow
meadow/meadow_418.jpg,22,meadow
meadow/meadow_419.jpg,22,meadow
meadow/meadow_420.jpg,22,meadow
meadow/meadow_421.jpg,22,meadow
meadow/meadow_422.jpg,22,meadow
meadow/meadow_424.jpg,22,meadow
meadow/meadow_425.jpg,22,meadow
meadow/meadow_427.jpg,22,meadow
meadow/meadow_428.jpg,22,meadow
meadow/meadow_429.jpg,22,meadow
meadow/meadow_430.jpg,22,meadow
meadow/meadow_431.jpg,22,meadow
meadow/meadow_433.jpg,22,meadow
meadow/meadow_434.jpg,22,meadow
meadow/meadow_435.jpg,22,meadow
meadow/meadow_436.jpg,22,meadow
meadow/meadow_437.jpg,22,meadow
meadow/meadow_439.jpg,22,meadow
meadow/meadow_440.jpg,22,meadow
meadow/meadow_441.jpg,22,meadow
meadow/meadow_442.jpg,22,meadow
meadow/meadow_443.jpg,22,meadow
meadow/meadow_446.jpg,22,meadow
meadow/meadow_447.jpg,22,meadow
meadow/meadow_448.jpg,22,meadow
meadow/meadow_450.jpg,22,meadow
meadow/meadow_451.jpg,22,meadow
meadow/meadow_452.jpg,22,meadow
meadow/meadow_453.jpg,22,meadow
meadow/meadow_457.jpg,22,meadow
meadow/meadow_459.jpg,22,meadow
meadow/meadow_460.jpg,22,meadow
meadow/meadow_461.jpg,22,meadow
meadow/meadow_463.jpg,22,meadow
meadow/meadow_464.jpg,22,meadow
meadow/meadow_465.jpg,22,meadow
meadow/meadow_466.jpg,22,meadow
meadow/meadow_467.jpg,22,meadow
meadow/meadow_469.jpg,22,meadow
meadow/meadow_470.jpg,22,meadow
meadow/meadow_471.jpg,22,meadow
meadow/meadow_472.jpg,22,meadow
meadow/meadow_474.jpg,22,meadow
meadow/meadow_476.jpg,22,meadow
meadow/meadow_477.jpg,22,meadow
meadow/meadow_478.jpg,22,meadow
meadow/meadow_479.jpg,22,meadow
meadow/meadow_480.jpg,22,meadow
meadow/meadow_481.jpg,22,meadow
meadow/meadow_482.jpg,22,meadow
meadow/meadow_485.jpg,22,meadow
meadow/meadow_486.jpg,22,meadow
meadow/meadow_487.jpg,22,meadow
meadow/meadow_488.jpg,22,meadow
meadow/meadow_489.jpg,22,meadow
meadow/meadow_490.jpg,22,meadow
meadow/meadow_491.jpg,22,meadow
meadow/meadow_494.jpg,22,meadow
meadow/meadow_495.jpg,22,meadow
meadow/meadow_496.jpg,22,meadow
meadow/meadow_497.jpg,22,meadow
meadow/meadow_499.jpg,22,meadow
meadow/meadow_500.jpg,22,meadow
meadow/meadow_501.jpg,22,meadow
meadow/meadow_502.jpg,22,meadow
meadow/meadow_503.jpg,22,meadow
meadow/meadow_504.jpg,22,meadow
meadow/meadow_505.jpg,22,meadow
meadow/meadow_508.jpg,22,meadow
meadow/meadow_509.jpg,22,meadow
meadow/meadow_513.jpg,22,meadow
meadow/meadow_515.jpg,22,meadow
meadow/meadow_516.jpg,22,meadow
meadow/meadow_517.jpg,22,meadow
meadow/meadow_518.jpg,22,meadow
meadow/meadow_521.jpg,22,meadow
meadow/meadow_522.jpg,22,meadow
meadow/meadow_523.jpg,22,meadow
meadow/meadow_524.jpg,22,meadow
meadow/meadow_525.jpg,22,meadow
meadow/meadow_526.jpg,22,meadow
meadow/meadow_527.jpg,22,meadow
meadow/meadow_530.jpg,22,meadow
meadow/meadow_531.jpg,22,meadow
meadow/meadow_532.jpg,22,meadow
meadow/meadow_533.jpg,22,meadow
meadow/meadow_534.jpg,22,meadow
meadow/meadow_535.jpg,22,meadow
meadow/meadow_536.jpg,22,meadow
meadow/meadow_537.jpg,22,meadow
meadow/meadow_538.jpg,22,meadow
meadow/meadow_539.jpg,22,meadow
meadow/meadow_543.jpg,22,meadow
meadow/meadow_544.jpg,22,meadow
meadow/meadow_545.jpg,22,meadow
meadow/meadow_546.jpg,22,meadow
meadow/meadow_548.jpg,22,meadow
meadow/meadow_549.jpg,22,meadow
meadow/meadow_550.jpg,22,meadow
meadow/meadow_551.jpg,22,meadow
meadow/meadow_553.jpg,22,meadow
meadow/meadow_554.jpg,22,meadow
meadow/meadow_555.jpg,22,meadow
meadow/meadow_556.jpg,22,meadow
meadow/meadow_557.jpg,22,meadow
meadow/meadow_558.jpg,22,meadow
meadow/meadow_559.jpg,22,meadow
meadow/meadow_560.jpg,22,meadow
meadow/meadow_562.jpg,22,meadow
meadow/meadow_563.jpg,22,meadow
meadow/meadow_567.jpg,22,meadow
meadow/meadow_568.jpg,22,meadow
meadow/meadow_569.jpg,22,meadow
meadow/meadow_572.jpg,22,meadow
meadow/meadow_575.jpg,22,meadow
meadow/meadow_576.jpg,22,meadow
meadow/meadow_577.jpg,22,meadow
meadow/meadow_578.jpg,22,meadow
meadow/meadow_579.jpg,22,meadow
meadow/meadow_580.jpg,22,meadow
meadow/meadow_582.jpg,22,meadow
meadow/meadow_583.jpg,22,meadow
meadow/meadow_584.jpg,22,meadow
meadow/meadow_585.jpg,22,meadow
meadow/meadow_586.jpg,22,meadow
meadow/meadow_587.jpg,22,meadow
meadow/meadow_588.jpg,22,meadow
meadow/meadow_589.jpg,22,meadow
meadow/meadow_591.jpg,22,meadow
meadow/meadow_593.jpg,22,meadow
meadow/meadow_595.jpg,22,meadow
meadow/meadow_596.jpg,22,meadow
meadow/meadow_597.jpg,22,meadow
meadow/meadow_598.jpg,22,meadow
meadow/meadow_599.jpg,22,meadow
meadow/meadow_600.jpg,22,meadow
meadow/meadow_602.jpg,22,meadow
meadow/meadow_604.jpg,22,meadow
meadow/meadow_606.jpg,22,meadow
meadow/meadow_607.jpg,22,meadow
meadow/meadow_608.jpg,22,meadow
meadow/meadow_609.jpg,22,meadow
meadow/meadow_610.jpg,22,meadow
meadow/meadow_611.jpg,22,meadow
meadow/meadow_612.jpg,22,meadow
meadow/meadow_614.jpg,22,meadow
meadow/meadow_615.jpg,22,meadow
meadow/meadow_616.jpg,22,meadow
meadow/meadow_617.jpg,22,meadow
meadow/meadow_618.jpg,22,meadow
meadow/meadow_619.jpg,22,meadow
meadow/meadow_620.jpg,22,meadow
meadow/meadow_621.jpg,22,meadow
meadow/meadow_625.jpg,22,meadow
meadow/meadow_628.jpg,22,meadow
meadow/meadow_631.jpg,22,meadow
meadow/meadow_632.jpg,22,meadow
meadow/meadow_634.jpg,22,meadow
meadow/meadow_636.jpg,22,meadow
meadow/meadow_637.jpg,22,meadow
meadow/meadow_638.jpg,22,meadow
meadow/meadow_641.jpg,22,meadow
meadow/meadow_642.jpg,22,meadow
meadow/meadow_643.jpg,22,meadow
meadow/meadow_644.jpg,22,meadow
meadow/meadow_645.jpg,22,meadow
meadow/meadow_646.jpg,22,meadow
meadow/meadow_647.jpg,22,meadow
meadow/meadow_648.jpg,22,meadow
meadow/meadow_650.jpg,22,meadow
meadow/meadow_651.jpg,22,meadow
meadow/meadow_652.jpg,22,meadow
meadow/meadow_655.jpg,22,meadow
meadow/meadow_656.jpg,22,meadow
meadow/meadow_657.jpg,22,meadow
meadow/meadow_658.jpg,22,meadow
meadow/meadow_660.jpg,22,meadow
meadow/meadow_662.jpg,22,meadow
meadow/meadow_664.jpg,22,meadow
meadow/meadow_666.jpg,22,meadow
meadow/meadow_667.jpg,22,meadow
meadow/meadow_668.jpg,22,meadow
meadow/meadow_670.jpg,22,meadow
meadow/meadow_672.jpg,22,meadow
meadow/meadow_673.jpg,22,meadow
meadow/meadow_676.jpg,22,meadow
meadow/meadow_677.jpg,22,meadow
meadow/meadow_680.jpg,22,meadow
meadow/meadow_681.jpg,22,meadow
meadow/meadow_682.jpg,22,meadow
meadow/meadow_683.jpg,22,meadow
meadow/meadow_684.jpg,22,meadow
meadow/meadow_685.jpg,22,meadow
meadow/meadow_686.jpg,22,meadow
meadow/meadow_687.jpg,22,meadow
meadow/meadow_688.jpg,22,meadow
meadow/meadow_689.jpg,22,meadow
meadow/meadow_691.jpg,22,meadow
meadow/meadow_692.jpg,22,meadow
meadow/meadow_693.jpg,22,meadow
meadow/meadow_694.jpg,22,meadow
meadow/meadow_695.jpg,22,meadow
meadow/meadow_697.jpg,22,meadow
meadow/meadow_698.jpg,22,meadow
meadow/meadow_699.jpg,22,meadow
meadow/meadow_700.jpg,22,meadow
medium_residential/medium_residential_001.jpg,23,medium_residential
medium_residential/medium_residential_002.jpg,23,medium_residential
medium_residential/medium_residential_003.jpg,23,medium_residential
medium_residential/medium_residential_004.jpg,23,medium_residential
medium_residential/medium_residential_005.jpg,23,medium_residential
medium_residential/medium_residential_006.jpg,23,medium_residential
medium_residential/medium_residential_007.jpg,23,medium_residential
medium_residential/medium_residential_008.jpg,23,medium_residential
medium_residential/medium_residential_009.jpg,23,medium_residential
medium_residential/medium_residential_010.jpg,23,medium_residential
medium_residential/medium_residential_011.jpg,23,medium_residential
medium_residential/medium_residential_012.jpg,23,medium_residential
medium_residential/medium_residential_016.jpg,23,medium_residential
medium_residential/medium_residential_017.jpg,23,medium_residential
medium_residential/medium_residential_018.jpg,23,medium_residential
medium_residential/medium_residential_019.jpg,23,medium_residential
medium_residential/medium_residential_020.jpg,23,medium_residential
medium_residential/medium_residential_022.jpg,23,medium_residential
medium_residential/medium_residential_024.jpg,23,medium_residential
medium_residential/medium_residential_025.jpg,23,medium_residential
medium_residential/medium_residential_026.jpg,23,medium_residential
medium_residential/medium_residential_027.jpg,23,medium_residential
medium_residential/medium_residential_028.jpg,23,medium_residential
medium_residential/medium_residential_029.jpg,23,medium_residential
medium_residential/medium_residential_030.jpg,23,medium_residential
medium_residential/medium_residential_031.jpg,23,medium_residential
medium_residential/medium_residential_033.jpg,23,medium_residential
medium_residential/medium_residential_034.jpg,23,medium_residential
medium_residential/medium_residential_035.jpg,23,medium_residential
medium_residential/medium_residential_036.jpg,23,medium_residential
medium_residential/medium_residential_037.jpg,23,medium_residential
medium_residential/medium_residential_038.jpg,23,medium_residential
medium_residential/medium_residential_039.jpg,23,medium_residential
medium_residential/medium_residential_040.jpg,23,medium_residential
medium_residential/medium_residential_041.jpg,23,medium_residential
medium_residential/medium_residential_042.jpg,23,medium_residential
medium_residential/medium_residential_043.jpg,23,medium_residential
medium_residential/medium_residential_044.jpg,23,medium_residential
medium_residential/medium_residential_045.jpg,23,medium_residential
medium_residential/medium_residential_047.jpg,23,medium_residential
medium_residential/medium_residential_048.jpg,23,medium_residential
medium_residential/medium_residential_049.jpg,23,medium_residential
medium_residential/medium_residential_052.jpg,23,medium_residential
medium_residential/medium_residential_053.jpg,23,medium_residential
medium_residential/medium_residential_054.jpg,23,medium_residential
medium_residential/medium_residential_055.jpg,23,medium_residential
medium_residential/medium_residential_056.jpg,23,medium_residential
medium_residential/medium_residential_057.jpg,23,medium_residential
medium_residential/medium_residential_059.jpg,23,medium_residential
medium_residential/medium_residential_060.jpg,23,medium_residential
medium_residential/medium_residential_061.jpg,23,medium_residential
medium_residential/medium_residential_063.jpg,23,medium_residential
medium_residential/medium_residential_064.jpg,23,medium_residential
medium_residential/medium_residential_065.jpg,23,medium_residential
medium_residential/medium_residential_068.jpg,23,medium_residential
medium_residential/medium_residential_069.jpg,23,medium_residential
medium_residential/medium_residential_072.jpg,23,medium_residential
medium_residential/medium_residential_073.jpg,23,medium_residential
medium_residential/medium_residential_077.jpg,23,medium_residential
medium_residential/medium_residential_078.jpg,23,medium_residential
medium_residential/medium_residential_079.jpg,23,medium_residential
medium_residential/medium_residential_080.jpg,23,medium_residential
medium_residential/medium_residential_081.jpg,23,medium_residential
medium_residential/medium_residential_082.jpg,23,medium_residential
medium_residential/medium_residential_083.jpg,23,medium_residential
medium_residential/medium_residential_085.jpg,23,medium_residential
medium_residential/medium_residential_086.jpg,23,medium_residential
medium_residential/medium_residential_088.jpg,23,medium_residential
medium_residential/medium_residential_091.jpg,23,medium_residential
medium_residential/medium_residential_092.jpg,23,medium_residential
medium_residential/medium_residential_094.jpg,23,medium_residential
medium_residential/medium_residential_095.jpg,23,medium_residential
medium_residential/medium_residential_096.jpg,23,medium_residential
medium_residential/medium_residential_097.jpg,23,medium_residential
medium_residential/medium_residential_098.jpg,23,medium_residential
medium_residential/medium_residential_099.jpg,23,medium_residential
medium_residential/medium_residential_101.jpg,23,medium_residential
medium_residential/medium_residential_102.jpg,23,medium_residential
medium_residential/medium_residential_103.jpg,23,medium_residential
medium_residential/medium_residential_104.jpg,23,medium_residential
medium_residential/medium_residential_105.jpg,23,medium_residential
medium_residential/medium_residential_107.jpg,23,medium_residential
medium_residential/medium_residential_109.jpg,23,medium_residential
medium_residential/medium_residential_110.jpg,23,medium_residential
medium_residential/medium_residential_111.jpg,23,medium_residential
medium_residential/medium_residential_113.jpg,23,medium_residential
medium_residential/medium_residential_114.jpg,23,medium_residential
medium_residential/medium_residential_115.jpg,23,medium_residential
medium_residential/medium_residential_117.jpg,23,medium_residential
medium_residential/medium_residential_118.jpg,23,medium_residential
medium_residential/medium_residential_119.jpg,23,medium_residential
medium_residential/medium_residential_120.jpg,23,medium_residential
medium_residential/medium_residential_121.jpg,23,medium_residential
medium_residential/medium_residential_122.jpg,23,medium_residential
medium_residential/medium_residential_123.jpg,23,medium_residential
medium_residential/medium_residential_124.jpg,23,medium_residential
medium_residential/medium_residential_125.jpg,23,medium_residential
medium_residential/medium_residential_126.jpg,23,medium_residential
medium_residential/medium_residential_129.jpg,23,medium_residential
medium_residential/medium_residential_130.jpg,23,medium_residential
medium_residential/medium_residential_132.jpg,23,medium_residential
medium_residential/medium_residential_133.jpg,23,medium_residential
medium_residential/medium_residential_135.jpg,23,medium_residential
medium_residential/medium_residential_136.jpg,23,medium_residential
medium_residential/medium_residential_137.jpg,23,medium_residential
medium_residential/medium_residential_138.jpg,23,medium_residential
medium_residential/medium_residential_139.jpg,23,medium_residential
medium_residential/medium_residential_140.jpg,23,medium_residential
medium_residential/medium_residential_142.jpg,23,medium_residential
medium_residential/medium_residential_143.jpg,23,medium_residential
medium_residential/medium_residential_144.jpg,23,medium_residential
medium_residential/medium_residential_146.jpg,23,medium_residential
medium_residential/medium_residential_147.jpg,23,medium_residential
medium_residential/medium_residential_150.jpg,23,medium_residential
medium_residential/medium_residential_151.jpg,23,medium_residential
medium_residential/medium_residential_154.jpg,23,medium_residential
medium_residential/medium_residential_156.jpg,23,medium_residential
medium_residential/medium_residential_157.jpg,23,medium_residential
medium_residential/medium_residential_159.jpg,23,medium_residential
medium_residential/medium_residential_160.jpg,23,medium_residential
medium_residential/medium_residential_162.jpg,23,medium_residential
medium_residential/medium_residential_163.jpg,23,medium_residential
medium_residential/medium_residential_164.jpg,23,medium_residential
medium_residential/medium_residential_166.jpg,23,medium_residential
medium_residential/medium_residential_167.jpg,23,medium_residential
medium_residential/medium_residential_170.jpg,23,medium_residential
medium_residential/medium_residential_172.jpg,23,medium_residential
medium_residential/medium_residential_173.jpg,23,medium_residential
medium_residential/medium_residential_174.jpg,23,medium_residential
medium_residential/medium_residential_177.jpg,23,medium_residential
medium_residential/medium_residential_178.jpg,23,medium_residential
medium_residential/medium_residential_179.jpg,23,medium_residential
medium_residential/medium_residential_180.jpg,23,medium_residential
medium_residential/medium_residential_181.jpg,23,medium_residential
medium_residential/medium_residential_182.jpg,23,medium_residential
medium_residential/medium_residential_184.jpg,23,medium_residential
medium_residential/medium_residential_185.jpg,23,medium_residential
medium_residential/medium_residential_189.jpg,23,medium_residential
medium_residential/medium_residential_190.jpg,23,medium_residential
medium_residential/medium_residential_191.jpg,23,medium_residential
medium_residential/medium_residential_192.jpg,23,medium_residential
medium_residential/medium_residential_193.jpg,23,medium_residential
medium_residential/medium_residential_194.jpg,23,medium_residential
medium_residential/medium_residential_198.jpg,23,medium_residential
medium_residential/medium_residential_199.jpg,23,medium_residential
medium_residential/medium_residential_200.jpg,23,medium_residential
medium_residential/medium_residential_201.jpg,23,medium_residential
medium_residential/medium_residential_202.jpg,23,medium_residential
medium_residential/medium_residential_203.jpg,23,medium_residential
medium_residential/medium_residential_205.jpg,23,medium_residential
medium_residential/medium_residential_206.jpg,23,medium_residential
medium_residential/medium_residential_207.jpg,23,medium_residential
medium_residential/medium_residential_208.jpg,23,medium_residential
medium_residential/medium_residential_209.jpg,23,medium_residential
medium_residential/medium_residential_210.jpg,23,medium_residential
medium_residential/medium_residential_211.jpg,23,medium_residential
medium_residential/medium_residential_212.jpg,23,medium_residential
medium_residential/medium_residential_215.jpg,23,medium_residential
medium_residential/medium_residential_218.jpg,23,medium_residential
medium_residential/medium_residential_219.jpg,23,medium_residential
medium_residential/medium_residential_220.jpg,23,medium_residential
medium_residential/medium_residential_221.jpg,23,medium_residential
medium_residential/medium_residential_222.jpg,23,medium_residential
medium_residential/medium_residential_223.jpg,23,medium_residential
medium_residential/medium_residential_224.jpg,23,medium_residential
medium_residential/medium_residential_225.jpg,23,medium_residential
medium_residential/medium_residential_226.jpg,23,medium_residential
medium_residential/medium_residential_227.jpg,23,medium_residential
medium_residential/medium_residential_228.jpg,23,medium_residential
medium_residential/medium_residential_230.jpg,23,medium_residential
medium_residential/medium_residential_231.jpg,23,medium_residential
medium_residential/medium_residential_232.jpg,23,medium_residential
medium_residential/medium_residential_233.jpg,23,medium_residential
medium_residential/medium_residential_234.jpg,23,medium_residential
medium_residential/medium_residential_235.jpg,23,medium_residential
medium_residential/medium_residential_236.jpg,23,medium_residential
medium_residential/medium_residential_237.jpg,23,medium_residential
medium_residential/medium_residential_240.jpg,23,medium_residential
medium_residential/medium_residential_241.jpg,23,medium_residential
medium_residential/medium_residential_242.jpg,23,medium_residential
medium_residential/medium_residential_243.jpg,23,medium_residential
medium_residential/medium_residential_244.jpg,23,medium_residential
medium_residential/medium_residential_245.jpg,23,medium_residential
medium_residential/medium_residential_246.jpg,23,medium_residential
medium_residential/medium_residential_247.jpg,23,medium_residential
medium_residential/medium_residential_248.jpg,23,medium_residential
medium_residential/medium_residential_249.jpg,23,medium_residential
medium_residential/medium_residential_250.jpg,23,medium_residential
medium_residential/medium_residential_251.jpg,23,medium_residential
medium_residential/medium_residential_252.jpg,23,medium_residential
medium_residential/medium_residential_253.jpg,23,medium_residential
medium_residential/medium_residential_254.jpg,23,medium_residential
medium_residential/medium_residential_256.jpg,23,medium_residential
medium_residential/medium_residential_258.jpg,23,medium_residential
medium_residential/medium_residential_259.jpg,23,medium_residential
medium_residential/medium_residential_261.jpg,23,medium_residential
medium_residential/medium_residential_262.jpg,23,medium_residential
medium_residential/medium_residential_265.jpg,23,medium_residential
medium_residential/medium_residential_266.jpg,23,medium_residential
medium_residential/medium_residential_267.jpg,23,medium_residential
medium_residential/medium_residential_268.jpg,23,medium_residential
medium_residential/medium_residential_269.jpg,23,medium_residential
medium_residential/medium_residential_271.jpg,23,medium_residential
medium_residential/medium_residential_272.jpg,23,medium_residential
medium_residential/medium_residential_273.jpg,23,medium_residential
medium_residential/medium_residential_277.jpg,23,medium_residential
medium_residential/medium_residential_278.jpg,23,medium_residential
medium_residential/medium_residential_280.jpg,23,medium_residential
medium_residential/medium_residential_281.jpg,23,medium_residential
medium_residential/medium_residential_282.jpg,23,medium_residential
medium_residential/medium_residential_283.jpg,23,medium_residential
medium_residential/medium_residential_284.jpg,23,medium_residential
medium_residential/medium_residential_287.jpg,23,medium_residential
medium_residential/medium_residential_290.jpg,23,medium_residential
medium_residential/medium_residential_291.jpg,23,medium_residential
medium_residential/medium_residential_292.jpg,23,medium_residential
medium_residential/medium_residential_293.jpg,23,medium_residential
medium_residential/medium_residential_294.jpg,23,medium_residential
medium_residential/medium_residential_297.jpg,23,medium_residential
medium_residential/medium_residential_299.jpg,23,medium_residential
medium_residential/medium_residential_300.jpg,23,medium_residential
medium_residential/medium_residential_301.jpg,23,medium_residential
medium_residential/medium_residential_303.jpg,23,medium_residential
medium_residential/medium_residential_306.jpg,23,medium_residential
medium_residential/medium_residential_307.jpg,23,medium_residential
medium_residential/medium_residential_309.jpg,23,medium_residential
medium_residential/medium_residential_311.jpg,23,medium_residential
medium_residential/medium_residential_312.jpg,23,medium_residential
medium_residential/medium_residential_313.jpg,23,medium_residential
medium_residential/medium_residential_314.jpg,23,medium_residential
medium_residential/medium_residential_315.jpg,23,medium_residential
medium_residential/medium_residential_316.jpg,23,medium_residential
medium_residential/medium_residential_317.jpg,23,medium_residential
medium_residential/medium_residential_321.jpg,23,medium_residential
medium_residential/medium_residential_322.jpg,23,medium_residential
medium_residential/medium_residential_323.jpg,23,medium_residential
medium_residential/medium_residential_324.jpg,23,medium_residential
medium_residential/medium_residential_326.jpg,23,medium_residential
medium_residential/medium_residential_327.jpg,23,medium_residential
medium_residential/medium_residential_330.jpg,23,medium_residential
medium_residential/medium_residential_331.jpg,23,medium_residential
medium_residential/medium_residential_332.jpg,23,medium_residential
medium_residential/medium_residential_334.jpg,23,medium_residential
medium_residential/medium_residential_336.jpg,23,medium_residential
medium_residential/medium_residential_338.jpg,23,medium_residential
medium_residential/medium_residential_339.jpg,23,medium_residential
medium_residential/medium_residential_341.jpg,23,medium_residential
medium_residential/medium_residential_342.jpg,23,medium_residential
medium_residential/medium_residential_343.jpg,23,medium_residential
medium_residential/medium_residential_344.jpg,23,medium_residential
medium_residential/medium_residential_345.jpg,23,medium_residential
medium_residential/medium_residential_346.jpg,23,medium_residential
medium_residential/medium_residential_347.jpg,23,medium_residential
medium_residential/medium_residential_348.jpg,23,medium_residential
medium_residential/medium_residential_349.jpg,23,medium_residential
medium_residential/medium_residential_351.jpg,23,medium_residential
medium_residential/medium_residential_352.jpg,23,medium_residential
medium_residential/medium_residential_353.jpg,23,medium_residential
medium_residential/medium_residential_354.jpg,23,medium_residential
medium_residential/medium_residential_355.jpg,23,medium_residential
medium_residential/medium_residential_357.jpg,23,medium_residential
medium_residential/medium_residential_358.jpg,23,medium_residential
medium_residential/medium_residential_359.jpg,23,medium_residential
medium_residential/medium_residential_360.jpg,23,medium_residential
medium_residential/medium_residential_361.jpg,23,medium_residential
medium_residential/medium_residential_362.jpg,23,medium_residential
medium_residential/medium_residential_366.jpg,23,medium_residential
medium_residential/medium_residential_369.jpg,23,medium_residential
medium_residential/medium_residential_370.jpg,23,medium_residential
medium_residential/medium_residential_371.jpg,23,medium_residential
medium_residential/medium_residential_373.jpg,23,medium_residential
medium_residential/medium_residential_374.jpg,23,medium_residential
medium_residential/medium_residential_375.jpg,23,medium_residential
medium_residential/medium_residential_377.jpg,23,medium_residential
medium_residential/medium_residential_381.jpg,23,medium_residential
medium_residential/medium_residential_382.jpg,23,medium_residential
medium_residential/medium_residential_383.jpg,23,medium_residential
medium_residential/medium_residential_384.jpg,23,medium_residential
medium_residential/medium_residential_385.jpg,23,medium_residential
medium_residential/medium_residential_386.jpg,23,medium_residential
medium_residential/medium_residential_387.jpg,23,medium_residential
medium_residential/medium_residential_389.jpg,23,medium_residential
medium_residential/medium_residential_390.jpg,23,medium_residential
medium_residential/medium_residential_391.jpg,23,medium_residential
medium_residential/medium_residential_394.jpg,23,medium_residential
medium_residential/medium_residential_395.jpg,23,medium_residential
medium_residential/medium_residential_396.jpg,23,medium_residential
medium_residential/medium_residential_398.jpg,23,medium_residential
medium_residential/medium_residential_400.jpg,23,medium_residential
medium_residential/medium_residential_401.jpg,23,medium_residential
medium_residential/medium_residential_403.jpg,23,medium_residential
medium_residential/medium_residential_404.jpg,23,medium_residential
medium_residential/medium_residential_405.jpg,23,medium_residential
medium_residential/medium_residential_406.jpg,23,medium_residential
medium_residential/medium_residential_407.jpg,23,medium_residential
medium_residential/medium_residential_408.jpg,23,medium_residential
medium_residential/medium_residential_409.jpg,23,medium_residential
medium_residential/medium_residential_411.jpg,23,medium_residential
medium_residential/medium_residential_412.jpg,23,medium_residential
medium_residential/medium_residential_414.jpg,23,medium_residential
medium_residential/medium_residential_415.jpg,23,medium_residential
medium_residential/medium_residential_417.jpg,23,medium_residential
medium_residential/medium_residential_418.jpg,23,medium_residential
medium_residential/medium_residential_419.jpg,23,medium_residential
medium_residential/medium_residential_420.jpg,23,medium_residential
medium_residential/medium_residential_421.jpg,23,medium_residential
medium_residential/medium_residential_422.jpg,23,medium_residential
medium_residential/medium_residential_423.jpg,23,medium_residential
medium_residential/medium_residential_425.jpg,23,medium_residential
medium_residential/medium_residential_426.jpg,23,medium_residential
medium_residential/medium_residential_427.jpg,23,medium_residential
medium_residential/medium_residential_428.jpg,23,medium_residential
medium_residential/medium_residential_429.jpg,23,medium_residential
medium_residential/medium_residential_430.jpg,23,medium_residential
medium_residential/medium_residential_432.jpg,23,medium_residential
medium_residential/medium_residential_433.jpg,23,medium_residential
medium_residential/medium_residential_434.jpg,23,medium_residential
medium_residential/medium_residential_436.jpg,23,medium_residential
medium_residential/medium_residential_437.jpg,23,medium_residential
medium_residential/medium_residential_438.jpg,23,medium_residential
medium_residential/medium_residential_439.jpg,23,medium_residential
medium_residential/medium_residential_440.jpg,23,medium_residential
medium_residential/medium_residential_441.jpg,23,medium_residential
medium_residential/medium_residential_442.jpg,23,medium_residential
medium_residential/medium_residential_444.jpg,23,medium_residential
medium_residential/medium_residential_445.jpg,23,medium_residential
medium_residential/medium_residential_446.jpg,23,medium_residential
medium_residential/medium_residential_447.jpg,23,medium_residential
medium_residential/medium_residential_448.jpg,23,medium_residential
medium_residential/medium_residential_449.jpg,23,medium_residential
medium_residential/medium_residential_451.jpg,23,medium_residential
medium_residential/medium_residential_453.jpg,23,medium_residential
medium_residential/medium_residential_454.jpg,23,medium_residential
medium_residential/medium_residential_456.jpg,23,medium_residential
medium_residential/medium_residential_457.jpg,23,medium_residential
medium_residential/medium_residential_458.jpg,23,medium_residential
medium_residential/medium_residential_460.jpg,23,medium_residential
medium_residential/medium_residential_461.jpg,23,medium_residential
medium_residential/medium_residential_462.jpg,23,medium_residential
medium_residential/medium_residential_464.jpg,23,medium_residential
medium_residential/medium_residential_465.jpg,23,medium_residential
medium_residential/medium_residential_468.jpg,23,medium_residential
medium_residential/medium_residential_470.jpg,23,medium_residential
medium_residential/medium_residential_472.jpg,23,medium_residential
medium_residential/medium_residential_473.jpg,23,medium_residential
medium_residential/medium_residential_474.jpg,23,medium_residential
medium_residential/medium_residential_480.jpg,23,medium_residential
medium_residential/medium_residential_481.jpg,23,medium_residential
medium_residential/medium_residential_486.jpg,23,medium_residential
medium_residential/medium_residential_488.jpg,23,medium_residential
medium_residential/medium_residential_489.jpg,23,medium_residential
medium_residential/medium_residential_490.jpg,23,medium_residential
medium_residential/medium_residential_492.jpg,23,medium_residential
medium_residential/medium_residential_493.jpg,23,medium_residential
medium_residential/medium_residential_495.jpg,23,medium_residential
medium_residential/medium_residential_496.jpg,23,medium_residential
medium_residential/medium_residential_497.jpg,23,medium_residential
medium_residential/medium_residential_498.jpg,23,medium_residential
medium_residential/medium_residential_499.jpg,23,medium_residential
medium_residential/medium_residential_500.jpg,23,medium_residential
medium_residential/medium_residential_501.jpg,23,medium_residential
medium_residential/medium_residential_503.jpg,23,medium_residential
medium_residential/medium_residential_504.jpg,23,medium_residential
medium_residential/medium_residential_505.jpg,23,medium_residential
medium_residential/medium_residential_506.jpg,23,medium_residential
medium_residential/medium_residential_509.jpg,23,medium_residential
medium_residential/medium_residential_510.jpg,23,medium_residential
medium_residential/medium_residential_511.jpg,23,medium_residential
medium_residential/medium_residential_512.jpg,23,medium_residential
medium_residential/medium_residential_513.jpg,23,medium_residential
medium_residential/medium_residential_514.jpg,23,medium_residential
medium_residential/medium_residential_515.jpg,23,medium_residential
medium_residential/medium_residential_518.jpg,23,medium_residential
medium_residential/medium_residential_520.jpg,23,medium_residential
medium_residential/medium_residential_522.jpg,23,medium_residential
medium_residential/medium_residential_524.jpg,23,medium_residential
medium_residential/medium_residential_526.jpg,23,medium_residential
medium_residential/medium_residential_528.jpg,23,medium_residential
medium_residential/medium_residential_529.jpg,23,medium_residential
medium_residential/medium_residential_531.jpg,23,medium_residential
medium_residential/medium_residential_532.jpg,23,medium_residential
medium_residential/medium_residential_535.jpg,23,medium_residential
medium_residential/medium_residential_538.jpg,23,medium_residential
medium_residential/medium_residential_539.jpg,23,medium_residential
medium_residential/medium_residential_540.jpg,23,medium_residential
medium_residential/medium_residential_543.jpg,23,medium_residential
medium_residential/medium_residential_545.jpg,23,medium_residential
medium_residential/medium_residential_547.jpg,23,medium_residential
medium_residential/medium_residential_551.jpg,23,medium_residential
medium_residential/medium_residential_552.jpg,23,medium_residential
medium_residential/medium_residential_554.jpg,23,medium_residential
medium_residential/medium_residential_555.jpg,23,medium_residential
medium_residential/medium_residential_556.jpg,23,medium_residential
medium_residential/medium_residential_557.jpg,23,medium_residential
medium_residential/medium_residential_558.jpg,23,medium_residential
medium_residential/medium_residential_559.jpg,23,medium_residential
medium_residential/medium_residential_561.jpg,23,medium_residential
medium_residential/medium_residential_562.jpg,23,medium_residential
medium_residential/medium_residential_563.jpg,23,medium_residential
medium_residential/medium_residential_564.jpg,23,medium_residential
medium_residential/medium_residential_565.jpg,23,medium_residential
medium_residential/medium_residential_566.jpg,23,medium_residential
medium_residential/medium_residential_568.jpg,23,medium_residential
medium_residential/medium_residential_569.jpg,23,medium_residential
medium_residential/medium_residential_570.jpg,23,medium_residential
medium_residential/medium_residential_571.jpg,23,medium_residential
medium_residential/medium_residential_572.jpg,23,medium_residential
medium_residential/medium_residential_573.jpg,23,medium_residential
medium_residential/medium_residential_574.jpg,23,medium_residential
medium_residential/medium_residential_576.jpg,23,medium_residential
medium_residential/medium_residential_577.jpg,23,medium_residential
medium_residential/medium_residential_578.jpg,23,medium_residential
medium_residential/medium_residential_579.jpg,23,medium_residential
medium_residential/medium_residential_580.jpg,23,medium_residential
medium_residential/medium_residential_581.jpg,23,medium_residential
medium_residential/medium_residential_582.jpg,23,medium_residential
medium_residential/medium_residential_583.jpg,23,medium_residential
medium_residential/medium_residential_584.jpg,23,medium_residential
medium_residential/medium_residential_585.jpg,23,medium_residential
medium_residential/medium_residential_586.jpg,23,medium_residential
medium_residential/medium_residential_587.jpg,23,medium_residential
medium_residential/medium_residential_588.jpg,23,medium_residential
medium_residential/medium_residential_589.jpg,23,medium_residential
medium_residential/medium_residential_593.jpg,23,medium_residential
medium_residential/medium_residential_594.jpg,23,medium_residential
medium_residential/medium_residential_595.jpg,23,medium_residential
medium_residential/medium_residential_596.jpg,23,medium_residential
medium_residential/medium_residential_599.jpg,23,medium_residential
medium_residential/medium_residential_600.jpg,23,medium_residential
medium_residential/medium_residential_601.jpg,23,medium_residential
medium_residential/medium_residential_605.jpg,23,medium_residential
medium_residential/medium_residential_606.jpg,23,medium_residential
medium_residential/medium_residential_607.jpg,23,medium_residential
medium_residential/medium_residential_608.jpg,23,medium_residential
medium_residential/medium_residential_609.jpg,23,medium_residential
medium_residential/medium_residential_612.jpg,23,medium_residential
medium_residential/medium_residential_614.jpg,23,medium_residential
medium_residential/medium_residential_615.jpg,23,medium_residential
medium_residential/medium_residential_617.jpg,23,medium_residential
medium_residential/medium_residential_621.jpg,23,medium_residential
medium_residential/medium_residential_624.jpg,23,medium_residential
medium_residential/medium_residential_625.jpg,23,medium_residential
medium_residential/medium_residential_626.jpg,23,medium_residential
medium_residential/medium_residential_629.jpg,23,medium_residential
medium_residential/medium_residential_630.jpg,23,medium_residential
medium_residential/medium_residential_632.jpg,23,medium_residential
medium_residential/medium_residential_633.jpg,23,medium_residential
medium_residential/medium_residential_634.jpg,23,medium_residential
medium_residential/medium_residential_635.jpg,23,medium_residential
medium_residential/medium_residential_636.jpg,23,medium_residential
medium_residential/medium_residential_637.jpg,23,medium_residential
medium_residential/medium_residential_640.jpg,23,medium_residential
medium_residential/medium_residential_642.jpg,23,medium_residential
medium_residential/medium_residential_643.jpg,23,medium_residential
medium_residential/medium_residential_645.jpg,23,medium_residential
medium_residential/medium_residential_646.jpg,23,medium_residential
medium_residential/medium_residential_647.jpg,23,medium_residential
medium_residential/medium_residential_649.jpg,23,medium_residential
medium_residential/medium_residential_651.jpg,23,medium_residential
medium_residential/medium_residential_652.jpg,23,medium_residential
medium_residential/medium_residential_654.jpg,23,medium_residential
medium_residential/medium_residential_656.jpg,23,medium_residential
medium_residential/medium_residential_657.jpg,23,medium_residential
medium_residential/medium_residential_659.jpg,23,medium_residential
medium_residential/medium_residential_660.jpg,23,medium_residential
medium_residential/medium_residential_661.jpg,23,medium_residential
medium_residential/medium_residential_664.jpg,23,medium_residential
medium_residential/medium_residential_666.jpg,23,medium_residential
medium_residential/medium_residential_667.jpg,23,medium_residential
medium_residential/medium_residential_668.jpg,23,medium_residential
medium_residential/medium_residential_671.jpg,23,medium_residential
medium_residential/medium_residential_672.jpg,23,medium_residential
medium_residential/medium_residential_673.jpg,23,medium_residential
medium_residential/medium_residential_675.jpg,23,medium_residential
medium_residential/medium_residential_676.jpg,23,medium_residential
medium_residential/medium_residential_677.jpg,23,medium_residential
medium_residential/medium_residential_678.jpg,23,medium_residential
medium_residential/medium_residential_680.jpg,23,medium_residential
medium_residential/medium_residential_682.jpg,23,medium_residential
medium_residential/medium_residential_684.jpg,23,medium_residential
medium_residential/medium_residential_686.jpg,23,medium_residential
medium_residential/medium_residential_688.jpg,23,medium_residential
medium_residential/medium_residential_689.jpg,23,medium_residential
medium_residential/medium_residential_692.jpg,23,medium_residential
medium_residential/medium_residential_693.jpg,23,medium_residential
medium_residential/medium_residential_694.jpg,23,medium_residential
medium_residential/medium_residential_695.jpg,23,medium_residential
medium_residential/medium_residential_696.jpg,23,medium_residential
medium_residential/medium_residential_699.jpg,23,medium_residential
medium_residential/medium_residential_700.jpg,23,medium_residential
mobile_home_park/mobile_home_park_003.jpg,24,mobile_home_park
mobile_home_park/mobile_home_park_004.jpg,24,mobile_home_park
mobile_home_park/mobile_home_park_006.jpg,24,mobile_home_park
mobile_home_park/mobile_home_park_007.jpg,24,mobile_home_park
mobile_home_park/mobile_home_park_008.jpg,24,mobile_home_park
mobile_home_park/mobile_home_park_009.jpg,24,mobile_home_park
mobile_home_park/mobile_home_park_011.jpg,24,mobile_home_park
mobile_home_park/mobile_home_park_013.jpg,24,mobile_home_park
mobile_home_park/mobile_home_park_014.jpg,24,mobile_home_park
mobile_home_park/mobile_home_park_016.jpg,24,mobile_home_park
mobile_home_park/mobile_home_park_017.jpg,24,mobile_home_park
mobile_home_park/mobile_home_park_018.jpg,24,mobile_home_park
mobile_home_park/mobile_home_park_020.jpg,24,mobile_home_park
mobile_home_park/mobile_home_park_021.jpg,24,mobile_home_park
mobile_home_park/mobile_home_park_022.jpg,24,mobile_home_park
mobile_home_park/mobile_home_park_023.jpg,24,mobile_home_park
mobile_home_park/mobile_home_park_025.jpg,24,mobile_home_park
mobile_home_park/mobile_home_park_026.jpg,24,mobile_home_park
mobile_home_park/mobile_home_park_027.jpg,24,mobile_home_park
mobile_home_park/mobile_home_park_028.jpg,24,mobile_home_park
mobile_home_park/mobile_home_park_029.jpg,24,mobile_home_park
mobile_home_park/mobile_home_park_030.jpg,24,mobile_home_park
mobile_home_park/mobile_home_park_032.jpg,24,mobile_home_park
mobile_home_park/mobile_home_park_033.jpg,24,mobile_home_park
mobile_home_park/mobile_home_park_035.jpg,24,mobile_home_park
mobile_home_park/mobile_home_park_037.jpg,24,mobile_home_park
mobile_home_park/mobile_home_park_038.jpg,24,mobile_home_park
mobile_home_park/mobile_home_park_040.jpg,24,mobile_home_park
mobile_home_park/mobile_home_park_043.jpg,24,mobile_home_park
mobile_home_park/mobile_home_park_044.jpg,24,mobile_home_park
mobile_home_park/mobile_home_park_045.jpg,24,mobile_home_park
mobile_home_park/mobile_home_park_046.jpg,24,mobile_home_park
mobile_home_park/mobile_home_park_047.jpg,24,mobile_home_park
mobile_home_park/mobile_home_park_050.jpg,24,mobile_home_park
mobile_home_park/mobile_home_park_053.jpg,24,mobile_home_park
mobile_home_park/mobile_home_park_054.jpg,24,mobile_home_park
mobile_home_park/mobile_home_park_055.jpg,24,mobile_home_park
mobile_home_park/mobile_home_park_056.jpg,24,mobile_home_park
mobile_home_park/mobile_home_park_058.jpg,24,mobile_home_park
mobile_home_park/mobile_home_park_059.jpg,24,mobile_home_park
mobile_home_park/mobile_home_park_060.jpg,24,mobile_home_park
mobile_home_park/mobile_home_park_061.jpg,24,mobile_home_park
mobile_home_park/mobile_home_park_062.jpg,24,mobile_home_park
mobile_home_park/mobile_home_park_064.jpg,24,mobile_home_park
mobile_home_park/mobile_home_park_066.jpg,24,mobile_home_park
mobile_home_park/mobile_home_park_067.jpg,24,mobile_home_park
mobile_home_park/mobile_home_park_069.jpg,24,mobile_home_park
mobile_home_park/mobile_home_park_070.jpg,24,mobile_home_park
mobile_home_park/mobile_home_park_072.jpg,24,mobile_home_park
mobile_home_park/mobile_home_park_073.jpg,24,mobile_home_park
mobile_home_park/mobile_home_park_075.jpg,24,mobile_home_park
mobile_home_park/mobile_home_park_076.jpg,24,mobile_home_park
mobile_home_park/mobile_home_park_077.jpg,24,mobile_home_park
mobile_home_park/mobile_home_park_078.jpg,24,mobile_home_park
mobile_home_park/mobile_home_park_080.jpg,24,mobile_home_park
mobile_home_park/mobile_home_park_081.jpg,24,mobile_home_park
mobile_home_park/mobile_home_park_083.jpg,24,mobile_home_park
mobile_home_park/mobile_home_park_085.jpg,24,mobile_home_park
mobile_home_park/mobile_home_park_086.jpg,24,mobile_home_park
mobile_home_park/mobile_home_park_087.jpg,24,mobile_home_park
mobile_home_park/mobile_home_park_089.jpg,24,mobile_home_park
mobile_home_park/mobile_home_park_090.jpg,24,mobile_home_park
mobile_home_park/mobile_home_park_091.jpg,24,mobile_home_park
mobile_home_park/mobile_home_park_092.jpg,24,mobile_home_park
mobile_home_park/mobile_home_park_094.jpg,24,mobile_home_park
mobile_home_park/mobile_home_park_098.jpg,24,mobile_home_park
mobile_home_park/mobile_home_park_100.jpg,24,mobile_home_park
mobile_home_park/mobile_home_park_101.jpg,24,mobile_home_park
mobile_home_park/mobile_home_park_102.jpg,24,mobile_home_park
mobile_home_park/mobile_home_park_103.jpg,24,mobile_home_park
mobile_home_park/mobile_home_park_104.jpg,24,mobile_home_park
mobile_home_park/mobile_home_park_108.jpg,24,mobile_home_park
mobile_home_park/mobile_home_park_110.jpg,24,mobile_home_park
mobile_home_park/mobile_home_park_111.jpg,24,mobile_home_park
mobile_home_park/mobile_home_park_112.jpg,24,mobile_home_park
mobile_home_park/mobile_home_park_113.jpg,24,mobile_home_park
mobile_home_park/mobile_home_park_116.jpg,24,mobile_home_park
mobile_home_park/mobile_home_park_117.jpg,24,mobile_home_park
mobile_home_park/mobile_home_park_118.jpg,24,mobile_home_park
mobile_home_park/mobile_home_park_120.jpg,24,mobile_home_park
mobile_home_park/mobile_home_park_122.jpg,24,mobile_home_park
mobile_home_park/mobile_home_park_123.jpg,24,mobile_home_park
mobile_home_park/mobile_home_park_124.jpg,24,mobile_home_park
mobile_home_park/mobile_home_park_128.jpg,24,mobile_home_park
mobile_home_park/mobile_home_park_130.jpg,24,mobile_home_park
mobile_home_park/mobile_home_park_131.jpg,24,mobile_home_park
mobile_home_park/mobile_home_park_132.jpg,24,mobile_home_park
mobile_home_park/mobile_home_park_133.jpg,24,mobile_home_park
mobile_home_park/mobile_home_park_134.jpg,24,mobile_home_park
mobile_home_park/mobile_home_park_135.jpg,24,mobile_home_park
mobile_home_park/mobile_home_park_137.jpg,24,mobile_home_park
mobile_home_park/mobile_home_park_140.jpg,24,mobile_home_park
mobile_home_park/mobile_home_park_141.jpg,24,mobile_home_park
mobile_home_park/mobile_home_park_142.jpg,24,mobile_home_park
mobile_home_park/mobile_home_park_144.jpg,24,mobile_home_park
mobile_home_park/mobile_home_park_145.jpg,24,mobile_home_park
mobile_home_park/mobile_home_park_148.jpg,24,mobile_home_park
mobile_home_park/mobile_home_park_149.jpg,24,mobile_home_park
mobile_home_park/mobile_home_park_150.jpg,24,mobile_home_park
mobile_home_park/mobile_home_park_151.jpg,24,mobile_home_park
mobile_home_park/mobile_home_park_153.jpg,24,mobile_home_park
mobile_home_park/mobile_home_park_154.jpg,24,mobile_home_park
mobile_home_park/mobile_home_park_155.jpg,24,mobile_home_park
mobile_home_park/mobile_home_park_156.jpg,24,mobile_home_park
mobile_home_park/mobile_home_park_157.jpg,24,mobile_home_park
mobile_home_park/mobile_home_park_159.jpg,24,mobile_home_park
mobile_home_park/mobile_home_park_160.jpg,24,mobile_home_park
mobile_home_park/mobile_home_park_163.jpg,24,mobile_home_park
mobile_home_park/mobile_home_park_164.jpg,24,mobile_home_park
mobile_home_park/mobile_home_park_166.jpg,24,mobile_home_park
mobile_home_park/mobile_home_park_168.jpg,24,mobile_home_park
mobile_home_park/mobile_home_park_170.jpg,24,mobile_home_park
mobile_home_park/mobile_home_park_171.jpg,24,mobile_home_park
mobile_home_park/mobile_home_park_172.jpg,24,mobile_home_park
mobile_home_park/mobile_home_park_173.jpg,24,mobile_home_park
mobile_home_park/mobile_home_park_174.jpg,24,mobile_home_park
mobile_home_park/mobile_home_park_176.jpg,24,mobile_home_park
mobile_home_park/mobile_home_park_177.jpg,24,mobile_home_park
mobile_home_park/mobile_home_park_178.jpg,24,mobile_home_park
mobile_home_park/mobile_home_park_179.jpg,24,mobile_home_park
mobile_home_park/mobile_home_park_181.jpg,24,mobile_home_park
mobile_home_park/mobile_home_park_183.jpg,24,mobile_home_park
mobile_home_park/mobile_home_park_184.jpg,24,mobile_home_park
mobile_home_park/mobile_home_park_186.jpg,24,mobile_home_park
mobile_home_park/mobile_home_park_187.jpg,24,mobile_home_park
mobile_home_park/mobile_home_park_188.jpg,24,mobile_home_park
mobile_home_park/mobile_home_park_191.jpg,24,mobile_home_park
mobile_home_park/mobile_home_park_193.jpg,24,mobile_home_park
mobile_home_park/mobile_home_park_194.jpg,24,mobile_home_park
mobile_home_park/mobile_home_park_195.jpg,24,mobile_home_park
mobile_home_park/mobile_home_park_196.jpg,24,mobile_home_park
mobile_home_park/mobile_home_park_197.jpg,24,mobile_home_park
mobile_home_park/mobile_home_park_198.jpg,24,mobile_home_park
mobile_home_park/mobile_home_park_199.jpg,24,mobile_home_park
mobile_home_park/mobile_home_park_200.jpg,24,mobile_home_park
mobile_home_park/mobile_home_park_201.jpg,24,mobile_home_park
mobile_home_park/mobile_home_park_203.jpg,24,mobile_home_park
mobile_home_park/mobile_home_park_204.jpg,24,mobile_home_park
mobile_home_park/mobile_home_park_205.jpg,24,mobile_home_park
mobile_home_park/mobile_home_park_206.jpg,24,mobile_home_park
mobile_home_park/mobile_home_park_207.jpg,24,mobile_home_park
mobile_home_park/mobile_home_park_208.jpg,24,mobile_home_park
mobile_home_park/mobile_home_park_210.jpg,24,mobile_home_park
mobile_home_park/mobile_home_park_212.jpg,24,mobile_home_park
mobile_home_park/mobile_home_park_213.jpg,24,mobile_home_park
mobile_home_park/mobile_home_park_214.jpg,24,mobile_home_park
mobile_home_park/mobile_home_park_216.jpg,24,mobile_home_park
mobile_home_park/mobile_home_park_217.jpg,24,mobile_home_park
mobile_home_park/mobile_home_park_223.jpg,24,mobile_home_park
mobile_home_park/mobile_home_park_225.jpg,24,mobile_home_park
mobile_home_park/mobile_home_park_227.jpg,24,mobile_home_park
mobile_home_park/mobile_home_park_228.jpg,24,mobile_home_park
mobile_home_park/mobile_home_park_229.jpg,24,mobile_home_park
mobile_home_park/mobile_home_park_230.jpg,24,mobile_home_park
mobile_home_park/mobile_home_park_231.jpg,24,mobile_home_park
mobile_home_park/mobile_home_park_232.jpg,24,mobile_home_park
mobile_home_park/mobile_home_park_233.jpg,24,mobile_home_park
mobile_home_park/mobile_home_park_234.jpg,24,mobile_home_park
mobile_home_park/mobile_home_park_235.jpg,24,mobile_home_park
mobile_home_park/mobile_home_park_236.jpg,24,mobile_home_park
mobile_home_park/mobile_home_park_237.jpg,24,mobile_home_park
mobile_home_park/mobile_home_park_238.jpg,24,mobile_home_park
mobile_home_park/mobile_home_park_240.jpg,24,mobile_home_park
mobile_home_park/mobile_home_park_243.jpg,24,mobile_home_park
mobile_home_park/mobile_home_park_244.jpg,24,mobile_home_park
mobile_home_park/mobile_home_park_245.jpg,24,mobile_home_park
mobile_home_park/mobile_home_park_246.jpg,24,mobile_home_park
mobile_home_park/mobile_home_park_247.jpg,24,mobile_home_park
mobile_home_park/mobile_home_park_248.jpg,24,mobile_home_park
mobile_home_park/mobile_home_park_249.jpg,24,mobile_home_park
mobile_home_park/mobile_home_park_250.jpg,24,mobile_home_park
mobile_home_park/mobile_home_park_251.jpg,24,mobile_home_park
mobile_home_park/mobile_home_park_252.jpg,24,mobile_home_park
mobile_home_park/mobile_home_park_253.jpg,24,mobile_home_park
mobile_home_park/mobile_home_park_254.jpg,24,mobile_home_park
mobile_home_park/mobile_home_park_256.jpg,24,mobile_home_park
mobile_home_park/mobile_home_park_257.jpg,24,mobile_home_park
mobile_home_park/mobile_home_park_258.jpg,24,mobile_home_park
mobile_home_park/mobile_home_park_259.jpg,24,mobile_home_park
mobile_home_park/mobile_home_park_261.jpg,24,mobile_home_park
mobile_home_park/mobile_home_park_263.jpg,24,mobile_home_park
mobile_home_park/mobile_home_park_264.jpg,24,mobile_home_park
mobile_home_park/mobile_home_park_266.jpg,24,mobile_home_park
mobile_home_park/mobile_home_park_268.jpg,24,mobile_home_park
mobile_home_park/mobile_home_park_269.jpg,24,mobile_home_park
mobile_home_park/mobile_home_park_270.jpg,24,mobile_home_park
mobile_home_park/mobile_home_park_271.jpg,24,mobile_home_park
mobile_home_park/mobile_home_park_272.jpg,24,mobile_home_park
mobile_home_park/mobile_home_park_274.jpg,24,mobile_home_park
mobile_home_park/mobile_home_park_275.jpg,24,mobile_home_park
mobile_home_park/mobile_home_park_276.jpg,24,mobile_home_park
mobile_home_park/mobile_home_park_279.jpg,24,mobile_home_park
mobile_home_park/mobile_home_park_281.jpg,24,mobile_home_park
mobile_home_park/mobile_home_park_282.jpg,24,mobile_home_park
mobile_home_park/mobile_home_park_283.jpg,24,mobile_home_park
mobile_home_park/mobile_home_park_284.jpg,24,mobile_home_park
mobile_home_park/mobile_home_park_285.jpg,24,mobile_home_park
mobile_home_park/mobile_home_park_286.jpg,24,mobile_home_park
mobile_home_park/mobile_home_park_287.jpg,24,mobile_home_park
mobile_home_park/mobile_home_park_289.jpg,24,mobile_home_park
mobile_home_park/mobile_home_park_290.jpg,24,mobile_home_park
mobile_home_park/mobile_home_park_291.jpg,24,mobile_home_park
mobile_home_park/mobile_home_park_292.jpg,24,mobile_home_park
mobile_home_park/mobile_home_park_293.jpg,24,mobile_home_park
mobile_home_park/mobile_home_park_295.jpg,24,mobile_home_park
mobile_home_park/mobile_home_park_296.jpg,24,mobile_home_park
mobile_home_park/mobile_home_park_297.jpg,24,mobile_home_park
mobile_home_park/mobile_home_park_298.jpg,24,mobile_home_park
mobile_home_park/mobile_home_park_300.jpg,24,mobile_home_park
mobile_home_park/mobile_home_park_301.jpg,24,mobile_home_park
mobile_home_park/mobile_home_park_302.jpg,24,mobile_home_park
mobile_home_park/mobile_home_park_304.jpg,24,mobile_home_park
mobile_home_park/mobile_home_park_305.jpg,24,mobile_home_park
mobile_home_park/mobile_home_park_306.jpg,24,mobile_home_park
mobile_home_park/mobile_home_park_307.jpg,24,mobile_home_park
mobile_home_park/mobile_home_park_308.jpg,24,mobile_home_park
mobile_home_park/mobile_home_park_310.jpg,24,mobile_home_park
mobile_home_park/mobile_home_park_311.jpg,24,mobile_home_park
mobile_home_park/mobile_home_park_312.jpg,24,mobile_home_park
mobile_home_park/mobile_home_park_313.jpg,24,mobile_home_park
mobile_home_park/mobile_home_park_314.jpg,24,mobile_home_park
mobile_home_park/mobile_home_park_316.jpg,24,mobile_home_park
mobile_home_park/mobile_home_park_318.jpg,24,mobile_home_park
mobile_home_park/mobile_home_park_323.jpg,24,mobile_home_park
mobile_home_park/mobile_home_park_324.jpg,24,mobile_home_park
mobile_home_park/mobile_home_park_325.jpg,24,mobile_home_park
mobile_home_park/mobile_home_park_326.jpg,24,mobile_home_park
mobile_home_park/mobile_home_park_327.jpg,24,mobile_home_park
mobile_home_park/mobile_home_park_328.jpg,24,mobile_home_park
mobile_home_park/mobile_home_park_329.jpg,24,mobile_home_park
mobile_home_park/mobile_home_park_330.jpg,24,mobile_home_park
mobile_home_park/mobile_home_park_333.jpg,24,mobile_home_park
mobile_home_park/mobile_home_park_334.jpg,24,mobile_home_park
mobile_home_park/mobile_home_park_335.jpg,24,mobile_home_park
mobile_home_park/mobile_home_park_336.jpg,24,mobile_home_park
mobile_home_park/mobile_home_park_337.jpg,24,mobile_home_park
mobile_home_park/mobile_home_park_340.jpg,24,mobile_home_park
mobile_home_park/mobile_home_park_342.jpg,24,mobile_home_park
mobile_home_park/mobile_home_park_344.jpg,24,mobile_home_park
mobile_home_park/mobile_home_park_345.jpg,24,mobile_home_park
mobile_home_park/mobile_home_park_346.jpg,24,mobile_home_park
mobile_home_park/mobile_home_park_350.jpg,24,mobile_home_park
mobile_home_park/mobile_home_park_351.jpg,24,mobile_home_park
mobile_home_park/mobile_home_park_352.jpg,24,mobile_home_park
mobile_home_park/mobile_home_park_354.jpg,24,mobile_home_park
mobile_home_park/mobile_home_park_355.jpg,24,mobile_home_park
mobile_home_park/mobile_home_park_358.jpg,24,mobile_home_park
mobile_home_park/mobile_home_park_359.jpg,24,mobile_home_park
mobile_home_park/mobile_home_park_360.jpg,24,mobile_home_park
mobile_home_park/mobile_home_park_361.jpg,24,mobile_home_park
mobile_home_park/mobile_home_park_362.jpg,24,mobile_home_park
mobile_home_park/mobile_home_park_363.jpg,24,mobile_home_park
mobile_home_park/mobile_home_park_364.jpg,24,mobile_home_park
mobile_home_park/mobile_home_park_365.jpg,24,mobile_home_park
mobile_home_park/mobile_home_park_366.jpg,24,mobile_home_park
mobile_home_park/mobile_home_park_367.jpg,24,mobile_home_park
mobile_home_park/mobile_home_park_370.jpg,24,mobile_home_park
mobile_home_park/mobile_home_park_371.jpg,24,mobile_home_park
mobile_home_park/mobile_home_park_372.jpg,24,mobile_home_park
mobile_home_park/mobile_home_park_373.jpg,24,mobile_home_park
mobile_home_park/mobile_home_park_374.jpg,24,mobile_home_park
mobile_home_park/mobile_home_park_377.jpg,24,mobile_home_park
mobile_home_park/mobile_home_park_380.jpg,24,mobile_home_park
mobile_home_park/mobile_home_park_381.jpg,24,mobile_home_park
mobile_home_park/mobile_home_park_382.jpg,24,mobile_home_park
mobile_home_park/mobile_home_park_384.jpg,24,mobile_home_park
mobile_home_park/mobile_home_park_385.jpg,24,mobile_home_park
mobile_home_park/mobile_home_park_386.jpg,24,mobile_home_park
mobile_home_park/mobile_home_park_387.jpg,24,mobile_home_park
mobile_home_park/mobile_home_park_388.jpg,24,mobile_home_park
mobile_home_park/mobile_home_park_392.jpg,24,mobile_home_park
mobile_home_park/mobile_home_park_394.jpg,24,mobile_home_park
mobile_home_park/mobile_home_park_395.jpg,24,mobile_home_park
mobile_home_park/mobile_home_park_396.jpg,24,mobile_home_park
mobile_home_park/mobile_home_park_397.jpg,24,mobile_home_park
mobile_home_park/mobile_home_park_398.jpg,24,mobile_home_park
mobile_home_park/mobile_home_park_401.jpg,24,mobile_home_park
mobile_home_park/mobile_home_park_402.jpg,24,mobile_home_park
mobile_home_park/mobile_home_park_406.jpg,24,mobile_home_park
mobile_home_park/mobile_home_park_407.jpg,24,mobile_home_park
mobile_home_park/mobile_home_park_408.jpg,24,mobile_home_park
mobile_home_park/mobile_home_park_409.jpg,24,mobile_home_park
mobile_home_park/mobile_home_park_410.jpg,24,mobile_home_park
mobile_home_park/mobile_home_park_411.jpg,24,mobile_home_park
mobile_home_park/mobile_home_park_412.jpg,24,mobile_home_park
mobile_home_park/mobile_home_park_413.jpg,24,mobile_home_park
mobile_home_park/mobile_home_park_415.jpg,24,mobile_home_park
mobile_home_park/mobile_home_park_416.jpg,24,mobile_home_park
mobile_home_park/mobile_home_park_418.jpg,24,mobile_home_park
mobile_home_park/mobile_home_park_420.jpg,24,mobile_home_park
mobile_home_park/mobile_home_park_421.jpg,24,mobile_home_park
mobile_home_park/mobile_home_park_422.jpg,24,mobile_home_park
mobile_home_park/mobile_home_park_424.jpg,24,mobile_home_park
mobile_home_park/mobile_home_park_426.jpg,24,mobile_home_park
mobile_home_park/mobile_home_park_429.jpg,24,mobile_home_park
mobile_home_park/mobile_home_park_430.jpg,24,mobile_home_park
mobile_home_park/mobile_home_park_433.jpg,24,mobile_home_park
mobile_home_park/mobile_home_park_434.jpg,24,mobile_home_park
mobile_home_park/mobile_home_park_435.jpg,24,mobile_home_park
mobile_home_park/mobile_home_park_436.jpg,24,mobile_home_park
mobile_home_park/mobile_home_park_437.jpg,24,mobile_home_park
mobile_home_park/mobile_home_park_438.jpg,24,mobile_home_park
mobile_home_park/mobile_home_park_439.jpg,24,mobile_home_park
mobile_home_park/mobile_home_park_440.jpg,24,mobile_home_park
mobile_home_park/mobile_home_park_441.jpg,24,mobile_home_park
mobile_home_park/mobile_home_park_442.jpg,24,mobile_home_park
mobile_home_park/mobile_home_park_443.jpg,24,mobile_home_park
mobile_home_park/mobile_home_park_444.jpg,24,mobile_home_park
mobile_home_park/mobile_home_park_445.jpg,24,mobile_home_park
mobile_home_park/mobile_home_park_446.jpg,24,mobile_home_park
mobile_home_park/mobile_home_park_447.jpg,24,mobile_home_park
mobile_home_park/mobile_home_park_449.jpg,24,mobile_home_park
mobile_home_park/mobile_home_park_450.jpg,24,mobile_home_park
mobile_home_park/mobile_home_park_451.jpg,24,mobile_home_park
mobile_home_park/mobile_home_park_454.jpg,24,mobile_home_park
mobile_home_park/mobile_home_park_455.jpg,24,mobile_home_park
mobile_home_park/mobile_home_park_457.jpg,24,mobile_home_park
mobile_home_park/mobile_home_park_458.jpg,24,mobile_home_park
mobile_home_park/mobile_home_park_459.jpg,24,mobile_home_park
mobile_home_park/mobile_home_park_461.jpg,24,mobile_home_park
mobile_home_park/mobile_home_park_462.jpg,24,mobile_home_park
mobile_home_park/mobile_home_park_464.jpg,24,mobile_home_park
mobile_home_park/mobile_home_park_465.jpg,24,mobile_home_park
mobile_home_park/mobile_home_park_466.jpg,24,mobile_home_park
mobile_home_park/mobile_home_park_467.jpg,24,mobile_home_park
mobile_home_park/mobile_home_park_468.jpg,24,mobile_home_park
mobile_home_park/mobile_home_park_469.jpg,24,mobile_home_park
mobile_home_park/mobile_home_park_470.jpg,24,mobile_home_park
mobile_home_park/mobile_home_park_471.jpg,24,mobile_home_park
mobile_home_park/mobile_home_park_472.jpg,24,mobile_home_park
mobile_home_park/mobile_home_park_475.jpg,24,mobile_home_park
mobile_home_park/mobile_home_park_476.jpg,24,mobile_home_park
mobile_home_park/mobile_home_park_477.jpg,24,mobile_home_park
mobile_home_park/mobile_home_park_478.jpg,24,mobile_home_park
mobile_home_park/mobile_home_park_479.jpg,24,mobile_home_park
mobile_home_park/mobile_home_park_480.jpg,24,mobile_home_park
mobile_home_park/mobile_home_park_482.jpg,24,mobile_home_park
mobile_home_park/mobile_home_park_483.jpg,24,mobile_home_park
mobile_home_park/mobile_home_park_484.jpg,24,mobile_home_park
mobile_home_park/mobile_home_park_485.jpg,24,mobile_home_park
mobile_home_park/mobile_home_park_486.jpg,24,mobile_home_park
mobile_home_park/mobile_home_park_487.jpg,24,mobile_home_park
mobile_home_park/mobile_home_park_488.jpg,24,mobile_home_park
mobile_home_park/mobile_home_park_489.jpg,24,mobile_home_park
mobile_home_park/mobile_home_park_492.jpg,24,mobile_home_park
mobile_home_park/mobile_home_park_494.jpg,24,mobile_home_park
mobile_home_park/mobile_home_park_496.jpg,24,mobile_home_park
mobile_home_park/mobile_home_park_497.jpg,24,mobile_home_park
mobile_home_park/mobile_home_park_498.jpg,24,mobile_home_park
mobile_home_park/mobile_home_park_499.jpg,24,mobile_home_park
mobile_home_park/mobile_home_park_501.jpg,24,mobile_home_park
mobile_home_park/mobile_home_park_502.jpg,24,mobile_home_park
mobile_home_park/mobile_home_park_503.jpg,24,mobile_home_park
mobile_home_park/mobile_home_park_505.jpg,24,mobile_home_park
mobile_home_park/mobile_home_park_506.jpg,24,mobile_home_park
mobile_home_park/mobile_home_park_507.jpg,24,mobile_home_park
mobile_home_park/mobile_home_park_510.jpg,24,mobile_home_park
mobile_home_park/mobile_home_park_511.jpg,24,mobile_home_park
mobile_home_park/mobile_home_park_513.jpg,24,mobile_home_park
mobile_home_park/mobile_home_park_515.jpg,24,mobile_home_park
mobile_home_park/mobile_home_park_516.jpg,24,mobile_home_park
mobile_home_park/mobile_home_park_517.jpg,24,mobile_home_park
mobile_home_park/mobile_home_park_520.jpg,24,mobile_home_park
mobile_home_park/mobile_home_park_521.jpg,24,mobile_home_park
mobile_home_park/mobile_home_park_522.jpg,24,mobile_home_park
mobile_home_park/mobile_home_park_523.jpg,24,mobile_home_park
mobile_home_park/mobile_home_park_525.jpg,24,mobile_home_park
mobile_home_park/mobile_home_park_528.jpg,24,mobile_home_park
mobile_home_park/mobile_home_park_529.jpg,24,mobile_home_park
mobile_home_park/mobile_home_park_530.jpg,24,mobile_home_park
mobile_home_park/mobile_home_park_531.jpg,24,mobile_home_park
mobile_home_park/mobile_home_park_532.jpg,24,mobile_home_park
mobile_home_park/mobile_home_park_533.jpg,24,mobile_home_park
mobile_home_park/mobile_home_park_534.jpg,24,mobile_home_park
mobile_home_park/mobile_home_park_539.jpg,24,mobile_home_park
mobile_home_park/mobile_home_park_541.jpg,24,mobile_home_park
mobile_home_park/mobile_home_park_544.jpg,24,mobile_home_park
mobile_home_park/mobile_home_park_545.jpg,24,mobile_home_park
mobile_home_park/mobile_home_park_546.jpg,24,mobile_home_park
mobile_home_park/mobile_home_park_547.jpg,24,mobile_home_park
mobile_home_park/mobile_home_park_549.jpg,24,mobile_home_park
mobile_home_park/mobile_home_park_550.jpg,24,mobile_home_park
mobile_home_park/mobile_home_park_551.jpg,24,mobile_home_park
mobile_home_park/mobile_home_park_553.jpg,24,mobile_home_park
mobile_home_park/mobile_home_park_554.jpg,24,mobile_home_park
mobile_home_park/mobile_home_park_555.jpg,24,mobile_home_park
mobile_home_park/mobile_home_park_556.jpg,24,mobile_home_park
mobile_home_park/mobile_home_park_557.jpg,24,mobile_home_park
mobile_home_park/mobile_home_park_558.jpg,24,mobile_home_park
mobile_home_park/mobile_home_park_559.jpg,24,mobile_home_park
mobile_home_park/mobile_home_park_560.jpg,24,mobile_home_park
mobile_home_park/mobile_home_park_561.jpg,24,mobile_home_park
mobile_home_park/mobile_home_park_562.jpg,24,mobile_home_park
mobile_home_park/mobile_home_park_563.jpg,24,mobile_home_park
mobile_home_park/mobile_home_park_564.jpg,24,mobile_home_park
mobile_home_park/mobile_home_park_565.jpg,24,mobile_home_park
mobile_home_park/mobile_home_park_566.jpg,24,mobile_home_park
mobile_home_park/mobile_home_park_567.jpg,24,mobile_home_park
mobile_home_park/mobile_home_park_568.jpg,24,mobile_home_park
mobile_home_park/mobile_home_park_569.jpg,24,mobile_home_park
mobile_home_park/mobile_home_park_570.jpg,24,mobile_home_park
mobile_home_park/mobile_home_park_572.jpg,24,mobile_home_park
mobile_home_park/mobile_home_park_573.jpg,24,mobile_home_park
mobile_home_park/mobile_home_park_574.jpg,24,mobile_home_park
mobile_home_park/mobile_home_park_575.jpg,24,mobile_home_park
mobile_home_park/mobile_home_park_576.jpg,24,mobile_home_park
mobile_home_park/mobile_home_park_578.jpg,24,mobile_home_park
mobile_home_park/mobile_home_park_580.jpg,24,mobile_home_park
mobile_home_park/mobile_home_park_581.jpg,24,mobile_home_park
mobile_home_park/mobile_home_park_582.jpg,24,mobile_home_park
mobile_home_park/mobile_home_park_583.jpg,24,mobile_home_park
mobile_home_park/mobile_home_park_585.jpg,24,mobile_home_park
mobile_home_park/mobile_home_park_586.jpg,24,mobile_home_park
mobile_home_park/mobile_home_park_588.jpg,24,mobile_home_park
mobile_home_park/mobile_home_park_589.jpg,24,mobile_home_park
mobile_home_park/mobile_home_park_590.jpg,24,mobile_home_park
mobile_home_park/mobile_home_park_591.jpg,24,mobile_home_park
mobile_home_park/mobile_home_park_592.jpg,24,mobile_home_park
mobile_home_park/mobile_home_park_593.jpg,24,mobile_home_park
mobile_home_park/mobile_home_park_595.jpg,24,mobile_home_park
mobile_home_park/mobile_home_park_597.jpg,24,mobile_home_park
mobile_home_park/mobile_home_park_599.jpg,24,mobile_home_park
mobile_home_park/mobile_home_park_602.jpg,24,mobile_home_park
mobile_home_park/mobile_home_park_603.jpg,24,mobile_home_park
mobile_home_park/mobile_home_park_604.jpg,24,mobile_home_park
mobile_home_park/mobile_home_park_605.jpg,24,mobile_home_park
mobile_home_park/mobile_home_park_607.jpg,24,mobile_home_park
mobile_home_park/mobile_home_park_608.jpg,24,mobile_home_park
mobile_home_park/mobile_home_park_609.jpg,24,mobile_home_park
mobile_home_park/mobile_home_park_611.jpg,24,mobile_home_park
mobile_home_park/mobile_home_park_612.jpg,24,mobile_home_park
mobile_home_park/mobile_home_park_615.jpg,24,mobile_home_park
mobile_home_park/mobile_home_park_616.jpg,24,mobile_home_park
mobile_home_park/mobile_home_park_617.jpg,24,mobile_home_park
mobile_home_park/mobile_home_park_618.jpg,24,mobile_home_park
mobile_home_park/mobile_home_park_619.jpg,24,mobile_home_park
mobile_home_park/mobile_home_park_620.jpg,24,mobile_home_park
mobile_home_park/mobile_home_park_621.jpg,24,mobile_home_park
mobile_home_park/mobile_home_park_623.jpg,24,mobile_home_park
mobile_home_park/mobile_home_park_630.jpg,24,mobile_home_park
mobile_home_park/mobile_home_park_631.jpg,24,mobile_home_park
mobile_home_park/mobile_home_park_632.jpg,24,mobile_home_park
mobile_home_park/mobile_home_park_635.jpg,24,mobile_home_park
mobile_home_park/mobile_home_park_636.jpg,24,mobile_home_park
mobile_home_park/mobile_home_park_637.jpg,24,mobile_home_park
mobile_home_park/mobile_home_park_638.jpg,24,mobile_home_park
mobile_home_park/mobile_home_park_639.jpg,24,mobile_home_park
mobile_home_park/mobile_home_park_640.jpg,24,mobile_home_park
mobile_home_park/mobile_home_park_641.jpg,24,mobile_home_park
mobile_home_park/mobile_home_park_643.jpg,24,mobile_home_park
mobile_home_park/mobile_home_park_644.jpg,24,mobile_home_park
mobile_home_park/mobile_home_park_645.jpg,24,mobile_home_park
mobile_home_park/mobile_home_park_646.jpg,24,mobile_home_park
mobile_home_park/mobile_home_park_648.jpg,24,mobile_home_park
mobile_home_park/mobile_home_park_649.jpg,24,mobile_home_park
mobile_home_park/mobile_home_park_650.jpg,24,mobile_home_park
mobile_home_park/mobile_home_park_652.jpg,24,mobile_home_park
mobile_home_park/mobile_home_park_654.jpg,24,mobile_home_park
mobile_home_park/mobile_home_park_658.jpg,24,mobile_home_park
mobile_home_park/mobile_home_park_659.jpg,24,mobile_home_park
mobile_home_park/mobile_home_park_661.jpg,24,mobile_home_park
mobile_home_park/mobile_home_park_663.jpg,24,mobile_home_park
mobile_home_park/mobile_home_park_665.jpg,24,mobile_home_park
mobile_home_park/mobile_home_park_666.jpg,24,mobile_home_park
mobile_home_park/mobile_home_park_667.jpg,24,mobile_home_park
mobile_home_park/mobile_home_park_668.jpg,24,mobile_home_park
mobile_home_park/mobile_home_park_669.jpg,24,mobile_home_park
mobile_home_park/mobile_home_park_672.jpg,24,mobile_home_park
mobile_home_park/mobile_home_park_674.jpg,24,mobile_home_park
mobile_home_park/mobile_home_park_675.jpg,24,mobile_home_park
mobile_home_park/mobile_home_park_677.jpg,24,mobile_home_park
mobile_home_park/mobile_home_park_678.jpg,24,mobile_home_park
mobile_home_park/mobile_home_park_679.jpg,24,mobile_home_park
mobile_home_park/mobile_home_park_680.jpg,24,mobile_home_park
mobile_home_park/mobile_home_park_681.jpg,24,mobile_home_park
mobile_home_park/mobile_home_park_682.jpg,24,mobile_home_park
mobile_home_park/mobile_home_park_683.jpg,24,mobile_home_park
mobile_home_park/mobile_home_park_684.jpg,24,mobile_home_park
mobile_home_park/mobile_home_park_685.jpg,24,mobile_home_park
mobile_home_park/mobile_home_park_686.jpg,24,mobile_home_park
mobile_home_park/mobile_home_park_688.jpg,24,mobile_home_park
mobile_home_park/mobile_home_park_689.jpg,24,mobile_home_park
mobile_home_park/mobile_home_park_690.jpg,24,mobile_home_park
mobile_home_park/mobile_home_park_691.jpg,24,mobile_home_park
mobile_home_park/mobile_home_park_693.jpg,24,mobile_home_park
mobile_home_park/mobile_home_park_694.jpg,24,mobile_home_park
mobile_home_park/mobile_home_park_695.jpg,24,mobile_home_park
mobile_home_park/mobile_home_park_697.jpg,24,mobile_home_park
mobile_home_park/mobile_home_park_698.jpg,24,mobile_home_park
mobile_home_park/mobile_home_park_700.jpg,24,mobile_home_park
mountain/mountain_001.jpg,25,mountain
mountain/mountain_002.jpg,25,mountain
mountain/mountain_003.jpg,25,mountain
mountain/mountain_004.jpg,25,mountain
mountain/mountain_005.jpg,25,mountain
mountain/mountain_007.jpg,25,mountain
mountain/mountain_008.jpg,25,mountain
mountain/mountain_009.jpg,25,mountain
mountain/mountain_010.jpg,25,mountain
mountain/mountain_011.jpg,25,mountain
mountain/mountain_012.jpg,25,mountain
mountain/mountain_013.jpg,25,mountain
mountain/mountain_014.jpg,25,mountain
mountain/mountain_015.jpg,25,mountain
mountain/mountain_016.jpg,25,mountain
mountain/mountain_017.jpg,25,mountain
mountain/mountain_018.jpg,25,mountain
mountain/mountain_020.jpg,25,mountain
mountain/mountain_022.jpg,25,mountain
mountain/mountain_025.jpg,25,mountain
mountain/mountain_026.jpg,25,mountain
mountain/mountain_032.jpg,25,mountain
mountain/mountain_033.jpg,25,mountain
mountain/mountain_035.jpg,25,mountain
mountain/mountain_036.jpg,25,mountain
mountain/mountain_037.jpg,25,mountain
mountain/mountain_038.jpg,25,mountain
mountain/mountain_039.jpg,25,mountain
mountain/mountain_040.jpg,25,mountain
mountain/mountain_041.jpg,25,mountain
mountain/mountain_042.jpg,25,mountain
mountain/mountain_043.jpg,25,mountain
mountain/mountain_045.jpg,25,mountain
mountain/mountain_046.jpg,25,mountain
mountain/mountain_050.jpg,25,mountain
mountain/mountain_052.jpg,25,mountain
mountain/mountain_055.jpg,25,mountain
mountain/mountain_057.jpg,25,mountain
mountain/mountain_058.jpg,25,mountain
mountain/mountain_061.jpg,25,mountain
mountain/mountain_063.jpg,25,mountain
mountain/mountain_064.jpg,25,mountain
mountain/mountain_065.jpg,25,mountain
mountain/mountain_066.jpg,25,mountain
mountain/mountain_068.jpg,25,mountain
mountain/mountain_069.jpg,25,mountain
mountain/mountain_070.jpg,25,mountain
mountain/mountain_071.jpg,25,mountain
mountain/mountain_075.jpg,25,mountain
mountain/mountain_077.jpg,25,mountain
mountain/mountain_078.jpg,25,mountain
mountain/mountain_079.jpg,25,mountain
mountain/mountain_080.jpg,25,mountain
mountain/mountain_081.jpg,25,mountain
mountain/mountain_082.jpg,25,mountain
mountain/mountain_083.jpg,25,mountain
mountain/mountain_084.jpg,25,mountain
mountain/mountain_085.jpg,25,mountain
mountain/mountain_086.jpg,25,mountain
mountain/mountain_087.jpg,25,mountain
mountain/mountain_090.jpg,25,mountain
mountain/mountain_091.jpg,25,mountain
mountain/mountain_093.jpg,25,mountain
mountain/mountain_094.jpg,25,mountain
mountain/mountain_095.jpg,25,mountain
mountain/mountain_096.jpg,25,mountain
mountain/mountain_099.jpg,25,mountain
mountain/mountain_100.jpg,25,mountain
mountain/mountain_101.jpg,25,mountain
mountain/mountain_103.jpg,25,mountain
mountain/mountain_104.jpg,25,mountain
mountain/mountain_105.jpg,25,mountain
mountain/mountain_106.jpg,25,mountain
mountain/mountain_108.jpg,25,mountain
mountain/mountain_109.jpg,25,mountain
mountain/mountain_111.jpg,25,mountain
mountain/mountain_112.jpg,25,mountain
mountain/mountain_115.jpg,25,mountain
mountain/mountain_116.jpg,25,mountain
mountain/mountain_121.jpg,25,mountain
mountain/mountain_122.jpg,25,mountain
mountain/mountain_124.jpg,25,mountain
mountain/mountain_125.jpg,25,mountain
mountain/mountain_126.jpg,25,mountain
mountain/mountain_128.jpg,25,mountain
mountain/mountain_129.jpg,25,mountain
mountain/mountain_130.jpg,25,mountain
mountain/mountain_131.jpg,25,mountain
mountain/mountain_132.jpg,25,mountain
mountain/mountain_134.jpg,25,mountain
mountain/mountain_135.jpg,25,mountain
mountain/mountain_137.jpg,25,mountain
mountain/mountain_138.jpg,25,mountain
mountain/mountain_139.jpg,25,mountain
mountain/mountain_140.jpg,25,mountain
mountain/mountain_141.jpg,25,mountain
mountain/mountain_142.jpg,25,mountain
mountain/mountain_143.jpg,25,mountain
mountain/mountain_144.jpg,25,mountain
mountain/mountain_145.jpg,25,mountain
mountain/mountain_146.jpg,25,mountain
mountain/mountain_147.jpg,25,mountain
mountain/mountain_148.jpg,25,mountain
mountain/mountain_149.jpg,25,mountain
mountain/mountain_150.jpg,25,mountain
mountain/mountain_152.jpg,25,mountain
mountain/mountain_153.jpg,25,mountain
mountain/mountain_154.jpg,25,mountain
mountain/mountain_157.jpg,25,mountain
mountain/mountain_158.jpg,25,mountain
mountain/mountain_160.jpg,25,mountain
mountain/mountain_161.jpg,25,mountain
mountain/mountain_162.jpg,25,mountain
mountain/mountain_163.jpg,25,mountain
mountain/mountain_164.jpg,25,mountain
mountain/mountain_165.jpg,25,mountain
mountain/mountain_166.jpg,25,mountain
mountain/mountain_167.jpg,25,mountain
mountain/mountain_168.jpg,25,mountain
mountain/mountain_169.jpg,25,mountain
mountain/mountain_170.jpg,25,mountain
mountain/mountain_171.jpg,25,mountain
mountain/mountain_173.jpg,25,mountain
mountain/mountain_175.jpg,25,mountain
mountain/mountain_176.jpg,25,mountain
mountain/mountain_177.jpg,25,mountain
mountain/mountain_181.jpg,25,mountain
mountain/mountain_182.jpg,25,mountain
mountain/mountain_183.jpg,25,mountain
mountain/mountain_184.jpg,25,mountain
mountain/mountain_187.jpg,25,mountain
mountain/mountain_188.jpg,25,mountain
mountain/mountain_189.jpg,25,mountain
mountain/mountain_190.jpg,25,mountain
mountain/mountain_191.jpg,25,mountain
mountain/mountain_192.jpg,25,mountain
mountain/mountain_193.jpg,25,mountain
mountain/mountain_194.jpg,25,mountain
mountain/mountain_196.jpg,25,mountain
mountain/mountain_197.jpg,25,mountain
mountain/mountain_198.jpg,25,mountain
mountain/mountain_200.jpg,25,mountain
mountain/mountain_203.jpg,25,mountain
mountain/mountain_204.jpg,25,mountain
mountain/mountain_205.jpg,25,mountain
mountain/mountain_208.jpg,25,mountain
mountain/mountain_209.jpg,25,mountain
mountain/mountain_210.jpg,25,mountain
mountain/mountain_211.jpg,25,mountain
mountain/mountain_213.jpg,25,mountain
mountain/mountain_214.jpg,25,mountain
mountain/mountain_217.jpg,25,mountain
mountain/mountain_218.jpg,25,mountain
mountain/mountain_222.jpg,25,mountain
mountain/mountain_225.jpg,25,mountain
mountain/mountain_226.jpg,25,mountain
mountain/mountain_227.jpg,25,mountain
mountain/mountain_228.jpg,25,mountain
mountain/mountain_229.jpg,25,mountain
mountain/mountain_230.jpg,25,mountain
mountain/mountain_231.jpg,25,mountain
mountain/mountain_232.jpg,25,mountain
mountain/mountain_233.jpg,25,mountain
mountain/mountain_235.jpg,25,mountain
mountain/mountain_236.jpg,25,mountain
mountain/mountain_237.jpg,25,mountain
mountain/mountain_238.jpg,25,mountain
mountain/mountain_239.jpg,25,mountain
mountain/mountain_240.jpg,25,mountain
mountain/mountain_241.jpg,25,mountain
mountain/mountain_242.jpg,25,mountain
mountain/mountain_243.jpg,25,mountain
mountain/mountain_245.jpg,25,mountain
mountain/mountain_248.jpg,25,mountain
mountain/mountain_249.jpg,25,mountain
mountain/mountain_250.jpg,25,mountain
mountain/mountain_252.jpg,25,mountain
mountain/mountain_253.jpg,25,mountain
mountain/mountain_254.jpg,25,mountain
mountain/mountain_255.jpg,25,mountain
mountain/mountain_256.jpg,25,mountain
mountain/mountain_258.jpg,25,mountain
mountain/mountain_260.jpg,25,mountain
mountain/mountain_263.jpg,25,mountain
mountain/mountain_264.jpg,25,mountain
mountain/mountain_265.jpg,25,mountain
mountain/mountain_266.jpg,25,mountain
mountain/mountain_267.jpg,25,mountain
mountain/mountain_268.jpg,25,mountain
mountain/mountain_269.jpg,25,mountain
mountain/mountain_271.jpg,25,mountain
mountain/mountain_272.jpg,25,mountain
mountain/mountain_274.jpg,25,mountain
mountain/mountain_275.jpg,25,mountain
mountain/mountain_276.jpg,25,mountain
mountain/mountain_278.jpg,25,mountain
mountain/mountain_279.jpg,25,mountain
mountain/mountain_280.jpg,25,mountain
mountain/mountain_281.jpg,25,mountain
mountain/mountain_282.jpg,25,mountain
mountain/mountain_284.jpg,25,mountain
mountain/mountain_285.jpg,25,mountain
mountain/mountain_286.jpg,25,mountain
mountain/mountain_288.jpg,25,mountain
mountain/mountain_289.jpg,25,mountain
mountain/mountain_290.jpg,25,mountain
mountain/mountain_291.jpg,25,mountain
mountain/mountain_294.jpg,25,mountain
mountain/mountain_295.jpg,25,mountain
mountain/mountain_296.jpg,25,mountain
mountain/mountain_297.jpg,25,mountain
mountain/mountain_298.jpg,25,mountain
mountain/mountain_301.jpg,25,mountain
mountain/mountain_302.jpg,25,mountain
mountain/mountain_304.jpg,25,mountain
mountain/mountain_305.jpg,25,mountain
mountain/mountain_307.jpg,25,mountain
mountain/mountain_308.jpg,25,mountain
mountain/mountain_310.jpg,25,mountain
mountain/mountain_312.jpg,25,mountain
mountain/mountain_313.jpg,25,mountain
mountain/mountain_314.jpg,25,mountain
mountain/mountain_315.jpg,25,mountain
mountain/mountain_316.jpg,25,mountain
mountain/mountain_317.jpg,25,mountain
mountain/mountain_319.jpg,25,mountain
mountain/mountain_321.jpg,25,mountain
mountain/mountain_322.jpg,25,mountain
mountain/mountain_323.jpg,25,mountain
mountain/mountain_324.jpg,25,mountain
mountain/mountain_325.jpg,25,mountain
mountain/mountain_326.jpg,25,mountain
mountain/mountain_327.jpg,25,mountain
mountain/mountain_329.jpg,25,mountain
mountain/mountain_330.jpg,25,mountain
mountain/mountain_331.jpg,25,mountain
mountain/mountain_332.jpg,25,mountain
mountain/mountain_333.jpg,25,mountain
mountain/mountain_334.jpg,25,mountain
mountain/mountain_335.jpg,25,mountain
mountain/mountain_336.jpg,25,mountain
mountain/mountain_337.jpg,25,mountain
mountain/mountain_338.jpg,25,mountain
mountain/mountain_339.jpg,25,mountain
mountain/mountain_340.jpg,25,mountain
mountain/mountain_341.jpg,25,mountain
mountain/mountain_345.jpg,25,mountain
mountain/mountain_347.jpg,25,mountain
mountain/mountain_348.jpg,25,mountain
mountain/mountain_349.jpg,25,mountain
mountain/mountain_350.jpg,25,mountain
mountain/mountain_351.jpg,25,mountain
mountain/mountain_352.jpg,25,mountain
mountain/mountain_353.jpg,25,mountain
mountain/mountain_354.jpg,25,mountain
mountain/mountain_355.jpg,25,mountain
mountain/mountain_356.jpg,25,mountain
mountain/mountain_357.jpg,25,mountain
mountain/mountain_359.jpg,25,mountain
mountain/mountain_360.jpg,25,mountain
mountain/mountain_361.jpg,25,mountain
mountain/mountain_362.jpg,25,mountain
mountain/mountain_363.jpg,25,mountain
mountain/mountain_364.jpg,25,mountain
mountain/mountain_367.jpg,25,mountain
mountain/mountain_369.jpg,25,mountain
mountain/mountain_370.jpg,25,mountain
mountain/mountain_371.jpg,25,mountain
mountain/mountain_373.jpg,25,mountain
mountain/mountain_374.jpg,25,mountain
mountain/mountain_375.jpg,25,mountain
mountain/mountain_378.jpg,25,mountain
mountain/mountain_382.jpg,25,mountain
mountain/mountain_383.jpg,25,mountain
mountain/mountain_384.jpg,25,mountain
mountain/mountain_385.jpg,25,mountain
mountain/mountain_387.jpg,25,mountain
mountain/mountain_388.jpg,25,mountain
mountain/mountain_391.jpg,25,mountain
mountain/mountain_392.jpg,25,mountain
mountain/mountain_393.jpg,25,mountain
mountain/mountain_395.jpg,25,mountain
mountain/mountain_396.jpg,25,mountain
mountain/mountain_398.jpg,25,mountain
mountain/mountain_400.jpg,25,mountain
mountain/mountain_402.jpg,25,mountain
mountain/mountain_403.jpg,25,mountain
mountain/mountain_404.jpg,25,mountain
mountain/mountain_406.jpg,25,mountain
mountain/mountain_407.jpg,25,mountain
mountain/mountain_408.jpg,25,mountain
mountain/mountain_410.jpg,25,mountain
mountain/mountain_413.jpg,25,mountain
mountain/mountain_414.jpg,25,mountain
mountain/mountain_415.jpg,25,mountain
mountain/mountain_416.jpg,25,mountain
mountain/mountain_417.jpg,25,mountain
mountain/mountain_418.jpg,25,mountain
mountain/mountain_419.jpg,25,mountain
mountain/mountain_420.jpg,25,mountain
mountain/mountain_421.jpg,25,mountain
mountain/mountain_422.jpg,25,mountain
mountain/mountain_423.jpg,25,mountain
mountain/mountain_424.jpg,25,mountain
mountain/mountain_425.jpg,25,mountain
mountain/mountain_429.jpg,25,mountain
mountain/mountain_430.jpg,25,mountain
mountain/mountain_431.jpg,25,mountain
mountain/mountain_432.jpg,25,mountain
mountain/mountain_433.jpg,25,mountain
mountain/mountain_434.jpg,25,mountain
mountain/mountain_435.jpg,25,mountain
mountain/mountain_436.jpg,25,mountain
mountain/mountain_437.jpg,25,mountain
mountain/mountain_439.jpg,25,mountain
mountain/mountain_440.jpg,25,mountain
mountain/mountain_441.jpg,25,mountain
mountain/mountain_442.jpg,25,mountain
mountain/mountain_443.jpg,25,mountain
mountain/mountain_444.jpg,25,mountain
mountain/mountain_445.jpg,25,mountain
mountain/mountain_446.jpg,25,mountain
mountain/mountain_448.jpg,25,mountain
mountain/mountain_451.jpg,25,mountain
mountain/mountain_452.jpg,25,mountain
mountain/mountain_454.jpg,25,mountain
mountain/mountain_455.jpg,25,mountain
mountain/mountain_457.jpg,25,mountain
mountain/mountain_459.jpg,25,mountain
mountain/mountain_461.jpg,25,mountain
mountain/mountain_462.jpg,25,mountain
mountain/mountain_464.jpg,25,mountain
mountain/mountain_465.jpg,25,mountain
mountain/mountain_466.jpg,25,mountain
mountain/mountain_468.jpg,25,mountain
mountain/mountain_469.jpg,25,mountain
mountain/mountain_470.jpg,25,mountain
mountain/mountain_471.jpg,25,mountain
mountain/mountain_472.jpg,25,mountain
mountain/mountain_473.jpg,25,mountain
mountain/mountain_474.jpg,25,mountain
mountain/mountain_477.jpg,25,mountain
mountain/mountain_479.jpg,25,mountain
mountain/mountain_480.jpg,25,mountain
mountain/mountain_481.jpg,25,mountain
mountain/mountain_482.jpg,25,mountain
mountain/mountain_484.jpg,25,mountain
mountain/mountain_485.jpg,25,mountain
mountain/mountain_487.jpg,25,mountain
mountain/mountain_488.jpg,25,mountain
mountain/mountain_489.jpg,25,mountain
mountain/mountain_490.jpg,25,mountain
mountain/mountain_491.jpg,25,mountain
mountain/mountain_492.jpg,25,mountain
mountain/mountain_493.jpg,25,mountain
mountain/mountain_494.jpg,25,mountain
mountain/mountain_495.jpg,25,mountain
mountain/mountain_497.jpg,25,mountain
mountain/mountain_499.jpg,25,mountain
mountain/mountain_500.jpg,25,mountain
mountain/mountain_501.jpg,25,mountain
mountain/mountain_504.jpg,25,mountain
mountain/mountain_505.jpg,25,mountain
mountain/mountain_506.jpg,25,mountain
mountain/mountain_508.jpg,25,mountain
mountain/mountain_510.jpg,25,mountain
mountain/mountain_511.jpg,25,mountain
mountain/mountain_512.jpg,25,mountain
mountain/mountain_513.jpg,25,mountain
mountain/mountain_514.jpg,25,mountain
mountain/mountain_520.jpg,25,mountain
mountain/mountain_523.jpg,25,mountain
mountain/mountain_524.jpg,25,mountain
mountain/mountain_525.jpg,25,mountain
mountain/mountain_526.jpg,25,mountain
mountain/mountain_528.jpg,25,mountain
mountain/mountain_530.jpg,25,mountain
mountain/mountain_531.jpg,25,mountain
mountain/mountain_532.jpg,25,mountain
mountain/mountain_534.jpg,25,mountain
mountain/mountain_535.jpg,25,mountain
mountain/mountain_540.jpg,25,mountain
mountain/mountain_541.jpg,25,mountain
mountain/mountain_542.jpg,25,mountain
mountain/mountain_544.jpg,25,mountain
mountain/mountain_545.jpg,25,mountain
mountain/mountain_546.jpg,25,mountain
mountain/mountain_547.jpg,25,mountain
mountain/mountain_548.jpg,25,mountain
mountain/mountain_549.jpg,25,mountain
mountain/mountain_550.jpg,25,mountain
mountain/mountain_554.jpg,25,mountain
mountain/mountain_555.jpg,25,mountain
mountain/mountain_559.jpg,25,mountain
mountain/mountain_560.jpg,25,mountain
mountain/mountain_562.jpg,25,mountain
mountain/mountain_563.jpg,25,mountain
mountain/mountain_565.jpg,25,mountain
mountain/mountain_566.jpg,25,mountain
mountain/mountain_567.jpg,25,mountain
mountain/mountain_568.jpg,25,mountain
mountain/mountain_569.jpg,25,mountain
mountain/mountain_570.jpg,25,mountain
mountain/mountain_576.jpg,25,mountain
mountain/mountain_578.jpg,25,mountain
mountain/mountain_579.jpg,25,mountain
mountain/mountain_580.jpg,25,mountain
mountain/mountain_583.jpg,25,mountain
mountain/mountain_584.jpg,25,mountain
mountain/mountain_586.jpg,25,mountain
mountain/mountain_587.jpg,25,mountain
mountain/mountain_588.jpg,25,mountain
mountain/mountain_589.jpg,25,mountain
mountain/mountain_590.jpg,25,mountain
mountain/mountain_591.jpg,25,mountain
mountain/mountain_592.jpg,25,mountain
mountain/mountain_593.jpg,25,mountain
mountain/mountain_594.jpg,25,mountain
mountain/mountain_596.jpg,25,mountain
mountain/mountain_599.jpg,25,mountain
mountain/mountain_600.jpg,25,mountain
mountain/mountain_601.jpg,25,mountain
mountain/mountain_602.jpg,25,mountain
mountain/mountain_603.jpg,25,mountain
mountain/mountain_604.jpg,25,mountain
mountain/mountain_605.jpg,25,mountain
mountain/mountain_608.jpg,25,mountain
mountain/mountain_609.jpg,25,mountain
mountain/mountain_610.jpg,25,mountain
mountain/mountain_611.jpg,25,mountain
mountain/mountain_617.jpg,25,mountain
mountain/mountain_618.jpg,25,mountain
mountain/mountain_619.jpg,25,mountain
mountain/mountain_620.jpg,25,mountain
mountain/mountain_622.jpg,25,mountain
mountain/mountain_623.jpg,25,mountain
mountain/mountain_624.jpg,25,mountain
mountain/mountain_625.jpg,25,mountain
mountain/mountain_626.jpg,25,mountain
mountain/mountain_628.jpg,25,mountain
mountain/mountain_631.jpg,25,mountain
mountain/mountain_633.jpg,25,mountain
mountain/mountain_635.jpg,25,mountain
mountain/mountain_637.jpg,25,mountain
mountain/mountain_638.jpg,25,mountain
mountain/mountain_639.jpg,25,mountain
mountain/mountain_640.jpg,25,mountain
mountain/mountain_642.jpg,25,mountain
mountain/mountain_644.jpg,25,mountain
mountain/mountain_646.jpg,25,mountain
mountain/mountain_647.jpg,25,mountain
mountain/mountain_651.jpg,25,mountain
mountain/mountain_652.jpg,25,mountain
mountain/mountain_653.jpg,25,mountain
mountain/mountain_654.jpg,25,mountain
mountain/mountain_655.jpg,25,mountain
mountain/mountain_656.jpg,25,mountain
mountain/mountain_657.jpg,25,mountain
mountain/mountain_658.jpg,25,mountain
mountain/mountain_659.jpg,25,mountain
mountain/mountain_660.jpg,25,mountain
mountain/mountain_661.jpg,25,mountain
mountain/mountain_662.jpg,25,mountain
mountain/mountain_664.jpg,25,mountain
mountain/mountain_665.jpg,25,mountain
mountain/mountain_666.jpg,25,mountain
mountain/mountain_668.jpg,25,mountain
mountain/mountain_669.jpg,25,mountain
mountain/mountain_671.jpg,25,mountain
mountain/mountain_673.jpg,25,mountain
mountain/mountain_675.jpg,25,mountain
mountain/mountain_676.jpg,25,mountain
mountain/mountain_677.jpg,25,mountain
mountain/mountain_678.jpg,25,mountain
mountain/mountain_679.jpg,25,mountain
mountain/mountain_680.jpg,25,mountain
mountain/mountain_682.jpg,25,mountain
mountain/mountain_683.jpg,25,mountain
mountain/mountain_684.jpg,25,mountain
mountain/mountain_685.jpg,25,mountain
mountain/mountain_686.jpg,25,mountain
mountain/mountain_687.jpg,25,mountain
mountain/mountain_688.jpg,25,mountain
mountain/mountain_691.jpg,25,mountain
mountain/mountain_693.jpg,25,mountain
mountain/mountain_694.jpg,25,mountain
mountain/mountain_695.jpg,25,mountain
mountain/mountain_696.jpg,25,mountain
mountain/mountain_697.jpg,25,mountain
mountain/mountain_699.jpg,25,mountain
overpass/overpass_001.jpg,26,overpass
overpass/overpass_003.jpg,26,overpass
overpass/overpass_004.jpg,26,overpass
overpass/overpass_005.jpg,26,overpass
overpass/overpass_006.jpg,26,overpass
overpass/overpass_007.jpg,26,overpass
overpass/overpass_009.jpg,26,overpass
overpass/overpass_010.jpg,26,overpass
overpass/overpass_011.jpg,26,overpass
overpass/overpass_013.jpg,26,overpass
overpass/overpass_014.jpg,26,overpass
overpass/overpass_016.jpg,26,overpass
overpass/overpass_020.jpg,26,overpass
overpass/overpass_021.jpg,26,overpass
overpass/overpass_022.jpg,26,overpass
overpass/overpass_023.jpg,26,overpass
overpass/overpass_025.jpg,26,overpass
overpass/overpass_026.jpg,26,overpass
overpass/overpass_027.jpg,26,overpass
overpass/overpass_029.jpg,26,overpass
overpass/overpass_030.jpg,26,overpass
overpass/overpass_031.jpg,26,overpass
overpass/overpass_033.jpg,26,overpass
overpass/overpass_034.jpg,26,overpass
overpass/overpass_035.jpg,26,overpass
overpass/overpass_036.jpg,26,overpass
overpass/overpass_037.jpg,26,overpass
overpass/overpass_040.jpg,26,overpass
overpass/overpass_043.jpg,26,overpass
overpass/overpass_046.jpg,26,overpass
overpass/overpass_047.jpg,26,overpass
overpass/overpass_048.jpg,26,overpass
overpass/overpass_052.jpg,26,overpass
overpass/overpass_053.jpg,26,overpass
overpass/overpass_054.jpg,26,overpass
overpass/overpass_055.jpg,26,overpass
overpass/overpass_056.jpg,26,overpass
overpass/overpass_057.jpg,26,overpass
overpass/overpass_058.jpg,26,overpass
overpass/overpass_060.jpg,26,overpass
overpass/overpass_061.jpg,26,overpass
overpass/overpass_062.jpg,26,overpass
overpass/overpass_063.jpg,26,overpass
overpass/overpass_068.jpg,26,overpass
overpass/overpass_069.jpg,26,overpass
overpass/overpass_070.jpg,26,overpass
overpass/overpass_071.jpg,26,overpass
overpass/overpass_072.jpg,26,overpass
overpass/overpass_074.jpg,26,overpass
overpass/overpass_075.jpg,26,overpass
overpass/overpass_076.jpg,26,overpass
overpass/overpass_078.jpg,26,overpass
overpass/overpass_079.jpg,26,overpass
overpass/overpass_080.jpg,26,overpass
overpass/overpass_081.jpg,26,overpass
overpass/overpass_082.jpg,26,overpass
overpass/overpass_083.jpg,26,overpass
overpass/overpass_084.jpg,26,overpass
overpass/overpass_086.jpg,26,overpass
overpass/overpass_087.jpg,26,overpass
overpass/overpass_088.jpg,26,overpass
overpass/overpass_090.jpg,26,overpass
overpass/overpass_092.jpg,26,overpass
overpass/overpass_093.jpg,26,overpass
overpass/overpass_094.jpg,26,overpass
overpass/overpass_095.jpg,26,overpass
overpass/overpass_100.jpg,26,overpass
overpass/overpass_101.jpg,26,overpass
overpass/overpass_102.jpg,26,overpass
overpass/overpass_103.jpg,26,overpass
overpass/overpass_104.jpg,26,overpass
overpass/overpass_105.jpg,26,overpass
overpass/overpass_107.jpg,26,overpass
overpass/overpass_108.jpg,26,overpass
overpass/overpass_109.jpg,26,overpass
overpass/overpass_111.jpg,26,overpass
overpass/overpass_115.jpg,26,overpass
overpass/overpass_116.jpg,26,overpass
overpass/overpass_117.jpg,26,overpass
overpass/overpass_118.jpg,26,overpass
overpass/overpass_119.jpg,26,overpass
overpass/overpass_120.jpg,26,overpass
overpass/overpass_125.jpg,26,overpass
overpass/overpass_126.jpg,26,overpass
overpass/overpass_127.jpg,26,overpass
overpass/overpass_128.jpg,26,overpass
overpass/overpass_129.jpg,26,overpass
overpass/overpass_130.jpg,26,overpass
overpass/overpass_131.jpg,26,overpass
overpass/overpass_132.jpg,26,overpass
overpass/overpass_133.jpg,26,overpass
overpass/overpass_134.jpg,26,overpass
overpass/overpass_135.jpg,26,overpass
overpass/overpass_138.jpg,26,overpass
overpass/overpass_139.jpg,26,overpass
overpass/overpass_142.jpg,26,overpass
overpass/overpass_144.jpg,26,overpass
overpass/overpass_145.jpg,26,overpass
overpass/overpass_147.jpg,26,overpass
overpass/overpass_148.jpg,26,overpass
overpass/overpass_149.jpg,26,overpass
overpass/overpass_150.jpg,26,overpass
overpass/overpass_151.jpg,26,overpass
overpass/overpass_152.jpg,26,overpass
overpass/overpass_154.jpg,26,overpass
overpass/overpass_155.jpg,26,overpass
overpass/overpass_156.jpg,26,overpass
overpass/overpass_157.jpg,26,overpass
overpass/overpass_159.jpg,26,overpass
overpass/overpass_162.jpg,26,overpass
overpass/overpass_163.jpg,26,overpass
overpass/overpass_165.jpg,26,overpass
overpass/overpass_166.jpg,26,overpass
overpass/overpass_167.jpg,26,overpass
overpass/overpass_169.jpg,26,overpass
overpass/overpass_170.jpg,26,overpass
overpass/overpass_173.jpg,26,overpass
overpass/overpass_174.jpg,26,overpass
overpass/overpass_178.jpg,26,overpass
overpass/overpass_180.jpg,26,overpass
overpass/overpass_181.jpg,26,overpass
overpass/overpass_182.jpg,26,overpass
overpass/overpass_183.jpg,26,overpass
overpass/overpass_184.jpg,26,overpass
overpass/overpass_185.jpg,26,overpass
overpass/overpass_187.jpg,26,overpass
overpass/overpass_188.jpg,26,overpass
overpass/overpass_189.jpg,26,overpass
overpass/overpass_190.jpg,26,overpass
overpass/overpass_191.jpg,26,overpass
overpass/overpass_192.jpg,26,overpass
overpass/overpass_193.jpg,26,overpass
overpass/overpass_194.jpg,26,overpass
overpass/overpass_196.jpg,26,overpass
overpass/overpass_200.jpg,26,overpass
overpass/overpass_201.jpg,26,overpass
overpass/overpass_202.jpg,26,overpass
overpass/overpass_203.jpg,26,overpass
overpass/overpass_204.jpg,26,overpass
overpass/overpass_205.jpg,26,overpass
overpass/overpass_208.jpg,26,overpass
overpass/overpass_209.jpg,26,overpass
overpass/overpass_210.jpg,26,overpass
overpass/overpass_211.jpg,26,overpass
overpass/overpass_214.jpg,26,overpass
overpass/overpass_215.jpg,26,overpass
overpass/overpass_216.jpg,26,overpass
overpass/overpass_217.jpg,26,overpass
overpass/overpass_219.jpg,26,overpass
overpass/overpass_220.jpg,26,overpass
overpass/overpass_222.jpg,26,overpass
overpass/overpass_223.jpg,26,overpass
overpass/overpass_224.jpg,26,overpass
overpass/overpass_225.jpg,26,overpass
overpass/overpass_226.jpg,26,overpass
overpass/overpass_227.jpg,26,overpass
overpass/overpass_229.jpg,26,overpass
overpass/overpass_232.jpg,26,overpass
overpass/overpass_233.jpg,26,overpass
overpass/overpass_235.jpg,26,overpass
overpass/overpass_237.jpg,26,overpass
overpass/overpass_238.jpg,26,overpass
overpass/overpass_239.jpg,26,overpass
overpass/overpass_240.jpg,26,overpass
overpass/overpass_241.jpg,26,overpass
overpass/overpass_244.jpg,26,overpass
overpass/overpass_246.jpg,26,overpass
overpass/overpass_252.jpg,26,overpass
overpass/overpass_254.jpg,26,overpass
overpass/overpass_255.jpg,26,overpass
overpass/overpass_256.jpg,26,overpass
overpass/overpass_257.jpg,26,overpass
overpass/overpass_258.jpg,26,overpass
overpass/overpass_259.jpg,26,overpass
overpass/overpass_260.jpg,26,overpass
overpass/overpass_261.jpg,26,overpass
overpass/overpass_263.jpg,26,overpass
overpass/overpass_265.jpg,26,overpass
overpass/overpass_267.jpg,26,overpass
overpass/overpass_268.jpg,26,overpass
overpass/overpass_270.jpg,26,overpass
overpass/overpass_271.jpg,26,overpass
overpass/overpass_272.jpg,26,overpass
overpass/overpass_273.jpg,26,overpass
overpass/overpass_275.jpg,26,overpass
overpass/overpass_276.jpg,26,overpass
overpass/overpass_277.jpg,26,overpass
overpass/overpass_278.jpg,26,overpass
overpass/overpass_280.jpg,26,overpass
overpass/overpass_281.jpg,26,overpass
overpass/overpass_284.jpg,26,overpass
overpass/overpass_285.jpg,26,overpass
overpass/overpass_286.jpg,26,overpass
overpass/overpass_287.jpg,26,overpass
overpass/overpass_288.jpg,26,overpass
overpass/overpass_289.jpg,26,overpass
overpass/overpass_296.jpg,26,overpass
overpass/overpass_297.jpg,26,overpass
overpass/overpass_299.jpg,26,overpass
overpass/overpass_303.jpg,26,overpass
overpass/overpass_304.jpg,26,overpass
overpass/overpass_307.jpg,26,overpass
overpass/overpass_310.jpg,26,overpass
overpass/overpass_313.jpg,26,overpass
overpass/overpass_314.jpg,26,overpass
overpass/overpass_315.jpg,26,overpass
overpass/overpass_316.jpg,26,overpass
overpass/overpass_317.jpg,26,overpass
overpass/overpass_319.jpg,26,overpass
overpass/overpass_320.jpg,26,overpass
overpass/overpass_321.jpg,26,overpass
overpass/overpass_322.jpg,26,overpass
overpass/overpass_323.jpg,26,overpass
overpass/overpass_324.jpg,26,overpass
overpass/overpass_326.jpg,26,overpass
overpass/overpass_327.jpg,26,overpass
overpass/overpass_328.jpg,26,overpass
overpass/overpass_329.jpg,26,overpass
overpass/overpass_331.jpg,26,overpass
overpass/overpass_332.jpg,26,overpass
overpass/overpass_336.jpg,26,overpass
overpass/overpass_338.jpg,26,overpass
overpass/overpass_339.jpg,26,overpass
overpass/overpass_340.jpg,26,overpass
overpass/overpass_342.jpg,26,overpass
overpass/overpass_343.jpg,26,overpass
overpass/overpass_344.jpg,26,overpass
overpass/overpass_345.jpg,26,overpass
overpass/overpass_347.jpg,26,overpass
overpass/overpass_348.jpg,26,overpass
overpass/overpass_350.jpg,26,overpass
overpass/overpass_352.jpg,26,overpass
overpass/overpass_355.jpg,26,overpass
overpass/overpass_357.jpg,26,overpass
overpass/overpass_358.jpg,26,overpass
overpass/overpass_362.jpg,26,overpass
overpass/overpass_363.jpg,26,overpass
overpass/overpass_364.jpg,26,overpass
overpass/overpass_365.jpg,26,overpass
overpass/overpass_366.jpg,26,overpass
overpass/overpass_367.jpg,26,overpass
overpass/overpass_369.jpg,26,overpass
overpass/overpass_370.jpg,26,overpass
overpass/overpass_371.jpg,26,overpass
overpass/overpass_372.jpg,26,overpass
overpass/overpass_374.jpg,26,overpass
overpass/overpass_376.jpg,26,overpass
overpass/overpass_377.jpg,26,overpass
overpass/overpass_378.jpg,26,overpass
overpass/overpass_379.jpg,26,overpass
overpass/overpass_380.jpg,26,overpass
overpass/overpass_382.jpg,26,overpass
overpass/overpass_383.jpg,26,overpass
overpass/overpass_385.jpg,26,overpass
overpass/overpass_386.jpg,26,overpass
overpass/overpass_387.jpg,26,overpass
overpass/overpass_389.jpg,26,overpass
overpass/overpass_390.jpg,26,overpass
overpass/overpass_391.jpg,26,overpass
overpass/overpass_392.jpg,26,overpass
overpass/overpass_394.jpg,26,overpass
overpass/overpass_395.jpg,26,overpass
overpass/overpass_396.jpg,26,overpass
overpass/overpass_397.jpg,26,overpass
overpass/overpass_398.jpg,26,overpass
overpass/overpass_399.jpg,26,overpass
overpass/overpass_400.jpg,26,overpass
overpass/overpass_402.jpg,26,overpass
overpass/overpass_403.jpg,26,overpass
overpass/overpass_405.jpg,26,overpass
overpass/overpass_407.jpg,26,overpass
overpass/overpass_408.jpg,26,overpass
overpass/overpass_409.jpg,26,overpass
overpass/overpass_411.jpg,26,overpass
overpass/overpass_412.jpg,26,overpass
overpass/overpass_413.jpg,26,overpass
overpass/overpass_415.jpg,26,overpass
overpass/overpass_416.jpg,26,overpass
overpass/overpass_417.jpg,26,overpass
overpass/overpass_419.jpg,26,overpass
overpass/overpass_420.jpg,26,overpass
overpass/overpass_424.jpg,26,overpass
overpass/overpass_427.jpg,26,overpass
overpass/overpass_428.jpg,26,overpass
overpass/overpass_430.jpg,26,overpass
overpass/overpass_431.jpg,26,overpass
overpass/overpass_432.jpg,26,overpass
overpass/overpass_433.jpg,26,overpass
overpass/overpass_434.jpg,26,overpass
overpass/overpass_435.jpg,26,overpass
overpass/overpass_436.jpg,26,overpass
overpass/overpass_438.jpg,26,overpass
overpass/overpass_439.jpg,26,overpass
overpass/overpass_440.jpg,26,overpass
overpass/overpass_445.jpg,26,overpass
overpass/overpass_447.jpg,26,overpass
overpass/overpass_448.jpg,26,overpass
overpass/overpass_449.jpg,26,overpass
overpass/overpass_451.jpg,26,overpass
overpass/overpass_452.jpg,26,overpass
overpass/overpass_454.jpg,26,overpass
overpass/overpass_455.jpg,26,overpass
overpass/overpass_457.jpg,26,overpass
overpass/overpass_458.jpg,26,overpass
overpass/overpass_460.jpg,26,overpass
overpass/overpass_461.jpg,26,overpass
overpass/overpass_462.jpg,26,overpass
overpass/overpass_463.jpg,26,overpass
overpass/overpass_465.jpg,26,overpass
overpass/overpass_466.jpg,26,overpass
overpass/overpass_467.jpg,26,overpass
overpass/overpass_468.jpg,26,overpass
overpass/overpass_470.jpg,26,overpass
overpass/overpass_471.jpg,26,overpass
overpass/overpass_472.jpg,26,overpass
overpass/overpass_473.jpg,26,overpass
overpass/overpass_474.jpg,26,overpass
overpass/overpass_476.jpg,26,overpass
overpass/overpass_478.jpg,26,overpass
overpass/overpass_479.jpg,26,overpass
overpass/overpass_480.jpg,26,overpass
overpass/overpass_481.jpg,26,overpass
overpass/overpass_482.jpg,26,overpass
overpass/overpass_483.jpg,26,overpass
overpass/overpass_484.jpg,26,overpass
overpass/overpass_485.jpg,26,overpass
overpass/overpass_486.jpg,26,overpass
overpass/overpass_487.jpg,26,overpass
overpass/overpass_490.jpg,26,overpass
overpass/overpass_492.jpg,26,overpass
overpass/overpass_494.jpg,26,overpass
overpass/overpass_495.jpg,26,overpass
overpass/overpass_497.jpg,26,overpass
overpass/overpass_499.jpg,26,overpass
overpass/overpass_500.jpg,26,overpass
overpass/overpass_502.jpg,26,overpass
overpass/overpass_503.jpg,26,overpass
overpass/overpass_504.jpg,26,overpass
overpass/overpass_507.jpg,26,overpass
overpass/overpass_508.jpg,26,overpass
overpass/overpass_509.jpg,26,overpass
overpass/overpass_511.jpg,26,overpass
overpass/overpass_512.jpg,26,overpass
overpass/overpass_513.jpg,26,overpass
overpass/overpass_515.jpg,26,overpass
overpass/overpass_517.jpg,26,overpass
overpass/overpass_519.jpg,26,overpass
overpass/overpass_520.jpg,26,overpass
overpass/overpass_521.jpg,26,overpass
overpass/overpass_523.jpg,26,overpass
overpass/overpass_524.jpg,26,overpass
overpass/overpass_525.jpg,26,overpass
overpass/overpass_526.jpg,26,overpass
overpass/overpass_528.jpg,26,overpass
overpass/overpass_529.jpg,26,overpass
overpass/overpass_530.jpg,26,overpass
overpass/overpass_532.jpg,26,overpass
overpass/overpass_534.jpg,26,overpass
overpass/overpass_535.jpg,26,overpass
overpass/overpass_536.jpg,26,overpass
overpass/overpass_537.jpg,26,overpass
overpass/overpass_538.jpg,26,overpass
overpass/overpass_539.jpg,26,overpass
overpass/overpass_541.jpg,26,overpass
overpass/overpass_542.jpg,26,overpass
overpass/overpass_543.jpg,26,overpass
overpass/overpass_545.jpg,26,overpass
overpass/overpass_546.jpg,26,overpass
overpass/overpass_547.jpg,26,overpass
overpass/overpass_549.jpg,26,overpass
overpass/overpass_550.jpg,26,overpass
overpass/overpass_552.jpg,26,overpass
overpass/overpass_553.jpg,26,overpass
overpass/overpass_556.jpg,26,overpass
overpass/overpass_557.jpg,26,overpass
overpass/overpass_558.jpg,26,overpass
overpass/overpass_559.jpg,26,overpass
overpass/overpass_560.jpg,26,overpass
overpass/overpass_561.jpg,26,overpass
overpass/overpass_562.jpg,26,overpass
overpass/overpass_563.jpg,26,overpass
overpass/overpass_564.jpg,26,overpass
overpass/overpass_565.jpg,26,overpass
overpass/overpass_566.jpg,26,overpass
overpass/overpass_567.jpg,26,overpass
overpass/overpass_569.jpg,26,overpass
overpass/overpass_572.jpg,26,overpass
overpass/overpass_573.jpg,26,overpass
overpass/overpass_574.jpg,26,overpass
overpass/overpass_575.jpg,26,overpass
overpass/overpass_576.jpg,26,overpass
overpass/overpass_577.jpg,26,overpass
overpass/overpass_578.jpg,26,overpass
overpass/overpass_579.jpg,26,overpass
overpass/overpass_581.jpg,26,overpass
overpass/overpass_582.jpg,26,overpass
overpass/overpass_584.jpg,26,overpass
overpass/overpass_585.jpg,26,overpass
overpass/overpass_586.jpg,26,overpass
overpass/overpass_588.jpg,26,overpass
overpass/overpass_589.jpg,26,overpass
overpass/overpass_590.jpg,26,overpass
overpass/overpass_593.jpg,26,overpass
overpass/overpass_594.jpg,26,overpass
overpass/overpass_595.jpg,26,overpass
overpass/overpass_596.jpg,26,overpass
overpass/overpass_597.jpg,26,overpass
overpass/overpass_599.jpg,26,overpass
overpass/overpass_600.jpg,26,overpass
overpass/overpass_601.jpg,26,overpass
overpass/overpass_602.jpg,26,overpass
overpass/overpass_604.jpg,26,overpass
overpass/overpass_605.jpg,26,overpass
overpass/overpass_606.jpg,26,overpass
overpass/overpass_607.jpg,26,overpass
overpass/overpass_609.jpg,26,overpass
overpass/overpass_610.jpg,26,overpass
overpass/overpass_611.jpg,26,overpass
overpass/overpass_612.jpg,26,overpass
overpass/overpass_613.jpg,26,overpass
overpass/overpass_616.jpg,26,overpass
overpass/overpass_618.jpg,26,overpass
overpass/overpass_619.jpg,26,overpass
overpass/overpass_620.jpg,26,overpass
overpass/overpass_621.jpg,26,overpass
overpass/overpass_622.jpg,26,overpass
overpass/overpass_623.jpg,26,overpass
overpass/overpass_625.jpg,26,overpass
overpass/overpass_626.jpg,26,overpass
overpass/overpass_627.jpg,26,overpass
overpass/overpass_628.jpg,26,overpass
overpass/overpass_629.jpg,26,overpass
overpass/overpass_630.jpg,26,overpass
overpass/overpass_631.jpg,26,overpass
overpass/overpass_633.jpg,26,overpass
overpass/overpass_634.jpg,26,overpass
overpass/overpass_635.jpg,26,overpass
overpass/overpass_636.jpg,26,overpass
overpass/overpass_637.jpg,26,overpass
overpass/overpass_638.jpg,26,overpass
overpass/overpass_639.jpg,26,overpass
overpass/overpass_641.jpg,26,overpass
overpass/overpass_642.jpg,26,overpass
overpass/overpass_643.jpg,26,overpass
overpass/overpass_644.jpg,26,overpass
overpass/overpass_645.jpg,26,overpass
overpass/overpass_646.jpg,26,overpass
overpass/overpass_647.jpg,26,overpass
overpass/overpass_648.jpg,26,overpass
overpass/overpass_649.jpg,26,overpass
overpass/overpass_651.jpg,26,overpass
overpass/overpass_652.jpg,26,overpass
overpass/overpass_653.jpg,26,overpass
overpass/overpass_654.jpg,26,overpass
overpass/overpass_655.jpg,26,overpass
overpass/overpass_656.jpg,26,overpass
overpass/overpass_657.jpg,26,overpass
overpass/overpass_659.jpg,26,overpass
overpass/overpass_660.jpg,26,overpass
overpass/overpass_661.jpg,26,overpass
overpass/overpass_663.jpg,26,overpass
overpass/overpass_664.jpg,26,overpass
overpass/overpass_665.jpg,26,overpass
overpass/overpass_666.jpg,26,overpass
overpass/overpass_667.jpg,26,overpass
overpass/overpass_668.jpg,26,overpass
overpass/overpass_669.jpg,26,overpass
overpass/overpass_671.jpg,26,overpass
overpass/overpass_672.jpg,26,overpass
overpass/overpass_675.jpg,26,overpass
overpass/overpass_676.jpg,26,overpass
overpass/overpass_678.jpg,26,overpass
overpass/overpass_679.jpg,26,overpass
overpass/overpass_681.jpg,26,overpass
overpass/overpass_682.jpg,26,overpass
overpass/overpass_683.jpg,26,overpass
overpass/overpass_685.jpg,26,overpass
overpass/overpass_686.jpg,26,overpass
overpass/overpass_687.jpg,26,overpass
overpass/overpass_688.jpg,26,overpass
overpass/overpass_689.jpg,26,overpass
overpass/overpass_691.jpg,26,overpass
overpass/overpass_692.jpg,26,overpass
overpass/overpass_693.jpg,26,overpass
overpass/overpass_694.jpg,26,overpass
overpass/overpass_695.jpg,26,overpass
overpass/overpass_697.jpg,26,overpass
overpass/overpass_698.jpg,26,overpass
overpass/overpass_699.jpg,26,overpass
overpass/overpass_700.jpg,26,overpass
palace/palace_002.jpg,27,palace
palace/palace_004.jpg,27,palace
palace/palace_006.jpg,27,palace
palace/palace_007.jpg,27,palace
palace/palace_013.jpg,27,palace
palace/palace_015.jpg,27,palace
palace/palace_016.jpg,27,palace
palace/palace_017.jpg,27,palace
palace/palace_019.jpg,27,palace
palace/palace_020.jpg,27,palace
palace/palace_021.jpg,27,palace
palace/palace_022.jpg,27,palace
palace/palace_023.jpg,27,palace
palace/palace_024.jpg,27,palace
palace/palace_026.jpg,27,palace
palace/palace_027.jpg,27,palace
palace/palace_028.jpg,27,palace
palace/palace_030.jpg,27,palace
palace/palace_031.jpg,27,palace
palace/palace_032.jpg,27,palace
palace/palace_034.jpg,27,palace
palace/palace_035.jpg,27,palace
palace/palace_036.jpg,27,palace
palace/palace_037.jpg,27,palace
palace/palace_039.jpg,27,palace
palace/palace_043.jpg,27,palace
palace/palace_044.jpg,27,palace
palace/palace_045.jpg,27,palace
palace/palace_047.jpg,27,palace
palace/palace_050.jpg,27,palace
palace/palace_051.jpg,27,palace
palace/palace_054.jpg,27,palace
palace/palace_055.jpg,27,palace
palace/palace_056.jpg,27,palace
palace/palace_057.jpg,27,palace
palace/palace_059.jpg,27,palace
palace/palace_060.jpg,27,palace
palace/palace_061.jpg,27,palace
palace/palace_062.jpg,27,palace
palace/palace_063.jpg,27,palace
palace/palace_064.jpg,27,palace
palace/palace_068.jpg,27,palace
palace/palace_070.jpg,27,palace
palace/palace_072.jpg,27,palace
palace/palace_073.jpg,27,palace
palace/palace_074.jpg,27,palace
palace/palace_075.jpg,27,palace
palace/palace_076.jpg,27,palace
palace/palace_077.jpg,27,palace
palace/palace_083.jpg,27,palace
palace/palace_084.jpg,27,palace
palace/palace_085.jpg,27,palace
palace/palace_087.jpg,27,palace
palace/palace_088.jpg,27,palace
palace/palace_092.jpg,27,palace
palace/palace_093.jpg,27,palace
palace/palace_094.jpg,27,palace
palace/palace_095.jpg,27,palace
palace/palace_096.jpg,27,palace
palace/palace_097.jpg,27,palace
palace/palace_098.jpg,27,palace
palace/palace_099.jpg,27,palace
palace/palace_101.jpg,27,palace
palace/palace_102.jpg,27,palace
palace/palace_105.jpg,27,palace
palace/palace_106.jpg,27,palace
palace/palace_107.jpg,27,palace
palace/palace_108.jpg,27,palace
palace/palace_109.jpg,27,palace
palace/palace_110.jpg,27,palace
palace/palace_111.jpg,27,palace
palace/palace_113.jpg,27,palace
palace/palace_114.jpg,27,palace
palace/palace_115.jpg,27,palace
palace/palace_116.jpg,27,palace
palace/palace_117.jpg,27,palace
palace/palace_119.jpg,27,palace
palace/palace_122.jpg,27,palace
palace/palace_123.jpg,27,palace
palace/palace_124.jpg,27,palace
palace/palace_125.jpg,27,palace
palace/palace_129.jpg,27,palace
palace/palace_130.jpg,27,palace
palace/palace_131.jpg,27,palace
palace/palace_132.jpg,27,palace
palace/palace_133.jpg,27,palace
palace/palace_134.jpg,27,palace
palace/palace_135.jpg,27,palace
palace/palace_136.jpg,27,palace
palace/palace_137.jpg,27,palace
palace/palace_138.jpg,27,palace
palace/palace_140.jpg,27,palace
palace/palace_141.jpg,27,palace
palace/palace_142.jpg,27,palace
palace/palace_145.jpg,27,palace
palace/palace_146.jpg,27,palace
palace/palace_147.jpg,27,palace
palace/palace_148.jpg,27,palace
palace/palace_149.jpg,27,palace
palace/palace_150.jpg,27,palace
palace/palace_151.jpg,27,palace
palace/palace_152.jpg,27,palace
palace/palace_154.jpg,27,palace
palace/palace_155.jpg,27,palace
palace/palace_156.jpg,27,palace
palace/palace_157.jpg,27,palace
palace/palace_158.jpg,27,palace
palace/palace_159.jpg,27,palace
palace/palace_161.jpg,27,palace
palace/palace_162.jpg,27,palace
palace/palace_163.jpg,27,palace
palace/palace_164.jpg,27,palace
palace/palace_166.jpg,27,palace
palace/palace_167.jpg,27,palace
palace/palace_169.jpg,27,palace
palace/palace_170.jpg,27,palace
palace/palace_171.jpg,27,palace
palace/palace_172.jpg,27,palace
palace/palace_174.jpg,27,palace
palace/palace_175.jpg,27,palace
palace/palace_176.jpg,27,palace
palace/palace_177.jpg,27,palace
palace/palace_178.jpg,27,palace
palace/palace_179.jpg,27,palace
palace/palace_180.jpg,27,palace
palace/palace_181.jpg,27,palace
palace/palace_182.jpg,27,palace
palace/palace_183.jpg,27,palace
palace/palace_184.jpg,27,palace
palace/palace_187.jpg,27,palace
palace/palace_188.jpg,27,palace
palace/palace_189.jpg,27,palace
palace/palace_191.jpg,27,palace
palace/palace_192.jpg,27,palace
palace/palace_193.jpg,27,palace
palace/palace_194.jpg,27,palace
palace/palace_195.jpg,27,palace
palace/palace_198.jpg,27,palace
palace/palace_199.jpg,27,palace
palace/palace_200.jpg,27,palace
palace/palace_201.jpg,27,palace
palace/palace_202.jpg,27,palace
palace/palace_203.jpg,27,palace
palace/palace_204.jpg,27,palace
palace/palace_206.jpg,27,palace
palace/palace_207.jpg,27,palace
palace/palace_208.jpg,27,palace
palace/palace_209.jpg,27,palace
palace/palace_210.jpg,27,palace
palace/palace_211.jpg,27,palace
palace/palace_217.jpg,27,palace
palace/palace_218.jpg,27,palace
palace/palace_219.jpg,27,palace
palace/palace_222.jpg,27,palace
palace/palace_223.jpg,27,palace
palace/palace_224.jpg,27,palace
palace/palace_225.jpg,27,palace
palace/palace_226.jpg,27,palace
palace/palace_228.jpg,27,palace
palace/palace_230.jpg,27,palace
palace/palace_231.jpg,27,palace
palace/palace_233.jpg,27,palace
palace/palace_234.jpg,27,palace
palace/palace_236.jpg,27,palace
palace/palace_238.jpg,27,palace
palace/palace_239.jpg,27,palace
palace/palace_240.jpg,27,palace
palace/palace_241.jpg,27,palace
palace/palace_242.jpg,27,palace
palace/palace_243.jpg,27,palace
palace/palace_244.jpg,27,palace
palace/palace_245.jpg,27,palace
palace/palace_246.jpg,27,palace
palace/palace_248.jpg,27,palace
palace/palace_249.jpg,27,palace
palace/palace_250.jpg,27,palace
palace/palace_251.jpg,27,palace
palace/palace_253.jpg,27,palace
palace/palace_257.jpg,27,palace
palace/palace_259.jpg,27,palace
palace/palace_260.jpg,27,palace
palace/palace_261.jpg,27,palace
palace/palace_263.jpg,27,palace
palace/palace_264.jpg,27,palace
palace/palace_266.jpg,27,palace
palace/palace_267.jpg,27,palace
palace/palace_270.jpg,27,palace
palace/palace_271.jpg,27,palace
palace/palace_275.jpg,27,palace
palace/palace_277.jpg,27,palace
palace/palace_278.jpg,27,palace
palace/palace_280.jpg,27,palace
palace/palace_281.jpg,27,palace
palace/palace_282.jpg,27,palace
palace/palace_285.jpg,27,palace
palace/palace_286.jpg,27,palace
palace/palace_288.jpg,27,palace
palace/palace_289.jpg,27,palace
palace/palace_290.jpg,27,palace
palace/palace_291.jpg,27,palace
palace/palace_292.jpg,27,palace
palace/palace_294.jpg,27,palace
palace/palace_295.jpg,27,palace
palace/palace_296.jpg,27,palace
palace/palace_298.jpg,27,palace
palace/palace_299.jpg,27,palace
palace/palace_300.jpg,27,palace
palace/palace_301.jpg,27,palace
palace/palace_302.jpg,27,palace
palace/palace_303.jpg,27,palace
palace/palace_304.jpg,27,palace
palace/palace_305.jpg,27,palace
palace/palace_306.jpg,27,palace
palace/palace_308.jpg,27,palace
palace/palace_310.jpg,27,palace
palace/palace_311.jpg,27,palace
palace/palace_312.jpg,27,palace
palace/palace_313.jpg,27,palace
palace/palace_314.jpg,27,palace
palace/palace_315.jpg,27,palace
palace/palace_317.jpg,27,palace
palace/palace_318.jpg,27,palace
palace/palace_319.jpg,27,palace
palace/palace_320.jpg,27,palace
palace/palace_321.jpg,27,palace
palace/palace_323.jpg,27,palace
palace/palace_324.jpg,27,palace
palace/palace_325.jpg,27,palace
palace/palace_326.jpg,27,palace
palace/palace_327.jpg,27,palace
palace/palace_328.jpg,27,palace
palace/palace_329.jpg,27,palace
palace/palace_332.jpg,27,palace
palace/palace_333.jpg,27,palace
palace/palace_335.jpg,27,palace
palace/palace_336.jpg,27,palace
palace/palace_337.jpg,27,palace
palace/palace_338.jpg,27,palace
palace/palace_339.jpg,27,palace
palace/palace_340.jpg,27,palace
palace/palace_341.jpg,27,palace
palace/palace_342.jpg,27,palace
palace/palace_343.jpg,27,palace
palace/palace_344.jpg,27,palace
palace/palace_345.jpg,27,palace
palace/palace_346.jpg,27,palace
palace/palace_349.jpg,27,palace
palace/palace_350.jpg,27,palace
palace/palace_351.jpg,27,palace
palace/palace_352.jpg,27,palace
palace/palace_353.jpg,27,palace
palace/palace_355.jpg,27,palace
palace/palace_357.jpg,27,palace
palace/palace_358.jpg,27,palace
palace/palace_359.jpg,27,palace
palace/palace_361.jpg,27,palace
palace/palace_364.jpg,27,palace
palace/palace_365.jpg,27,palace
palace/palace_367.jpg,27,palace
palace/palace_370.jpg,27,palace
palace/palace_371.jpg,27,palace
palace/palace_373.jpg,27,palace
palace/palace_376.jpg,27,palace
palace/palace_377.jpg,27,palace
palace/palace_378.jpg,27,palace
palace/palace_379.jpg,27,palace
palace/palace_381.jpg,27,palace
palace/palace_382.jpg,27,palace
palace/palace_383.jpg,27,palace
palace/palace_384.jpg,27,palace
palace/palace_385.jpg,27,palace
palace/palace_386.jpg,27,palace
palace/palace_387.jpg,27,palace
palace/palace_389.jpg,27,palace
palace/palace_390.jpg,27,palace
palace/palace_391.jpg,27,palace
palace/palace_392.jpg,27,palace
palace/palace_394.jpg,27,palace
palace/palace_396.jpg,27,palace
palace/palace_397.jpg,27,palace
palace/palace_398.jpg,27,palace
palace/palace_402.jpg,27,palace
palace/palace_404.jpg,27,palace
palace/palace_405.jpg,27,palace
palace/palace_406.jpg,27,palace
palace/palace_408.jpg,27,palace
palace/palace_409.jpg,27,palace
palace/palace_410.jpg,27,palace
palace/palace_411.jpg,27,palace
palace/palace_419.jpg,27,palace
palace/palace_421.jpg,27,palace
palace/palace_423.jpg,27,palace
palace/palace_425.jpg,27,palace
palace/palace_426.jpg,27,palace
palace/palace_429.jpg,27,palace
palace/palace_430.jpg,27,palace
palace/palace_431.jpg,27,palace
palace/palace_432.jpg,27,palace
palace/palace_433.jpg,27,palace
palace/palace_434.jpg,27,palace
palace/palace_438.jpg,27,palace
palace/palace_439.jpg,27,palace
palace/palace_440.jpg,27,palace
palace/palace_441.jpg,27,palace
palace/palace_442.jpg,27,palace
palace/palace_443.jpg,27,palace
palace/palace_445.jpg,27,palace
palace/palace_446.jpg,27,palace
palace/palace_447.jpg,27,palace
palace/palace_448.jpg,27,palace
palace/palace_451.jpg,27,palace
palace/palace_452.jpg,27,palace
palace/palace_453.jpg,27,palace
palace/palace_454.jpg,27,palace
palace/palace_455.jpg,27,palace
palace/palace_457.jpg,27,palace
palace/palace_461.jpg,27,palace
palace/palace_462.jpg,27,palace
palace/palace_464.jpg,27,palace
palace/palace_465.jpg,27,palace
palace/palace_467.jpg,27,palace
palace/palace_468.jpg,27,palace
palace/palace_470.jpg,27,palace
palace/palace_471.jpg,27,palace
palace/palace_472.jpg,27,palace
palace/palace_474.jpg,27,palace
palace/palace_475.jpg,27,palace
palace/palace_476.jpg,27,palace
palace/palace_477.jpg,27,palace
palace/palace_478.jpg,27,palace
palace/palace_479.jpg,27,palace
palace/palace_480.jpg,27,palace
palace/palace_481.jpg,27,palace
palace/palace_482.jpg,27,palace
palace/palace_483.jpg,27,palace
palace/palace_484.jpg,27,palace
palace/palace_485.jpg,27,palace
palace/palace_487.jpg,27,palace
palace/palace_488.jpg,27,palace
palace/palace_489.jpg,27,palace
palace/palace_490.jpg,27,palace
palace/palace_491.jpg,27,palace
palace/palace_492.jpg,27,palace
palace/palace_493.jpg,27,palace
palace/palace_494.jpg,27,palace
palace/palace_495.jpg,27,palace
palace/palace_496.jpg,27,palace
palace/palace_497.jpg,27,palace
palace/palace_498.jpg,27,palace
palace/palace_499.jpg,27,palace
palace/palace_500.jpg,27,palace
palace/palace_501.jpg,27,palace
palace/palace_502.jpg,27,palace
palace/palace_503.jpg,27,palace
palace/palace_504.jpg,27,palace
palace/palace_505.jpg,27,palace
palace/palace_508.jpg,27,palace
palace/palace_510.jpg,27,palace
palace/palace_511.jpg,27,palace
palace/palace_512.jpg,27,palace
palace/palace_514.jpg,27,palace
palace/palace_519.jpg,27,palace
palace/palace_520.jpg,27,palace
palace/palace_521.jpg,27,palace
palace/palace_522.jpg,27,palace
palace/palace_523.jpg,27,palace
palace/palace_524.jpg,27,palace
palace/palace_526.jpg,27,palace
palace/palace_528.jpg,27,palace
palace/palace_529.jpg,27,palace
palace/palace_530.jpg,27,palace
palace/palace_531.jpg,27,palace
palace/palace_532.jpg,27,palace
palace/palace_534.jpg,27,palace
palace/palace_535.jpg,27,palace
palace/palace_536.jpg,27,palace
palace/palace_538.jpg,27,palace
palace/palace_539.jpg,27,palace
palace/palace_540.jpg,27,palace
palace/palace_541.jpg,27,palace
palace/palace_545.jpg,27,palace
palace/palace_547.jpg,27,palace
palace/palace_548.jpg,27,palace
palace/palace_549.jpg,27,palace
palace/palace_550.jpg,27,palace
palace/palace_551.jpg,27,palace
palace/palace_552.jpg,27,palace
palace/palace_557.jpg,27,palace
palace/palace_558.jpg,27,palace
palace/palace_560.jpg,27,palace
palace/palace_561.jpg,27,palace
palace/palace_563.jpg,27,palace
palace/palace_564.jpg,27,palace
palace/palace_566.jpg,27,palace
palace/palace_567.jpg,27,palace
palace/palace_568.jpg,27,palace
palace/palace_571.jpg,27,palace
palace/palace_572.jpg,27,palace
palace/palace_574.jpg,27,palace
palace/palace_575.jpg,27,palace
palace/palace_577.jpg,27,palace
palace/palace_578.jpg,27,palace
palace/palace_580.jpg,27,palace
palace/palace_581.jpg,27,palace
palace/palace_582.jpg,27,palace
palace/palace_584.jpg,27,palace
palace/palace_585.jpg,27,palace
palace/palace_586.jpg,27,palace
palace/palace_587.jpg,27,palace
palace/palace_588.jpg,27,palace
palace/palace_589.jpg,27,palace
palace/palace_590.jpg,27,palace
palace/palace_591.jpg,27,palace
palace/palace_592.jpg,27,palace
palace/palace_593.jpg,27,palace
palace/palace_594.jpg,27,palace
palace/palace_596.jpg,27,palace
palace/palace_597.jpg,27,palace
palace/palace_601.jpg,27,palace
palace/palace_602.jpg,27,palace
palace/palace_603.jpg,27,palace
palace/palace_604.jpg,27,palace
palace/palace_606.jpg,27,palace
palace/palace_607.jpg,27,palace
palace/palace_609.jpg,27,palace
palace/palace_611.jpg,27,palace
palace/palace_612.jpg,27,palace
palace/palace_613.jpg,27,palace
palace/palace_614.jpg,27,palace
palace/palace_615.jpg,27,palace
palace/palace_618.jpg,27,palace
palace/palace_619.jpg,27,palace
palace/palace_620.jpg,27,palace
palace/palace_621.jpg,27,palace
palace/palace_622.jpg,27,palace
palace/palace_623.jpg,27,palace
palace/palace_629.jpg,27,palace
palace/palace_630.jpg,27,palace
palace/palace_631.jpg,27,palace
palace/palace_634.jpg,27,palace
palace/palace_635.jpg,27,palace
palace/palace_637.jpg,27,palace
palace/palace_638.jpg,27,palace
palace/palace_639.jpg,27,palace
palace/palace_640.jpg,27,palace
palace/palace_641.jpg,27,palace
palace/palace_642.jpg,27,palace
palace/palace_643.jpg,27,palace
palace/palace_644.jpg,27,palace
palace/palace_645.jpg,27,palace
palace/palace_646.jpg,27,palace
palace/palace_647.jpg,27,palace
palace/palace_648.jpg,27,palace
palace/palace_649.jpg,27,palace
palace/palace_651.jpg,27,palace
palace/palace_653.jpg,27,palace
palace/palace_655.jpg,27,palace
palace/palace_657.jpg,27,palace
palace/palace_658.jpg,27,palace
palace/palace_659.jpg,27,palace
palace/palace_661.jpg,27,palace
palace/palace_662.jpg,27,palace
palace/palace_663.jpg,27,palace
palace/palace_664.jpg,27,palace
palace/palace_665.jpg,27,palace
palace/palace_666.jpg,27,palace
palace/palace_668.jpg,27,palace
palace/palace_670.jpg,27,palace
palace/palace_671.jpg,27,palace
palace/palace_672.jpg,27,palace
palace/palace_673.jpg,27,palace
palace/palace_674.jpg,27,palace
palace/palace_675.jpg,27,palace
palace/palace_676.jpg,27,palace
palace/palace_677.jpg,27,palace
palace/palace_678.jpg,27,palace
palace/palace_679.jpg,27,palace
palace/palace_680.jpg,27,palace
palace/palace_681.jpg,27,palace
palace/palace_682.jpg,27,palace
palace/palace_683.jpg,27,palace
palace/palace_684.jpg,27,palace
palace/palace_685.jpg,27,palace
palace/palace_687.jpg,27,palace
palace/palace_691.jpg,27,palace
palace/palace_692.jpg,27,palace
palace/palace_694.jpg,27,palace
palace/palace_696.jpg,27,palace
palace/palace_698.jpg,27,palace
palace/palace_700.jpg,27,palace
parking_lot/parking_lot_001.jpg,28,parking_lot
parking_lot/parking_lot_004.jpg,28,parking_lot
parking_lot/parking_lot_005.jpg,28,parking_lot
parking_lot/parking_lot_006.jpg,28,parking_lot
parking_lot/parking_lot_007.jpg,28,parking_lot
parking_lot/parking_lot_009.jpg,28,parking_lot
parking_lot/parking_lot_012.jpg,28,parking_lot
parking_lot/parking_lot_013.jpg,28,parking_lot
parking_lot/parking_lot_014.jpg,28,parking_lot
parking_lot/parking_lot_015.jpg,28,parking_lot
parking_lot/parking_lot_016.jpg,28,parking_lot
parking_lot/parking_lot_017.jpg,28,parking_lot
parking_lot/parking_lot_019.jpg,28,parking_lot
parking_lot/parking_lot_020.jpg,28,parking_lot
parking_lot/parking_lot_021.jpg,28,parking_lot
parking_lot/parking_lot_024.jpg,28,parking_lot
parking_lot/parking_lot_025.jpg,28,parking_lot
parking_lot/parking_lot_026.jpg,28,parking_lot
parking_lot/parking_lot_029.jpg,28,parking_lot
parking_lot/parking_lot_030.jpg,28,parking_lot
parking_lot/parking_lot_031.jpg,28,parking_lot
parking_lot/parking_lot_033.jpg,28,parking_lot
parking_lot/parking_lot_034.jpg,28,parking_lot
parking_lot/parking_lot_035.jpg,28,parking_lot
parking_lot/parking_lot_036.jpg,28,parking_lot
parking_lot/parking_lot_038.jpg,28,parking_lot
parking_lot/parking_lot_039.jpg,28,parking_lot
parking_lot/parking_lot_040.jpg,28,parking_lot
parking_lot/parking_lot_041.jpg,28,parking_lot
parking_lot/parking_lot_042.jpg,28,parking_lot
parking_lot/parking_lot_043.jpg,28,parking_lot
parking_lot/parking_lot_044.jpg,28,parking_lot
parking_lot/parking_lot_045.jpg,28,parking_lot
parking_lot/parking_lot_046.jpg,28,parking_lot
parking_lot/parking_lot_048.jpg,28,parking_lot
parking_lot/parking_lot_050.jpg,28,parking_lot
parking_lot/parking_lot_053.jpg,28,parking_lot
parking_lot/parking_lot_054.jpg,28,parking_lot
parking_lot/parking_lot_055.jpg,28,parking_lot
parking_lot/parking_lot_056.jpg,28,parking_lot
parking_lot/parking_lot_057.jpg,28,parking_lot
parking_lot/parking_lot_059.jpg,28,parking_lot
parking_lot/parking_lot_060.jpg,28,parking_lot
parking_lot/parking_lot_062.jpg,28,parking_lot
parking_lot/parking_lot_064.jpg,28,parking_lot
parking_lot/parking_lot_067.jpg,28,parking_lot
parking_lot/parking_lot_068.jpg,28,parking_lot
parking_lot/parking_lot_069.jpg,28,parking_lot
parking_lot/parking_lot_070.jpg,28,parking_lot
parking_lot/parking_lot_072.jpg,28,parking_lot
parking_lot/parking_lot_073.jpg,28,parking_lot
parking_lot/parking_lot_075.jpg,28,parking_lot
parking_lot/parking_lot_076.jpg,28,parking_lot
parking_lot/parking_lot_077.jpg,28,parking_lot
parking_lot/parking_lot_078.jpg,28,parking_lot
parking_lot/parking_lot_079.jpg,28,parking_lot
parking_lot/parking_lot_080.jpg,28,parking_lot
parking_lot/parking_lot_081.jpg,28,parking_lot
parking_lot/parking_lot_083.jpg,28,parking_lot
parking_lot/parking_lot_084.jpg,28,parking_lot
parking_lot/parking_lot_086.jpg,28,parking_lot
parking_lot/parking_lot_087.jpg,28,parking_lot
parking_lot/parking_lot_091.jpg,28,parking_lot
parking_lot/parking_lot_092.jpg,28,parking_lot
parking_lot/parking_lot_093.jpg,28,parking_lot
parking_lot/parking_lot_094.jpg,28,parking_lot
parking_lot/parking_lot_095.jpg,28,parking_lot
parking_lot/parking_lot_097.jpg,28,parking_lot
parking_lot/parking_lot_099.jpg,28,parking_lot
parking_lot/parking_lot_100.jpg,28,parking_lot
parking_lot/parking_lot_101.jpg,28,parking_lot
parking_lot/parking_lot_102.jpg,28,parking_lot
parking_lot/parking_lot_103.jpg,28,parking_lot
parking_lot/parking_lot_104.jpg,28,parking_lot
parking_lot/parking_lot_106.jpg,28,parking_lot
parking_lot/parking_lot_110.jpg,28,parking_lot
parking_lot/parking_lot_111.jpg,28,parking_lot
parking_lot/parking_lot_113.jpg,28,parking_lot
parking_lot/parking_lot_114.jpg,28,parking_lot
parking_lot/parking_lot_117.jpg,28,parking_lot
parking_lot/parking_lot_118.jpg,28,parking_lot
parking_lot/parking_lot_119.jpg,28,parking_lot
parking_lot/parking_lot_120.jpg,28,parking_lot
parking_lot/parking_lot_121.jpg,28,parking_lot
parking_lot/parking_lot_122.jpg,28,parking_lot
parking_lot/parking_lot_124.jpg,28,parking_lot
parking_lot/parking_lot_127.jpg,28,parking_lot
parking_lot/parking_lot_129.jpg,28,parking_lot
parking_lot/parking_lot_130.jpg,28,parking_lot
parking_lot/parking_lot_131.jpg,28,parking_lot
parking_lot/parking_lot_132.jpg,28,parking_lot
parking_lot/parking_lot_134.jpg,28,parking_lot
parking_lot/parking_lot_136.jpg,28,parking_lot
parking_lot/parking_lot_137.jpg,28,parking_lot
parking_lot/parking_lot_139.jpg,28,parking_lot
parking_lot/parking_lot_140.jpg,28,parking_lot
parking_lot/parking_lot_141.jpg,28,parking_lot
parking_lot/parking_lot_142.jpg,28,parking_lot
parking_lot/parking_lot_144.jpg,28,parking_lot
parking_lot/parking_lot_145.jpg,28,parking_lot
parking_lot/parking_lot_146.jpg,28,parking_lot
parking_lot/parking_lot_147.jpg,28,parking_lot
parking_lot/parking_lot_148.jpg,28,parking_lot
parking_lot/parking_lot_149.jpg,28,parking_lot
parking_lot/parking_lot_151.jpg,28,parking_lot
parking_lot/parking_lot_152.jpg,28,parking_lot
parking_lot/parking_lot_153.jpg,28,parking_lot
parking_lot/parking_lot_154.jpg,28,parking_lot
parking_lot/parking_lot_155.jpg,28,parking_lot
parking_lot/parking_lot_156.jpg,28,parking_lot
parking_lot/parking_lot_158.jpg,28,parking_lot
parking_lot/parking_lot_159.jpg,28,parking_lot
parking_lot/parking_lot_160.jpg,28,parking_lot
parking_lot/parking_lot_161.jpg,28,parking_lot
parking_lot/parking_lot_163.jpg,28,parking_lot
parking_lot/parking_lot_165.jpg,28,parking_lot
parking_lot/parking_lot_166.jpg,28,parking_lot
parking_lot/parking_lot_167.jpg,28,parking_lot
parking_lot/parking_lot_168.jpg,28,parking_lot
parking_lot/parking_lot_169.jpg,28,parking_lot
parking_lot/parking_lot_171.jpg,28,parking_lot
parking_lot/parking_lot_172.jpg,28,parking_lot
parking_lot/parking_lot_173.jpg,28,parking_lot
parking_lot/parking_lot_178.jpg,28,parking_lot
parking_lot/parking_lot_181.jpg,28,parking_lot
parking_lot/parking_lot_182.jpg,28,parking_lot
parking_lot/parking_lot_183.jpg,28,parking_lot
parking_lot/parking_lot_184.jpg,28,parking_lot
parking_lot/parking_lot_185.jpg,28,parking_lot
parking_lot/parking_lot_186.jpg,28,parking_lot
parking_lot/parking_lot_187.jpg,28,parking_lot
parking_lot/parking_lot_190.jpg,28,parking_lot
parking_lot/parking_lot_191.jpg,28,parking_lot
parking_lot/parking_lot_192.jpg,28,parking_lot
parking_lot/parking_lot_194.jpg,28,parking_lot
parking_lot/parking_lot_195.jpg,28,parking_lot
parking_lot/parking_lot_196.jpg,28,parking_lot
parking_lot/parking_lot_197.jpg,28,parking_lot
parking_lot/parking_lot_198.jpg,28,parking_lot
parking_lot/parking_lot_200.jpg,28,parking_lot
parking_lot/parking_lot_202.jpg,28,parking_lot
parking_lot/parking_lot_203.jpg,28,parking_lot
parking_lot/parking_lot_205.jpg,28,parking_lot
parking_lot/parking_lot_207.jpg,28,parking_lot
parking_lot/parking_lot_208.jpg,28,parking_lot
parking_lot/parking_lot_209.jpg,28,parking_lot
parking_lot/parking_lot_211.jpg,28,parking_lot
parking_lot/parking_lot_212.jpg,28,parking_lot
parking_lot/parking_lot_215.jpg,28,parking_lot
parking_lot/parking_lot_217.jpg,28,parking_lot
parking_lot/parking_lot_219.jpg,28,parking_lot
parking_lot/parking_lot_220.jpg,28,parking_lot
parking_lot/parking_lot_221.jpg,28,parking_lot
parking_lot/parking_lot_225.jpg,28,parking_lot
parking_lot/parking_lot_226.jpg,28,parking_lot
parking_lot/parking_lot_227.jpg,28,parking_lot
parking_lot/parking_lot_228.jpg,28,parking_lot
parking_lot/parking_lot_230.jpg,28,parking_lot
parking_lot/parking_lot_231.jpg,28,parking_lot
parking_lot/parking_lot_233.jpg,28,parking_lot
parking_lot/parking_lot_235.jpg,28,parking_lot
parking_lot/parking_lot_236.jpg,28,parking_lot
parking_lot/parking_lot_237.jpg,28,parking_lot
parking_lot/parking_lot_240.jpg,28,parking_lot
parking_lot/parking_lot_241.jpg,28,parking_lot
parking_lot/parking_lot_243.jpg,28,parking_lot
parking_lot/parking_lot_244.jpg,28,parking_lot
parking_lot/parking_lot_245.jpg,28,parking_lot
parking_lot/parking_lot_246.jpg,28,parking_lot
parking_lot/parking_lot_247.jpg,28,parking_lot
parking_lot/parking_lot_249.jpg,28,parking_lot
parking_lot/parking_lot_250.jpg,28,parking_lot
parking_lot/parking_lot_251.jpg,28,parking_lot
parking_lot/parking_lot_252.jpg,28,parking_lot
parking_lot/parking_lot_253.jpg,28,parking_lot
parking_lot/parking_lot_254.jpg,28,parking_lot
parking_lot/parking_lot_255.jpg,28,parking_lot
parking_lot/parking_lot_256.jpg,28,parking_lot
parking_lot/parking_lot_257.jpg,28,parking_lot
parking_lot/parking_lot_260.jpg,28,parking_lot
parking_lot/parking_lot_261.jpg,28,parking_lot
parking_lot/parking_lot_262.jpg,28,parking_lot
parking_lot/parking_lot_264.jpg,28,parking_lot
parking_lot/parking_lot_265.jpg,28,parking_lot
parking_lot/parking_lot_266.jpg,28,parking_lot
parking_lot/parking_lot_267.jpg,28,parking_lot
parking_lot/parking_lot_270.jpg,28,parking_lot
parking_lot/parking_lot_272.jpg,28,parking_lot
parking_lot/parking_lot_273.jpg,28,parking_lot
parking_lot/parking_lot_274.jpg,28,parking_lot
parking_lot/parking_lot_276.jpg,28,parking_lot
parking_lot/parking_lot_277.jpg,28,parking_lot
parking_lot/parking_lot_278.jpg,28,parking_lot
parking_lot/parking_lot_279.jpg,28,parking_lot
parking_lot/parking_lot_280.jpg,28,parking_lot
parking_lot/parking_lot_281.jpg,28,parking_lot
parking_lot/parking_lot_282.jpg,28,parking_lot
parking_lot/parking_lot_283.jpg,28,parking_lot
parking_lot/parking_lot_284.jpg,28,parking_lot
parking_lot/parking_lot_285.jpg,28,parking_lot
parking_lot/parking_lot_287.jpg,28,parking_lot
parking_lot/parking_lot_288.jpg,28,parking_lot
parking_lot/parking_lot_289.jpg,28,parking_lot
parking_lot/parking_lot_290.jpg,28,parking_lot
parking_lot/parking_lot_292.jpg,28,parking_lot
parking_lot/parking_lot_293.jpg,28,parking_lot
parking_lot/parking_lot_294.jpg,28,parking_lot
parking_lot/parking_lot_296.jpg,28,parking_lot
parking_lot/parking_lot_297.jpg,28,parking_lot
parking_lot/parking_lot_298.jpg,28,parking_lot
parking_lot/parking_lot_299.jpg,28,parking_lot
parking_lot/parking_lot_300.jpg,28,parking_lot
parking_lot/parking_lot_302.jpg,28,parking_lot
parking_lot/parking_lot_303.jpg,28,parking_lot
parking_lot/parking_lot_305.jpg,28,parking_lot
parking_lot/parking_lot_309.jpg,28,parking_lot
parking_lot/parking_lot_310.jpg,28,parking_lot
parking_lot/parking_lot_311.jpg,28,parking_lot
parking_lot/parking_lot_312.jpg,28,parking_lot
parking_lot/parking_lot_313.jpg,28,parking_lot
parking_lot/parking_lot_314.jpg,28,parking_lot
parking_lot/parking_lot_315.jpg,28,parking_lot
parking_lot/parking_lot_316.jpg,28,parking_lot
parking_lot/parking_lot_318.jpg,28,parking_lot
parking_lot/parking_lot_319.jpg,28,parking_lot
parking_lot/parking_lot_320.jpg,28,parking_lot
parking_lot/parking_lot_321.jpg,28,parking_lot
parking_lot/parking_lot_322.jpg,28,parking_lot
parking_lot/parking_lot_324.jpg,28,parking_lot
parking_lot/parking_lot_326.jpg,28,parking_lot
parking_lot/parking_lot_329.jpg,28,parking_lot
parking_lot/parking_lot_330.jpg,28,parking_lot
parking_lot/parking_lot_332.jpg,28,parking_lot
parking_lot/parking_lot_334.jpg,28,parking_lot
parking_lot/parking_lot_337.jpg,28,parking_lot
parking_lot/parking_lot_338.jpg,28,parking_lot
parking_lot/parking_lot_342.jpg,28,parking_lot
parking_lot/parking_lot_345.jpg,28,parking_lot
parking_lot/parking_lot_346.jpg,28,parking_lot
parking_lot/parking_lot_347.jpg,28,parking_lot
parking_lot/parking_lot_348.jpg,28,parking_lot
parking_lot/parking_lot_349.jpg,28,parking_lot
parking_lot/parking_lot_350.jpg,28,parking_lot
parking_lot/parking_lot_351.jpg,28,parking_lot
parking_lot/parking_lot_353.jpg,28,parking_lot
parking_lot/parking_lot_354.jpg,28,parking_lot
parking_lot/parking_lot_356.jpg,28,parking_lot
parking_lot/parking_lot_357.jpg,28,parking_lot
parking_lot/parking_lot_358.jpg,28,parking_lot
parking_lot/parking_lot_360.jpg,28,parking_lot
parking_lot/parking_lot_361.jpg,28,parking_lot
parking_lot/parking_lot_363.jpg,28,parking_lot
parking_lot/parking_lot_364.jpg,28,parking_lot
parking_lot/parking_lot_365.jpg,28,parking_lot
parking_lot/parking_lot_368.jpg,28,parking_lot
parking_lot/parking_lot_369.jpg,28,parking_lot
parking_lot/parking_lot_370.jpg,28,parking_lot
parking_lot/parking_lot_372.jpg,28,parking_lot
parking_lot/parking_lot_373.jpg,28,parking_lot
parking_lot/parking_lot_374.jpg,28,parking_lot
parking_lot/parking_lot_376.jpg,28,parking_lot
parking_lot/parking_lot_377.jpg,28,parking_lot
parking_lot/parking_lot_378.jpg,28,parking_lot
parking_lot/parking_lot_379.jpg,28,parking_lot
parking_lot/parking_lot_380.jpg,28,parking_lot
parking_lot/parking_lot_381.jpg,28,parking_lot
parking_lot/parking_lot_385.jpg,28,parking_lot
parking_lot/parking_lot_386.jpg,28,parking_lot
parking_lot/parking_lot_387.jpg,28,parking_lot
parking_lot/parking_lot_388.jpg,28,parking_lot
parking_lot/parking_lot_389.jpg,28,parking_lot
parking_lot/parking_lot_390.jpg,28,parking_lot
parking_lot/parking_lot_392.jpg,28,parking_lot
parking_lot/parking_lot_393.jpg,28,parking_lot
parking_lot/parking_lot_394.jpg,28,parking_lot
parking_lot/parking_lot_395.jpg,28,parking_lot
parking_lot/parking_lot_396.jpg,28,parking_lot
parking_lot/parking_lot_397.jpg,28,parking_lot
parking_lot/parking_lot_398.jpg,28,parking_lot
parking_lot/parking_lot_399.jpg,28,parking_lot
parking_lot/parking_lot_400.jpg,28,parking_lot
parking_lot/parking_lot_401.jpg,28,parking_lot
parking_lot/parking_lot_402.jpg,28,parking_lot
parking_lot/parking_lot_403.jpg,28,parking_lot
parking_lot/parking_lot_405.jpg,28,parking_lot
parking_lot/parking_lot_406.jpg,28,parking_lot
parking_lot/parking_lot_407.jpg,28,parking_lot
parking_lot/parking_lot_409.jpg,28,parking_lot
parking_lot/parking_lot_410.jpg,28,parking_lot
parking_lot/parking_lot_411.jpg,28,parking_lot
parking_lot/parking_lot_412.jpg,28,parking_lot
parking_lot/parking_lot_413.jpg,28,parking_lot
parking_lot/parking_lot_414.jpg,28,parking_lot
parking_lot/parking_lot_415.jpg,28,parking_lot
parking_lot/parking_lot_417.jpg,28,parking_lot
parking_lot/parking_lot_418.jpg,28,parking_lot
parking_lot/parking_lot_420.jpg,28,parking_lot
parking_lot/parking_lot_422.jpg,28,parking_lot
parking_lot/parking_lot_424.jpg,28,parking_lot
parking_lot/parking_lot_425.jpg,28,parking_lot
parking_lot/parking_lot_426.jpg,28,parking_lot
parking_lot/parking_lot_427.jpg,28,parking_lot
parking_lot/parking_lot_428.jpg,28,parking_lot
parking_lot/parking_lot_429.jpg,28,parking_lot
parking_lot/parking_lot_430.jpg,28,parking_lot
parking_lot/parking_lot_431.jpg,28,parking_lot
parking_lot/parking_lot_432.jpg,28,parking_lot
parking_lot/parking_lot_436.jpg,28,parking_lot
parking_lot/parking_lot_437.jpg,28,parking_lot
parking_lot/parking_lot_438.jpg,28,parking_lot
parking_lot/parking_lot_439.jpg,28,parking_lot
parking_lot/parking_lot_440.jpg,28,parking_lot
parking_lot/parking_lot_441.jpg,28,parking_lot
parking_lot/parking_lot_442.jpg,28,parking_lot
parking_lot/parking_lot_444.jpg,28,parking_lot
parking_lot/parking_lot_445.jpg,28,parking_lot
parking_lot/parking_lot_449.jpg,28,parking_lot
parking_lot/parking_lot_450.jpg,28,parking_lot
parking_lot/parking_lot_452.jpg,28,parking_lot
parking_lot/parking_lot_453.jpg,28,parking_lot
parking_lot/parking_lot_455.jpg,28,parking_lot
parking_lot/parking_lot_456.jpg,28,parking_lot
parking_lot/parking_lot_458.jpg,28,parking_lot
parking_lot/parking_lot_459.jpg,28,parking_lot
parking_lot/parking_lot_460.jpg,28,parking_lot
parking_lot/parking_lot_461.jpg,28,parking_lot
parking_lot/parking_lot_462.jpg,28,parking_lot
parking_lot/parking_lot_464.jpg,28,parking_lot
parking_lot/parking_lot_466.jpg,28,parking_lot
parking_lot/parking_lot_468.jpg,28,parking_lot
parking_lot/parking_lot_470.jpg,28,parking_lot
parking_lot/parking_lot_471.jpg,28,parking_lot
parking_lot/parking_lot_473.jpg,28,parking_lot
parking_lot/parking_lot_475.jpg,28,parking_lot
parking_lot/parking_lot_476.jpg,28,parking_lot
parking_lot/parking_lot_477.jpg,28,parking_lot
parking_lot/parking_lot_478.jpg,28,parking_lot
parking_lot/parking_lot_480.jpg,28,parking_lot
parking_lot/parking_lot_481.jpg,28,parking_lot
parking_lot/parking_lot_483.jpg,28,parking_lot
parking_lot/parking_lot_485.jpg,28,parking_lot
parking_lot/parking_lot_486.jpg,28,parking_lot
parking_lot/parking_lot_487.jpg,28,parking_lot
parking_lot/parking_lot_489.jpg,28,parking_lot
parking_lot/parking_lot_490.jpg,28,parking_lot
parking_lot/parking_lot_492.jpg,28,parking_lot
parking_lot/parking_lot_495.jpg,28,parking_lot
parking_lot/parking_lot_496.jpg,28,parking_lot
parking_lot/parking_lot_497.jpg,28,parking_lot
parking_lot/parking_lot_499.jpg,28,parking_lot
parking_lot/parking_lot_502.jpg,28,parking_lot
parking_lot/parking_lot_504.jpg,28,parking_lot
parking_lot/parking_lot_506.jpg,28,parking_lot
parking_lot/parking_lot_507.jpg,28,parking_lot
parking_lot/parking_lot_508.jpg,28,parking_lot
parking_lot/parking_lot_509.jpg,28,parking_lot
parking_lot/parking_lot_511.jpg,28,parking_lot
parking_lot/parking_lot_513.jpg,28,parking_lot
parking_lot/parking_lot_514.jpg,28,parking_lot
parking_lot/parking_lot_515.jpg,28,parking_lot
parking_lot/parking_lot_516.jpg,28,parking_lot
parking_lot/parking_lot_517.jpg,28,parking_lot
parking_lot/parking_lot_519.jpg,28,parking_lot
parking_lot/parking_lot_520.jpg,28,parking_lot
parking_lot/parking_lot_521.jpg,28,parking_lot
parking_lot/parking_lot_522.jpg,28,parking_lot
parking_lot/parking_lot_523.jpg,28,parking_lot
parking_lot/parking_lot_525.jpg,28,parking_lot
parking_lot/parking_lot_526.jpg,28,parking_lot
parking_lot/parking_lot_528.jpg,28,parking_lot
parking_lot/parking_lot_530.jpg,28,parking_lot
parking_lot/parking_lot_532.jpg,28,parking_lot
parking_lot/parking_lot_533.jpg,28,parking_lot
parking_lot/parking_lot_534.jpg,28,parking_lot
parking_lot/parking_lot_535.jpg,28,parking_lot
parking_lot/parking_lot_536.jpg,28,parking_lot
parking_lot/parking_lot_537.jpg,28,parking_lot
parking_lot/parking_lot_538.jpg,28,parking_lot
parking_lot/parking_lot_539.jpg,28,parking_lot
parking_lot/parking_lot_540.jpg,28,parking_lot
parking_lot/parking_lot_542.jpg,28,parking_lot
parking_lot/parking_lot_545.jpg,28,parking_lot
parking_lot/parking_lot_546.jpg,28,parking_lot
parking_lot/parking_lot_547.jpg,28,parking_lot
parking_lot/parking_lot_551.jpg,28,parking_lot
parking_lot/parking_lot_554.jpg,28,parking_lot
parking_lot/parking_lot_555.jpg,28,parking_lot
parking_lot/parking_lot_556.jpg,28,parking_lot
parking_lot/parking_lot_558.jpg,28,parking_lot
parking_lot/parking_lot_559.jpg,28,parking_lot
parking_lot/parking_lot_562.jpg,28,parking_lot
parking_lot/parking_lot_563.jpg,28,parking_lot
parking_lot/parking_lot_564.jpg,28,parking_lot
parking_lot/parking_lot_565.jpg,28,parking_lot
parking_lot/parking_lot_566.jpg,28,parking_lot
parking_lot/parking_lot_568.jpg,28,parking_lot
parking_lot/parking_lot_569.jpg,28,parking_lot
parking_lot/parking_lot_571.jpg,28,parking_lot
parking_lot/parking_lot_572.jpg,28,parking_lot
parking_lot/parking_lot_573.jpg,28,parking_lot
parking_lot/parking_lot_576.jpg,28,parking_lot
parking_lot/parking_lot_577.jpg,28,parking_lot
parking_lot/parking_lot_578.jpg,28,parking_lot
parking_lot/parking_lot_579.jpg,28,parking_lot
parking_lot/parking_lot_581.jpg,28,parking_lot
parking_lot/parking_lot_582.jpg,28,parking_lot
parking_lot/parking_lot_584.jpg,28,parking_lot
parking_lot/parking_lot_585.jpg,28,parking_lot
parking_lot/parking_lot_586.jpg,28,parking_lot
parking_lot/parking_lot_588.jpg,28,parking_lot
parking_lot/parking_lot_589.jpg,28,parking_lot
parking_lot/parking_lot_592.jpg,28,parking_lot
parking_lot/parking_lot_594.jpg,28,parking_lot
parking_lot/parking_lot_595.jpg,28,parking_lot
parking_lot/parking_lot_596.jpg,28,parking_lot
parking_lot/parking_lot_598.jpg,28,parking_lot
parking_lot/parking_lot_599.jpg,28,parking_lot
parking_lot/parking_lot_600.jpg,28,parking_lot
parking_lot/parking_lot_602.jpg,28,parking_lot
parking_lot/parking_lot_603.jpg,28,parking_lot
parking_lot/parking_lot_604.jpg,28,parking_lot
parking_lot/parking_lot_605.jpg,28,parking_lot
parking_lot/parking_lot_607.jpg,28,parking_lot
parking_lot/parking_lot_608.jpg,28,parking_lot
parking_lot/parking_lot_609.jpg,28,parking_lot
parking_lot/parking_lot_610.jpg,28,parking_lot
parking_lot/parking_lot_611.jpg,28,parking_lot
parking_lot/parking_lot_616.jpg,28,parking_lot
parking_lot/parking_lot_618.jpg,28,parking_lot
parking_lot/parking_lot_619.jpg,28,parking_lot
parking_lot/parking_lot_621.jpg,28,parking_lot
parking_lot/parking_lot_622.jpg,28,parking_lot
parking_lot/parking_lot_623.jpg,28,parking_lot
parking_lot/parking_lot_625.jpg,28,parking_lot
parking_lot/parking_lot_627.jpg,28,parking_lot
parking_lot/parking_lot_628.jpg,28,parking_lot
parking_lot/parking_lot_629.jpg,28,parking_lot
parking_lot/parking_lot_630.jpg,28,parking_lot
parking_lot/parking_lot_632.jpg,28,parking_lot
parking_lot/parking_lot_634.jpg,28,parking_lot
parking_lot/parking_lot_635.jpg,28,parking_lot
parking_lot/parking_lot_636.jpg,28,parking_lot
parking_lot/parking_lot_638.jpg,28,parking_lot
parking_lot/parking_lot_640.jpg,28,parking_lot
parking_lot/parking_lot_643.jpg,28,parking_lot
parking_lot/parking_lot_644.jpg,28,parking_lot
parking_lot/parking_lot_645.jpg,28,parking_lot
parking_lot/parking_lot_647.jpg,28,parking_lot
parking_lot/parking_lot_649.jpg,28,parking_lot
parking_lot/parking_lot_650.jpg,28,parking_lot
parking_lot/parking_lot_651.jpg,28,parking_lot
parking_lot/parking_lot_652.jpg,28,parking_lot
parking_lot/parking_lot_653.jpg,28,parking_lot
parking_lot/parking_lot_654.jpg,28,parking_lot
parking_lot/parking_lot_655.jpg,28,parking_lot
parking_lot/parking_lot_656.jpg,28,parking_lot
parking_lot/parking_lot_658.jpg,28,parking_lot
parking_lot/parking_lot_659.jpg,28,parking_lot
parking_lot/parking_lot_660.jpg,28,parking_lot
parking_lot/parking_lot_661.jpg,28,parking_lot
parking_lot/parking_lot_662.jpg,28,parking_lot
parking_lot/parking_lot_663.jpg,28,parking_lot
parking_lot/parking_lot_665.jpg,28,parking_lot
parking_lot/parking_lot_666.jpg,28,parking_lot
parking_lot/parking_lot_667.jpg,28,parking_lot
parking_lot/parking_lot_668.jpg,28,parking_lot
parking_lot/parking_lot_670.jpg,28,parking_lot
parking_lot/parking_lot_671.jpg,28,parking_lot
parking_lot/parking_lot_672.jpg,28,parking_lot
parking_lot/parking_lot_673.jpg,28,parking_lot
parking_lot/parking_lot_674.jpg,28,parking_lot
parking_lot/parking_lot_675.jpg,28,parking_lot
parking_lot/parking_lot_677.jpg,28,parking_lot
parking_lot/parking_lot_678.jpg,28,parking_lot
parking_lot/parking_lot_679.jpg,28,parking_lot
parking_lot/parking_lot_681.jpg,28,parking_lot
parking_lot/parking_lot_682.jpg,28,parking_lot
parking_lot/parking_lot_684.jpg,28,parking_lot
parking_lot/parking_lot_685.jpg,28,parking_lot
parking_lot/parking_lot_687.jpg,28,parking_lot
parking_lot/parking_lot_689.jpg,28,parking_lot
parking_lot/parking_lot_690.jpg,28,parking_lot
parking_lot/parking_lot_692.jpg,28,parking_lot
parking_lot/parking_lot_693.jpg,28,parking_lot
parking_lot/parking_lot_694.jpg,28,parking_lot
parking_lot/parking_lot_696.jpg,28,parking_lot
parking_lot/parking_lot_697.jpg,28,parking_lot
parking_lot/parking_lot_698.jpg,28,parking_lot
parking_lot/parking_lot_699.jpg,28,parking_lot
parking_lot/parking_lot_700.jpg,28,parking_lot
railway/railway_002.jpg,29,railway
railway/railway_003.jpg,29,railway
railway/railway_004.jpg,29,railway
railway/railway_005.jpg,29,railway
railway/railway_006.jpg,29,railway
railway/railway_007.jpg,29,railway
railway/railway_008.jpg,29,railway
railway/railway_009.jpg,29,railway
railway/railway_011.jpg,29,railway
railway/railway_012.jpg,29,railway
railway/railway_014.jpg,29,railway
railway/railway_015.jpg,29,railway
railway/railway_017.jpg,29,railway
railway/railway_018.jpg,29,railway
railway/railway_022.jpg,29,railway
railway/railway_023.jpg,29,railway
railway/railway_024.jpg,29,railway
railway/railway_025.jpg,29,railway
railway/railway_026.jpg,29,railway
railway/railway_027.jpg,29,railway
railway/railway_029.jpg,29,railway
railway/railway_030.jpg,29,railway
railway/railway_031.jpg,29,railway
railway/railway_033.jpg,29,railway
railway/railway_035.jpg,29,railway
railway/railway_036.jpg,29,railway
railway/railway_037.jpg,29,railway
railway/railway_038.jpg,29,railway
railway/railway_039.jpg,29,railway
railway/railway_040.jpg,29,railway
railway/railway_042.jpg,29,railway
railway/railway_043.jpg,29,railway
railway/railway_044.jpg,29,railway
railway/railway_045.jpg,29,railway
railway/railway_047.jpg,29,railway
railway/railway_049.jpg,29,railway
railway/railway_050.jpg,29,railway
railway/railway_051.jpg,29,railway
railway/railway_056.jpg,29,railway
railway/railway_057.jpg,29,railway
railway/railway_058.jpg,29,railway
railway/railway_059.jpg,29,railway
railway/railway_061.jpg,29,railway
railway/railway_062.jpg,29,railway
railway/railway_063.jpg,29,railway
railway/railway_065.jpg,29,railway
railway/railway_066.jpg,29,railway
railway/railway_067.jpg,29,railway
railway/railway_069.jpg,29,railway
railway/railway_070.jpg,29,railway
railway/railway_071.jpg,29,railway
railway/railway_073.jpg,29,railway
railway/railway_074.jpg,29,railway
railway/railway_077.jpg,29,railway
railway/railway_079.jpg,29,railway
railway/railway_080.jpg,29,railway
railway/railway_081.jpg,29,railway
railway/railway_082.jpg,29,railway
railway/railway_083.jpg,29,railway
railway/railway_084.jpg,29,railway
railway/railway_085.jpg,29,railway
railway/railway_087.jpg,29,railway
railway/railway_088.jpg,29,railway
railway/railway_089.jpg,29,railway
railway/railway_090.jpg,29,railway
railway/railway_091.jpg,29,railway
railway/railway_092.jpg,29,railway
railway/railway_094.jpg,29,railway
railway/railway_095.jpg,29,railway
railway/railway_096.jpg,29,railway
railway/railway_098.jpg,29,railway
railway/railway_099.jpg,29,railway
railway/railway_100.jpg,29,railway
railway/railway_101.jpg,29,railway
railway/railway_103.jpg,29,railway
railway/railway_104.jpg,29,railway
railway/railway_105.jpg,29,railway
railway/railway_106.jpg,29,railway
railway/railway_107.jpg,29,railway
railway/railway_108.jpg,29,railway
railway/railway_109.jpg,29,railway
railway/railway_110.jpg,29,railway
railway/railway_113.jpg,29,railway
railway/railway_115.jpg,29,railway
railway/railway_116.jpg,29,railway
railway/railway_117.jpg,29,railway
railway/railway_118.jpg,29,railway
railway/railway_123.jpg,29,railway
railway/railway_124.jpg,29,railway
railway/railway_125.jpg,29,railway
railway/railway_126.jpg,29,railway
railway/railway_127.jpg,29,railway
railway/railway_128.jpg,29,railway
railway/railway_129.jpg,29,railway
railway/railway_130.jpg,29,railway
railway/railway_132.jpg,29,railway
railway/railway_134.jpg,29,railway
railway/railway_135.jpg,29,railway
railway/railway_136.jpg,29,railway
railway/railway_137.jpg,29,railway
railway/railway_138.jpg,29,railway
railway/railway_139.jpg,29,railway
railway/railway_140.jpg,29,railway
railway/railway_141.jpg,29,railway
railway/railway_145.jpg,29,railway
railway/railway_147.jpg,29,railway
railway/railway_148.jpg,29,railway
railway/railway_150.jpg,29,railway
railway/railway_151.jpg,29,railway
railway/railway_154.jpg,29,railway
railway/railway_155.jpg,29,railway
railway/railway_156.jpg,29,railway
railway/railway_157.jpg,29,railway
railway/railway_159.jpg,29,railway
railway/railway_162.jpg,29,railway
railway/railway_163.jpg,29,railway
railway/railway_165.jpg,29,railway
railway/railway_167.jpg,29,railway
railway/railway_170.jpg,29,railway
railway/railway_171.jpg,29,railway
railway/railway_172.jpg,29,railway
railway/railway_173.jpg,29,railway
railway/railway_174.jpg,29,railway
railway/railway_175.jpg,29,railway
railway/railway_176.jpg,29,railway
railway/railway_177.jpg,29,railway
railway/railway_178.jpg,29,railway
railway/railway_179.jpg,29,railway
railway/railway_180.jpg,29,railway
railway/railway_181.jpg,29,railway
railway/railway_183.jpg,29,railway
railway/railway_184.jpg,29,railway
railway/railway_186.jpg,29,railway
railway/railway_188.jpg,29,railway
railway/railway_189.jpg,29,railway
railway/railway_191.jpg,29,railway
railway/railway_193.jpg,29,railway
railway/railway_194.jpg,29,railway
railway/railway_196.jpg,29,railway
railway/railway_198.jpg,29,railway
railway/railway_199.jpg,29,railway
railway/railway_200.jpg,29,railway
railway/railway_201.jpg,29,railway
railway/railway_206.jpg,29,railway
railway/railway_207.jpg,29,railway
railway/railway_208.jpg,29,railway
railway/railway_210.jpg,29,railway
railway/railway_211.jpg,29,railway
railway/railway_213.jpg,29,railway
railway/railway_215.jpg,29,railway
railway/railway_217.jpg,29,railway
railway/railway_218.jpg,29,railway
railway/railway_222.jpg,29,railway
railway/railway_223.jpg,29,railway
railway/railway_224.jpg,29,railway
railway/railway_226.jpg,29,railway
railway/railway_227.jpg,29,railway
railway/railway_228.jpg,29,railway
railway/railway_230.jpg,29,railway
railway/railway_232.jpg,29,railway
railway/railway_233.jpg,29,railway
railway/railway_234.jpg,29,railway
railway/railway_235.jpg,29,railway
railway/railway_236.jpg,29,railway
railway/railway_237.jpg,29,railway
railway/railway_238.jpg,29,railway
railway/railway_240.jpg,29,railway
railway/railway_241.jpg,29,railway
railway/railway_242.jpg,29,railway
railway/railway_243.jpg,29,railway
railway/railway_244.jpg,29,railway
railway/railway_247.jpg,29,railway
railway/railway_248.jpg,29,railway
railway/railway_250.jpg,29,railway
railway/railway_251.jpg,29,railway
railway/railway_252.jpg,29,railway
railway/railway_253.jpg,29,railway
railway/railway_254.jpg,29,railway
railway/railway_255.jpg,29,railway
railway/railway_256.jpg,29,railway
railway/railway_257.jpg,29,railway
railway/railway_258.jpg,29,railway
railway/railway_259.jpg,29,railway
railway/railway_260.jpg,29,railway
railway/railway_261.jpg,29,railway
railway/railway_264.jpg,29,railway
railway/railway_265.jpg,29,railway
railway/railway_266.jpg,29,railway
railway/railway_267.jpg,29,railway
railway/railway_268.jpg,29,railway
railway/railway_269.jpg,29,railway
railway/railway_270.jpg,29,railway
railway/railway_272.jpg,29,railway
railway/railway_274.jpg,29,railway
railway/railway_275.jpg,29,railway
railway/railway_276.jpg,29,railway
railway/railway_279.jpg,29,railway
railway/railway_280.jpg,29,railway
railway/railway_281.jpg,29,railway
railway/railway_283.jpg,29,railway
railway/railway_284.jpg,29,railway
railway/railway_286.jpg,29,railway
railway/railway_287.jpg,29,railway
railway/railway_288.jpg,29,railway
railway/railway_290.jpg,29,railway
railway/railway_292.jpg,29,railway
railway/railway_293.jpg,29,railway
railway/railway_294.jpg,29,railway
railway/railway_295.jpg,29,railway
railway/railway_296.jpg,29,railway
railway/railway_297.jpg,29,railway
railway/railway_298.jpg,29,railway
railway/railway_300.jpg,29,railway
railway/railway_301.jpg,29,railway
railway/railway_302.jpg,29,railway
railway/railway_304.jpg,29,railway
railway/railway_305.jpg,29,railway
railway/railway_306.jpg,29,railway
railway/railway_307.jpg,29,railway
railway/railway_308.jpg,29,railway
railway/railway_312.jpg,29,railway
railway/railway_313.jpg,29,railway
railway/railway_314.jpg,29,railway
railway/railway_315.jpg,29,railway
railway/railway_316.jpg,29,railway
railway/railway_318.jpg,29,railway
railway/railway_321.jpg,29,railway
railway/railway_323.jpg,29,railway
railway/railway_324.jpg,29,railway
railway/railway_325.jpg,29,railway
railway/railway_326.jpg,29,railway
railway/railway_328.jpg,29,railway
railway/railway_330.jpg,29,railway
railway/railway_331.jpg,29,railway
railway/railway_332.jpg,29,railway
railway/railway_333.jpg,29,railway
railway/railway_336.jpg,29,railway
railway/railway_337.jpg,29,railway
railway/railway_338.jpg,29,railway
railway/railway_341.jpg,29,railway
railway/railway_342.jpg,29,railway
railway/railway_343.jpg,29,railway
railway/railway_344.jpg,29,railway
railway/railway_345.jpg,29,railway
railway/railway_346.jpg,29,railway
railway/railway_347.jpg,29,railway
railway/railway_349.jpg,29,railway
railway/railway_350.jpg,29,railway
railway/railway_353.jpg,29,railway
railway/railway_355.jpg,29,railway
railway/railway_357.jpg,29,railway
railway/railway_359.jpg,29,railway
railway/railway_361.jpg,29,railway
railway/railway_362.jpg,29,railway
railway/railway_363.jpg,29,railway
railway/railway_365.jpg,29,railway
railway/railway_367.jpg,29,railway
railway/railway_369.jpg,29,railway
railway/railway_370.jpg,29,railway
railway/railway_372.jpg,29,railway
railway/railway_373.jpg,29,railway
railway/railway_375.jpg,29,railway
railway/railway_376.jpg,29,railway
railway/railway_377.jpg,29,railway
railway/railway_378.jpg,29,railway
railway/railway_379.jpg,29,railway
railway/railway_381.jpg,29,railway
railway/railway_383.jpg,29,railway
railway/railway_384.jpg,29,railway
railway/railway_386.jpg,29,railway
railway/railway_387.jpg,29,railway
railway/railway_388.jpg,29,railway
railway/railway_389.jpg,29,railway
railway/railway_392.jpg,29,railway
railway/railway_394.jpg,29,railway
railway/railway_395.jpg,29,railway
railway/railway_397.jpg,29,railway
railway/railway_398.jpg,29,railway
railway/railway_399.jpg,29,railway
railway/railway_402.jpg,29,railway
railway/railway_403.jpg,29,railway
railway/railway_404.jpg,29,railway
railway/railway_405.jpg,29,railway
railway/railway_406.jpg,29,railway
railway/railway_407.jpg,29,railway
railway/railway_408.jpg,29,railway
railway/railway_409.jpg,29,railway
railway/railway_410.jpg,29,railway
railway/railway_411.jpg,29,railway
railway/railway_412.jpg,29,railway
railway/railway_413.jpg,29,railway
railway/railway_415.jpg,29,railway
railway/railway_419.jpg,29,railway
railway/railway_420.jpg,29,railway
railway/railway_421.jpg,29,railway
railway/railway_422.jpg,29,railway
railway/railway_423.jpg,29,railway
railway/railway_425.jpg,29,railway
railway/railway_426.jpg,29,railway
railway/railway_428.jpg,29,railway
railway/railway_429.jpg,29,railway
railway/railway_430.jpg,29,railway
railway/railway_431.jpg,29,railway
railway/railway_432.jpg,29,railway
railway/railway_433.jpg,29,railway
railway/railway_435.jpg,29,railway
railway/railway_436.jpg,29,railway
railway/railway_437.jpg,29,railway
railway/railway_438.jpg,29,railway
railway/railway_439.jpg,29,railway
railway/railway_441.jpg,29,railway
railway/railway_442.jpg,29,railway
railway/railway_444.jpg,29,railway
railway/railway_445.jpg,29,railway
railway/railway_446.jpg,29,railway
railway/railway_447.jpg,29,railway
railway/railway_448.jpg,29,railway
railway/railway_451.jpg,29,railway
railway/railway_452.jpg,29,railway
railway/railway_453.jpg,29,railway
railway/railway_454.jpg,29,railway
railway/railway_455.jpg,29,railway
railway/railway_457.jpg,29,railway
railway/railway_459.jpg,29,railway
railway/railway_462.jpg,29,railway
railway/railway_463.jpg,29,railway
railway/railway_465.jpg,29,railway
railway/railway_466.jpg,29,railway
railway/railway_467.jpg,29,railway
railway/railway_470.jpg,29,railway
railway/railway_471.jpg,29,railway
railway/railway_472.jpg,29,railway
railway/railway_475.jpg,29,railway
railway/railway_476.jpg,29,railway
railway/railway_480.jpg,29,railway
railway/railway_482.jpg,29,railway
railway/railway_483.jpg,29,railway
railway/railway_484.jpg,29,railway
railway/railway_486.jpg,29,railway
railway/railway_487.jpg,29,railway
railway/railway_488.jpg,29,railway
railway/railway_489.jpg,29,railway
railway/railway_490.jpg,29,railway
railway/railway_491.jpg,29,railway
railway/railway_493.jpg,29,railway
railway/railway_494.jpg,29,railway
railway/railway_495.jpg,29,railway
railway/railway_497.jpg,29,railway
railway/railway_498.jpg,29,railway
railway/railway_501.jpg,29,railway
railway/railway_502.jpg,29,railway
railway/railway_503.jpg,29,railway
railway/railway_505.jpg,29,railway
railway/railway_507.jpg,29,railway
railway/railway_509.jpg,29,railway
railway/railway_510.jpg,29,railway
railway/railway_513.jpg,29,railway
railway/railway_514.jpg,29,railway
railway/railway_518.jpg,29,railway
railway/railway_521.jpg,29,railway
railway/railway_522.jpg,29,railway
railway/railway_523.jpg,29,railway
railway/railway_524.jpg,29,railway
railway/railway_526.jpg,29,railway
railway/railway_527.jpg,29,railway
railway/railway_528.jpg,29,railway
railway/railway_529.jpg,29,railway
railway/railway_531.jpg,29,railway
railway/railway_533.jpg,29,railway
railway/railway_538.jpg,29,railway
railway/railway_539.jpg,29,railway
railway/railway_541.jpg,29,railway
railway/railway_542.jpg,29,railway
railway/railway_543.jpg,29,railway
railway/railway_544.jpg,29,railway
railway/railway_546.jpg,29,railway
railway/railway_547.jpg,29,railway
railway/railway_548.jpg,29,railway
railway/railway_550.jpg,29,railway
railway/railway_551.jpg,29,railway
railway/railway_552.jpg,29,railway
railway/railway_553.jpg,29,railway
railway/railway_554.jpg,29,railway
railway/railway_556.jpg,29,railway
railway/railway_557.jpg,29,railway
railway/railway_558.jpg,29,railway
railway/railway_559.jpg,29,railway
railway/railway_561.jpg,29,railway
railway/railway_563.jpg,29,railway
railway/railway_564.jpg,29,railway
railway/railway_565.jpg,29,railway
railway/railway_566.jpg,29,railway
railway/railway_567.jpg,29,railway
railway/railway_568.jpg,29,railway
railway/railway_569.jpg,29,railway
railway/railway_570.jpg,29,railway
railway/railway_571.jpg,29,railway
railway/railway_572.jpg,29,railway
railway/railway_574.jpg,29,railway
railway/railway_575.jpg,29,railway
railway/railway_576.jpg,29,railway
railway/railway_577.jpg,29,railway
railway/railway_578.jpg,29,railway
railway/railway_579.jpg,29,railway
railway/railway_581.jpg,29,railway
railway/railway_582.jpg,29,railway
railway/railway_584.jpg,29,railway
railway/railway_585.jpg,29,railway
railway/railway_586.jpg,29,railway
railway/railway_588.jpg,29,railway
railway/railway_589.jpg,29,railway
railway/railway_591.jpg,29,railway
railway/railway_592.jpg,29,railway
railway/railway_593.jpg,29,railway
railway/railway_594.jpg,29,railway
railway/railway_595.jpg,29,railway
railway/railway_596.jpg,29,railway
railway/railway_597.jpg,29,railway
railway/railway_598.jpg,29,railway
railway/railway_600.jpg,29,railway
railway/railway_601.jpg,29,railway
railway/railway_602.jpg,29,railway
railway/railway_603.jpg,29,railway
railway/railway_605.jpg,29,railway
railway/railway_606.jpg,29,railway
railway/railway_608.jpg,29,railway
railway/railway_609.jpg,29,railway
railway/railway_614.jpg,29,railway
railway/railway_615.jpg,29,railway
railway/railway_616.jpg,29,railway
railway/railway_617.jpg,29,railway
railway/railway_618.jpg,29,railway
railway/railway_619.jpg,29,railway
railway/railway_624.jpg,29,railway
railway/railway_626.jpg,29,railway
railway/railway_627.jpg,29,railway
railway/railway_628.jpg,29,railway
railway/railway_629.jpg,29,railway
railway/railway_631.jpg,29,railway
railway/railway_632.jpg,29,railway
railway/railway_633.jpg,29,railway
railway/railway_635.jpg,29,railway
railway/railway_639.jpg,29,railway
railway/railway_640.jpg,29,railway
railway/railway_644.jpg,29,railway
railway/railway_645.jpg,29,railway
railway/railway_647.jpg,29,railway
railway/railway_649.jpg,29,railway
railway/railway_650.jpg,29,railway
railway/railway_652.jpg,29,railway
railway/railway_653.jpg,29,railway
railway/railway_656.jpg,29,railway
railway/railway_658.jpg,29,railway
railway/railway_659.jpg,29,railway
railway/railway_660.jpg,29,railway
railway/railway_661.jpg,29,railway
railway/railway_662.jpg,29,railway
railway/railway_663.jpg,29,railway
railway/railway_664.jpg,29,railway
railway/railway_665.jpg,29,railway
railway/railway_666.jpg,29,railway
railway/railway_667.jpg,29,railway
railway/railway_668.jpg,29,railway
railway/railway_669.jpg,29,railway
railway/railway_670.jpg,29,railway
railway/railway_671.jpg,29,railway
railway/railway_672.jpg,29,railway
railway/railway_673.jpg,29,railway
railway/railway_675.jpg,29,railway
railway/railway_676.jpg,29,railway
railway/railway_677.jpg,29,railway
railway/railway_678.jpg,29,railway
railway/railway_679.jpg,29,railway
railway/railway_680.jpg,29,railway
railway/railway_681.jpg,29,railway
railway/railway_682.jpg,29,railway
railway/railway_684.jpg,29,railway
railway/railway_685.jpg,29,railway
railway/railway_687.jpg,29,railway
railway/railway_688.jpg,29,railway
railway/railway_689.jpg,29,railway
railway/railway_690.jpg,29,railway
railway/railway_691.jpg,29,railway
railway/railway_692.jpg,29,railway
railway/railway_694.jpg,29,railway
railway/railway_695.jpg,29,railway
railway/railway_696.jpg,29,railway
railway/railway_697.jpg,29,railway
railway/railway_699.jpg,29,railway
railway/railway_700.jpg,29,railway
railway_station/railway_station_001.jpg,30,railway_station
railway_station/railway_station_002.jpg,30,railway_station
railway_station/railway_station_003.jpg,30,railway_station
railway_station/railway_station_004.jpg,30,railway_station
railway_station/railway_station_005.jpg,30,railway_station
railway_station/railway_station_007.jpg,30,railway_station
railway_station/railway_station_010.jpg,30,railway_station
railway_station/railway_station_011.jpg,30,railway_station
railway_station/railway_station_012.jpg,30,railway_station
railway_station/railway_station_013.jpg,30,railway_station
railway_station/railway_station_014.jpg,30,railway_station
railway_station/railway_station_015.jpg,30,railway_station
railway_station/railway_station_016.jpg,30,railway_station
railway_station/railway_station_017.jpg,30,railway_station
railway_station/railway_station_018.jpg,30,railway_station
railway_station/railway_station_019.jpg,30,railway_station
railway_station/railway_station_020.jpg,30,railway_station
railway_station/railway_station_022.jpg,30,railway_station
railway_station/railway_station_024.jpg,30,railway_station
railway_station/railway_station_025.jpg,30,railway_station
railway_station/railway_station_026.jpg,30,railway_station
railway_station/railway_station_028.jpg,30,railway_station
railway_station/railway_station_029.jpg,30,railway_station
railway_station/railway_station_030.jpg,30,railway_station
railway_station/railway_station_031.jpg,30,railway_station
railway_station/railway_station_032.jpg,30,railway_station
railway_station/railway_station_035.jpg,30,railway_station
railway_station/railway_station_036.jpg,30,railway_station
railway_station/railway_station_037.jpg,30,railway_station
railway_station/railway_station_039.jpg,30,railway_station
railway_station/railway_station_040.jpg,30,railway_station
railway_station/railway_station_041.jpg,30,railway_station
railway_station/railway_station_043.jpg,30,railway_station
railway_station/railway_station_044.jpg,30,railway_station
railway_station/railway_station_045.jpg,30,railway_station
railway_station/railway_station_046.jpg,30,railway_station
railway_station/railway_station_047.jpg,30,railway_station
railway_station/railway_station_048.jpg,30,railway_station
railway_station/railway_station_049.jpg,30,railway_station
railway_station/railway_station_051.jpg,30,railway_station
railway_station/railway_station_053.jpg,30,railway_station
railway_station/railway_station_054.jpg,30,railway_station
railway_station/railway_station_056.jpg,30,railway_station
railway_station/railway_station_058.jpg,30,railway_station
railway_station/railway_station_060.jpg,30,railway_station
railway_station/railway_station_061.jpg,30,railway_station
railway_station/railway_station_063.jpg,30,railway_station
railway_station/railway_station_064.jpg,30,railway_station
railway_station/railway_station_065.jpg,30,railway_station
railway_station/railway_station_068.jpg,30,railway_station
railway_station/railway_station_069.jpg,30,railway_station
railway_station/railway_station_070.jpg,30,railway_station
railway_station/railway_station_071.jpg,30,railway_station
railway_station/railway_station_073.jpg,30,railway_station
railway_station/railway_station_075.jpg,30,railway_station
railway_station/railway_station_077.jpg,30,railway_station
railway_station/railway_station_078.jpg,30,railway_station
railway_station/railway_station_079.jpg,30,railway_station
railway_station/railway_station_081.jpg,30,railway_station
railway_station/railway_station_082.jpg,30,railway_station
railway_station/railway_station_083.jpg,30,railway_station
railway_station/railway_station_084.jpg,30,railway_station
railway_station/railway_station_085.jpg,30,railway_station
railway_station/railway_station_086.jpg,30,railway_station
railway_station/railway_station_087.jpg,30,railway_station
railway_station/railway_station_088.jpg,30,railway_station
railway_station/railway_station_089.jpg,30,railway_station
railway_station/railway_station_090.jpg,30,railway_station
railway_station/railway_station_091.jpg,30,railway_station
railway_station/railway_station_092.jpg,30,railway_station
railway_station/railway_station_093.jpg,30,railway_station
railway_station/railway_station_098.jpg,30,railway_station
railway_station/railway_station_099.jpg,30,railway_station
railway_station/railway_station_100.jpg,30,railway_station
railway_station/railway_station_101.jpg,30,railway_station
railway_station/railway_station_105.jpg,30,railway_station
railway_station/railway_station_107.jpg,30,railway_station
railway_station/railway_station_109.jpg,30,railway_station
railway_station/railway_station_110.jpg,30,railway_station
railway_station/railway_station_111.jpg,30,railway_station
railway_station/railway_station_113.jpg,30,railway_station
railway_station/railway_station_114.jpg,30,railway_station
railway_station/railway_station_115.jpg,30,railway_station
railway_station/railway_station_116.jpg,30,railway_station
railway_station/railway_station_118.jpg,30,railway_station
railway_station/railway_station_121.jpg,30,railway_station
railway_station/railway_station_122.jpg,30,railway_station
railway_station/railway_station_123.jpg,30,railway_station
railway_station/railway_station_124.jpg,30,railway_station
railway_station/railway_station_125.jpg,30,railway_station
railway_station/railway_station_126.jpg,30,railway_station
railway_station/railway_station_127.jpg,30,railway_station
railway_station/railway_station_128.jpg,30,railway_station
railway_station/railway_station_129.jpg,30,railway_station
railway_station/railway_station_130.jpg,30,railway_station
railway_station/railway_station_133.jpg,30,railway_station
railway_station/railway_station_135.jpg,30,railway_station
railway_station/railway_station_136.jpg,30,railway_station
railway_station/railway_station_138.jpg,30,railway_station
railway_station/railway_station_139.jpg,30,railway_station
railway_station/railway_station_140.jpg,30,railway_station
railway_station/railway_station_141.jpg,30,railway_station
railway_station/railway_station_148.jpg,30,railway_station
railway_station/railway_station_149.jpg,30,railway_station
railway_station/railway_station_150.jpg,30,railway_station
railway_station/railway_station_152.jpg,30,railway_station
railway_station/railway_station_153.jpg,30,railway_station
railway_station/railway_station_154.jpg,30,railway_station
railway_station/railway_station_156.jpg,30,railway_station
railway_station/railway_station_158.jpg,30,railway_station
railway_station/railway_station_159.jpg,30,railway_station
railway_station/railway_station_162.jpg,30,railway_station
railway_station/railway_station_163.jpg,30,railway_station
railway_station/railway_station_164.jpg,30,railway_station
railway_station/railway_station_165.jpg,30,railway_station
railway_station/railway_station_166.jpg,30,railway_station
railway_station/railway_station_167.jpg,30,railway_station
railway_station/railway_station_169.jpg,30,railway_station
railway_station/railway_station_170.jpg,30,railway_station
railway_station/railway_station_171.jpg,30,railway_station
railway_station/railway_station_172.jpg,30,railway_station
railway_station/railway_station_177.jpg,30,railway_station
railway_station/railway_station_178.jpg,30,railway_station
railway_station/railway_station_179.jpg,30,railway_station
railway_station/railway_station_180.jpg,30,railway_station
railway_station/railway_station_181.jpg,30,railway_station
railway_station/railway_station_184.jpg,30,railway_station
railway_station/railway_station_185.jpg,30,railway_station
railway_station/railway_station_187.jpg,30,railway_station
railway_station/railway_station_188.jpg,30,railway_station
railway_station/railway_station_189.jpg,30,railway_station
railway_station/railway_station_190.jpg,30,railway_station
railway_station/railway_station_192.jpg,30,railway_station
railway_station/railway_station_195.jpg,30,railway_station
railway_station/railway_station_196.jpg,30,railway_station
railway_station/railway_station_197.jpg,30,railway_station
railway_station/railway_station_198.jpg,30,railway_station
railway_station/railway_station_199.jpg,30,railway_station
railway_station/railway_station_200.jpg,30,railway_station
railway_station/railway_station_201.jpg,30,railway_station
railway_station/railway_station_203.jpg,30,railway_station
railway_station/railway_station_204.jpg,30,railway_station
railway_station/railway_station_205.jpg,30,railway_station
railway_station/railway_station_206.jpg,30,railway_station
railway_station/railway_station_208.jpg,30,railway_station
railway_station/railway_station_209.jpg,30,railway_station
railway_station/railway_station_210.jpg,30,railway_station
railway_station/railway_station_211.jpg,30,railway_station
railway_station/railway_station_212.jpg,30,railway_station
railway_station/railway_station_213.jpg,30,railway_station
railway_station/railway_station_214.jpg,30,railway_station
railway_station/railway_station_215.jpg,30,railway_station
railway_station/railway_station_217.jpg,30,railway_station
railway_station/railway_station_218.jpg,30,railway_station
railway_station/railway_station_219.jpg,30,railway_station
railway_station/railway_station_220.jpg,30,railway_station
railway_station/railway_station_221.jpg,30,railway_station
railway_station/railway_station_222.jpg,30,railway_station
railway_station/railway_station_223.jpg,30,railway_station
railway_station/railway_station_224.jpg,30,railway_station
railway_station/railway_station_225.jpg,30,railway_station
railway_station/railway_station_227.jpg,30,railway_station
railway_station/railway_station_228.jpg,30,railway_station
railway_station/railway_station_229.jpg,30,railway_station
railway_station/railway_station_232.jpg,30,railway_station
railway_station/railway_station_234.jpg,30,railway_station
railway_station/railway_station_235.jpg,30,railway_station
railway_station/railway_station_236.jpg,30,railway_station
railway_station/railway_station_240.jpg,30,railway_station
railway_station/railway_station_242.jpg,30,railway_station
railway_station/railway_station_243.jpg,30,railway_station
railway_station/railway_station_245.jpg,30,railway_station
railway_station/railway_station_248.jpg,30,railway_station
railway_station/railway_station_250.jpg,30,railway_station
railway_station/railway_station_253.jpg,30,railway_station
railway_station/railway_station_256.jpg,30,railway_station
railway_station/railway_station_257.jpg,30,railway_station
railway_station/railway_station_260.jpg,30,railway_station
railway_station/railway_station_261.jpg,30,railway_station
railway_station/railway_station_262.jpg,30,railway_station
railway_station/railway_station_263.jpg,30,railway_station
railway_station/railway_station_265.jpg,30,railway_station
railway_station/railway_station_267.jpg,30,railway_station
railway_station/railway_station_268.jpg,30,railway_station
railway_station/railway_station_270.jpg,30,railway_station
railway_station/railway_station_271.jpg,30,railway_station
railway_station/railway_station_272.jpg,30,railway_station
railway_station/railway_station_273.jpg,30,railway_station
railway_station/railway_station_274.jpg,30,railway_station
railway_station/railway_station_275.jpg,30,railway_station
railway_station/railway_station_276.jpg,30,railway_station
railway_station/railway_station_278.jpg,30,railway_station
railway_station/railway_station_279.jpg,30,railway_station
railway_station/railway_station_280.jpg,30,railway_station
railway_station/railway_station_281.jpg,30,railway_station
railway_station/railway_station_283.jpg,30,railway_station
railway_station/railway_station_285.jpg,30,railway_station
railway_station/railway_station_286.jpg,30,railway_station
railway_station/railway_station_287.jpg,30,railway_station
railway_station/railway_station_288.jpg,30,railway_station
railway_station/railway_station_290.jpg,30,railway_station
railway_station/railway_station_291.jpg,30,railway_station
railway_station/railway_station_292.jpg,30,railway_station
railway_station/railway_station_293.jpg,30,railway_station
railway_station/railway_station_294.jpg,30,railway_station
railway_station/railway_station_295.jpg,30,railway_station
railway_station/railway_station_296.jpg,30,railway_station
railway_station/railway_station_297.jpg,30,railway_station
railway_station/railway_station_299.jpg,30,railway_station
railway_station/railway_station_300.jpg,30,railway_station
railway_station/railway_station_301.jpg,30,railway_station
railway_station/railway_station_302.jpg,30,railway_station
railway_station/railway_station_303.jpg,30,railway_station
railway_station/railway_station_307.jpg,30,railway_station
railway_station/railway_station_310.jpg,30,railway_station
railway_station/railway_station_311.jpg,30,railway_station
railway_station/railway_station_312.jpg,30,railway_station
railway_station/railway_station_313.jpg,30,railway_station
railway_station/railway_station_314.jpg,30,railway_station
railway_station/railway_station_316.jpg,30,railway_station
railway_station/railway_station_317.jpg,30,railway_station
railway_station/railway_station_318.jpg,30,railway_station
railway_station/railway_station_320.jpg,30,railway_station
railway_station/railway_station_321.jpg,30,railway_station
railway_station/railway_station_322.jpg,30,railway_station
railway_station/railway_station_324.jpg,30,railway_station
railway_station/railway_station_325.jpg,30,railway_station
railway_station/railway_station_327.jpg,30,railway_station
railway_station/railway_station_328.jpg,30,railway_station
railway_station/railway_station_329.jpg,30,railway_station
railway_station/railway_station_331.jpg,30,railway_station
railway_station/railway_station_332.jpg,30,railway_station
railway_station/railway_station_334.jpg,30,railway_station
railway_station/railway_station_336.jpg,30,railway_station
railway_station/railway_station_338.jpg,30,railway_station
railway_station/railway_station_340.jpg,30,railway_station
railway_station/railway_station_341.jpg,30,railway_station
railway_station/railway_station_342.jpg,30,railway_station
railway_station/railway_station_344.jpg,30,railway_station
railway_station/railway_station_346.jpg,30,railway_station
railway_station/railway_station_347.jpg,30,railway_station
railway_station/railway_station_350.jpg,30,railway_station
railway_station/railway_station_353.jpg,30,railway_station
railway_station/railway_station_354.jpg,30,railway_station
railway_station/railway_station_355.jpg,30,railway_station
railway_station/railway_station_356.jpg,30,railway_station
railway_station/railway_station_357.jpg,30,railway_station
railway_station/railway_station_358.jpg,30,railway_station
railway_station/railway_station_359.jpg,30,railway_station
railway_station/railway_station_361.jpg,30,railway_station
railway_station/railway_station_362.jpg,30,railway_station
railway_station/railway_station_363.jpg,30,railway_station
railway_station/railway_station_364.jpg,30,railway_station
railway_station/railway_station_367.jpg,30,railway_station
railway_station/railway_station_368.jpg,30,railway_station
railway_station/railway_station_369.jpg,30,railway_station
railway_station/railway_station_370.jpg,30,railway_station
railway_station/railway_station_371.jpg,30,railway_station
railway_station/railway_station_372.jpg,30,railway_station
railway_station/railway_station_373.jpg,30,railway_station
railway_station/railway_station_376.jpg,30,railway_station
railway_station/railway_station_380.jpg,30,railway_station
railway_station/railway_station_382.jpg,30,railway_station
railway_station/railway_station_383.jpg,30,railway_station
railway_station/railway_station_384.jpg,30,railway_station
railway_station/railway_station_386.jpg,30,railway_station
railway_station/railway_station_387.jpg,30,railway_station
railway_station/railway_station_388.jpg,30,railway_station
railway_station/railway_station_389.jpg,30,railway_station
railway_station/railway_station_390.jpg,30,railway_station
railway_station/railway_station_392.jpg,30,railway_station
railway_station/railway_station_394.jpg,30,railway_station
railway_station/railway_station_395.jpg,30,railway_station
railway_station/railway_station_396.jpg,30,railway_station
railway_station/railway_station_397.jpg,30,railway_station
railway_station/railway_station_398.jpg,30,railway_station
railway_station/railway_station_399.jpg,30,railway_station
railway_station/railway_station_400.jpg,30,railway_station
railway_station/railway_station_401.jpg,30,railway_station
railway_station/railway_station_402.jpg,30,railway_station
railway_station/railway_station_404.jpg,30,railway_station
railway_station/railway_station_407.jpg,30,railway_station
railway_station/railway_station_408.jpg,30,railway_station
railway_station/railway_station_409.jpg,30,railway_station
railway_station/railway_station_410.jpg,30,railway_station
railway_station/railway_station_411.jpg,30,railway_station
railway_station/railway_station_412.jpg,30,railway_station
railway_station/railway_station_413.jpg,30,railway_station
railway_station/railway_station_414.jpg,30,railway_station
railway_station/railway_station_415.jpg,30,railway_station
railway_station/railway_station_416.jpg,30,railway_station
railway_station/railway_station_417.jpg,30,railway_station
railway_station/railway_station_418.jpg,30,railway_station
railway_station/railway_station_419.jpg,30,railway_station
railway_station/railway_station_420.jpg,30,railway_station
railway_station/railway_station_421.jpg,30,railway_station
railway_station/railway_station_422.jpg,30,railway_station
railway_station/railway_station_424.jpg,30,railway_station
railway_station/railway_station_426.jpg,30,railway_station
railway_station/railway_station_427.jpg,30,railway_station
railway_station/railway_station_429.jpg,30,railway_station
railway_station/railway_station_430.jpg,30,railway_station
railway_station/railway_station_431.jpg,30,railway_station
railway_station/railway_station_432.jpg,30,railway_station
railway_station/railway_station_433.jpg,30,railway_station
railway_station/railway_station_434.jpg,30,railway_station
railway_station/railway_station_435.jpg,30,railway_station
railway_station/railway_station_436.jpg,30,railway_station
railway_station/railway_station_437.jpg,30,railway_station
railway_station/railway_station_439.jpg,30,railway_station
railway_station/railway_station_440.jpg,30,railway_station
railway_station/railway_station_441.jpg,30,railway_station
railway_station/railway_station_442.jpg,30,railway_station
railway_station/railway_station_443.jpg,30,railway_station
railway_station/railway_station_444.jpg,30,railway_station
railway_station/railway_station_445.jpg,30,railway_station
railway_station/railway_station_447.jpg,30,railway_station
railway_station/railway_station_448.jpg,30,railway_station
railway_station/railway_station_449.jpg,30,railway_station
railway_station/railway_station_450.jpg,30,railway_station
railway_station/railway_station_451.jpg,30,railway_station
railway_station/railway_station_453.jpg,30,railway_station
railway_station/railway_station_454.jpg,30,railway_station
railway_station/railway_station_455.jpg,30,railway_station
railway_station/railway_station_458.jpg,30,railway_station
railway_station/railway_station_459.jpg,30,railway_station
railway_station/railway_station_460.jpg,30,railway_station
railway_station/railway_station_463.jpg,30,railway_station
railway_station/railway_station_464.jpg,30,railway_station
railway_station/railway_station_467.jpg,30,railway_station
railway_station/railway_station_468.jpg,30,railway_station
railway_station/railway_station_469.jpg,30,railway_station
railway_station/railway_station_470.jpg,30,railway_station
railway_station/railway_station_474.jpg,30,railway_station
railway_station/railway_station_475.jpg,30,railway_station
railway_station/railway_station_477.jpg,30,railway_station
railway_station/railway_station_478.jpg,30,railway_station
railway_station/railway_station_482.jpg,30,railway_station
railway_station/railway_station_483.jpg,30,railway_station
railway_station/railway_station_484.jpg,30,railway_station
railway_station/railway_station_486.jpg,30,railway_station
railway_station/railway_station_488.jpg,30,railway_station
railway_station/railway_station_489.jpg,30,railway_station
railway_station/railway_station_491.jpg,30,railway_station
railway_station/railway_station_494.jpg,30,railway_station
railway_station/railway_station_496.jpg,30,railway_station
railway_station/railway_station_499.jpg,30,railway_station
railway_station/railway_station_500.jpg,30,railway_station
railway_station/railway_station_501.jpg,30,railway_station
railway_station/railway_station_503.jpg,30,railway_station
railway_station/railway_station_504.jpg,30,railway_station
railway_station/railway_station_505.jpg,30,railway_station
railway_station/railway_station_506.jpg,30,railway_station
railway_station/railway_station_507.jpg,30,railway_station
railway_station/railway_station_508.jpg,30,railway_station
railway_station/railway_station_509.jpg,30,railway_station
railway_station/railway_station_510.jpg,30,railway_station
railway_station/railway_station_512.jpg,30,railway_station
railway_station/railway_station_513.jpg,30,railway_station
railway_station/railway_station_514.jpg,30,railway_station
railway_station/railway_station_515.jpg,30,railway_station
railway_station/railway_station_517.jpg,30,railway_station
railway_station/railway_station_518.jpg,30,railway_station
railway_station/railway_station_519.jpg,30,railway_station
railway_station/railway_station_520.jpg,30,railway_station
railway_station/railway_station_521.jpg,30,railway_station
railway_station/railway_station_522.jpg,30,railway_station
railway_station/railway_station_523.jpg,30,railway_station
railway_station/railway_station_524.jpg,30,railway_station
railway_station/railway_station_526.jpg,30,railway_station
railway_station/railway_station_527.jpg,30,railway_station
railway_station/railway_station_528.jpg,30,railway_station
railway_station/railway_station_529.jpg,30,railway_station
railway_station/railway_station_531.jpg,30,railway_station
railway_station/railway_station_532.jpg,30,railway_station
railway_station/railway_station_533.jpg,30,railway_station
railway_station/railway_station_534.jpg,30,railway_station
railway_station/railway_station_535.jpg,30,railway_station
railway_station/railway_station_536.jpg,30,railway_station
railway_station/railway_station_538.jpg,30,railway_station
railway_station/railway_station_539.jpg,30,railway_station
railway_station/railway_station_540.jpg,30,railway_station
railway_station/railway_station_543.jpg,30,railway_station
railway_station/railway_station_544.jpg,30,railway_station
railway_station/railway_station_547.jpg,30,railway_station
railway_station/railway_station_549.jpg,30,railway_station
railway_station/railway_station_550.jpg,30,railway_station
railway_station/railway_station_551.jpg,30,railway_station
railway_station/railway_station_552.jpg,30,railway_station
railway_station/railway_station_553.jpg,30,railway_station
railway_station/railway_station_555.jpg,30,railway_station
railway_station/railway_station_556.jpg,30,railway_station
railway_station/railway_station_558.jpg,30,railway_station
railway_station/railway_station_560.jpg,30,railway_station
railway_station/railway_station_561.jpg,30,railway_station
railway_station/railway_station_563.jpg,30,railway_station
railway_station/railway_station_564.jpg,30,railway_station
railway_station/railway_station_567.jpg,30,railway_station
railway_station/railway_station_568.jpg,30,railway_station
railway_station/railway_station_569.jpg,30,railway_station
railway_station/railway_station_570.jpg,30,railway_station
railway_station/railway_station_571.jpg,30,railway_station
railway_station/railway_station_572.jpg,30,railway_station
railway_station/railway_station_574.jpg,30,railway_station
railway_station/railway_station_575.jpg,30,railway_station
railway_station/railway_station_576.jpg,30,railway_station
railway_station/railway_station_577.jpg,30,railway_station
railway_station/railway_station_579.jpg,30,railway_station
railway_station/railway_station_580.jpg,30,railway_station
railway_station/railway_station_581.jpg,30,railway_station
railway_station/railway_station_582.jpg,30,railway_station
railway_station/railway_station_583.jpg,30,railway_station
railway_station/railway_station_584.jpg,30,railway_station
railway_station/railway_station_585.jpg,30,railway_station
railway_station/railway_station_586.jpg,30,railway_station
railway_station/railway_station_588.jpg,30,railway_station
railway_station/railway_station_589.jpg,30,railway_station
railway_station/railway_station_590.jpg,30,railway_station
railway_station/railway_station_592.jpg,30,railway_station
railway_station/railway_station_593.jpg,30,railway_station
railway_station/railway_station_594.jpg,30,railway_station
railway_station/railway_station_595.jpg,30,railway_station
railway_station/railway_station_596.jpg,30,railway_station
railway_station/railway_station_597.jpg,30,railway_station
railway_station/railway_station_598.jpg,30,railway_station
railway_station/railway_station_599.jpg,30,railway_station
railway_station/railway_station_601.jpg,30,railway_station
railway_station/railway_station_602.jpg,30,railway_station
railway_station/railway_station_605.jpg,30,railway_station
railway_station/railway_station_606.jpg,30,railway_station
railway_station/railway_station_607.jpg,30,railway_station
railway_station/railway_station_608.jpg,30,railway_station
railway_station/railway_station_609.jpg,30,railway_station
railway_station/railway_station_611.jpg,30,railway_station
railway_station/railway_station_613.jpg,30,railway_station
railway_station/railway_station_615.jpg,30,railway_station
railway_station/railway_station_617.jpg,30,railway_station
railway_station/railway_station_620.jpg,30,railway_station
railway_station/railway_station_621.jpg,30,railway_station
railway_station/railway_station_623.jpg,30,railway_station
railway_station/railway_station_624.jpg,30,railway_station
railway_station/railway_station_625.jpg,30,railway_station
railway_station/railway_station_626.jpg,30,railway_station
railway_station/railway_station_627.jpg,30,railway_station
railway_station/railway_station_630.jpg,30,railway_station
railway_station/railway_station_632.jpg,30,railway_station
railway_station/railway_station_633.jpg,30,railway_station
railway_station/railway_station_634.jpg,30,railway_station
railway_station/railway_station_636.jpg,30,railway_station
railway_station/railway_station_637.jpg,30,railway_station
railway_station/railway_station_638.jpg,30,railway_station
railway_station/railway_station_639.jpg,30,railway_station
railway_station/railway_station_640.jpg,30,railway_station
railway_station/railway_station_641.jpg,30,railway_station
railway_station/railway_station_644.jpg,30,railway_station
railway_station/railway_station_645.jpg,30,railway_station
railway_station/railway_station_646.jpg,30,railway_station
railway_station/railway_station_647.jpg,30,railway_station
railway_station/railway_station_650.jpg,30,railway_station
railway_station/railway_station_651.jpg,30,railway_station
railway_station/railway_station_654.jpg,30,railway_station
railway_station/railway_station_657.jpg,30,railway_station
railway_station/railway_station_658.jpg,30,railway_station
railway_station/railway_station_659.jpg,30,railway_station
railway_station/railway_station_660.jpg,30,railway_station
railway_station/railway_station_661.jpg,30,railway_station
railway_station/railway_station_663.jpg,30,railway_station
railway_station/railway_station_665.jpg,30,railway_station
railway_station/railway_station_666.jpg,30,railway_station
railway_station/railway_station_667.jpg,30,railway_station
railway_station/railway_station_669.jpg,30,railway_station
railway_station/railway_station_671.jpg,30,railway_station
railway_station/railway_station_672.jpg,30,railway_station
railway_station/railway_station_673.jpg,30,railway_station
railway_station/railway_station_674.jpg,30,railway_station
railway_station/railway_station_676.jpg,30,railway_station
railway_station/railway_station_677.jpg,30,railway_station
railway_station/railway_station_678.jpg,30,railway_station
railway_station/railway_station_679.jpg,30,railway_station
railway_station/railway_station_684.jpg,30,railway_station
railway_station/railway_station_689.jpg,30,railway_station
railway_station/railway_station_690.jpg,30,railway_station
railway_station/railway_station_691.jpg,30,railway_station
railway_station/railway_station_692.jpg,30,railway_station
railway_station/railway_station_695.jpg,30,railway_station
railway_station/railway_station_696.jpg,30,railway_station
railway_station/railway_station_697.jpg,30,railway_station
railway_station/railway_station_698.jpg,30,railway_station
railway_station/railway_station_699.jpg,30,railway_station
railway_station/railway_station_700.jpg,30,railway_station
rectangular_farmland/rectangular_farmland_001.jpg,31,rectangular_farmland
rectangular_farmland/rectangular_farmland_002.jpg,31,rectangular_farmland
rectangular_farmland/rectangular_farmland_005.jpg,31,rectangular_farmland
rectangular_farmland/rectangular_farmland_006.jpg,31,rectangular_farmland
rectangular_farmland/rectangular_farmland_008.jpg,31,rectangular_farmland
rectangular_farmland/rectangular_farmland_009.jpg,31,rectangular_farmland
rectangular_farmland/rectangular_farmland_010.jpg,31,rectangular_farmland
rectangular_farmland/rectangular_farmland_011.jpg,31,rectangular_farmland
rectangular_farmland/rectangular_farmland_013.jpg,31,rectangular_farmland
rectangular_farmland/rectangular_farmland_014.jpg,31,rectangular_farmland
rectangular_farmland/rectangular_farmland_015.jpg,31,rectangular_farmland
rectangular_farmland/rectangular_farmland_018.jpg,31,rectangular_farmland
rectangular_farmland/rectangular_farmland_019.jpg,31,rectangular_farmland
rectangular_farmland/rectangular_farmland_020.jpg,31,rectangular_farmland
rectangular_farmland/rectangular_farmland_021.jpg,31,rectangular_farmland
rectangular_farmland/rectangular_farmland_022.jpg,31,rectangular_farmland
rectangular_farmland/rectangular_farmland_023.jpg,31,rectangular_farmland
rectangular_farmland/rectangular_farmland_025.jpg,31,rectangular_farmland
rectangular_farmland/rectangular_farmland_026.jpg,31,rectangular_farmland
rectangular_farmland/rectangular_farmland_027.jpg,31,rectangular_farmland
rectangular_farmland/rectangular_farmland_030.jpg,31,rectangular_farmland
rectangular_farmland/rectangular_farmland_033.jpg,31,rectangular_farmland
rectangular_farmland/rectangular_farmland_034.jpg,31,rectangular_farmland
rectangular_farmland/rectangular_farmland_035.jpg,31,rectangular_farmland
rectangular_farmland/rectangular_farmland_036.jpg,31,rectangular_farmland
rectangular_farmland/rectangular_farmland_039.jpg,31,rectangular_farmland
rectangular_farmland/rectangular_farmland_041.jpg,31,rectangular_farmland
rectangular_farmland/rectangular_farmland_042.jpg,31,rectangular_farmland
rectangular_farmland/rectangular_farmland_043.jpg,31,rectangular_farmland
rectangular_farmland/rectangular_farmland_044.jpg,31,rectangular_farmland
rectangular_farmland/rectangular_farmland_045.jpg,31,rectangular_farmland
rectangular_farmland/rectangular_farmland_046.jpg,31,rectangular_farmland
rectangular_farmland/rectangular_farmland_048.jpg,31,rectangular_farmland
rectangular_farmland/rectangular_farmland_051.jpg,31,rectangular_farmland
rectangular_farmland/rectangular_farmland_052.jpg,31,rectangular_farmland
rectangular_farmland/rectangular_farmland_053.jpg,31,rectangular_farmland
rectangular_farmland/rectangular_farmland_055.jpg,31,rectangular_farmland
rectangular_farmland/rectangular_farmland_056.jpg,31,rectangular_farmland
rectangular_farmland/rectangular_farmland_057.jpg,31,rectangular_farmland
rectangular_farmland/rectangular_farmland_058.jpg,31,rectangular_farmland
rectangular_farmland/rectangular_farmland_059.jpg,31,rectangular_farmland
rectangular_farmland/rectangular_farmland_060.jpg,31,rectangular_farmland
rectangular_farmland/rectangular_farmland_063.jpg,31,rectangular_farmland
rectangular_farmland/rectangular_farmland_064.jpg,31,rectangular_farmland
rectangular_farmland/rectangular_farmland_065.jpg,31,rectangular_farmland
rectangular_farmland/rectangular_farmland_067.jpg,31,rectangular_farmland
rectangular_farmland/rectangular_farmland_069.jpg,31,rectangular_farmland
rectangular_farmland/rectangular_farmland_070.jpg,31,rectangular_farmland
rectangular_farmland/rectangular_farmland_071.jpg,31,rectangular_farmland
rectangular_farmland/rectangular_farmland_072.jpg,31,rectangular_farmland
rectangular_farmland/rectangular_farmland_073.jpg,31,rectangular_farmland
rectangular_farmland/rectangular_farmland_074.jpg,31,rectangular_farmland
rectangular_farmland/rectangular_farmland_075.jpg,31,rectangular_farmland
rectangular_farmland/rectangular_farmland_076.jpg,31,rectangular_farmland
rectangular_farmland/rectangular_farmland_077.jpg,31,rectangular_farmland
rectangular_farmland/rectangular_farmland_079.jpg,31,rectangular_farmland
rectangular_farmland/rectangular_farmland_080.jpg,31,rectangular_farmland
rectangular_farmland/rectangular_farmland_081.jpg,31,rectangular_farmland
rectangular_farmland/rectangular_farmland_084.jpg,31,rectangular_farmland
rectangular_farmland/rectangular_farmland_086.jpg,31,rectangular_farmland
rectangular_farmland/rectangular_farmland_087.jpg,31,rectangular_farmland
rectangular_farmland/rectangular_farmland_088.jpg,31,rectangular_farmland
rectangular_farmland/rectangular_farmland_089.jpg,31,rectangular_farmland
rectangular_farmland/rectangular_farmland_090.jpg,31,rectangular_farmland
rectangular_farmland/rectangular_farmland_091.jpg,31,rectangular_farmland
rectangular_farmland/rectangular_farmland_092.jpg,31,rectangular_farmland
rectangular_farmland/rectangular_farmland_093.jpg,31,rectangular_farmland
rectangular_farmland/rectangular_farmland_094.jpg,31,rectangular_farmland
rectangular_farmland/rectangular_farmland_095.jpg,31,rectangular_farmland
rectangular_farmland/rectangular_farmland_096.jpg,31,rectangular_farmland
rectangular_farmland/rectangular_farmland_097.jpg,31,rectangular_farmland
rectangular_farmland/rectangular_farmland_099.jpg,31,rectangular_farmland
rectangular_farmland/rectangular_farmland_100.jpg,31,rectangular_farmland
rectangular_farmland/rectangular_farmland_102.jpg,31,rectangular_farmland
rectangular_farmland/rectangular_farmland_104.jpg,31,rectangular_farmland
rectangular_farmland/rectangular_farmland_105.jpg,31,rectangular_farmland
rectangular_farmland/rectangular_farmland_106.jpg,31,rectangular_farmland
rectangular_farmland/rectangular_farmland_107.jpg,31,rectangular_farmland
rectangular_farmland/rectangular_farmland_109.jpg,31,rectangular_farmland
rectangular_farmland/rectangular_farmland_110.jpg,31,rectangular_farmland
rectangular_farmland/rectangular_farmland_111.jpg,31,rectangular_farmland
rectangular_farmland/rectangular_farmland_112.jpg,31,rectangular_farmland
rectangular_farmland/rectangular_farmland_113.jpg,31,rectangular_farmland
rectangular_farmland/rectangular_farmland_115.jpg,31,rectangular_farmland
rectangular_farmland/rectangular_farmland_117.jpg,31,rectangular_farmland
rectangular_farmland/rectangular_farmland_118.jpg,31,rectangular_farmland
rectangular_farmland/rectangular_farmland_119.jpg,31,rectangular_farmland
rectangular_farmland/rectangular_farmland_120.jpg,31,rectangular_farmland
rectangular_farmland/rectangular_farmland_122.jpg,31,rectangular_farmland
rectangular_farmland/rectangular_farmland_123.jpg,31,rectangular_farmland
rectangular_farmland/rectangular_farmland_124.jpg,31,rectangular_farmland
rectangular_farmland/rectangular_farmland_127.jpg,31,rectangular_farmland
rectangular_farmland/rectangular_farmland_128.jpg,31,rectangular_farmland
rectangular_farmland/rectangular_farmland_130.jpg,31,rectangular_farmland
rectangular_farmland/rectangular_farmland_132.jpg,31,rectangular_farmland
rectangular_farmland/rectangular_farmland_133.jpg,31,rectangular_farmland
rectangular_farmland/rectangular_farmland_134.jpg,31,rectangular_farmland
rectangular_farmland/rectangular_farmland_135.jpg,31,rectangular_farmland
rectangular_farmland/rectangular_farmland_137.jpg,31,rectangular_farmland
rectangular_farmland/rectangular_farmland_138.jpg,31,rectangular_farmland
rectangular_farmland/rectangular_farmland_139.jpg,31,rectangular_farmland
rectangular_farmland/rectangular_farmland_141.jpg,31,rectangular_farmland
rectangular_farmland/rectangular_farmland_142.jpg,31,rectangular_farmland
rectangular_farmland/rectangular_farmland_143.jpg,31,rectangular_farmland
rectangular_farmland/rectangular_farmland_145.jpg,31,rectangular_farmland
rectangular_farmland/rectangular_farmland_146.jpg,31,rectangular_farmland
rectangular_farmland/rectangular_farmland_147.jpg,31,rectangular_farmland
rectangular_farmland/rectangular_farmland_148.jpg,31,rectangular_farmland
rectangular_farmland/rectangular_farmland_149.jpg,31,rectangular_farmland
rectangular_farmland/rectangular_farmland_151.jpg,31,rectangular_farmland
rectangular_farmland/rectangular_farmland_152.jpg,31,rectangular_farmland
rectangular_farmland/rectangular_farmland_154.jpg,31,rectangular_farmland
rectangular_farmland/rectangular_farmland_155.jpg,31,rectangular_farmland
rectangular_farmland/rectangular_farmland_156.jpg,31,rectangular_farmland
rectangular_farmland/rectangular_farmland_157.jpg,31,rectangular_farmland
rectangular_farmland/rectangular_farmland_158.jpg,31,rectangular_farmland
rectangular_farmland/rectangular_farmland_159.jpg,31,rectangular_farmland
rectangular_farmland/rectangular_farmland_160.jpg,31,rectangular_farmland
rectangular_farmland/rectangular_farmland_161.jpg,31,rectangular_farmland
rectangular_farmland/rectangular_farmland_162.jpg,31,rectangular_farmland
rectangular_farmland/rectangular_farmland_163.jpg,31,rectangular_farmland
rectangular_farmland/rectangular_farmland_164.jpg,31,rectangular_farmland
rectangular_farmland/rectangular_farmland_168.jpg,31,rectangular_farmland
rectangular_farmland/rectangular_farmland_169.jpg,31,rectangular_farmland
rectangular_farmland/rectangular_farmland_170.jpg,31,rectangular_farmland
rectangular_farmland/rectangular_farmland_171.jpg,31,rectangular_farmland
rectangular_farmland/rectangular_farmland_172.jpg,31,rectangular_farmland
rectangular_farmland/rectangular_farmland_174.jpg,31,rectangular_farmland
rectangular_farmland/rectangular_farmland_175.jpg,31,rectangular_farmland
rectangular_farmland/rectangular_farmland_178.jpg,31,rectangular_farmland
rectangular_farmland/rectangular_farmland_179.jpg,31,rectangular_farmland
rectangular_farmland/rectangular_farmland_180.jpg,31,rectangular_farmland
rectangular_farmland/rectangular_farmland_181.jpg,31,rectangular_farmland
rectangular_farmland/rectangular_farmland_182.jpg,31,rectangular_farmland
rectangular_farmland/rectangular_farmland_183.jpg,31,rectangular_farmland
rectangular_farmland/rectangular_farmland_184.jpg,31,rectangular_farmland
rectangular_farmland/rectangular_farmland_185.jpg,31,rectangular_farmland
rectangular_farmland/rectangular_farmland_187.jpg,31,rectangular_farmland
rectangular_farmland/rectangular_farmland_189.jpg,31,rectangular_farmland
rectangular_farmland/rectangular_farmland_190.jpg,31,rectangular_farmland
rectangular_farmland/rectangular_farmland_192.jpg,31,rectangular_farmland
rectangular_farmland/rectangular_farmland_193.jpg,31,rectangular_farmland
rectangular_farmland/rectangular_farmland_195.jpg,31,rectangular_farmland
rectangular_farmland/rectangular_farmland_196.jpg,31,rectangular_farmland
rectangular_farmland/rectangular_farmland_197.jpg,31,rectangular_farmland
rectangular_farmland/rectangular_farmland_198.jpg,31,rectangular_farmland
rectangular_farmland/rectangular_farmland_199.jpg,31,rectangular_farmland
rectangular_farmland/rectangular_farmland_200.jpg,31,rectangular_farmland
rectangular_farmland/rectangular_farmland_202.jpg,31,rectangular_farmland
rectangular_farmland/rectangular_farmland_203.jpg,31,rectangular_farmland
rectangular_farmland/rectangular_farmland_204.jpg,31,rectangular_farmland
rectangular_farmland/rectangular_farmland_207.jpg,31,rectangular_farmland
rectangular_farmland/rectangular_farmland_208.jpg,31,rectangular_farmland
rectangular_farmland/rectangular_farmland_209.jpg,31,rectangular_farmland
rectangular_farmland/rectangular_farmland_210.jpg,31,rectangular_farmland
rectangular_farmland/rectangular_farmland_211.jpg,31,rectangular_farmland
rectangular_farmland/rectangular_farmland_212.jpg,31,rectangular_farmland
rectangular_farmland/rectangular_farmland_213.jpg,31,rectangular_farmland
rectangular_farmland/rectangular_farmland_216.jpg,31,rectangular_farmland
rectangular_farmland/rectangular_farmland_217.jpg,31,rectangular_farmland
rectangular_farmland/rectangular_farmland_218.jpg,31,rectangular_farmland
rectangular_farmland/rectangular_farmland_221.jpg,31,rectangular_farmland
rectangular_farmland/rectangular_farmland_222.jpg,31,rectangular_farmland
rectangular_farmland/rectangular_farmland_225.jpg,31,rectangular_farmland
rectangular_farmland/rectangular_farmland_227.jpg,31,rectangular_farmland
rectangular_farmland/rectangular_farmland_230.jpg,31,rectangular_farmland
rectangular_farmland/rectangular_farmland_231.jpg,31,rectangular_farmland
rectangular_farmland/rectangular_farmland_232.jpg,31,rectangular_farmland
rectangular_farmland/rectangular_farmland_234.jpg,31,rectangular_farmland
rectangular_farmland/rectangular_farmland_235.jpg,31,rectangular_farmland
rectangular_farmland/rectangular_farmland_236.jpg,31,rectangular_farmland
rectangular_farmland/rectangular_farmland_237.jpg,31,rectangular_farmland
rectangular_farmland/rectangular_farmland_240.jpg,31,rectangular_farmland
rectangular_farmland/rectangular_farmland_241.jpg,31,rectangular_farmland
rectangular_farmland/rectangular_farmland_242.jpg,31,rectangular_farmland
rectangular_farmland/rectangular_farmland_243.jpg,31,rectangular_farmland
rectangular_farmland/rectangular_farmland_244.jpg,31,rectangular_farmland
rectangular_farmland/rectangular_farmland_246.jpg,31,rectangular_farmland
rectangular_farmland/rectangular_farmland_247.jpg,31,rectangular_farmland
rectangular_farmland/rectangular_farmland_248.jpg,31,rectangular_farmland
rectangular_farmland/rectangular_farmland_252.jpg,31,rectangular_farmland
rectangular_farmland/rectangular_farmland_254.jpg,31,rectangular_farmland
rectangular_farmland/rectangular_farmland_255.jpg,31,rectangular_farmland
rectangular_farmland/rectangular_farmland_257.jpg,31,rectangular_farmland
rectangular_farmland/rectangular_farmland_258.jpg,31,rectangular_farmland
rectangular_farmland/rectangular_farmland_260.jpg,31,rectangular_farmland
rectangular_farmland/rectangular_farmland_263.jpg,31,rectangular_farmland
rectangular_farmland/rectangular_farmland_264.jpg,31,rectangular_farmland
rectangular_farmland/rectangular_farmland_265.jpg,31,rectangular_farmland
rectangular_farmland/rectangular_farmland_267.jpg,31,rectangular_farmland
rectangular_farmland/rectangular_farmland_268.jpg,31,rectangular_farmland
rectangular_farmland/rectangular_farmland_271.jpg,31,rectangular_farmland
rectangular_farmland/rectangular_farmland_272.jpg,31,rectangular_farmland
rectangular_farmland/rectangular_farmland_273.jpg,31,rectangular_farmland
rectangular_farmland/rectangular_farmland_274.jpg,31,rectangular_farmland
rectangular_farmland/rectangular_farmland_275.jpg,31,rectangular_farmland
rectangular_farmland/rectangular_farmland_276.jpg,31,rectangular_farmland
rectangular_farmland/rectangular_farmland_278.jpg,31,rectangular_farmland
rectangular_farmland/rectangular_farmland_280.jpg,31,rectangular_farmland
rectangular_farmland/rectangular_farmland_281.jpg,31,rectangular_farmland
rectangular_farmland/rectangular_farmland_284.jpg,31,rectangular_farmland
rectangular_farmland/rectangular_farmland_286.jpg,31,rectangular_farmland
rectangular_farmland/rectangular_farmland_290.jpg,31,rectangular_farmland
rectangular_farmland/rectangular_farmland_292.jpg,31,rectangular_farmland
rectangular_farmland/rectangular_farmland_294.jpg,31,rectangular_farmland
rectangular_farmland/rectangular_farmland_295.jpg,31,rectangular_farmland
rectangular_farmland/rectangular_farmland_296.jpg,31,rectangular_farmland
rectangular_farmland/rectangular_farmland_297.jpg,31,rectangular_farmland
rectangular_farmland/rectangular_farmland_299.jpg,31,rectangular_farmland
rectangular_farmland/rectangular_farmland_301.jpg,31,rectangular_farmland
rectangular_farmland/rectangular_farmland_302.jpg,31,rectangular_farmland
rectangular_farmland/rectangular_farmland_303.jpg,31,rectangular_farmland
rectangular_farmland/rectangular_farmland_304.jpg,31,rectangular_farmland
rectangular_farmland/rectangular_farmland_305.jpg,31,rectangular_farmland
rectangular_farmland/rectangular_farmland_306.jpg,31,rectangular_farmland
rectangular_farmland/rectangular_farmland_307.jpg,31,rectangular_farmland
rectangular_farmland/rectangular_farmland_308.jpg,31,rectangular_farmland
rectangular_farmland/rectangular_farmland_309.jpg,31,rectangular_farmland
rectangular_farmland/rectangular_farmland_312.jpg,31,rectangular_farmland
rectangular_farmland/rectangular_farmland_313.jpg,31,rectangular_farmland
rectangular_farmland/rectangular_farmland_314.jpg,31,rectangular_farmland
rectangular_farmland/rectangular_farmland_315.jpg,31,rectangular_farmland
rectangular_farmland/rectangular_farmland_317.jpg,31,rectangular_farmland
rectangular_farmland/rectangular_farmland_318.jpg,31,rectangular_farmland
rectangular_farmland/rectangular_farmland_321.jpg,31,rectangular_farmland
rectangular_farmland/rectangular_farmland_322.jpg,31,rectangular_farmland
rectangular_farmland/rectangular_farmland_324.jpg,31,rectangular_farmland
rectangular_farmland/rectangular_farmland_325.jpg,31,rectangular_farmland
rectangular_farmland/rectangular_farmland_326.jpg,31,rectangular_farmland
rectangular_farmland/rectangular_farmland_329.jpg,31,rectangular_farmland
rectangular_farmland/rectangular_farmland_331.jpg,31,rectangular_farmland
rectangular_farmland/rectangular_farmland_332.jpg,31,rectangular_farmland
rectangular_farmland/rectangular_farmland_334.jpg,31,rectangular_farmland
rectangular_farmland/rectangular_farmland_335.jpg,31,rectangular_farmland
rectangular_farmland/rectangular_farmland_336.jpg,31,rectangular_farmland
rectangular_farmland/rectangular_farmland_337.jpg,31,rectangular_farmland
rectangular_farmland/rectangular_farmland_338.jpg,31,rectangular_farmland
rectangular_farmland/rectangular_farmland_339.jpg,31,rectangular_farmland
rectangular_farmland/rectangular_farmland_342.jpg,31,rectangular_farmland
rectangular_farmland/rectangular_farmland_343.jpg,31,rectangular_farmland
rectangular_farmland/rectangular_farmland_344.jpg,31,rectangular_farmland
rectangular_farmland/rectangular_farmland_345.jpg,31,rectangular_farmland
rectangular_farmland/rectangular_farmland_347.jpg,31,rectangular_farmland
rectangular_farmland/rectangular_farmland_348.jpg,31,rectangular_farmland
rectangular_farmland/rectangular_farmland_349.jpg,31,rectangular_farmland
rectangular_farmland/rectangular_farmland_350.jpg,31,rectangular_farmland
rectangular_farmland/rectangular_farmland_351.jpg,31,rectangular_farmland
rectangular_farmland/rectangular_farmland_352.jpg,31,rectangular_farmland
rectangular_farmland/rectangular_farmland_353.jpg,31,rectangular_farmland
rectangular_farmland/rectangular_farmland_354.jpg,31,rectangular_farmland
rectangular_farmland/rectangular_farmland_355.jpg,31,rectangular_farmland
rectangular_farmland/rectangular_farmland_358.jpg,31,rectangular_farmland
rectangular_farmland/rectangular_farmland_359.jpg,31,rectangular_farmland
rectangular_farmland/rectangular_farmland_360.jpg,31,rectangular_farmland
rectangular_farmland/rectangular_farmland_361.jpg,31,rectangular_farmland
rectangular_farmland/rectangular_farmland_363.jpg,31,rectangular_farmland
rectangular_farmland/rectangular_farmland_366.jpg,31,rectangular_farmland
rectangular_farmland/rectangular_farmland_367.jpg,31,rectangular_farmland
rectangular_farmland/rectangular_farmland_368.jpg,31,rectangular_farmland
rectangular_farmland/rectangular_farmland_369.jpg,31,rectangular_farmland
rectangular_farmland/rectangular_farmland_370.jpg,31,rectangular_farmland
rectangular_farmland/rectangular_farmland_372.jpg,31,rectangular_farmland
rectangular_farmland/rectangular_farmland_374.jpg,31,rectangular_farmland
rectangular_farmland/rectangular_farmland_377.jpg,31,rectangular_farmland
rectangular_farmland/rectangular_farmland_378.jpg,31,rectangular_farmland
rectangular_farmland/rectangular_farmland_379.jpg,31,rectangular_farmland
rectangular_farmland/rectangular_farmland_381.jpg,31,rectangular_farmland
rectangular_farmland/rectangular_farmland_382.jpg,31,rectangular_farmland
rectangular_farmland/rectangular_farmland_384.jpg,31,rectangular_farmland
rectangular_farmland/rectangular_farmland_385.jpg,31,rectangular_farmland
rectangular_farmland/rectangular_farmland_387.jpg,31,rectangular_farmland
rectangular_farmland/rectangular_farmland_389.jpg,31,rectangular_farmland
rectangular_farmland/rectangular_farmland_390.jpg,31,rectangular_farmland
rectangular_farmland/rectangular_farmland_391.jpg,31,rectangular_farmland
rectangular_farmland/rectangular_farmland_394.jpg,31,rectangular_farmland
rectangular_farmland/rectangular_farmland_395.jpg,31,rectangular_farmland
rectangular_farmland/rectangular_farmland_397.jpg,31,rectangular_farmland
rectangular_farmland/rectangular_farmland_399.jpg,31,rectangular_farmland
rectangular_farmland/rectangular_farmland_400.jpg,31,rectangular_farmland
rectangular_farmland/rectangular_farmland_402.jpg,31,rectangular_farmland
rectangular_farmland/rectangular_farmland_403.jpg,31,rectangular_farmland
rectangular_farmland/rectangular_farmland_404.jpg,31,rectangular_farmland
rectangular_farmland/rectangular_farmland_406.jpg,31,rectangular_farmland
rectangular_farmland/rectangular_farmland_407.jpg,31,rectangular_farmland
rectangular_farmland/rectangular_farmland_412.jpg,31,rectangular_farmland
rectangular_farmland/rectangular_farmland_413.jpg,31,rectangular_farmland
rectangular_farmland/rectangular_farmland_414.jpg,31,rectangular_farmland
rectangular_farmland/rectangular_farmland_415.jpg,31,rectangular_farmland
rectangular_farmland/rectangular_farmland_417.jpg,31,rectangular_farmland
rectangular_farmland/rectangular_farmland_418.jpg,31,rectangular_farmland
rectangular_farmland/rectangular_farmland_419.jpg,31,rectangular_farmland
rectangular_farmland/rectangular_farmland_420.jpg,31,rectangular_farmland
rectangular_farmland/rectangular_farmland_421.jpg,31,rectangular_farmland
rectangular_farmland/rectangular_farmland_422.jpg,31,rectangular_farmland
rectangular_farmland/rectangular_farmland_423.jpg,31,rectangular_farmland
rectangular_farmland/rectangular_farmland_424.jpg,31,rectangular_farmland
rectangular_farmland/rectangular_farmland_425.jpg,31,rectangular_farmland
rectangular_farmland/rectangular_farmland_427.jpg,31,rectangular_farmland
rectangular_farmland/rectangular_farmland_429.jpg,31,rectangular_farmland
rectangular_farmland/rectangular_farmland_431.jpg,31,rectangular_farmland
rectangular_farmland/rectangular_farmland_432.jpg,31,rectangular_farmland
rectangular_farmland/rectangular_farmland_433.jpg,31,rectangular_farmland
rectangular_farmland/rectangular_farmland_434.jpg,31,rectangular_farmland
rectangular_farmland/rectangular_farmland_435.jpg,31,rectangular_farmland
rectangular_farmland/rectangular_farmland_437.jpg,31,rectangular_farmland
rectangular_farmland/rectangular_farmland_438.jpg,31,rectangular_farmland
rectangular_farmland/rectangular_farmland_439.jpg,31,rectangular_farmland
rectangular_farmland/rectangular_farmland_440.jpg,31,rectangular_farmland
rectangular_farmland/rectangular_farmland_442.jpg,31,rectangular_farmland
rectangular_farmland/rectangular_farmland_443.jpg,31,rectangular_farmland
rectangular_farmland/rectangular_farmland_444.jpg,31,rectangular_farmland
rectangular_farmland/rectangular_farmland_445.jpg,31,rectangular_farmland
rectangular_farmland/rectangular_farmland_446.jpg,31,rectangular_farmland
rectangular_farmland/rectangular_farmland_448.jpg,31,rectangular_farmland
rectangular_farmland/rectangular_farmland_450.jpg,31,rectangular_farmland
rectangular_farmland/rectangular_farmland_451.jpg,31,rectangular_farmland
rectangular_farmland/rectangular_farmland_452.jpg,31,rectangular_farmland
rectangular_farmland/rectangular_farmland_453.jpg,31,rectangular_farmland
rectangular_farmland/rectangular_farmland_455.jpg,31,rectangular_farmland
rectangular_farmland/rectangular_farmland_456.jpg,31,rectangular_farmland
rectangular_farmland/rectangular_farmland_457.jpg,31,rectangular_farmland
rectangular_farmland/rectangular_farmland_459.jpg,31,rectangular_farmland
rectangular_farmland/rectangular_farmland_460.jpg,31,rectangular_farmland
rectangular_farmland/rectangular_farmland_462.jpg,31,rectangular_farmland
rectangular_farmland/rectangular_farmland_463.jpg,31,rectangular_farmland
rectangular_farmland/rectangular_farmland_464.jpg,31,rectangular_farmland
rectangular_farmland/rectangular_farmland_465.jpg,31,rectangular_farmland
rectangular_farmland/rectangular_farmland_467.jpg,31,rectangular_farmland
rectangular_farmland/rectangular_farmland_469.jpg,31,rectangular_farmland
rectangular_farmland/rectangular_farmland_470.jpg,31,rectangular_farmland
rectangular_farmland/rectangular_farmland_471.jpg,31,rectangular_farmland
rectangular_farmland/rectangular_farmland_472.jpg,31,rectangular_farmland
rectangular_farmland/rectangular_farmland_474.jpg,31,rectangular_farmland
rectangular_farmland/rectangular_farmland_475.jpg,31,rectangular_farmland
rectangular_farmland/rectangular_farmland_476.jpg,31,rectangular_farmland
rectangular_farmland/rectangular_farmland_479.jpg,31,rectangular_farmland
rectangular_farmland/rectangular_farmland_480.jpg,31,rectangular_farmland
rectangular_farmland/rectangular_farmland_484.jpg,31,rectangular_farmland
rectangular_farmland/rectangular_farmland_485.jpg,31,rectangular_farmland
rectangular_farmland/rectangular_farmland_486.jpg,31,rectangular_farmland
rectangular_farmland/rectangular_farmland_487.jpg,31,rectangular_farmland
rectangular_farmland/rectangular_farmland_488.jpg,31,rectangular_farmland
rectangular_farmland/rectangular_farmland_490.jpg,31,rectangular_farmland
rectangular_farmland/rectangular_farmland_491.jpg,31,rectangular_farmland
rectangular_farmland/rectangular_farmland_493.jpg,31,rectangular_farmland
rectangular_farmland/rectangular_farmland_494.jpg,31,rectangular_farmland
rectangular_farmland/rectangular_farmland_495.jpg,31,rectangular_farmland
rectangular_farmland/rectangular_farmland_496.jpg,31,rectangular_farmland
rectangular_farmland/rectangular_farmland_497.jpg,31,rectangular_farmland
rectangular_farmland/rectangular_farmland_499.jpg,31,rectangular_farmland
rectangular_farmland/rectangular_farmland_501.jpg,31,rectangular_farmland
rectangular_farmland/rectangular_farmland_502.jpg,31,rectangular_farmland
rectangular_farmland/rectangular_farmland_503.jpg,31,rectangular_farmland
rectangular_farmland/rectangular_farmland_504.jpg,31,rectangular_farmland
rectangular_farmland/rectangular_farmland_505.jpg,31,rectangular_farmland
rectangular_farmland/rectangular_farmland_506.jpg,31,rectangular_farmland
rectangular_farmland/rectangular_farmland_509.jpg,31,rectangular_farmland
rectangular_farmland/rectangular_farmland_510.jpg,31,rectangular_farmland
rectangular_farmland/rectangular_farmland_511.jpg,31,rectangular_farmland
rectangular_farmland/rectangular_farmland_512.jpg,31,rectangular_farmland
rectangular_farmland/rectangular_farmland_513.jpg,31,rectangular_farmland
rectangular_farmland/rectangular_farmland_515.jpg,31,rectangular_farmland
rectangular_farmland/rectangular_farmland_517.jpg,31,rectangular_farmland
rectangular_farmland/rectangular_farmland_519.jpg,31,rectangular_farmland
rectangular_farmland/rectangular_farmland_520.jpg,31,rectangular_farmland
rectangular_farmland/rectangular_farmland_521.jpg,31,rectangular_farmland
rectangular_farmland/rectangular_farmland_522.jpg,31,rectangular_farmland
rectangular_farmland/rectangular_farmland_523.jpg,31,rectangular_farmland
rectangular_farmland/rectangular_farmland_527.jpg,31,rectangular_farmland
rectangular_farmland/rectangular_farmland_529.jpg,31,rectangular_farmland
rectangular_farmland/rectangular_farmland_531.jpg,31,rectangular_farmland
rectangular_farmland/rectangular_farmland_532.jpg,31,rectangular_farmland
rectangular_farmland/rectangular_farmland_533.jpg,31,rectangular_farmland
rectangular_farmland/rectangular_farmland_534.jpg,31,rectangular_farmland
rectangular_farmland/rectangular_farmland_537.jpg,31,rectangular_farmland
rectangular_farmland/rectangular_farmland_538.jpg,31,rectangular_farmland
rectangular_farmland/rectangular_farmland_539.jpg,31,rectangular_farmland
rectangular_farmland/rectangular_farmland_540.jpg,31,rectangular_farmland
rectangular_farmland/rectangular_farmland_541.jpg,31,rectangular_farmland
rectangular_farmland/rectangular_farmland_542.jpg,31,rectangular_farmland
rectangular_farmland/rectangular_farmland_543.jpg,31,rectangular_farmland
rectangular_farmland/rectangular_farmland_544.jpg,31,rectangular_farmland
rectangular_farmland/rectangular_farmland_546.jpg,31,rectangular_farmland
rectangular_farmland/rectangular_farmland_547.jpg,31,rectangular_farmland
rectangular_farmland/rectangular_farmland_548.jpg,31,rectangular_farmland
rectangular_farmland/rectangular_farmland_550.jpg,31,rectangular_farmland
rectangular_farmland/rectangular_farmland_551.jpg,31,rectangular_farmland
rectangular_farmland/rectangular_farmland_552.jpg,31,rectangular_farmland
rectangular_farmland/rectangular_farmland_553.jpg,31,rectangular_farmland
rectangular_farmland/rectangular_farmland_554.jpg,31,rectangular_farmland
rectangular_farmland/rectangular_farmland_555.jpg,31,rectangular_farmland
rectangular_farmland/rectangular_farmland_556.jpg,31,rectangular_farmland
rectangular_farmland/rectangular_farmland_558.jpg,31,rectangular_farmland
rectangular_farmland/rectangular_farmland_559.jpg,31,rectangular_farmland
rectangular_farmland/rectangular_farmland_560.jpg,31,rectangular_farmland
rectangular_farmland/rectangular_farmland_562.jpg,31,rectangular_farmland
rectangular_farmland/rectangular_farmland_563.jpg,31,rectangular_farmland
rectangular_farmland/rectangular_farmland_566.jpg,31,rectangular_farmland
rectangular_farmland/rectangular_farmland_568.jpg,31,rectangular_farmland
rectangular_farmland/rectangular_farmland_569.jpg,31,rectangular_farmland
rectangular_farmland/rectangular_farmland_570.jpg,31,rectangular_farmland
rectangular_farmland/rectangular_farmland_571.jpg,31,rectangular_farmland
rectangular_farmland/rectangular_farmland_572.jpg,31,rectangular_farmland
rectangular_farmland/rectangular_farmland_573.jpg,31,rectangular_farmland
rectangular_farmland/rectangular_farmland_574.jpg,31,rectangular_farmland
rectangular_farmland/rectangular_farmland_576.jpg,31,rectangular_farmland
rectangular_farmland/rectangular_farmland_579.jpg,31,rectangular_farmland
rectangular_farmland/rectangular_farmland_580.jpg,31,rectangular_farmland
rectangular_farmland/rectangular_farmland_581.jpg,31,rectangular_farmland
rectangular_farmland/rectangular_farmland_582.jpg,31,rectangular_farmland
rectangular_farmland/rectangular_farmland_584.jpg,31,rectangular_farmland
rectangular_farmland/rectangular_farmland_586.jpg,31,rectangular_farmland
rectangular_farmland/rectangular_farmland_587.jpg,31,rectangular_farmland
rectangular_farmland/rectangular_farmland_589.jpg,31,rectangular_farmland
rectangular_farmland/rectangular_farmland_590.jpg,31,rectangular_farmland
rectangular_farmland/rectangular_farmland_591.jpg,31,rectangular_farmland
rectangular_farmland/rectangular_farmland_592.jpg,31,rectangular_farmland
rectangular_farmland/rectangular_farmland_594.jpg,31,rectangular_farmland
rectangular_farmland/rectangular_farmland_597.jpg,31,rectangular_farmland
rectangular_farmland/rectangular_farmland_599.jpg,31,rectangular_farmland
rectangular_farmland/rectangular_farmland_601.jpg,31,rectangular_farmland
rectangular_farmland/rectangular_farmland_602.jpg,31,rectangular_farmland
rectangular_farmland/rectangular_farmland_603.jpg,31,rectangular_farmland
rectangular_farmland/rectangular_farmland_604.jpg,31,rectangular_farmland
rectangular_farmland/rectangular_farmland_605.jpg,31,rectangular_farmland
rectangular_farmland/rectangular_farmland_606.jpg,31,rectangular_farmland
rectangular_farmland/rectangular_farmland_608.jpg,31,rectangular_farmland
rectangular_farmland/rectangular_farmland_611.jpg,31,rectangular_farmland
rectangular_farmland/rectangular_farmland_612.jpg,31,rectangular_farmland
rectangular_farmland/rectangular_farmland_613.jpg,31,rectangular_farmland
rectangular_farmland/rectangular_farmland_614.jpg,31,rectangular_farmland
rectangular_farmland/rectangular_farmland_615.jpg,31,rectangular_farmland
rectangular_farmland/rectangular_farmland_616.jpg,31,rectangular_farmland
rectangular_farmland/rectangular_farmland_619.jpg,31,rectangular_farmland
rectangular_farmland/rectangular_farmland_620.jpg,31,rectangular_farmland
rectangular_farmland/rectangular_farmland_621.jpg,31,rectangular_farmland
rectangular_farmland/rectangular_farmland_622.jpg,31,rectangular_farmland
rectangular_farmland/rectangular_farmland_623.jpg,31,rectangular_farmland
rectangular_farmland/rectangular_farmland_624.jpg,31,rectangular_farmland
rectangular_farmland/rectangular_farmland_626.jpg,31,rectangular_farmland
rectangular_farmland/rectangular_farmland_627.jpg,31,rectangular_farmland
rectangular_farmland/rectangular_farmland_630.jpg,31,rectangular_farmland
rectangular_farmland/rectangular_farmland_631.jpg,31,rectangular_farmland
rectangular_farmland/rectangular_farmland_632.jpg,31,rectangular_farmland
rectangular_farmland/rectangular_farmland_633.jpg,31,rectangular_farmland
rectangular_farmland/rectangular_farmland_634.jpg,31,rectangular_farmland
rectangular_farmland/rectangular_farmland_636.jpg,31,rectangular_farmland
rectangular_farmland/rectangular_farmland_639.jpg,31,rectangular_farmland
rectangular_farmland/rectangular_farmland_640.jpg,31,rectangular_farmland
rectangular_farmland/rectangular_farmland_641.jpg,31,rectangular_farmland
rectangular_farmland/rectangular_farmland_642.jpg,31,rectangular_farmland
rectangular_farmland/rectangular_farmland_643.jpg,31,rectangular_farmland
rectangular_farmland/rectangular_farmland_645.jpg,31,rectangular_farmland
rectangular_farmland/rectangular_farmland_646.jpg,31,rectangular_farmland
rectangular_farmland/rectangular_farmland_647.jpg,31,rectangular_farmland
rectangular_farmland/rectangular_farmland_648.jpg,31,rectangular_farmland
rectangular_farmland/rectangular_farmland_649.jpg,31,rectangular_farmland
rectangular_farmland/rectangular_farmland_652.jpg,31,rectangular_farmland
rectangular_farmland/rectangular_farmland_654.jpg,31,rectangular_farmland
rectangular_farmland/rectangular_farmland_657.jpg,31,rectangular_farmland
rectangular_farmland/rectangular_farmland_658.jpg,31,rectangular_farmland
rectangular_farmland/rectangular_farmland_659.jpg,31,rectangular_farmland
rectangular_farmland/rectangular_farmland_661.jpg,31,rectangular_farmland
rectangular_farmland/rectangular_farmland_662.jpg,31,rectangular_farmland
rectangular_farmland/rectangular_farmland_665.jpg,31,rectangular_farmland
rectangular_farmland/rectangular_farmland_666.jpg,31,rectangular_farmland
rectangular_farmland/rectangular_farmland_667.jpg,31,rectangular_farmland
rectangular_farmland/rectangular_farmland_669.jpg,31,rectangular_farmland
rectangular_farmland/rectangular_farmland_670.jpg,31,rectangular_farmland
rectangular_farmland/rectangular_farmland_672.jpg,31,rectangular_farmland
rectangular_farmland/rectangular_farmland_673.jpg,31,rectangular_farmland
rectangular_farmland/rectangular_farmland_674.jpg,31,rectangular_farmland
rectangular_farmland/rectangular_farmland_675.jpg,31,rectangular_farmland
rectangular_farmland/rectangular_farmland_676.jpg,31,rectangular_farmland
rectangular_farmland/rectangular_farmland_678.jpg,31,rectangular_farmland
rectangular_farmland/rectangular_farmland_680.jpg,31,rectangular_farmland
rectangular_farmland/rectangular_farmland_682.jpg,31,rectangular_farmland
rectangular_farmland/rectangular_farmland_684.jpg,31,rectangular_farmland
rectangular_farmland/rectangular_farmland_685.jpg,31,rectangular_farmland
rectangular_farmland/rectangular_farmland_687.jpg,31,rectangular_farmland
rectangular_farmland/rectangular_farmland_688.jpg,31,rectangular_farmland
rectangular_farmland/rectangular_farmland_689.jpg,31,rectangular_farmland
rectangular_farmland/rectangular_farmland_690.jpg,31,rectangular_farmland
rectangular_farmland/rectangular_farmland_692.jpg,31,rectangular_farmland
rectangular_farmland/rectangular_farmland_693.jpg,31,rectangular_farmland
rectangular_farmland/rectangular_farmland_694.jpg,31,rectangular_farmland
rectangular_farmland/rectangular_farmland_696.jpg,31,rectangular_farmland
rectangular_farmland/rectangular_farmland_697.jpg,31,rectangular_farmland
rectangular_farmland/rectangular_farmland_698.jpg,31,rectangular_farmland
rectangular_farmland/rectangular_farmland_699.jpg,31,rectangular_farmland
river/river_002.jpg,32,river
river/river_003.jpg,32,river
river/river_006.jpg,32,river
river/river_007.jpg,32,river
river/river_008.jpg,32,river
river/river_010.jpg,32,river
river/river_011.jpg,32,river
river/river_012.jpg,32,river
river/river_016.jpg,32,river
river/river_017.jpg,32,river
river/river_019.jpg,32,river
river/river_020.jpg,32,river
river/river_021.jpg,32,river
river/river_022.jpg,32,river
river/river_023.jpg,32,river
river/river_032.jpg,32,river
river/river_033.jpg,32,river
river/river_034.jpg,32,river
river/river_036.jpg,32,river
river/river_037.jpg,32,river
river/river_039.jpg,32,river
river/river_040.jpg,32,river
river/river_041.jpg,32,river
river/river_044.jpg,32,river
river/river_045.jpg,32,river
river/river_047.jpg,32,river
river/river_049.jpg,32,river
river/river_050.jpg,32,river
river/river_051.jpg,32,river
river/river_053.jpg,32,river
river/river_054.jpg,32,river
river/river_056.jpg,32,river
river/river_058.jpg,32,river
river/river_059.jpg,32,river
river/river_061.jpg,32,river
river/river_062.jpg,32,river
river/river_063.jpg,32,river
river/river_064.jpg,32,river
river/river_065.jpg,32,river
river/river_067.jpg,32,river
river/river_070.jpg,32,river
river/river_072.jpg,32,river
river/river_073.jpg,32,river
river/river_074.jpg,32,river
river/river_076.jpg,32,river
river/river_078.jpg,32,river
river/river_079.jpg,32,river
river/river_081.jpg,32,river
river/river_083.jpg,32,river
river/river_084.jpg,32,river
river/river_087.jpg,32,river
river/river_090.jpg,32,river
river/river_091.jpg,32,river
river/river_092.jpg,32,river
river/river_093.jpg,32,river
river/river_094.jpg,32,river
river/river_096.jpg,32,river
river/river_097.jpg,32,river
river/river_098.jpg,32,river
river/river_099.jpg,32,river
river/river_101.jpg,32,river
river/river_105.jpg,32,river
river/river_107.jpg,32,river
river/river_110.jpg,32,river
river/river_111.jpg,32,river
river/river_112.jpg,32,river
river/river_115.jpg,32,river
river/river_117.jpg,32,river
river/river_119.jpg,32,river
river/river_121.jpg,32,river
river/river_122.jpg,32,river
river/river_123.jpg,32,river
river/river_124.jpg,32,river
river/river_125.jpg,32,river
river/river_126.jpg,32,river
river/river_128.jpg,32,river
river/river_129.jpg,32,river
river/river_131.jpg,32,river
river/river_132.jpg,32,river
river/river_133.jpg,32,river
river/river_134.jpg,32,river
river/river_135.jpg,32,river
river/river_137.jpg,32,river
river/river_138.jpg,32,river
river/river_139.jpg,32,river
river/river_140.jpg,32,river
river/river_141.jpg,32,river
river/river_142.jpg,32,river
river/river_143.jpg,32,river
river/river_144.jpg,32,river
river/river_145.jpg,32,river
river/river_146.jpg,32,river
river/river_147.jpg,32,river
river/river_148.jpg,32,river
river/river_149.jpg,32,river
river/river_151.jpg,32,river
river/river_153.jpg,32,river
river/river_154.jpg,32,river
river/river_155.jpg,32,river
river/river_157.jpg,32,river
river/river_158.jpg,32,river
river/river_162.jpg,32,river
river/river_164.jpg,32,river
river/river_165.jpg,32,river
river/river_166.jpg,32,river
river/river_168.jpg,32,river
river/river_169.jpg,32,river
river/river_170.jpg,32,river
river/river_172.jpg,32,river
river/river_176.jpg,32,river
river/river_177.jpg,32,river
river/river_178.jpg,32,river
river/river_179.jpg,32,river
river/river_181.jpg,32,river
river/river_182.jpg,32,river
river/river_183.jpg,32,river
river/river_185.jpg,32,river
river/river_186.jpg,32,river
river/river_189.jpg,32,river
river/river_190.jpg,32,river
river/river_191.jpg,32,river
river/river_192.jpg,32,river
river/river_194.jpg,32,river
river/river_195.jpg,32,river
river/river_196.jpg,32,river
river/river_197.jpg,32,river
river/river_200.jpg,32,river
river/river_201.jpg,32,river
river/river_204.jpg,32,river
river/river_206.jpg,32,river
river/river_207.jpg,32,river
river/river_208.jpg,32,river
river/river_209.jpg,32,river
river/river_211.jpg,32,river
river/river_212.jpg,32,river
river/river_213.jpg,32,river
river/river_214.jpg,32,river
river/river_215.jpg,32,river
river/river_216.jpg,32,river
river/river_217.jpg,32,river
river/river_219.jpg,32,river
river/river_220.jpg,32,river
river/river_221.jpg,32,river
river/river_222.jpg,32,river
river/river_224.jpg,32,river
river/river_228.jpg,32,river
river/river_232.jpg,32,river
river/river_233.jpg,32,river
river/river_234.jpg,32,river
river/river_235.jpg,32,river
river/river_236.jpg,32,river
river/river_237.jpg,32,river
river/river_238.jpg,32,river
river/river_239.jpg,32,river
river/river_240.jpg,32,river
river/river_241.jpg,32,river
river/river_242.jpg,32,river
river/river_243.jpg,32,river
river/river_245.jpg,32,river
river/river_246.jpg,32,river
river/river_247.jpg,32,river
river/river_248.jpg,32,river
river/river_249.jpg,32,river
river/river_251.jpg,32,river
river/river_252.jpg,32,river
river/river_253.jpg,32,river
river/river_254.jpg,32,river
river/river_256.jpg,32,river
river/river_258.jpg,32,river
river/river_259.jpg,32,river
river/river_260.jpg,32,river
river/river_261.jpg,32,river
river/river_262.jpg,32,river
river/river_263.jpg,32,river
river/river_264.jpg,32,river
river/river_265.jpg,32,river
river/river_266.jpg,32,river
river/river_268.jpg,32,river
river/river_269.jpg,32,river
river/river_272.jpg,32,river
river/river_273.jpg,32,river
river/river_274.jpg,32,river
river/river_275.jpg,32,river
river/river_276.jpg,32,river
river/river_277.jpg,32,river
river/river_278.jpg,32,river
river/river_280.jpg,32,river
river/river_282.jpg,32,river
river/river_283.jpg,32,river
river/river_284.jpg,32,river
river/river_285.jpg,32,river
river/river_286.jpg,32,river
river/river_287.jpg,32,river
river/river_290.jpg,32,river
river/river_291.jpg,32,river
river/river_292.jpg,32,river
river/river_293.jpg,32,river
river/river_294.jpg,32,river
river/river_296.jpg,32,river
river/river_297.jpg,32,river
river/river_298.jpg,32,river
river/river_301.jpg,32,river
river/river_305.jpg,32,river
river/river_306.jpg,32,river
river/river_307.jpg,32,river
river/river_308.jpg,32,river
river/river_309.jpg,32,river
river/river_311.jpg,32,river
river/river_312.jpg,32,river
river/river_314.jpg,32,river
river/river_315.jpg,32,river
river/river_316.jpg,32,river
river/river_318.jpg,32,river
river/river_319.jpg,32,river
river/river_320.jpg,32,river
river/river_321.jpg,32,river
river/river_322.jpg,32,river
river/river_324.jpg,32,river
river/river_325.jpg,32,river
river/river_326.jpg,32,river
river/river_331.jpg,32,river
river/river_333.jpg,32,river
river/river_334.jpg,32,river
river/river_335.jpg,32,river
river/river_336.jpg,32,river
river/river_337.jpg,32,river
river/river_338.jpg,32,river
river/river_339.jpg,32,river
river/river_340.jpg,32,river
river/river_342.jpg,32,river
river/river_343.jpg,32,river
river/river_345.jpg,32,river
river/river_346.jpg,32,river
river/river_347.jpg,32,river
river/river_348.jpg,32,river
river/river_351.jpg,32,river
river/river_352.jpg,32,river
river/river_355.jpg,32,river
river/river_356.jpg,32,river
river/river_359.jpg,32,river
river/river_361.jpg,32,river
river/river_362.jpg,32,river
river/river_363.jpg,32,river
river/river_365.jpg,32,river
river/river_366.jpg,32,river
river/river_367.jpg,32,river
river/river_368.jpg,32,river
river/river_369.jpg,32,river
river/river_371.jpg,32,river
river/river_373.jpg,32,river
river/river_375.jpg,32,river
river/river_376.jpg,32,river
river/river_377.jpg,32,river
river/river_378.jpg,32,river
river/river_379.jpg,32,river
river/river_380.jpg,32,river
river/river_381.jpg,32,river
river/river_382.jpg,32,river
river/river_385.jpg,32,river
river/river_386.jpg,32,river
river/river_387.jpg,32,river
river/river_389.jpg,32,river
river/river_391.jpg,32,river
river/river_392.jpg,32,river
river/river_393.jpg,32,river
river/river_394.jpg,32,river
river/river_396.jpg,32,river
river/river_398.jpg,32,river
river/river_400.jpg,32,river
river/river_401.jpg,32,river
river/river_402.jpg,32,river
river/river_403.jpg,32,river
river/river_404.jpg,32,river
river/river_405.jpg,32,river
river/river_407.jpg,32,river
river/river_408.jpg,32,river
river/river_409.jpg,32,river
river/river_410.jpg,32,river
river/river_411.jpg,32,river
river/river_412.jpg,32,river
river/river_413.jpg,32,river
river/river_415.jpg,32,river
river/river_416.jpg,32,river
river/river_417.jpg,32,river
river/river_418.jpg,32,river
river/river_419.jpg,32,river
river/river_420.jpg,32,river
river/river_421.jpg,32,river
river/river_422.jpg,32,river
river/river_424.jpg,32,river
river/river_425.jpg,32,river
river/river_427.jpg,32,river
river/river_428.jpg,32,river
river/river_429.jpg,32,river
river/river_430.jpg,32,river
river/river_432.jpg,32,river
river/river_434.jpg,32,river
river/river_436.jpg,32,river
river/river_438.jpg,32,river
river/river_439.jpg,32,river
river/river_440.jpg,32,river
river/river_441.jpg,32,river
river/river_442.jpg,32,river
river/river_443.jpg,32,river
river/river_445.jpg,32,river
river/river_447.jpg,32,river
river/river_448.jpg,32,river
river/river_449.jpg,32,river
river/river_450.jpg,32,river
river/river_452.jpg,32,river
river/river_453.jpg,32,river
river/river_454.jpg,32,river
river/river_455.jpg,32,river
river/river_456.jpg,32,river
river/river_457.jpg,32,river
river/river_458.jpg,32,river
river/river_460.jpg,32,river
river/river_461.jpg,32,river
river/river_464.jpg,32,river
river/river_465.jpg,32,river
river/river_466.jpg,32,river
river/river_467.jpg,32,river
river/river_469.jpg,32,river
river/river_471.jpg,32,river
river/river_472.jpg,32,river
river/river_473.jpg,32,river
river/river_476.jpg,32,river
river/river_477.jpg,32,river
river/river_478.jpg,32,river
river/river_482.jpg,32,river
river/river_483.jpg,32,river
river/river_484.jpg,32,river
river/river_485.jpg,32,river
river/river_486.jpg,32,river
river/river_487.jpg,32,river
river/river_488.jpg,32,river
river/river_489.jpg,32,river
river/river_491.jpg,32,river
river/river_492.jpg,32,river
river/river_494.jpg,32,river
river/river_495.jpg,32,river
river/river_496.jpg,32,river
river/river_497.jpg,32,river
river/river_498.jpg,32,river
river/river_499.jpg,32,river
river/river_500.jpg,32,river
river/river_501.jpg,32,river
river/river_502.jpg,32,river
river/river_503.jpg,32,river
river/river_504.jpg,32,river
river/river_505.jpg,32,river
river/river_506.jpg,32,river
river/river_507.jpg,32,river
river/river_508.jpg,32,river
river/river_510.jpg,32,river
river/river_511.jpg,32,river
river/river_513.jpg,32,river
river/river_514.jpg,32,river
river/river_515.jpg,32,river
river/river_516.jpg,32,river
river/river_517.jpg,32,river
river/river_520.jpg,32,river
river/river_521.jpg,32,river
river/river_523.jpg,32,river
river/river_526.jpg,32,river
river/river_527.jpg,32,river
river/river_528.jpg,32,river
river/river_530.jpg,32,river
river/river_532.jpg,32,river
river/river_535.jpg,32,river
river/river_536.jpg,32,river
river/river_537.jpg,32,river
river/river_539.jpg,32,river
river/river_540.jpg,32,river
river/river_541.jpg,32,river
river/river_544.jpg,32,river
river/river_545.jpg,32,river
river/river_546.jpg,32,river
river/river_549.jpg,32,river
river/river_551.jpg,32,river
river/river_554.jpg,32,river
river/river_555.jpg,32,river
river/river_556.jpg,32,river
river/river_557.jpg,32,river
river/river_558.jpg,32,river
river/river_559.jpg,32,river
river/river_560.jpg,32,river
river/river_562.jpg,32,river
river/river_566.jpg,32,river
river/river_568.jpg,32,river
river/river_569.jpg,32,river
river/river_572.jpg,32,river
river/river_573.jpg,32,river
river/river_574.jpg,32,river
river/river_575.jpg,32,river
river/river_577.jpg,32,river
river/river_578.jpg,32,river
river/river_579.jpg,32,river
river/river_582.jpg,32,river
river/river_583.jpg,32,river
river/river_584.jpg,32,river
river/river_585.jpg,32,river
river/river_586.jpg,32,river
river/river_587.jpg,32,river
river/river_588.jpg,32,river
river/river_589.jpg,32,river
river/river_590.jpg,32,river
river/river_591.jpg,32,river
river/river_592.jpg,32,river
river/river_593.jpg,32,river
river/river_594.jpg,32,river
river/river_595.jpg,32,river
river/river_597.jpg,32,river
river/river_599.jpg,32,river
river/river_600.jpg,32,river
river/river_601.jpg,32,river
river/river_602.jpg,32,river
river/river_603.jpg,32,river
river/river_605.jpg,32,river
river/river_606.jpg,32,river
river/river_607.jpg,32,river
river/river_608.jpg,32,river
river/river_610.jpg,32,river
river/river_611.jpg,32,river
river/river_613.jpg,32,river
river/river_615.jpg,32,river
river/river_616.jpg,32,river
river/river_617.jpg,32,river
river/river_618.jpg,32,river
river/river_619.jpg,32,river
river/river_620.jpg,32,river
river/river_621.jpg,32,river
river/river_622.jpg,32,river
river/river_623.jpg,32,river
river/river_624.jpg,32,river
river/river_625.jpg,32,river
river/river_626.jpg,32,river
river/river_627.jpg,32,river
river/river_628.jpg,32,river
river/river_629.jpg,32,river
river/river_630.jpg,32,river
river/river_631.jpg,32,river
river/river_634.jpg,32,river
river/river_635.jpg,32,river
river/river_637.jpg,32,river
river/river_638.jpg,32,river
river/river_639.jpg,32,river
river/river_640.jpg,32,river
river/river_643.jpg,32,river
river/river_646.jpg,32,river
river/river_647.jpg,32,river
river/river_648.jpg,32,river
river/river_650.jpg,32,river
river/river_651.jpg,32,river
river/river_652.jpg,32,river
river/river_654.jpg,32,river
river/river_655.jpg,32,river
river/river_656.jpg,32,river
river/river_659.jpg,32,river
river/river_660.jpg,32,river
river/river_661.jpg,32,river
river/river_662.jpg,32,river
river/river_663.jpg,32,river
river/river_665.jpg,32,river
river/river_667.jpg,32,river
river/river_668.jpg,32,river
river/river_672.jpg,32,river
river/river_673.jpg,32,river
river/river_674.jpg,32,river
river/river_675.jpg,32,river
river/river_676.jpg,32,river
river/river_677.jpg,32,river
river/river_678.jpg,32,river
river/river_679.jpg,32,river
river/river_680.jpg,32,river
river/river_682.jpg,32,river
river/river_683.jpg,32,river
river/river_685.jpg,32,river
river/river_686.jpg,32,river
river/river_688.jpg,32,river
river/river_690.jpg,32,river
river/river_691.jpg,32,river
river/river_693.jpg,32,river
river/river_694.jpg,32,river
river/river_695.jpg,32,river
river/river_696.jpg,32,river
river/river_697.jpg,32,river
river/river_698.jpg,32,river
river/river_699.jpg,32,river
river/river_700.jpg,32,river
roundabout/roundabout_001.jpg,33,roundabout
roundabout/roundabout_002.jpg,33,roundabout
roundabout/roundabout_006.jpg,33,roundabout
roundabout/roundabout_007.jpg,33,roundabout
roundabout/roundabout_008.jpg,33,roundabout
roundabout/roundabout_009.jpg,33,roundabout
roundabout/roundabout_011.jpg,33,roundabout
roundabout/roundabout_012.jpg,33,roundabout
roundabout/roundabout_013.jpg,33,roundabout
roundabout/roundabout_015.jpg,33,roundabout
roundabout/roundabout_016.jpg,33,roundabout
roundabout/roundabout_018.jpg,33,roundabout
roundabout/roundabout_019.jpg,33,roundabout
roundabout/roundabout_020.jpg,33,roundabout
roundabout/roundabout_023.jpg,33,roundabout
roundabout/roundabout_025.jpg,33,roundabout
roundabout/roundabout_026.jpg,33,roundabout
roundabout/roundabout_028.jpg,33,roundabout
roundabout/roundabout_029.jpg,33,roundabout
roundabout/roundabout_033.jpg,33,roundabout
roundabout/roundabout_034.jpg,33,roundabout
roundabout/roundabout_035.jpg,33,roundabout
roundabout/roundabout_036.jpg,33,roundabout
roundabout/roundabout_037.jpg,33,roundabout
roundabout/roundabout_038.jpg,33,roundabout
roundabout/roundabout_041.jpg,33,roundabout
roundabout/roundabout_042.jpg,33,roundabout
roundabout/roundabout_043.jpg,33,roundabout
roundabout/roundabout_045.jpg,33,roundabout
roundabout/roundabout_046.jpg,33,roundabout
roundabout/roundabout_048.jpg,33,roundabout
roundabout/roundabout_050.jpg,33,roundabout
roundabout/roundabout_051.jpg,33,roundabout
roundabout/roundabout_052.jpg,33,roundabout
roundabout/roundabout_053.jpg,33,roundabout
roundabout/roundabout_054.jpg,33,roundabout
roundabout/roundabout_056.jpg,33,roundabout
roundabout/roundabout_057.jpg,33,roundabout
roundabout/roundabout_059.jpg,33,roundabout
roundabout/roundabout_060.jpg,33,roundabout
roundabout/roundabout_061.jpg,33,roundabout
roundabout/roundabout_063.jpg,33,roundabout
roundabout/roundabout_064.jpg,33,roundabout
roundabout/roundabout_065.jpg,33,roundabout
roundabout/roundabout_066.jpg,33,roundabout
roundabout/roundabout_067.jpg,33,roundabout
roundabout/roundabout_068.jpg,33,roundabout
roundabout/roundabout_069.jpg,33,roundabout
roundabout/roundabout_071.jpg,33,roundabout
roundabout/roundabout_072.jpg,33,roundabout
roundabout/roundabout_073.jpg,33,roundabout
roundabout/roundabout_076.jpg,33,roundabout
roundabout/roundabout_077.jpg,33,roundabout
roundabout/roundabout_079.jpg,33,roundabout
roundabout/roundabout_080.jpg,33,roundabout
roundabout/roundabout_081.jpg,33,roundabout
roundabout/roundabout_082.jpg,33,roundabout
roundabout/roundabout_083.jpg,33,roundabout
roundabout/roundabout_084.jpg,33,roundabout
roundabout/roundabout_085.jpg,33,roundabout
roundabout/roundabout_086.jpg,33,roundabout
roundabout/roundabout_089.jpg,33,roundabout
roundabout/roundabout_090.jpg,33,roundabout
roundabout/roundabout_091.jpg,33,roundabout
roundabout/roundabout_092.jpg,33,roundabout
roundabout/roundabout_093.jpg,33,roundabout
roundabout/roundabout_094.jpg,33,roundabout
roundabout/roundabout_095.jpg,33,roundabout
roundabout/roundabout_099.jpg,33,roundabout
roundabout/roundabout_100.jpg,33,roundabout
roundabout/roundabout_101.jpg,33,roundabout
roundabout/roundabout_102.jpg,33,roundabout
roundabout/roundabout_103.jpg,33,roundabout
roundabout/roundabout_104.jpg,33,roundabout
roundabout/roundabout_105.jpg,33,roundabout
roundabout/roundabout_106.jpg,33,roundabout
roundabout/roundabout_107.jpg,33,roundabout
roundabout/roundabout_108.jpg,33,roundabout
roundabout/roundabout_109.jpg,33,roundabout
roundabout/roundabout_110.jpg,33,roundabout
roundabout/roundabout_111.jpg,33,roundabout
roundabout/roundabout_113.jpg,33,roundabout
roundabout/roundabout_115.jpg,33,roundabout
roundabout/roundabout_117.jpg,33,roundabout
roundabout/roundabout_118.jpg,33,roundabout
roundabout/roundabout_120.jpg,33,roundabout
roundabout/roundabout_123.jpg,33,roundabout
roundabout/roundabout_124.jpg,33,roundabout
roundabout/roundabout_125.jpg,33,roundabout
roundabout/roundabout_126.jpg,33,roundabout
roundabout/roundabout_128.jpg,33,roundabout
roundabout/roundabout_129.jpg,33,roundabout
roundabout/roundabout_130.jpg,33,roundabout
roundabout/roundabout_132.jpg,33,roundabout
roundabout/roundabout_134.jpg,33,roundabout
roundabout/roundabout_136.jpg,33,roundabout
roundabout/roundabout_137.jpg,33,roundabout
roundabout/roundabout_141.jpg,33,roundabout
roundabout/roundabout_142.jpg,33,roundabout
roundabout/roundabout_144.jpg,33,roundabout
roundabout/roundabout_145.jpg,33,roundabout
roundabout/roundabout_146.jpg,33,roundabout
roundabout/roundabout_147.jpg,33,roundabout
roundabout/roundabout_148.jpg,33,roundabout
roundabout/roundabout_149.jpg,33,roundabout
roundabout/roundabout_150.jpg,33,roundabout
roundabout/roundabout_154.jpg,33,roundabout
roundabout/roundabout_157.jpg,33,roundabout
roundabout/roundabout_158.jpg,33,roundabout
roundabout/roundabout_159.jpg,33,roundabout
roundabout/roundabout_161.jpg,33,roundabout
roundabout/roundabout_162.jpg,33,roundabout
roundabout/roundabout_163.jpg,33,roundabout
roundabout/roundabout_164.jpg,33,roundabout
roundabout/roundabout_165.jpg,33,roundabout
roundabout/roundabout_167.jpg,33,roundabout
roundabout/roundabout_168.jpg,33,roundabout
roundabout/roundabout_171.jpg,33,roundabout
roundabout/roundabout_172.jpg,33,roundabout
roundabout/roundabout_173.jpg,33,roundabout
roundabout/roundabout_174.jpg,33,roundabout
roundabout/roundabout_175.jpg,33,roundabout
roundabout/roundabout_176.jpg,33,roundabout
roundabout/roundabout_178.jpg,33,roundabout
roundabout/roundabout_179.jpg,33,roundabout
roundabout/roundabout_180.jpg,33,roundabout
roundabout/roundabout_184.jpg,33,roundabout
roundabout/roundabout_187.jpg,33,roundabout
roundabout/roundabout_188.jpg,33,roundabout
roundabout/roundabout_189.jpg,33,roundabout
roundabout/roundabout_190.jpg,33,roundabout
roundabout/roundabout_192.jpg,33,roundabout
roundabout/roundabout_193.jpg,33,roundabout
roundabout/roundabout_194.jpg,33,roundabout
roundabout/roundabout_195.jpg,33,roundabout
roundabout/roundabout_196.jpg,33,roundabout
roundabout/roundabout_198.jpg,33,roundabout
roundabout/roundabout_199.jpg,33,roundabout
roundabout/roundabout_200.jpg,33,roundabout
roundabout/roundabout_202.jpg,33,roundabout
roundabout/roundabout_203.jpg,33,roundabout
roundabout/roundabout_204.jpg,33,roundabout
roundabout/roundabout_205.jpg,33,roundabout
roundabout/roundabout_206.jpg,33,roundabout
roundabout/roundabout_208.jpg,33,roundabout
roundabout/roundabout_209.jpg,33,roundabout
roundabout/roundabout_210.jpg,33,roundabout
roundabout/roundabout_211.jpg,33,roundabout
roundabout/roundabout_213.jpg,33,roundabout
roundabout/roundabout_214.jpg,33,roundabout
roundabout/roundabout_215.jpg,33,roundabout
roundabout/roundabout_217.jpg,33,roundabout
roundabout/roundabout_218.jpg,33,roundabout
roundabout/roundabout_220.jpg,33,roundabout
roundabout/roundabout_221.jpg,33,roundabout
roundabout/roundabout_222.jpg,33,roundabout
roundabout/roundabout_223.jpg,33,roundabout
roundabout/roundabout_224.jpg,33,roundabout
roundabout/roundabout_225.jpg,33,roundabout
roundabout/roundabout_227.jpg,33,roundabout
roundabout/roundabout_228.jpg,33,roundabout
roundabout/roundabout_229.jpg,33,roundabout
roundabout/roundabout_230.jpg,33,roundabout
roundabout/roundabout_232.jpg,33,roundabout
roundabout/roundabout_234.jpg,33,roundabout
roundabout/roundabout_237.jpg,33,roundabout
roundabout/roundabout_238.jpg,33,roundabout
roundabout/roundabout_242.jpg,33,roundabout
roundabout/roundabout_243.jpg,33,roundabout
roundabout/roundabout_244.jpg,33,roundabout
roundabout/roundabout_245.jpg,33,roundabout
roundabout/roundabout_247.jpg,33,roundabout
roundabout/roundabout_248.jpg,33,roundabout
roundabout/roundabout_249.jpg,33,roundabout
roundabout/roundabout_251.jpg,33,roundabout
roundabout/roundabout_252.jpg,33,roundabout
roundabout/roundabout_253.jpg,33,roundabout
roundabout/roundabout_255.jpg,33,roundabout
roundabout/roundabout_256.jpg,33,roundabout
roundabout/roundabout_257.jpg,33,roundabout
roundabout/roundabout_258.jpg,33,roundabout
roundabout/roundabout_259.jpg,33,roundabout
roundabout/roundabout_261.jpg,33,roundabout
roundabout/roundabout_263.jpg,33,roundabout
roundabout/roundabout_265.jpg,33,roundabout
roundabout/roundabout_267.jpg,33,roundabout
roundabout/roundabout_268.jpg,33,roundabout
roundabout/roundabout_269.jpg,33,roundabout
roundabout/roundabout_271.jpg,33,roundabout
roundabout/roundabout_272.jpg,33,roundabout
roundabout/roundabout_275.jpg,33,roundabout
roundabout/roundabout_276.jpg,33,roundabout
roundabout/roundabout_277.jpg,33,roundabout
roundabout/roundabout_278.jpg,33,roundabout
roundabout/roundabout_280.jpg,33,roundabout
roundabout/roundabout_281.jpg,33,roundabout
roundabout/roundabout_283.jpg,33,roundabout
roundabout/roundabout_284.jpg,33,roundabout
roundabout/roundabout_285.jpg,33,roundabout
roundabout/roundabout_286.jpg,33,roundabout
roundabout/roundabout_287.jpg,33,roundabout
roundabout/roundabout_288.jpg,33,roundabout
roundabout/roundabout_289.jpg,33,roundabout
roundabout/roundabout_290.jpg,33,roundabout
roundabout/roundabout_293.jpg,33,roundabout
roundabout/roundabout_294.jpg,33,roundabout
roundabout/roundabout_295.jpg,33,roundabout
roundabout/roundabout_296.jpg,33,roundabout
roundabout/roundabout_297.jpg,33,roundabout
roundabout/roundabout_298.jpg,33,roundabout
roundabout/roundabout_300.jpg,33,roundabout
roundabout/roundabout_302.jpg,33,roundabout
roundabout/roundabout_303.jpg,33,roundabout
roundabout/roundabout_304.jpg,33,roundabout
roundabout/roundabout_307.jpg,33,roundabout
roundabout/roundabout_309.jpg,33,roundabout
roundabout/roundabout_310.jpg,33,roundabout
roundabout/roundabout_311.jpg,33,roundabout
roundabout/roundabout_313.jpg,33,roundabout
roundabout/roundabout_314.jpg,33,roundabout
roundabout/roundabout_315.jpg,33,roundabout
roundabout/roundabout_317.jpg,33,roundabout
roundabout/roundabout_318.jpg,33,roundabout
roundabout/roundabout_319.jpg,33,roundabout
roundabout/roundabout_320.jpg,33,roundabout
roundabout/roundabout_321.jpg,33,roundabout
roundabout/roundabout_323.jpg,33,roundabout
roundabout/roundabout_324.jpg,33,roundabout
roundabout/roundabout_325.jpg,33,roundabout
roundabout/roundabout_326.jpg,33,roundabout
roundabout/roundabout_327.jpg,33,roundabout
roundabout/roundabout_328.jpg,33,roundabout
roundabout/roundabout_329.jpg,33,roundabout
roundabout/roundabout_331.jpg,33,roundabout
roundabout/roundabout_332.jpg,33,roundabout
roundabout/roundabout_333.jpg,33,roundabout
roundabout/roundabout_338.jpg,33,roundabout
roundabout/roundabout_341.jpg,33,roundabout
roundabout/roundabout_343.jpg,33,roundabout
roundabout/roundabout_344.jpg,33,roundabout
roundabout/roundabout_345.jpg,33,roundabout
roundabout/roundabout_346.jpg,33,roundabout
roundabout/roundabout_348.jpg,33,roundabout
roundabout/roundabout_351.jpg,33,roundabout
roundabout/roundabout_355.jpg,33,roundabout
roundabout/roundabout_356.jpg,33,roundabout
roundabout/roundabout_357.jpg,33,roundabout
roundabout/roundabout_360.jpg,33,roundabout
roundabout/roundabout_361.jpg,33,roundabout
roundabout/roundabout_362.jpg,33,roundabout
roundabout/roundabout_363.jpg,33,roundabout
roundabout/roundabout_364.jpg,33,roundabout
roundabout/roundabout_365.jpg,33,roundabout
roundabout/roundabout_367.jpg,33,roundabout
roundabout/roundabout_369.jpg,33,roundabout
roundabout/roundabout_371.jpg,33,roundabout
roundabout/roundabout_372.jpg,33,roundabout
roundabout/roundabout_373.jpg,33,roundabout
roundabout/roundabout_374.jpg,33,roundabout
roundabout/roundabout_375.jpg,33,roundabout
roundabout/roundabout_376.jpg,33,roundabout
roundabout/roundabout_377.jpg,33,roundabout
roundabout/roundabout_378.jpg,33,roundabout
roundabout/roundabout_379.jpg,33,roundabout
roundabout/roundabout_380.jpg,33,roundabout
roundabout/roundabout_381.jpg,33,roundabout
roundabout/roundabout_382.jpg,33,roundabout
roundabout/roundabout_383.jpg,33,roundabout
roundabout/roundabout_384.jpg,33,roundabout
roundabout/roundabout_385.jpg,33,roundabout
roundabout/roundabout_386.jpg,33,roundabout
roundabout/roundabout_387.jpg,33,roundabout
roundabout/roundabout_389.jpg,33,roundabout
roundabout/roundabout_390.jpg,33,roundabout
roundabout/roundabout_393.jpg,33,roundabout
roundabout/roundabout_394.jpg,33,roundabout
roundabout/roundabout_397.jpg,33,roundabout
roundabout/roundabout_398.jpg,33,roundabout
roundabout/roundabout_399.jpg,33,roundabout
roundabout/roundabout_402.jpg,33,roundabout
roundabout/roundabout_403.jpg,33,roundabout
roundabout/roundabout_404.jpg,33,roundabout
roundabout/roundabout_405.jpg,33,roundabout
roundabout/roundabout_407.jpg,33,roundabout
roundabout/roundabout_408.jpg,33,roundabout
roundabout/roundabout_409.jpg,33,roundabout
roundabout/roundabout_411.jpg,33,roundabout
roundabout/roundabout_412.jpg,33,roundabout
roundabout/roundabout_413.jpg,33,roundabout
roundabout/roundabout_414.jpg,33,roundabout
roundabout/roundabout_415.jpg,33,roundabout
roundabout/roundabout_416.jpg,33,roundabout
roundabout/roundabout_417.jpg,33,roundabout
roundabout/roundabout_421.jpg,33,roundabout
roundabout/roundabout_422.jpg,33,roundabout
roundabout/roundabout_424.jpg,33,roundabout
roundabout/roundabout_425.jpg,33,roundabout
roundabout/roundabout_426.jpg,33,roundabout
roundabout/roundabout_427.jpg,33,roundabout
roundabout/roundabout_429.jpg,33,roundabout
roundabout/roundabout_430.jpg,33,roundabout
roundabout/roundabout_432.jpg,33,roundabout
roundabout/roundabout_433.jpg,33,roundabout
roundabout/roundabout_434.jpg,33,roundabout
roundabout/roundabout_435.jpg,33,roundabout
roundabout/roundabout_437.jpg,33,roundabout
roundabout/roundabout_438.jpg,33,roundabout
roundabout/roundabout_439.jpg,33,roundabout
roundabout/roundabout_440.jpg,33,roundabout
roundabout/roundabout_442.jpg,33,roundabout
roundabout/roundabout_444.jpg,33,roundabout
roundabout/roundabout_446.jpg,33,roundabout
roundabout/roundabout_447.jpg,33,roundabout
roundabout/roundabout_448.jpg,33,roundabout
roundabout/roundabout_449.jpg,33,roundabout
roundabout/roundabout_451.jpg,33,roundabout
roundabout/roundabout_452.jpg,33,roundabout
roundabout/roundabout_454.jpg,33,roundabout
roundabout/roundabout_456.jpg,33,roundabout
roundabout/roundabout_457.jpg,33,roundabout
roundabout/roundabout_460.jpg,33,roundabout
roundabout/roundabout_461.jpg,33,roundabout
roundabout/roundabout_462.jpg,33,roundabout
roundabout/roundabout_464.jpg,33,roundabout
roundabout/roundabout_465.jpg,33,roundabout
roundabout/roundabout_466.jpg,33,roundabout
roundabout/roundabout_467.jpg,33,roundabout
roundabout/roundabout_471.jpg,33,roundabout
roundabout/roundabout_473.jpg,33,roundabout
roundabout/roundabout_475.jpg,33,roundabout
roundabout/roundabout_476.jpg,33,roundabout
roundabout/roundabout_477.jpg,33,roundabout
roundabout/roundabout_478.jpg,33,roundabout
roundabout/roundabout_479.jpg,33,roundabout
roundabout/roundabout_481.jpg,33,roundabout
roundabout/roundabout_482.jpg,33,roundabout
roundabout/roundabout_485.jpg,33,roundabout
roundabout/roundabout_486.jpg,33,roundabout
roundabout/roundabout_488.jpg,33,roundabout
roundabout/roundabout_489.jpg,33,roundabout
roundabout/roundabout_492.jpg,33,roundabout
roundabout/roundabout_494.jpg,33,roundabout
roundabout/roundabout_495.jpg,33,roundabout
roundabout/roundabout_496.jpg,33,roundabout
roundabout/roundabout_497.jpg,33,roundabout
roundabout/roundabout_498.jpg,33,roundabout
roundabout/roundabout_499.jpg,33,roundabout
roundabout/roundabout_501.jpg,33,roundabout
roundabout/roundabout_502.jpg,33,roundabout
roundabout/roundabout_503.jpg,33,roundabout
roundabout/roundabout_504.jpg,33,roundabout
roundabout/roundabout_505.jpg,33,roundabout
roundabout/roundabout_506.jpg,33,roundabout
roundabout/roundabout_507.jpg,33,roundabout
roundabout/roundabout_508.jpg,33,roundabout
roundabout/roundabout_510.jpg,33,roundabout
roundabout/roundabout_511.jpg,33,roundabout
roundabout/roundabout_513.jpg,33,roundabout
roundabout/roundabout_516.jpg,33,roundabout
roundabout/roundabout_517.jpg,33,roundabout
roundabout/roundabout_518.jpg,33,roundabout
roundabout/roundabout_519.jpg,33,roundabout
roundabout/roundabout_520.jpg,33,roundabout
roundabout/roundabout_521.jpg,33,roundabout
roundabout/roundabout_522.jpg,33,roundabout
roundabout/roundabout_523.jpg,33,roundabout
roundabout/roundabout_524.jpg,33,roundabout
roundabout/roundabout_525.jpg,33,roundabout
roundabout/roundabout_526.jpg,33,roundabout
roundabout/roundabout_527.jpg,33,roundabout
roundabout/roundabout_528.jpg,33,roundabout
roundabout/roundabout_529.jpg,33,roundabout
roundabout/roundabout_530.jpg,33,roundabout
roundabout/roundabout_532.jpg,33,roundabout
roundabout/roundabout_533.jpg,33,roundabout
roundabout/roundabout_535.jpg,33,roundabout
roundabout/roundabout_536.jpg,33,roundabout
roundabout/roundabout_537.jpg,33,roundabout
roundabout/roundabout_538.jpg,33,roundabout
roundabout/roundabout_539.jpg,33,roundabout
roundabout/roundabout_541.jpg,33,roundabout
roundabout/roundabout_542.jpg,33,roundabout
roundabout/roundabout_543.jpg,33,roundabout
roundabout/roundabout_545.jpg,33,roundabout
roundabout/roundabout_547.jpg,33,roundabout
roundabout/roundabout_548.jpg,33,roundabout
roundabout/roundabout_551.jpg,33,roundabout
roundabout/roundabout_552.jpg,33,roundabout
roundabout/roundabout_553.jpg,33,roundabout
roundabout/roundabout_554.jpg,33,roundabout
roundabout/roundabout_555.jpg,33,roundabout
roundabout/roundabout_556.jpg,33,roundabout
roundabout/roundabout_557.jpg,33,roundabout
roundabout/roundabout_558.jpg,33,roundabout
roundabout/roundabout_559.jpg,33,roundabout
roundabout/roundabout_560.jpg,33,roundabout
roundabout/roundabout_561.jpg,33,roundabout
roundabout/roundabout_563.jpg,33,roundabout
roundabout/roundabout_569.jpg,33,roundabout
roundabout/roundabout_572.jpg,33,roundabout
roundabout/roundabout_574.jpg,33,roundabout
roundabout/roundabout_576.jpg,33,roundabout
roundabout/roundabout_577.jpg,33,roundabout
roundabout/roundabout_578.jpg,33,roundabout
roundabout/roundabout_579.jpg,33,roundabout
roundabout/roundabout_581.jpg,33,roundabout
roundabout/roundabout_582.jpg,33,roundabout
roundabout/roundabout_584.jpg,33,roundabout
roundabout/roundabout_586.jpg,33,roundabout
roundabout/roundabout_587.jpg,33,roundabout
roundabout/roundabout_590.jpg,33,roundabout
roundabout/roundabout_591.jpg,33,roundabout
roundabout/roundabout_593.jpg,33,roundabout
roundabout/roundabout_595.jpg,33,roundabout
roundabout/roundabout_596.jpg,33,roundabout
roundabout/roundabout_597.jpg,33,roundabout
roundabout/roundabout_598.jpg,33,roundabout
roundabout/roundabout_600.jpg,33,roundabout
roundabout/roundabout_601.jpg,33,roundabout
roundabout/roundabout_602.jpg,33,roundabout
roundabout/roundabout_603.jpg,33,roundabout
roundabout/roundabout_604.jpg,33,roundabout
roundabout/roundabout_605.jpg,33,roundabout
roundabout/roundabout_606.jpg,33,roundabout
roundabout/roundabout_607.jpg,33,roundabout
roundabout/roundabout_608.jpg,33,roundabout
roundabout/roundabout_609.jpg,33,roundabout
roundabout/roundabout_611.jpg,33,roundabout
roundabout/roundabout_613.jpg,33,roundabout
roundabout/roundabout_616.jpg,33,roundabout
roundabout/roundabout_617.jpg,33,roundabout
roundabout/roundabout_618.jpg,33,roundabout
roundabout/roundabout_619.jpg,33,roundabout
roundabout/roundabout_622.jpg,33,roundabout
roundabout/roundabout_623.jpg,33,roundabout
roundabout/roundabout_625.jpg,33,roundabout
roundabout/roundabout_626.jpg,33,roundabout
roundabout/roundabout_628.jpg,33,roundabout
roundabout/roundabout_630.jpg,33,roundabout
roundabout/roundabout_631.jpg,33,roundabout
roundabout/roundabout_632.jpg,33,roundabout
roundabout/roundabout_633.jpg,33,roundabout
roundabout/roundabout_634.jpg,33,roundabout
roundabout/roundabout_635.jpg,33,roundabout
roundabout/roundabout_636.jpg,33,roundabout
roundabout/roundabout_637.jpg,33,roundabout
roundabout/roundabout_638.jpg,33,roundabout
roundabout/roundabout_639.jpg,33,roundabout
roundabout/roundabout_641.jpg,33,roundabout
roundabout/roundabout_642.jpg,33,roundabout
roundabout/roundabout_643.jpg,33,roundabout
roundabout/roundabout_644.jpg,33,roundabout
roundabout/roundabout_645.jpg,33,roundabout
roundabout/roundabout_646.jpg,33,roundabout
roundabout/roundabout_647.jpg,33,roundabout
roundabout/roundabout_648.jpg,33,roundabout
roundabout/roundabout_650.jpg,33,roundabout
roundabout/roundabout_652.jpg,33,roundabout
roundabout/roundabout_653.jpg,33,roundabout
roundabout/roundabout_654.jpg,33,roundabout
roundabout/roundabout_655.jpg,33,roundabout
roundabout/roundabout_656.jpg,33,roundabout
roundabout/roundabout_657.jpg,33,roundabout
roundabout/roundabout_658.jpg,33,roundabout
roundabout/roundabout_661.jpg,33,roundabout
roundabout/roundabout_663.jpg,33,roundabout
roundabout/roundabout_665.jpg,33,roundabout
roundabout/roundabout_666.jpg,33,roundabout
roundabout/roundabout_667.jpg,33,roundabout
roundabout/roundabout_668.jpg,33,roundabout
roundabout/roundabout_669.jpg,33,roundabout
roundabout/roundabout_672.jpg,33,roundabout
roundabout/roundabout_673.jpg,33,roundabout
roundabout/roundabout_674.jpg,33,roundabout
roundabout/roundabout_675.jpg,33,roundabout
roundabout/roundabout_676.jpg,33,roundabout
roundabout/roundabout_678.jpg,33,roundabout
roundabout/roundabout_680.jpg,33,roundabout
roundabout/roundabout_683.jpg,33,roundabout
roundabout/roundabout_684.jpg,33,roundabout
roundabout/roundabout_686.jpg,33,roundabout
roundabout/roundabout_689.jpg,33,roundabout
roundabout/roundabout_690.jpg,33,roundabout
roundabout/roundabout_692.jpg,33,roundabout
roundabout/roundabout_694.jpg,33,roundabout
roundabout/roundabout_696.jpg,33,roundabout
roundabout/roundabout_697.jpg,33,roundabout
roundabout/roundabout_698.jpg,33,roundabout
roundabout/roundabout_699.jpg,33,roundabout
roundabout/roundabout_700.jpg,33,roundabout
runway/runway_001.jpg,34,runway
runway/runway_002.jpg,34,runway
runway/runway_003.jpg,34,runway
runway/runway_004.jpg,34,runway
runway/runway_006.jpg,34,runway
runway/runway_007.jpg,34,runway
runway/runway_008.jpg,34,runway
runway/runway_009.jpg,34,runway
runway/runway_010.jpg,34,runway
runway/runway_011.jpg,34,runway
runway/runway_013.jpg,34,runway
runway/runway_014.jpg,34,runway
runway/runway_016.jpg,34,runway
runway/runway_019.jpg,34,runway
runway/runway_020.jpg,34,runway
runway/runway_021.jpg,34,runway
runway/runway_022.jpg,34,runway
runway/runway_023.jpg,34,runway
runway/runway_025.jpg,34,runway
runway/runway_026.jpg,34,runway
runway/runway_027.jpg,34,runway
runway/runway_028.jpg,34,runway
runway/runway_029.jpg,34,runway
runway/runway_030.jpg,34,runway
runway/runway_031.jpg,34,runway
runway/runway_032.jpg,34,runway
runway/runway_033.jpg,34,runway
runway/runway_034.jpg,34,runway
runway/runway_035.jpg,34,runway
runway/runway_036.jpg,34,runway
runway/runway_037.jpg,34,runway
runway/runway_038.jpg,34,runway
runway/runway_039.jpg,34,runway
runway/runway_041.jpg,34,runway
runway/runway_043.jpg,34,runway
runway/runway_044.jpg,34,runway
runway/runway_045.jpg,34,runway
runway/runway_046.jpg,34,runway
runway/runway_047.jpg,34,runway
runway/runway_048.jpg,34,runway
runway/runway_049.jpg,34,runway
runway/runway_050.jpg,34,runway
runway/runway_052.jpg,34,runway
runway/runway_053.jpg,34,runway
runway/runway_054.jpg,34,runway
runway/runway_055.jpg,34,runway
runway/runway_056.jpg,34,runway
runway/runway_057.jpg,34,runway
runway/runway_058.jpg,34,runway
runway/runway_059.jpg,34,runway
runway/runway_062.jpg,34,runway
runway/runway_064.jpg,34,runway
runway/runway_065.jpg,34,runway
runway/runway_066.jpg,34,runway
runway/runway_067.jpg,34,runway
runway/runway_068.jpg,34,runway
runway/runway_069.jpg,34,runway
runway/runway_070.jpg,34,runway
runway/runway_075.jpg,34,runway
runway/runway_076.jpg,34,runway
runway/runway_077.jpg,34,runway
runway/runway_078.jpg,34,runway
runway/runway_079.jpg,34,runway
runway/runway_081.jpg,34,runway
runway/runway_086.jpg,34,runway
runway/runway_087.jpg,34,runway
runway/runway_092.jpg,34,runway
runway/runway_093.jpg,34,runway
runway/runway_094.jpg,34,runway
runway/runway_095.jpg,34,runway
runway/runway_097.jpg,34,runway
runway/runway_099.jpg,34,runway
runway/runway_100.jpg,34,runway
runway/runway_101.jpg,34,runway
runway/runway_102.jpg,34,runway
runway/runway_103.jpg,34,runway
runway/runway_104.jpg,34,runway
runway/runway_105.jpg,34,runway
runway/runway_106.jpg,34,runway
runway/runway_109.jpg,34,runway
runway/runway_111.jpg,34,runway
runway/runway_112.jpg,34,runway
runway/runway_113.jpg,34,runway
runway/runway_114.jpg,34,runway
runway/runway_116.jpg,34,runway
runway/runway_117.jpg,34,runway
runway/runway_118.jpg,34,runway
runway/runway_121.jpg,34,runway
runway/runway_122.jpg,34,runway
runway/runway_123.jpg,34,runway
runway/runway_124.jpg,34,runway
runway/runway_125.jpg,34,runway
runway/runway_127.jpg,34,runway
runway/runway_128.jpg,34,runway
runway/runway_129.jpg,34,runway
runway/runway_134.jpg,34,runway
runway/runway_135.jpg,34,runway
runway/runway_137.jpg,34,runway
runway/runway_138.jpg,34,runway
runway/runway_139.jpg,34,runway
runway/runway_142.jpg,34,runway
runway/runway_144.jpg,34,runway
runway/runway_145.jpg,34,runway
runway/runway_146.jpg,34,runway
runway/runway_148.jpg,34,runway
runway/runway_149.jpg,34,runway
runway/runway_150.jpg,34,runway
runway/runway_151.jpg,34,runway
runway/runway_152.jpg,34,runway
runway/runway_154.jpg,34,runway
runway/runway_155.jpg,34,runway
runway/runway_156.jpg,34,runway
runway/runway_157.jpg,34,runway
runway/runway_158.jpg,34,runway
runway/runway_159.jpg,34,runway
runway/runway_161.jpg,34,runway
runway/runway_162.jpg,34,runway
runway/runway_164.jpg,34,runway
runway/runway_165.jpg,34,runway
runway/runway_166.jpg,34,runway
runway/runway_167.jpg,34,runway
runway/runway_170.jpg,34,runway
runway/runway_171.jpg,34,runway
runway/runway_172.jpg,34,runway
runway/runway_173.jpg,34,runway
runway/runway_174.jpg,34,runway
runway/runway_179.jpg,34,runway
runway/runway_180.jpg,34,runway
runway/runway_181.jpg,34,runway
runway/runway_182.jpg,34,runway
runway/runway_183.jpg,34,runway
runway/runway_184.jpg,34,runway
runway/runway_187.jpg,34,runway
runway/runway_188.jpg,34,runway
runway/runway_191.jpg,34,runway
runway/runway_192.jpg,34,runway
runway/runway_195.jpg,34,runway
runway/runway_196.jpg,34,runway
runway/runway_197.jpg,34,runway
runway/runway_198.jpg,34,runway
runway/runway_199.jpg,34,runway
runway/runway_200.jpg,34,runway
runway/runway_201.jpg,34,runway
runway/runway_202.jpg,34,runway
runway/runway_203.jpg,34,runway
runway/runway_204.jpg,34,runway
runway/runway_205.jpg,34,runway
runway/runway_206.jpg,34,runway
runway/runway_207.jpg,34,runway
runway/runway_208.jpg,34,runway
runway/runway_209.jpg,34,runway
runway/runway_211.jpg,34,runway
runway/runway_213.jpg,34,runway
runway/runway_215.jpg,34,runway
runway/runway_218.jpg,34,runway
runway/runway_220.jpg,34,runway
runway/runway_222.jpg,34,runway
runway/runway_223.jpg,34,runway
runway/runway_224.jpg,34,runway
runway/runway_226.jpg,34,runway
runway/runway_227.jpg,34,runway
runway/runway_229.jpg,34,runway
runway/runway_230.jpg,34,runway
runway/runway_231.jpg,34,runway
runway/runway_232.jpg,34,runway
runway/runway_233.jpg,34,runway
runway/runway_234.jpg,34,runway
runway/runway_236.jpg,34,runway
runway/runway_237.jpg,34,runway
runway/runway_238.jpg,34,runway
runway/runway_239.jpg,34,runway
runway/runway_240.jpg,34,runway
runway/runway_241.jpg,34,runway
runway/runway_242.jpg,34,runway
runway/runway_244.jpg,34,runway
runway/runway_245.jpg,34,runway
runway/runway_246.jpg,34,runway
runway/runway_247.jpg,34,runway
runway/runway_250.jpg,34,runway
runway/runway_251.jpg,34,runway
runway/runway_252.jpg,34,runway
runway/runway_254.jpg,34,runway
runway/runway_256.jpg,34,runway
runway/runway_260.jpg,34,runway
runway/runway_261.jpg,34,runway
runway/runway_262.jpg,34,runway
runway/runway_263.jpg,34,runway
runway/runway_264.jpg,34,runway
runway/runway_266.jpg,34,runway
runway/runway_267.jpg,34,runway
runway/runway_268.jpg,34,runway
runway/runway_269.jpg,34,runway
runway/runway_271.jpg,34,runway
runway/runway_273.jpg,34,runway
runway/runway_274.jpg,34,runway
runway/runway_275.jpg,34,runway
runway/runway_277.jpg,34,runway
runway/runway_279.jpg,34,runway
runway/runway_281.jpg,34,runway
runway/runway_282.jpg,34,runway
runway/runway_283.jpg,34,runway
runway/runway_284.jpg,34,runway
runway/runway_285.jpg,34,runway
runway/runway_286.jpg,34,runway
runway/runway_287.jpg,34,runway
runway/runway_288.jpg,34,runway
runway/runway_291.jpg,34,runway
runway/runway_292.jpg,34,runway
runway/runway_294.jpg,34,runway
runway/runway_295.jpg,34,runway
runway/runway_296.jpg,34,runway
runway/runway_298.jpg,34,runway
runway/runway_299.jpg,34,runway
runway/runway_300.jpg,34,runway
runway/runway_301.jpg,34,runway
runway/runway_303.jpg,34,runway
runway/runway_304.jpg,34,runway
runway/runway_306.jpg,34,runway
runway/runway_307.jpg,34,runway
runway/runway_308.jpg,34,runway
runway/runway_310.jpg,34,runway
runway/runway_311.jpg,34,runway
runway/runway_312.jpg,34,runway
runway/runway_314.jpg,34,runway
runway/runway_315.jpg,34,runway
runway/runway_317.jpg,34,runway
runway/runway_318.jpg,34,runway
runway/runway_319.jpg,34,runway
runway/runway_320.jpg,34,runway
runway/runway_321.jpg,34,runway
runway/runway_322.jpg,34,runway
runway/runway_323.jpg,34,runway
runway/runway_324.jpg,34,runway
runway/runway_325.jpg,34,runway
runway/runway_326.jpg,34,runway
runway/runway_329.jpg,34,runway
runway/runway_332.jpg,34,runway
runway/runway_333.jpg,34,runway
runway/runway_334.jpg,34,runway
runway/runway_335.jpg,34,runway
runway/runway_336.jpg,34,runway
runway/runway_338.jpg,34,runway
runway/runway_339.jpg,34,runway
runway/runway_340.jpg,34,runway
runway/runway_343.jpg,34,runway
runway/runway_344.jpg,34,runway
runway/runway_346.jpg,34,runway
runway/runway_347.jpg,34,runway
runway/runway_350.jpg,34,runway
runway/runway_352.jpg,34,runway
runway/runway_353.jpg,34,runway
runway/runway_355.jpg,34,runway
runway/runway_356.jpg,34,runway
runway/runway_357.jpg,34,runway
runway/runway_358.jpg,34,runway
runway/runway_359.jpg,34,runway
runway/runway_361.jpg,34,runway
runway/runway_362.jpg,34,runway
runway/runway_363.jpg,34,runway
runway/runway_365.jpg,34,runway
runway/runway_367.jpg,34,runway
runway/runway_368.jpg,34,runway
runway/runway_370.jpg,34,runway
runway/runway_371.jpg,34,runway
runway/runway_372.jpg,34,runway
runway/runway_374.jpg,34,runway
runway/runway_376.jpg,34,runway
runway/runway_378.jpg,34,runway
runway/runway_379.jpg,34,runway
runway/runway_380.jpg,34,runway
runway/runway_381.jpg,34,runway
runway/runway_382.jpg,34,runway
runway/runway_383.jpg,34,runway
runway/runway_384.jpg,34,runway
runway/runway_385.jpg,34,runway
runway/runway_387.jpg,34,runway
runway/runway_389.jpg,34,runway
runway/runway_390.jpg,34,runway
runway/runway_392.jpg,34,runway
runway/runway_393.jpg,34,runway
runway/runway_396.jpg,34,runway
runway/runway_397.jpg,34,runway
runway/runway_400.jpg,34,runway
runway/runway_401.jpg,34,runway
runway/runway_403.jpg,34,runway
runway/runway_404.jpg,34,runway
runway/runway_405.jpg,34,runway
runway/runway_406.jpg,34,runway
runway/runway_407.jpg,34,runway
runway/runway_408.jpg,34,runway
runway/runway_409.jpg,34,runway
runway/runway_410.jpg,34,runway
runway/runway_411.jpg,34,runway
runway/runway_412.jpg,34,runway
runway/runway_413.jpg,34,runway
runway/runway_414.jpg,34,runway
runway/runway_415.jpg,34,runway
runway/runway_417.jpg,34,runway
runway/runway_418.jpg,34,runway
runway/runway_419.jpg,34,runway
runway/runway_420.jpg,34,runway
runway/runway_421.jpg,34,runway
runway/runway_422.jpg,34,runway
runway/runway_424.jpg,34,runway
runway/runway_425.jpg,34,runway
runway/runway_426.jpg,34,runway
runway/runway_427.jpg,34,runway
runway/runway_428.jpg,34,runway
runway/runway_429.jpg,34,runway
runway/runway_431.jpg,34,runway
runway/runway_433.jpg,34,runway
runway/runway_435.jpg,34,runway
runway/runway_436.jpg,34,runway
runway/runway_438.jpg,34,runway
runway/runway_440.jpg,34,runway
runway/runway_441.jpg,34,runway
runway/runway_444.jpg,34,runway
runway/runway_446.jpg,34,runway
runway/runway_450.jpg,34,runway
runway/runway_451.jpg,34,runway
runway/runway_452.jpg,34,runway
runway/runway_453.jpg,34,runway
runway/runway_455.jpg,34,runway
runway/runway_456.jpg,34,runway
runway/runway_457.jpg,34,runway
runway/runway_459.jpg,34,runway
runway/runway_461.jpg,34,runway
runway/runway_462.jpg,34,runway
runway/runway_466.jpg,34,runway
runway/runway_467.jpg,34,runway
runway/runway_468.jpg,34,runway
runway/runway_472.jpg,34,runway
runway/runway_473.jpg,34,runway
runway/runway_475.jpg,34,runway
runway/runway_477.jpg,34,runway
runway/runway_478.jpg,34,runway
runway/runway_479.jpg,34,runway
runway/runway_481.jpg,34,runway
runway/runway_482.jpg,34,runway
runway/runway_484.jpg,34,runway
runway/runway_485.jpg,34,runway
runway/runway_486.jpg,34,runway
runway/runway_487.jpg,34,runway
runway/runway_488.jpg,34,runway
runway/runway_489.jpg,34,runway
runway/runway_490.jpg,34,runway
runway/runway_491.jpg,34,runway
runway/runway_492.jpg,34,runway
runway/runway_493.jpg,34,runway
runway/runway_495.jpg,34,runway
runway/runway_496.jpg,34,runway
runway/runway_497.jpg,34,runway
runway/runway_499.jpg,34,runway
runway/runway_500.jpg,34,runway
runway/runway_501.jpg,34,runway
runway/runway_502.jpg,34,runway
runway/runway_503.jpg,34,runway
runway/runway_504.jpg,34,runway
runway/runway_505.jpg,34,runway
runway/runway_508.jpg,34,runway
runway/runway_509.jpg,34,runway
runway/runway_511.jpg,34,runway
runway/runway_513.jpg,34,runway
runway/runway_514.jpg,34,runway
runway/runway_516.jpg,34,runway
runway/runway_517.jpg,34,runway
runway/runway_518.jpg,34,runway
runway/runway_519.jpg,34,runway
runway/runway_522.jpg,34,runway
runway/runway_523.jpg,34,runway
runway/runway_524.jpg,34,runway
runway/runway_525.jpg,34,runway
runway/runway_526.jpg,34,runway
runway/runway_527.jpg,34,runway
runway/runway_529.jpg,34,runway
runway/runway_530.jpg,34,runway
runway/runway_531.jpg,34,runway
runway/runway_533.jpg,34,runway
runway/runway_534.jpg,34,runway
runway/runway_536.jpg,34,runway
runway/runway_537.jpg,34,runway
runway/runway_540.jpg,34,runway
runway/runway_542.jpg,34,runway
runway/runway_547.jpg,34,runway
runway/runway_548.jpg,34,runway
runway/runway_549.jpg,34,runway
runway/runway_552.jpg,34,runway
runway/runway_553.jpg,34,runway
runway/runway_555.jpg,34,runway
runway/runway_556.jpg,34,runway
runway/runway_559.jpg,34,runway
runway/runway_562.jpg,34,runway
runway/runway_563.jpg,34,runway
runway/runway_564.jpg,34,runway
runway/runway_566.jpg,34,runway
runway/runway_567.jpg,34,runway
runway/runway_568.jpg,34,runway
runway/runway_569.jpg,34,runway
runway/runway_570.jpg,34,runway
runway/runway_571.jpg,34,runway
runway/runway_572.jpg,34,runway
runway/runway_573.jpg,34,runway
runway/runway_574.jpg,34,runway
runway/runway_575.jpg,34,runway
runway/runway_577.jpg,34,runway
runway/runway_578.jpg,34,runway
runway/runway_579.jpg,34,runway
runway/runway_580.jpg,34,runway
runway/runway_581.jpg,34,runway
runway/runway_582.jpg,34,runway
runway/runway_583.jpg,34,runway
runway/runway_584.jpg,34,runway
runway/runway_585.jpg,34,runway
runway/runway_587.jpg,34,runway
runway/runway_588.jpg,34,runway
runway/runway_591.jpg,34,runway
runway/runway_592.jpg,34,runway
runway/runway_594.jpg,34,runway
runway/runway_595.jpg,34,runway
runway/runway_597.jpg,34,runway
runway/runway_602.jpg,34,runway
runway/runway_603.jpg,34,runway
runway/runway_604.jpg,34,runway
runway/runway_605.jpg,34,runway
runway/runway_606.jpg,34,runway
runway/runway_607.jpg,34,runway
runway/runway_608.jpg,34,runway
runway/runway_610.jpg,34,runway
runway/runway_611.jpg,34,runway
runway/runway_612.jpg,34,runway
runway/runway_613.jpg,34,runway
runway/runway_614.jpg,34,runway
runway/runway_616.jpg,34,runway
runway/runway_619.jpg,34,runway
runway/runway_621.jpg,34,runway
runway/runway_623.jpg,34,runway
runway/runway_624.jpg,34,runway
runway/runway_625.jpg,34,runway
runway/runway_629.jpg,34,runway
runway/runway_631.jpg,34,runway
runway/runway_633.jpg,34,runway
runway/runway_634.jpg,34,runway
runway/runway_635.jpg,34,runway
runway/runway_636.jpg,34,runway
runway/runway_637.jpg,34,runway
runway/runway_639.jpg,34,runway
runway/runway_640.jpg,34,runway
runway/runway_641.jpg,34,runway
runway/runway_644.jpg,34,runway
runway/runway_646.jpg,34,runway
runway/runway_647.jpg,34,runway
runway/runway_648.jpg,34,runway
runway/runway_649.jpg,34,runway
runway/runway_650.jpg,34,runway
runway/runway_651.jpg,34,runway
runway/runway_652.jpg,34,runway
runway/runway_653.jpg,34,runway
runway/runway_654.jpg,34,runway
runway/runway_655.jpg,34,runway
runway/runway_656.jpg,34,runway
runway/runway_660.jpg,34,runway
runway/runway_662.jpg,34,runway
runway/runway_664.jpg,34,runway
runway/runway_665.jpg,34,runway
runway/runway_666.jpg,34,runway
runway/runway_668.jpg,34,runway
runway/runway_669.jpg,34,runway
runway/runway_670.jpg,34,runway
runway/runway_671.jpg,34,runway
runway/runway_672.jpg,34,runway
runway/runway_673.jpg,34,runway
runway/runway_674.jpg,34,runway
runway/runway_675.jpg,34,runway
runway/runway_677.jpg,34,runway
runway/runway_679.jpg,34,runway
runway/runway_680.jpg,34,runway
runway/runway_682.jpg,34,runway
runway/runway_683.jpg,34,runway
runway/runway_684.jpg,34,runway
runway/runway_686.jpg,34,runway
runway/runway_687.jpg,34,runway
runway/runway_688.jpg,34,runway
runway/runway_689.jpg,34,runway
runway/runway_691.jpg,34,runway
runway/runway_692.jpg,34,runway
runway/runway_694.jpg,34,runway
runway/runway_695.jpg,34,runway
runway/runway_697.jpg,34,runway
runway/runway_698.jpg,34,runway
runway/runway_700.jpg,34,runway
sea_ice/sea_ice_002.jpg,35,sea_ice
sea_ice/sea_ice_003.jpg,35,sea_ice
sea_ice/sea_ice_005.jpg,35,sea_ice
sea_ice/sea_ice_006.jpg,35,sea_ice
sea_ice/sea_ice_007.jpg,35,sea_ice
sea_ice/sea_ice_008.jpg,35,sea_ice
sea_ice/sea_ice_010.jpg,35,sea_ice
sea_ice/sea_ice_011.jpg,35,sea_ice
sea_ice/sea_ice_014.jpg,35,sea_ice
sea_ice/sea_ice_015.jpg,35,sea_ice
sea_ice/sea_ice_017.jpg,35,sea_ice
sea_ice/sea_ice_018.jpg,35,sea_ice
sea_ice/sea_ice_020.jpg,35,sea_ice
sea_ice/sea_ice_021.jpg,35,sea_ice
sea_ice/sea_ice_024.jpg,35,sea_ice
sea_ice/sea_ice_025.jpg,35,sea_ice
sea_ice/sea_ice_026.jpg,35,sea_ice
sea_ice/sea_ice_027.jpg,35,sea_ice
sea_ice/sea_ice_028.jpg,35,sea_ice
sea_ice/sea_ice_029.jpg,35,sea_ice
sea_ice/sea_ice_030.jpg,35,sea_ice
sea_ice/sea_ice_031.jpg,35,sea_ice
sea_ice/sea_ice_032.jpg,35,sea_ice
sea_ice/sea_ice_034.jpg,35,sea_ice
sea_ice/sea_ice_036.jpg,35,sea_ice
sea_ice/sea_ice_037.jpg,35,sea_ice
sea_ice/sea_ice_038.jpg,35,sea_ice
sea_ice/sea_ice_039.jpg,35,sea_ice
sea_ice/sea_ice_040.jpg,35,sea_ice
sea_ice/sea_ice_041.jpg,35,sea_ice
sea_ice/sea_ice_043.jpg,35,sea_ice
sea_ice/sea_ice_044.jpg,35,sea_ice
sea_ice/sea_ice_045.jpg,35,sea_ice
sea_ice/sea_ice_046.jpg,35,sea_ice
sea_ice/sea_ice_047.jpg,35,sea_ice
sea_ice/sea_ice_048.jpg,35,sea_ice
sea_ice/sea_ice_049.jpg,35,sea_ice
sea_ice/sea_ice_051.jpg,35,sea_ice
sea_ice/sea_ice_052.jpg,35,sea_ice
sea_ice/sea_ice_054.jpg,35,sea_ice
sea_ice/sea_ice_055.jpg,35,sea_ice
sea_ice/sea_ice_059.jpg,35,sea_ice
sea_ice/sea_ice_061.jpg,35,sea_ice
sea_ice/sea_ice_062.jpg,35,sea_ice
sea_ice/sea_ice_064.jpg,35,sea_ice
sea_ice/sea_ice_066.jpg,35,sea_ice
sea_ice/sea_ice_067.jpg,35,sea_ice
sea_ice/sea_ice_068.jpg,35,sea_ice
sea_ice/sea_ice_069.jpg,35,sea_ice
sea_ice/sea_ice_070.jpg,35,sea_ice
sea_ice/sea_ice_071.jpg,35,sea_ice
sea_ice/sea_ice_072.jpg,35,sea_ice
sea_ice/sea_ice_073.jpg,35,sea_ice
sea_ice/sea_ice_074.jpg,35,sea_ice
sea_ice/sea_ice_078.jpg,35,sea_ice
sea_ice/sea_ice_079.jpg,35,sea_ice
sea_ice/sea_ice_080.jpg,35,sea_ice
sea_ice/sea_ice_082.jpg,35,sea_ice
sea_ice/sea_ice_085.jpg,35,sea_ice
sea_ice/sea_ice_086.jpg,35,sea_ice
sea_ice/sea_ice_088.jpg,35,sea_ice
sea_ice/sea_ice_089.jpg,35,sea_ice
sea_ice/sea_ice_090.jpg,35,sea_ice
sea_ice/sea_ice_091.jpg,35,sea_ice
sea_ice/sea_ice_095.jpg,35,sea_ice
sea_ice/sea_ice_096.jpg,35,sea_ice
sea_ice/sea_ice_097.jpg,35,sea_ice
sea_ice/sea_ice_099.jpg,35,sea_ice
sea_ice/sea_ice_100.jpg,35,sea_ice
sea_ice/sea_ice_101.jpg,35,sea_ice
sea_ice/sea_ice_102.jpg,35,sea_ice
sea_ice/sea_ice_104.jpg,35,sea_ice
sea_ice/sea_ice_106.jpg,35,sea_ice
sea_ice/sea_ice_107.jpg,35,sea_ice
sea_ice/sea_ice_108.jpg,35,sea_ice
sea_ice/sea_ice_109.jpg,35,sea_ice
sea_ice/sea_ice_112.jpg,35,sea_ice
sea_ice/sea_ice_114.jpg,35,sea_ice
sea_ice/sea_ice_115.jpg,35,sea_ice
sea_ice/sea_ice_118.jpg,35,sea_ice
sea_ice/sea_ice_119.jpg,35,sea_ice
sea_ice/sea_ice_122.jpg,35,sea_ice
sea_ice/sea_ice_124.jpg,35,sea_ice
sea_ice/sea_ice_125.jpg,35,sea_ice
sea_ice/sea_ice_127.jpg,35,sea_ice
sea_ice/sea_ice_128.jpg,35,sea_ice
sea_ice/sea_ice_130.jpg,35,sea_ice
sea_ice/sea_ice_131.jpg,35,sea_ice
sea_ice/sea_ice_132.jpg,35,sea_ice
sea_ice/sea_ice_133.jpg,35,sea_ice
sea_ice/sea_ice_134.jpg,35,sea_ice
sea_ice/sea_ice_135.jpg,35,sea_ice
sea_ice/sea_ice_136.jpg,35,sea_ice
sea_ice/sea_ice_137.jpg,35,sea_ice
sea_ice/sea_ice_138.jpg,35,sea_ice
sea_ice/sea_ice_139.jpg,35,sea_ice
sea_ice/sea_ice_140.jpg,35,sea_ice
sea_ice/sea_ice_141.jpg,35,sea_ice
sea_ice/sea_ice_143.jpg,35,sea_ice
sea_ice/sea_ice_144.jpg,35,sea_ice
sea_ice/sea_ice_145.jpg,35,sea_ice
sea_ice/sea_ice_146.jpg,35,sea_ice
sea_ice/sea_ice_147.jpg,35,sea_ice
sea_ice/sea_ice_150.jpg,35,sea_ice
sea_ice/sea_ice_153.jpg,35,sea_ice
sea_ice/sea_ice_154.jpg,35,sea_ice
sea_ice/sea_ice_156.jpg,35,sea_ice
sea_ice/sea_ice_159.jpg,35,sea_ice
sea_ice/sea_ice_160.jpg,35,sea_ice
sea_ice/sea_ice_167.jpg,35,sea_ice
sea_ice/sea_ice_168.jpg,35,sea_ice
sea_ice/sea_ice_169.jpg,35,sea_ice
sea_ice/sea_ice_171.jpg,35,sea_ice
sea_ice/sea_ice_172.jpg,35,sea_ice
sea_ice/sea_ice_173.jpg,35,sea_ice
sea_ice/sea_ice_174.jpg,35,sea_ice
sea_ice/sea_ice_175.jpg,35,sea_ice
sea_ice/sea_ice_177.jpg,35,sea_ice
sea_ice/sea_ice_179.jpg,35,sea_ice
sea_ice/sea_ice_181.jpg,35,sea_ice
sea_ice/sea_ice_183.jpg,35,sea_ice
sea_ice/sea_ice_184.jpg,35,sea_ice
sea_ice/sea_ice_185.jpg,35,sea_ice
sea_ice/sea_ice_187.jpg,35,sea_ice
sea_ice/sea_ice_188.jpg,35,sea_ice
sea_ice/sea_ice_189.jpg,35,sea_ice
sea_ice/sea_ice_191.jpg,35,sea_ice
sea_ice/sea_ice_192.jpg,35,sea_ice
sea_ice/sea_ice_193.jpg,35,sea_ice
sea_ice/sea_ice_195.jpg,35,sea_ice
sea_ice/sea_ice_197.jpg,35,sea_ice
sea_ice/sea_ice_199.jpg,35,sea_ice
sea_ice/sea_ice_200.jpg,35,sea_ice
sea_ice/sea_ice_202.jpg,35,sea_ice
sea_ice/sea_ice_203.jpg,35,sea_ice
sea_ice/sea_ice_204.jpg,35,sea_ice
sea_ice/sea_ice_205.jpg,35,sea_ice
sea_ice/sea_ice_206.jpg,35,sea_ice
sea_ice/sea_ice_208.jpg,35,sea_ice
sea_ice/sea_ice_209.jpg,35,sea_ice
sea_ice/sea_ice_211.jpg,35,sea_ice
sea_ice/sea_ice_212.jpg,35,sea_ice
sea_ice/sea_ice_214.jpg,35,sea_ice
sea_ice/sea_ice_215.jpg,35,sea_ice
sea_ice/sea_ice_217.jpg,35,sea_ice
sea_ice/sea_ice_218.jpg,35,sea_ice
sea_ice/sea_ice_219.jpg,35,sea_ice
sea_ice/sea_ice_223.jpg,35,sea_ice
sea_ice/sea_ice_224.jpg,35,sea_ice
sea_ice/sea_ice_226.jpg,35,sea_ice
sea_ice/sea_ice_227.jpg,35,sea_ice
sea_ice/sea_ice_228.jpg,35,sea_ice
sea_ice/sea_ice_231.jpg,35,sea_ice
sea_ice/sea_ice_233.jpg,35,sea_ice
sea_ice/sea_ice_234.jpg,35,sea_ice
sea_ice/sea_ice_235.jpg,35,sea_ice
sea_ice/sea_ice_236.jpg,35,sea_ice
sea_ice/sea_ice_237.jpg,35,sea_ice
sea_ice/sea_ice_239.jpg,35,sea_ice
sea_ice/sea_ice_241.jpg,35,sea_ice
sea_ice/sea_ice_242.jpg,35,sea_ice
sea_ice/sea_ice_244.jpg,35,sea_ice
sea_ice/sea_ice_245.jpg,35,sea_ice
sea_ice/sea_ice_246.jpg,35,sea_ice
sea_ice/sea_ice_247.jpg,35,sea_ice
sea_ice/sea_ice_248.jpg,35,sea_ice
sea_ice/sea_ice_251.jpg,35,sea_ice
sea_ice/sea_ice_252.jpg,35,sea_ice
sea_ice/sea_ice_254.jpg,35,sea_ice
sea_ice/sea_ice_255.jpg,35,sea_ice
sea_ice/sea_ice_256.jpg,35,sea_ice
sea_ice/sea_ice_258.jpg,35,sea_ice
sea_ice/sea_ice_259.jpg,35,sea_ice
sea_ice/sea_ice_260.jpg,35,sea_ice
sea_ice/sea_ice_261.jpg,35,sea_ice
sea_ice/sea_ice_262.jpg,35,sea_ice
sea_ice/sea_ice_263.jpg,35,sea_ice
sea_ice/sea_ice_264.jpg,35,sea_ice
sea_ice/sea_ice_266.jpg,35,sea_ice
sea_ice/sea_ice_268.jpg,35,sea_ice
sea_ice/sea_ice_271.jpg,35,sea_ice
sea_ice/sea_ice_272.jpg,35,sea_ice
sea_ice/sea_ice_273.jpg,35,sea_ice
sea_ice/sea_ice_274.jpg,35,sea_ice
sea_ice/sea_ice_275.jpg,35,sea_ice
sea_ice/sea_ice_276.jpg,35,sea_ice
sea_ice/sea_ice_277.jpg,35,sea_ice
sea_ice/sea_ice_278.jpg,35,sea_ice
sea_ice/sea_ice_282.jpg,35,sea_ice
sea_ice/sea_ice_283.jpg,35,sea_ice
sea_ice/sea_ice_286.jpg,35,sea_ice
sea_ice/sea_ice_287.jpg,35,sea_ice
sea_ice/sea_ice_289.jpg,35,sea_ice
sea_ice/sea_ice_290.jpg,35,sea_ice
sea_ice/sea_ice_291.jpg,35,sea_ice
sea_ice/sea_ice_292.jpg,35,sea_ice
sea_ice/sea_ice_293.jpg,35,sea_ice
sea_ice/sea_ice_294.jpg,35,sea_ice
sea_ice/sea_ice_295.jpg,35,sea_ice
sea_ice/sea_ice_296.jpg,35,sea_ice
sea_ice/sea_ice_298.jpg,35,sea_ice
sea_ice/sea_ice_299.jpg,35,sea_ice
sea_ice/sea_ice_300.jpg,35,sea_ice
sea_ice/sea_ice_301.jpg,35,sea_ice
sea_ice/sea_ice_302.jpg,35,sea_ice
sea_ice/sea_ice_304.jpg,35,sea_ice
sea_ice/sea_ice_305.jpg,35,sea_ice
sea_ice/sea_ice_306.jpg,35,sea_ice
sea_ice/sea_ice_307.jpg,35,sea_ice
sea_ice/sea_ice_308.jpg,35,sea_ice
sea_ice/sea_ice_309.jpg,35,sea_ice
sea_ice/sea_ice_310.jpg,35,sea_ice
sea_ice/sea_ice_311.jpg,35,sea_ice
sea_ice/sea_ice_312.jpg,35,sea_ice
sea_ice/sea_ice_313.jpg,35,sea_ice
sea_ice/sea_ice_314.jpg,35,sea_ice
sea_ice/sea_ice_317.jpg,35,sea_ice
sea_ice/sea_ice_319.jpg,35,sea_ice
sea_ice/sea_ice_320.jpg,35,sea_ice
sea_ice/sea_ice_321.jpg,35,sea_ice
sea_ice/sea_ice_322.jpg,35,sea_ice
sea_ice/sea_ice_323.jpg,35,sea_ice
sea_ice/sea_ice_324.jpg,35,sea_ice
sea_ice/sea_ice_326.jpg,35,sea_ice
sea_ice/sea_ice_327.jpg,35,sea_ice
sea_ice/sea_ice_329.jpg,35,sea_ice
sea_ice/sea_ice_332.jpg,35,sea_ice
sea_ice/sea_ice_333.jpg,35,sea_ice
sea_ice/sea_ice_334.jpg,35,sea_ice
sea_ice/sea_ice_337.jpg,35,sea_ice
sea_ice/sea_ice_338.jpg,35,sea_ice
sea_ice/sea_ice_339.jpg,35,sea_ice
sea_ice/sea_ice_340.jpg,35,sea_ice
sea_ice/sea_ice_341.jpg,35,sea_ice
sea_ice/sea_ice_342.jpg,35,sea_ice
sea_ice/sea_ice_343.jpg,35,sea_ice
sea_ice/sea_ice_344.jpg,35,sea_ice
sea_ice/sea_ice_345.jpg,35,sea_ice
sea_ice/sea_ice_346.jpg,35,sea_ice
sea_ice/sea_ice_347.jpg,35,sea_ice
sea_ice/sea_ice_351.jpg,35,sea_ice
sea_ice/sea_ice_353.jpg,35,sea_ice
sea_ice/sea_ice_354.jpg,35,sea_ice
sea_ice/sea_ice_356.jpg,35,sea_ice
sea_ice/sea_ice_357.jpg,35,sea_ice
sea_ice/sea_ice_358.jpg,35,sea_ice
sea_ice/sea_ice_360.jpg,35,sea_ice
sea_ice/sea_ice_361.jpg,35,sea_ice
sea_ice/sea_ice_364.jpg,35,sea_ice
sea_ice/sea_ice_366.jpg,35,sea_ice
sea_ice/sea_ice_368.jpg,35,sea_ice
sea_ice/sea_ice_369.jpg,35,sea_ice
sea_ice/sea_ice_370.jpg,35,sea_ice
sea_ice/sea_ice_371.jpg,35,sea_ice
sea_ice/sea_ice_372.jpg,35,sea_ice
sea_ice/sea_ice_373.jpg,35,sea_ice
sea_ice/sea_ice_374.jpg,35,sea_ice
sea_ice/sea_ice_375.jpg,35,sea_ice
sea_ice/sea_ice_377.jpg,35,sea_ice
sea_ice/sea_ice_378.jpg,35,sea_ice
sea_ice/sea_ice_379.jpg,35,sea_ice
sea_ice/sea_ice_382.jpg,35,sea_ice
sea_ice/sea_ice_383.jpg,35,sea_ice
sea_ice/sea_ice_385.jpg,35,sea_ice
sea_ice/sea_ice_387.jpg,35,sea_ice
sea_ice/sea_ice_389.jpg,35,sea_ice
sea_ice/sea_ice_390.jpg,35,sea_ice
sea_ice/sea_ice_393.jpg,35,sea_ice
sea_ice/sea_ice_394.jpg,35,sea_ice
sea_ice/sea_ice_396.jpg,35,sea_ice
sea_ice/sea_ice_397.jpg,35,sea_ice
sea_ice/sea_ice_398.jpg,35,sea_ice
sea_ice/sea_ice_399.jpg,35,sea_ice
sea_ice/sea_ice_401.jpg,35,sea_ice
sea_ice/sea_ice_402.jpg,35,sea_ice
sea_ice/sea_ice_403.jpg,35,sea_ice
sea_ice/sea_ice_405.jpg,35,sea_ice
sea_ice/sea_ice_406.jpg,35,sea_ice
sea_ice/sea_ice_408.jpg,35,sea_ice
sea_ice/sea_ice_411.jpg,35,sea_ice
sea_ice/sea_ice_412.jpg,35,sea_ice
sea_ice/sea_ice_413.jpg,35,sea_ice
sea_ice/sea_ice_414.jpg,35,sea_ice
sea_ice/sea_ice_415.jpg,35,sea_ice
sea_ice/sea_ice_417.jpg,35,sea_ice
sea_ice/sea_ice_418.jpg,35,sea_ice
sea_ice/sea_ice_419.jpg,35,sea_ice
sea_ice/sea_ice_420.jpg,35,sea_ice
sea_ice/sea_ice_421.jpg,35,sea_ice
sea_ice/sea_ice_422.jpg,35,sea_ice
sea_ice/sea_ice_424.jpg,35,sea_ice
sea_ice/sea_ice_425.jpg,35,sea_ice
sea_ice/sea_ice_426.jpg,35,sea_ice
sea_ice/sea_ice_427.jpg,35,sea_ice
sea_ice/sea_ice_428.jpg,35,sea_ice
sea_ice/sea_ice_430.jpg,35,sea_ice
sea_ice/sea_ice_431.jpg,35,sea_ice
sea_ice/sea_ice_432.jpg,35,sea_ice
sea_ice/sea_ice_433.jpg,35,sea_ice
sea_ice/sea_ice_434.jpg,35,sea_ice
sea_ice/sea_ice_435.jpg,35,sea_ice
sea_ice/sea_ice_436.jpg,35,sea_ice
sea_ice/sea_ice_437.jpg,35,sea_ice
sea_ice/sea_ice_438.jpg,35,sea_ice
sea_ice/sea_ice_442.jpg,35,sea_ice
sea_ice/sea_ice_443.jpg,35,sea_ice
sea_ice/sea_ice_444.jpg,35,sea_ice
sea_ice/sea_ice_446.jpg,35,sea_ice
sea_ice/sea_ice_447.jpg,35,sea_ice
sea_ice/sea_ice_448.jpg,35,sea_ice
sea_ice/sea_ice_449.jpg,35,sea_ice
sea_ice/sea_ice_450.jpg,35,sea_ice
sea_ice/sea_ice_452.jpg,35,sea_ice
sea_ice/sea_ice_455.jpg,35,sea_ice
sea_ice/sea_ice_456.jpg,35,sea_ice
sea_ice/sea_ice_457.jpg,35,sea_ice
sea_ice/sea_ice_459.jpg,35,sea_ice
sea_ice/sea_ice_460.jpg,35,sea_ice
sea_ice/sea_ice_461.jpg,35,sea_ice
sea_ice/sea_ice_462.jpg,35,sea_ice
sea_ice/sea_ice_463.jpg,35,sea_ice
sea_ice/sea_ice_464.jpg,35,sea_ice
sea_ice/sea_ice_465.jpg,35,sea_ice
sea_ice/sea_ice_466.jpg,35,sea_ice
sea_ice/sea_ice_467.jpg,35,sea_ice
sea_ice/sea_ice_468.jpg,35,sea_ice
sea_ice/sea_ice_470.jpg,35,sea_ice
sea_ice/sea_ice_473.jpg,35,sea_ice
sea_ice/sea_ice_474.jpg,35,sea_ice
sea_ice/sea_ice_475.jpg,35,sea_ice
sea_ice/sea_ice_476.jpg,35,sea_ice
sea_ice/sea_ice_477.jpg,35,sea_ice
sea_ice/sea_ice_478.jpg,35,sea_ice
sea_ice/sea_ice_479.jpg,35,sea_ice
sea_ice/sea_ice_480.jpg,35,sea_ice
sea_ice/sea_ice_481.jpg,35,sea_ice
sea_ice/sea_ice_482.jpg,35,sea_ice
sea_ice/sea_ice_485.jpg,35,sea_ice
sea_ice/sea_ice_486.jpg,35,sea_ice
sea_ice/sea_ice_487.jpg,35,sea_ice
sea_ice/sea_ice_490.jpg,35,sea_ice
sea_ice/sea_ice_491.jpg,35,sea_ice
sea_ice/sea_ice_492.jpg,35,sea_ice
sea_ice/sea_ice_494.jpg,35,sea_ice
sea_ice/sea_ice_495.jpg,35,sea_ice
sea_ice/sea_ice_499.jpg,35,sea_ice
sea_ice/sea_ice_500.jpg,35,sea_ice
sea_ice/sea_ice_501.jpg,35,sea_ice
sea_ice/sea_ice_502.jpg,35,sea_ice
sea_ice/sea_ice_504.jpg,35,sea_ice
sea_ice/sea_ice_505.jpg,35,sea_ice
sea_ice/sea_ice_506.jpg,35,sea_ice
sea_ice/sea_ice_508.jpg,35,sea_ice
sea_ice/sea_ice_509.jpg,35,sea_ice
sea_ice/sea_ice_512.jpg,35,sea_ice
sea_ice/sea_ice_513.jpg,35,sea_ice
sea_ice/sea_ice_515.jpg,35,sea_ice
sea_ice/sea_ice_516.jpg,35,sea_ice
sea_ice/sea_ice_517.jpg,35,sea_ice
sea_ice/sea_ice_519.jpg,35,sea_ice
sea_ice/sea_ice_520.jpg,35,sea_ice
sea_ice/sea_ice_521.jpg,35,sea_ice
sea_ice/sea_ice_522.jpg,35,sea_ice
sea_ice/sea_ice_525.jpg,35,sea_ice
sea_ice/sea_ice_526.jpg,35,sea_ice
sea_ice/sea_ice_527.jpg,35,sea_ice
sea_ice/sea_ice_528.jpg,35,sea_ice
sea_ice/sea_ice_529.jpg,35,sea_ice
sea_ice/sea_ice_530.jpg,35,sea_ice
sea_ice/sea_ice_531.jpg,35,sea_ice
sea_ice/sea_ice_534.jpg,35,sea_ice
sea_ice/sea_ice_535.jpg,35,sea_ice
sea_ice/sea_ice_536.jpg,35,sea_ice
sea_ice/sea_ice_538.jpg,35,sea_ice
sea_ice/sea_ice_539.jpg,35,sea_ice
sea_ice/sea_ice_541.jpg,35,sea_ice
sea_ice/sea_ice_542.jpg,35,sea_ice
sea_ice/sea_ice_543.jpg,35,sea_ice
sea_ice/sea_ice_544.jpg,35,sea_ice
sea_ice/sea_ice_545.jpg,35,sea_ice
sea_ice/sea_ice_546.jpg,35,sea_ice
sea_ice/sea_ice_548.jpg,35,sea_ice
sea_ice/sea_ice_549.jpg,35,sea_ice
sea_ice/sea_ice_553.jpg,35,sea_ice
sea_ice/sea_ice_554.jpg,35,sea_ice
sea_ice/sea_ice_555.jpg,35,sea_ice
sea_ice/sea_ice_556.jpg,35,sea_ice
sea_ice/sea_ice_557.jpg,35,sea_ice
sea_ice/sea_ice_558.jpg,35,sea_ice
sea_ice/sea_ice_559.jpg,35,sea_ice
sea_ice/sea_ice_562.jpg,35,sea_ice
sea_ice/sea_ice_564.jpg,35,sea_ice
sea_ice/sea_ice_565.jpg,35,sea_ice
sea_ice/sea_ice_566.jpg,35,sea_ice
sea_ice/sea_ice_567.jpg,35,sea_ice
sea_ice/sea_ice_568.jpg,35,sea_ice
sea_ice/sea_ice_569.jpg,35,sea_ice
sea_ice/sea_ice_570.jpg,35,sea_ice
sea_ice/sea_ice_571.jpg,35,sea_ice
sea_ice/sea_ice_572.jpg,35,sea_ice
sea_ice/sea_ice_573.jpg,35,sea_ice
sea_ice/sea_ice_575.jpg,35,sea_ice
sea_ice/sea_ice_576.jpg,35,sea_ice
sea_ice/sea_ice_578.jpg,35,sea_ice
sea_ice/sea_ice_579.jpg,35,sea_ice
sea_ice/sea_ice_580.jpg,35,sea_ice
sea_ice/sea_ice_581.jpg,35,sea_ice
sea_ice/sea_ice_582.jpg,35,sea_ice
sea_ice/sea_ice_584.jpg,35,sea_ice
sea_ice/sea_ice_585.jpg,35,sea_ice
sea_ice/sea_ice_586.jpg,35,sea_ice
sea_ice/sea_ice_587.jpg,35,sea_ice
sea_ice/sea_ice_588.jpg,35,sea_ice
sea_ice/sea_ice_589.jpg,35,sea_ice
sea_ice/sea_ice_590.jpg,35,sea_ice
sea_ice/sea_ice_591.jpg,35,sea_ice
sea_ice/sea_ice_592.jpg,35,sea_ice
sea_ice/sea_ice_594.jpg,35,sea_ice
sea_ice/sea_ice_595.jpg,35,sea_ice
sea_ice/sea_ice_596.jpg,35,sea_ice
sea_ice/sea_ice_597.jpg,35,sea_ice
sea_ice/sea_ice_599.jpg,35,sea_ice
sea_ice/sea_ice_600.jpg,35,sea_ice
sea_ice/sea_ice_601.jpg,35,sea_ice
sea_ice/sea_ice_602.jpg,35,sea_ice
sea_ice/sea_ice_604.jpg,35,sea_ice
sea_ice/sea_ice_605.jpg,35,sea_ice
sea_ice/sea_ice_606.jpg,35,sea_ice
sea_ice/sea_ice_607.jpg,35,sea_ice
sea_ice/sea_ice_611.jpg,35,sea_ice
sea_ice/sea_ice_612.jpg,35,sea_ice
sea_ice/sea_ice_615.jpg,35,sea_ice
sea_ice/sea_ice_616.jpg,35,sea_ice
sea_ice/sea_ice_617.jpg,35,sea_ice
sea_ice/sea_ice_618.jpg,35,sea_ice
sea_ice/sea_ice_620.jpg,35,sea_ice
sea_ice/sea_ice_621.jpg,35,sea_ice
sea_ice/sea_ice_623.jpg,35,sea_ice
sea_ice/sea_ice_624.jpg,35,sea_ice
sea_ice/sea_ice_625.jpg,35,sea_ice
sea_ice/sea_ice_627.jpg,35,sea_ice
sea_ice/sea_ice_629.jpg,35,sea_ice
sea_ice/sea_ice_631.jpg,35,sea_ice
sea_ice/sea_ice_632.jpg,35,sea_ice
sea_ice/sea_ice_633.jpg,35,sea_ice
sea_ice/sea_ice_634.jpg,35,sea_ice
sea_ice/sea_ice_635.jpg,35,sea_ice
sea_ice/sea_ice_636.jpg,35,sea_ice
sea_ice/sea_ice_638.jpg,35,sea_ice
sea_ice/sea_ice_639.jpg,35,sea_ice
sea_ice/sea_ice_640.jpg,35,sea_ice
sea_ice/sea_ice_641.jpg,35,sea_ice
sea_ice/sea_ice_643.jpg,35,sea_ice
sea_ice/sea_ice_644.jpg,35,sea_ice
sea_ice/sea_ice_645.jpg,35,sea_ice
sea_ice/sea_ice_646.jpg,35,sea_ice
sea_ice/sea_ice_647.jpg,35,sea_ice
sea_ice/sea_ice_648.jpg,35,sea_ice
sea_ice/sea_ice_649.jpg,35,sea_ice
sea_ice/sea_ice_650.jpg,35,sea_ice
sea_ice/sea_ice_651.jpg,35,sea_ice
sea_ice/sea_ice_652.jpg,35,sea_ice
sea_ice/sea_ice_656.jpg,35,sea_ice
sea_ice/sea_ice_658.jpg,35,sea_ice
sea_ice/sea_ice_659.jpg,35,sea_ice
sea_ice/sea_ice_660.jpg,35,sea_ice
sea_ice/sea_ice_661.jpg,35,sea_ice
sea_ice/sea_ice_665.jpg,35,sea_ice
sea_ice/sea_ice_667.jpg,35,sea_ice
sea_ice/sea_ice_669.jpg,35,sea_ice
sea_ice/sea_ice_670.jpg,35,sea_ice
sea_ice/sea_ice_672.jpg,35,sea_ice
sea_ice/sea_ice_673.jpg,35,sea_ice
sea_ice/sea_ice_676.jpg,35,sea_ice
sea_ice/sea_ice_678.jpg,35,sea_ice
sea_ice/sea_ice_680.jpg,35,sea_ice
sea_ice/sea_ice_683.jpg,35,sea_ice
sea_ice/sea_ice_684.jpg,35,sea_ice
sea_ice/sea_ice_685.jpg,35,sea_ice
sea_ice/sea_ice_687.jpg,35,sea_ice
sea_ice/sea_ice_690.jpg,35,sea_ice
sea_ice/sea_ice_692.jpg,35,sea_ice
sea_ice/sea_ice_693.jpg,35,sea_ice
sea_ice/sea_ice_694.jpg,35,sea_ice
sea_ice/sea_ice_695.jpg,35,sea_ice
sea_ice/sea_ice_696.jpg,35,sea_ice
sea_ice/sea_ice_697.jpg,35,sea_ice
sea_ice/sea_ice_698.jpg,35,sea_ice
sea_ice/sea_ice_699.jpg,35,sea_ice
sea_ice/sea_ice_700.jpg,35,sea_ice
ship/ship_001.jpg,36,ship
ship/ship_002.jpg,36,ship
ship/ship_006.jpg,36,ship
ship/ship_007.jpg,36,ship
ship/ship_008.jpg,36,ship
ship/ship_009.jpg,36,ship
ship/ship_011.jpg,36,ship
ship/ship_012.jpg,36,ship
ship/ship_013.jpg,36,ship
ship/ship_014.jpg,36,ship
ship/ship_015.jpg,36,ship
ship/ship_018.jpg,36,ship
ship/ship_020.jpg,36,ship
ship/ship_021.jpg,36,ship
ship/ship_022.jpg,36,ship
ship/ship_024.jpg,36,ship
ship/ship_025.jpg,36,ship
ship/ship_026.jpg,36,ship
ship/ship_027.jpg,36,ship
ship/ship_028.jpg,36,ship
ship/ship_029.jpg,36,ship
ship/ship_030.jpg,36,ship
ship/ship_031.jpg,36,ship
ship/ship_032.jpg,36,ship
ship/ship_033.jpg,36,ship
ship/ship_035.jpg,36,ship
ship/ship_036.jpg,36,ship
ship/ship_038.jpg,36,ship
ship/ship_040.jpg,36,ship
ship/ship_041.jpg,36,ship
ship/ship_042.jpg,36,ship
ship/ship_047.jpg,36,ship
ship/ship_048.jpg,36,ship
ship/ship_049.jpg,36,ship
ship/ship_051.jpg,36,ship
ship/ship_055.jpg,36,ship
ship/ship_056.jpg,36,ship
ship/ship_057.jpg,36,ship
ship/ship_058.jpg,36,ship
ship/ship_063.jpg,36,ship
ship/ship_064.jpg,36,ship
ship/ship_065.jpg,36,ship
ship/ship_066.jpg,36,ship
ship/ship_069.jpg,36,ship
ship/ship_072.jpg,36,ship
ship/ship_074.jpg,36,ship
ship/ship_076.jpg,36,ship
ship/ship_077.jpg,36,ship
ship/ship_079.jpg,36,ship
ship/ship_080.jpg,36,ship
ship/ship_082.jpg,36,ship
ship/ship_083.jpg,36,ship
ship/ship_084.jpg,36,ship
ship/ship_085.jpg,36,ship
ship/ship_087.jpg,36,ship
ship/ship_088.jpg,36,ship
ship/ship_089.jpg,36,ship
ship/ship_090.jpg,36,ship
ship/ship_091.jpg,36,ship
ship/ship_093.jpg,36,ship
ship/ship_094.jpg,36,ship
ship/ship_095.jpg,36,ship
ship/ship_096.jpg,36,ship
ship/ship_100.jpg,36,ship
ship/ship_101.jpg,36,ship
ship/ship_102.jpg,36,ship
ship/ship_103.jpg,36,ship
ship/ship_104.jpg,36,ship
ship/ship_105.jpg,36,ship
ship/ship_106.jpg,36,ship
ship/ship_107.jpg,36,ship
ship/ship_108.jpg,36,ship
ship/ship_110.jpg,36,ship
ship/ship_111.jpg,36,ship
ship/ship_115.jpg,36,ship
ship/ship_116.jpg,36,ship
ship/ship_117.jpg,36,ship
ship/ship_119.jpg,36,ship
ship/ship_120.jpg,36,ship
ship/ship_121.jpg,36,ship
ship/ship_122.jpg,36,ship
ship/ship_124.jpg,36,ship
ship/ship_125.jpg,36,ship
ship/ship_126.jpg,36,ship
ship/ship_127.jpg,36,ship
ship/ship_132.jpg,36,ship
ship/ship_134.jpg,36,ship
ship/ship_135.jpg,36,ship
ship/ship_136.jpg,36,ship
ship/ship_138.jpg,36,ship
ship/ship_139.jpg,36,ship
ship/ship_141.jpg,36,ship
ship/ship_144.jpg,36,ship
ship/ship_146.jpg,36,ship
ship/ship_151.jpg,36,ship
ship/ship_153.jpg,36,ship
ship/ship_154.jpg,36,ship
ship/ship_157.jpg,36,ship
ship/ship_158.jpg,36,ship
ship/ship_159.jpg,36,ship
ship/ship_161.jpg,36,ship
ship/ship_162.jpg,36,ship
ship/ship_163.jpg,36,ship
ship/ship_164.jpg,36,ship
ship/ship_165.jpg,36,ship
ship/ship_166.jpg,36,ship
ship/ship_167.jpg,36,ship
ship/ship_168.jpg,36,ship
ship/ship_169.jpg,36,ship
ship/ship_170.jpg,36,ship
ship/ship_172.jpg,36,ship
ship/ship_173.jpg,36,ship
ship/ship_174.jpg,36,ship
ship/ship_177.jpg,36,ship
ship/ship_178.jpg,36,ship
ship/ship_180.jpg,36,ship
ship/ship_183.jpg,36,ship
ship/ship_185.jpg,36,ship
ship/ship_187.jpg,36,ship
ship/ship_189.jpg,36,ship
ship/ship_190.jpg,36,ship
ship/ship_192.jpg,36,ship
ship/ship_194.jpg,36,ship
ship/ship_196.jpg,36,ship
ship/ship_197.jpg,36,ship
ship/ship_198.jpg,36,ship
ship/ship_201.jpg,36,ship
ship/ship_202.jpg,36,ship
ship/ship_204.jpg,36,ship
ship/ship_205.jpg,36,ship
ship/ship_206.jpg,36,ship
ship/ship_207.jpg,36,ship
ship/ship_209.jpg,36,ship
ship/ship_210.jpg,36,ship
ship/ship_211.jpg,36,ship
ship/ship_213.jpg,36,ship
ship/ship_214.jpg,36,ship
ship/ship_215.jpg,36,ship
ship/ship_216.jpg,36,ship
ship/ship_217.jpg,36,ship
ship/ship_219.jpg,36,ship
ship/ship_220.jpg,36,ship
ship/ship_221.jpg,36,ship
ship/ship_226.jpg,36,ship
ship/ship_227.jpg,36,ship
ship/ship_228.jpg,36,ship
ship/ship_229.jpg,36,ship
ship/ship_231.jpg,36,ship
ship/ship_232.jpg,36,ship
ship/ship_233.jpg,36,ship
ship/ship_234.jpg,36,ship
ship/ship_235.jpg,36,ship
ship/ship_236.jpg,36,ship
ship/ship_237.jpg,36,ship
ship/ship_238.jpg,36,ship
ship/ship_239.jpg,36,ship
ship/ship_240.jpg,36,ship
ship/ship_241.jpg,36,ship
ship/ship_243.jpg,36,ship
ship/ship_246.jpg,36,ship
ship/ship_247.jpg,36,ship
ship/ship_249.jpg,36,ship
ship/ship_250.jpg,36,ship
ship/ship_251.jpg,36,ship
ship/ship_252.jpg,36,ship
ship/ship_253.jpg,36,ship
ship/ship_254.jpg,36,ship
ship/ship_255.jpg,36,ship
ship/ship_256.jpg,36,ship
ship/ship_257.jpg,36,ship
ship/ship_259.jpg,36,ship
ship/ship_261.jpg,36,ship
ship/ship_262.jpg,36,ship
ship/ship_264.jpg,36,ship
ship/ship_265.jpg,36,ship
ship/ship_266.jpg,36,ship
ship/ship_267.jpg,36,ship
ship/ship_268.jpg,36,ship
ship/ship_270.jpg,36,ship
ship/ship_271.jpg,36,ship
ship/ship_272.jpg,36,ship
ship/ship_273.jpg,36,ship
ship/ship_274.jpg,36,ship
ship/ship_276.jpg,36,ship
ship/ship_278.jpg,36,ship
ship/ship_279.jpg,36,ship
ship/ship_280.jpg,36,ship
ship/ship_282.jpg,36,ship
ship/ship_283.jpg,36,ship
ship/ship_287.jpg,36,ship
ship/ship_289.jpg,36,ship
ship/ship_291.jpg,36,ship
ship/ship_292.jpg,36,ship
ship/ship_295.jpg,36,ship
ship/ship_296.jpg,36,ship
ship/ship_297.jpg,36,ship
ship/ship_299.jpg,36,ship
ship/ship_303.jpg,36,ship
ship/ship_304.jpg,36,ship
ship/ship_306.jpg,36,ship
ship/ship_307.jpg,36,ship
ship/ship_308.jpg,36,ship
ship/ship_309.jpg,36,ship
ship/ship_310.jpg,36,ship
ship/ship_311.jpg,36,ship
ship/ship_312.jpg,36,ship
ship/ship_313.jpg,36,ship
ship/ship_314.jpg,36,ship
ship/ship_316.jpg,36,ship
ship/ship_317.jpg,36,ship
ship/ship_318.jpg,36,ship
ship/ship_319.jpg,36,ship
ship/ship_320.jpg,36,ship
ship/ship_321.jpg,36,ship
ship/ship_322.jpg,36,ship
ship/ship_323.jpg,36,ship
ship/ship_324.jpg,36,ship
ship/ship_325.jpg,36,ship
ship/ship_327.jpg,36,ship
ship/ship_328.jpg,36,ship
ship/ship_329.jpg,36,ship
ship/ship_330.jpg,36,ship
ship/ship_331.jpg,36,ship
ship/ship_332.jpg,36,ship
ship/ship_333.jpg,36,ship
ship/ship_334.jpg,36,ship
ship/ship_335.jpg,36,ship
ship/ship_337.jpg,36,ship
ship/ship_338.jpg,36,ship
ship/ship_341.jpg,36,ship
ship/ship_342.jpg,36,ship
ship/ship_343.jpg,36,ship
ship/ship_344.jpg,36,ship
ship/ship_346.jpg,36,ship
ship/ship_348.jpg,36,ship
ship/ship_349.jpg,36,ship
ship/ship_350.jpg,36,ship
ship/ship_352.jpg,36,ship
ship/ship_353.jpg,36,ship
ship/ship_355.jpg,36,ship
ship/ship_357.jpg,36,ship
ship/ship_358.jpg,36,ship
ship/ship_359.jpg,36,ship
ship/ship_360.jpg,36,ship
ship/ship_361.jpg,36,ship
ship/ship_362.jpg,36,ship
ship/ship_365.jpg,36,ship
ship/ship_366.jpg,36,ship
ship/ship_369.jpg,36,ship
ship/ship_370.jpg,36,ship
ship/ship_371.jpg,36,ship
ship/ship_372.jpg,36,ship
ship/ship_374.jpg,36,ship
ship/ship_376.jpg,36,ship
ship/ship_377.jpg,36,ship
ship/ship_379.jpg,36,ship
ship/ship_381.jpg,36,ship
ship/ship_383.jpg,36,ship
ship/ship_384.jpg,36,ship
ship/ship_385.jpg,36,ship
ship/ship_386.jpg,36,ship
ship/ship_388.jpg,36,ship
ship/ship_389.jpg,36,ship
ship/ship_391.jpg,36,ship
ship/ship_394.jpg,36,ship
ship/ship_395.jpg,36,ship
ship/ship_396.jpg,36,ship
ship/ship_398.jpg,36,ship
ship/ship_400.jpg,36,ship
ship/ship_401.jpg,36,ship
ship/ship_403.jpg,36,ship
ship/ship_405.jpg,36,ship
ship/ship_407.jpg,36,ship
ship/ship_408.jpg,36,ship
ship/ship_409.jpg,36,ship
ship/ship_411.jpg,36,ship
ship/ship_414.jpg,36,ship
ship/ship_415.jpg,36,ship
ship/ship_416.jpg,36,ship
ship/ship_417.jpg,36,ship
ship/ship_418.jpg,36,ship
ship/ship_419.jpg,36,ship
ship/ship_420.jpg,36,ship
ship/ship_421.jpg,36,ship
ship/ship_423.jpg,36,ship
ship/ship_424.jpg,36,ship
ship/ship_425.jpg,36,ship
ship/ship_427.jpg,36,ship
ship/ship_428.jpg,36,ship
ship/ship_429.jpg,36,ship
ship/ship_430.jpg,36,ship
ship/ship_431.jpg,36,ship
ship/ship_432.jpg,36,ship
ship/ship_433.jpg,36,ship
ship/ship_435.jpg,36,ship
ship/ship_437.jpg,36,ship
ship/ship_439.jpg,36,ship
ship/ship_440.jpg,36,ship
ship/ship_442.jpg,36,ship
ship/ship_444.jpg,36,ship
ship/ship_445.jpg,36,ship
ship/ship_446.jpg,36,ship
ship/ship_447.jpg,36,ship
ship/ship_448.jpg,36,ship
ship/ship_449.jpg,36,ship
ship/ship_450.jpg,36,ship
ship/ship_451.jpg,36,ship
ship/ship_453.jpg,36,ship
ship/ship_454.jpg,36,ship
ship/ship_455.jpg,36,ship
ship/ship_457.jpg,36,ship
ship/ship_458.jpg,36,ship
ship/ship_460.jpg,36,ship
ship/ship_461.jpg,36,ship
ship/ship_462.jpg,36,ship
ship/ship_464.jpg,36,ship
ship/ship_465.jpg,36,ship
ship/ship_466.jpg,36,ship
ship/ship_471.jpg,36,ship
ship/ship_472.jpg,36,ship
ship/ship_473.jpg,36,ship
ship/ship_474.jpg,36,ship
ship/ship_475.jpg,36,ship
ship/ship_476.jpg,36,ship
ship/ship_477.jpg,36,ship
ship/ship_480.jpg,36,ship
ship/ship_481.jpg,36,ship
ship/ship_482.jpg,36,ship
ship/ship_483.jpg,36,ship
ship/ship_484.jpg,36,ship
ship/ship_486.jpg,36,ship
ship/ship_487.jpg,36,ship
ship/ship_488.jpg,36,ship
ship/ship_489.jpg,36,ship
ship/ship_490.jpg,36,ship
ship/ship_492.jpg,36,ship
ship/ship_493.jpg,36,ship
ship/ship_494.jpg,36,ship
ship/ship_497.jpg,36,ship
ship/ship_498.jpg,36,ship
ship/ship_499.jpg,36,ship
ship/ship_500.jpg,36,ship
ship/ship_502.jpg,36,ship
ship/ship_503.jpg,36,ship
ship/ship_504.jpg,36,ship
ship/ship_506.jpg,36,ship
ship/ship_507.jpg,36,ship
ship/ship_508.jpg,36,ship
ship/ship_509.jpg,36,ship
ship/ship_510.jpg,36,ship
ship/ship_511.jpg,36,ship
ship/ship_512.jpg,36,ship
ship/ship_513.jpg,36,ship
ship/ship_514.jpg,36,ship
ship/ship_515.jpg,36,ship
ship/ship_516.jpg,36,ship
ship/ship_517.jpg,36,ship
ship/ship_518.jpg,36,ship
ship/ship_520.jpg,36,ship
ship/ship_521.jpg,36,ship
ship/ship_522.jpg,36,ship
ship/ship_523.jpg,36,ship
ship/ship_526.jpg,36,ship
ship/ship_527.jpg,36,ship
ship/ship_530.jpg,36,ship
ship/ship_533.jpg,36,ship
ship/ship_534.jpg,36,ship
ship/ship_537.jpg,36,ship
ship/ship_538.jpg,36,ship
ship/ship_539.jpg,36,ship
ship/ship_541.jpg,36,ship
ship/ship_542.jpg,36,ship
ship/ship_543.jpg,36,ship
ship/ship_544.jpg,36,ship
ship/ship_546.jpg,36,ship
ship/ship_547.jpg,36,ship
ship/ship_548.jpg,36,ship
ship/ship_549.jpg,36,ship
ship/ship_551.jpg,36,ship
ship/ship_553.jpg,36,ship
ship/ship_554.jpg,36,ship
ship/ship_555.jpg,36,ship
ship/ship_556.jpg,36,ship
ship/ship_557.jpg,36,ship
ship/ship_558.jpg,36,ship
ship/ship_559.jpg,36,ship
ship/ship_560.jpg,36,ship
ship/ship_561.jpg,36,ship
ship/ship_563.jpg,36,ship
ship/ship_564.jpg,36,ship
ship/ship_565.jpg,36,ship
ship/ship_566.jpg,36,ship
ship/ship_568.jpg,36,ship
ship/ship_571.jpg,36,ship
ship/ship_572.jpg,36,ship
ship/ship_573.jpg,36,ship
ship/ship_574.jpg,36,ship
ship/ship_575.jpg,36,ship
ship/ship_577.jpg,36,ship
ship/ship_578.jpg,36,ship
ship/ship_579.jpg,36,ship
ship/ship_580.jpg,36,ship
ship/ship_581.jpg,36,ship
ship/ship_583.jpg,36,ship
ship/ship_584.jpg,36,ship
ship/ship_585.jpg,36,ship
ship/ship_587.jpg,36,ship
ship/ship_588.jpg,36,ship
ship/ship_589.jpg,36,ship
ship/ship_590.jpg,36,ship
ship/ship_592.jpg,36,ship
ship/ship_593.jpg,36,ship
ship/ship_594.jpg,36,ship
ship/ship_595.jpg,36,ship
ship/ship_596.jpg,36,ship
ship/ship_597.jpg,36,ship
ship/ship_599.jpg,36,ship
ship/ship_600.jpg,36,ship
ship/ship_601.jpg,36,ship
ship/ship_602.jpg,36,ship
ship/ship_603.jpg,36,ship
ship/ship_607.jpg,36,ship
ship/ship_613.jpg,36,ship
ship/ship_614.jpg,36,ship
ship/ship_616.jpg,36,ship
ship/ship_617.jpg,36,ship
ship/ship_618.jpg,36,ship
ship/ship_619.jpg,36,ship
ship/ship_621.jpg,36,ship
ship/ship_622.jpg,36,ship
ship/ship_623.jpg,36,ship
ship/ship_624.jpg,36,ship
ship/ship_625.jpg,36,ship
ship/ship_626.jpg,36,ship
ship/ship_627.jpg,36,ship
ship/ship_628.jpg,36,ship
ship/ship_629.jpg,36,ship
ship/ship_630.jpg,36,ship
ship/ship_631.jpg,36,ship
ship/ship_633.jpg,36,ship
ship/ship_635.jpg,36,ship
ship/ship_636.jpg,36,ship
ship/ship_637.jpg,36,ship
ship/ship_640.jpg,36,ship
ship/ship_641.jpg,36,ship
ship/ship_642.jpg,36,ship
ship/ship_643.jpg,36,ship
ship/ship_644.jpg,36,ship
ship/ship_645.jpg,36,ship
ship/ship_646.jpg,36,ship
ship/ship_648.jpg,36,ship
ship/ship_649.jpg,36,ship
ship/ship_650.jpg,36,ship
ship/ship_651.jpg,36,ship
ship/ship_653.jpg,36,ship
ship/ship_654.jpg,36,ship
ship/ship_655.jpg,36,ship
ship/ship_658.jpg,36,ship
ship/ship_659.jpg,36,ship
ship/ship_660.jpg,36,ship
ship/ship_661.jpg,36,ship
ship/ship_662.jpg,36,ship
ship/ship_663.jpg,36,ship
ship/ship_664.jpg,36,ship
ship/ship_665.jpg,36,ship
ship/ship_666.jpg,36,ship
ship/ship_667.jpg,36,ship
ship/ship_668.jpg,36,ship
ship/ship_669.jpg,36,ship
ship/ship_671.jpg,36,ship
ship/ship_672.jpg,36,ship
ship/ship_674.jpg,36,ship
ship/ship_675.jpg,36,ship
ship/ship_676.jpg,36,ship
ship/ship_678.jpg,36,ship
ship/ship_679.jpg,36,ship
ship/ship_680.jpg,36,ship
ship/ship_682.jpg,36,ship
ship/ship_683.jpg,36,ship
ship/ship_684.jpg,36,ship
ship/ship_686.jpg,36,ship
ship/ship_687.jpg,36,ship
ship/ship_689.jpg,36,ship
ship/ship_690.jpg,36,ship
ship/ship_691.jpg,36,ship
ship/ship_694.jpg,36,ship
ship/ship_695.jpg,36,ship
ship/ship_696.jpg,36,ship
ship/ship_699.jpg,36,ship
ship/ship_700.jpg,36,ship
snowberg/snowberg_001.jpg,37,snowberg
snowberg/snowberg_002.jpg,37,snowberg
snowberg/snowberg_003.jpg,37,snowberg
snowberg/snowberg_005.jpg,37,snowberg
snowberg/snowberg_006.jpg,37,snowberg
snowberg/snowberg_007.jpg,37,snowberg
snowberg/snowberg_008.jpg,37,snowberg
snowberg/snowberg_011.jpg,37,snowberg
snowberg/snowberg_012.jpg,37,snowberg
snowberg/snowberg_014.jpg,37,snowberg
snowberg/snowberg_015.jpg,37,snowberg
snowberg/snowberg_016.jpg,37,snowberg
snowberg/snowberg_017.jpg,37,snowberg
snowberg/snowberg_019.jpg,37,snowberg
snowberg/snowberg_020.jpg,37,snowberg
snowberg/snowberg_021.jpg,37,snowberg
snowberg/snowberg_022.jpg,37,snowberg
snowberg/snowberg_024.jpg,37,snowberg
snowberg/snowberg_025.jpg,37,snowberg
snowberg/snowberg_026.jpg,37,snowberg
snowberg/snowberg_028.jpg,37,snowberg
snowberg/snowberg_031.jpg,37,snowberg
snowberg/snowberg_033.jpg,37,snowberg
snowberg/snowberg_034.jpg,37,snowberg
snowberg/snowberg_036.jpg,37,snowberg
snowberg/snowberg_040.jpg,37,snowberg
snowberg/snowberg_041.jpg,37,snowberg
snowberg/snowberg_043.jpg,37,snowberg
snowberg/snowberg_044.jpg,37,snowberg
snowberg/snowberg_045.jpg,37,snowberg
snowberg/snowberg_046.jpg,37,snowberg
snowberg/snowberg_047.jpg,37,snowberg
snowberg/snowberg_048.jpg,37,snowberg
snowberg/snowberg_049.jpg,37,snowberg
snowberg/snowberg_050.jpg,37,snowberg
snowberg/snowberg_051.jpg,37,snowberg
snowberg/snowberg_052.jpg,37,snowberg
snowberg/snowberg_053.jpg,37,snowberg
snowberg/snowberg_054.jpg,37,snowberg
snowberg/snowberg_056.jpg,37,snowberg
snowberg/snowberg_060.jpg,37,snowberg
snowberg/snowberg_061.jpg,37,snowberg
snowberg/snowberg_062.jpg,37,snowberg
snowberg/snowberg_063.jpg,37,snowberg
snowberg/snowberg_064.jpg,37,snowberg
snowberg/snowberg_065.jpg,37,snowberg
snowberg/snowberg_066.jpg,37,snowberg
snowberg/snowberg_068.jpg,37,snowberg
snowberg/snowberg_069.jpg,37,snowberg
snowberg/snowberg_071.jpg,37,snowberg
snowberg/snowberg_073.jpg,37,snowberg
snowberg/snowberg_074.jpg,37,snowberg
snowberg/snowberg_075.jpg,37,snowberg
snowberg/snowberg_076.jpg,37,snowberg
snowberg/snowberg_077.jpg,37,snowberg
snowberg/snowberg_078.jpg,37,snowberg
snowberg/snowberg_081.jpg,37,snowberg
snowberg/snowberg_082.jpg,37,snowberg
snowberg/snowberg_083.jpg,37,snowberg
snowberg/snowberg_085.jpg,37,snowberg
snowberg/snowberg_086.jpg,37,snowberg
snowberg/snowberg_089.jpg,37,snowberg
snowberg/snowberg_091.jpg,37,snowberg
snowberg/snowberg_092.jpg,37,snowberg
snowberg/snowberg_093.jpg,37,snowberg
snowberg/snowberg_094.jpg,37,snowberg
snowberg/snowberg_097.jpg,37,snowberg
snowberg/snowberg_098.jpg,37,snowberg
snowberg/snowberg_099.jpg,37,snowberg
snowberg/snowberg_100.jpg,37,snowberg
snowberg/snowberg_101.jpg,37,snowberg
snowberg/snowberg_102.jpg,37,snowberg
snowberg/snowberg_103.jpg,37,snowberg
snowberg/snowberg_105.jpg,37,snowberg
snowberg/snowberg_107.jpg,37,snowberg
snowberg/snowberg_108.jpg,37,snowberg
snowberg/snowberg_109.jpg,37,snowberg
snowberg/snowberg_110.jpg,37,snowberg
snowberg/snowberg_112.jpg,37,snowberg
snowberg/snowberg_113.jpg,37,snowberg
snowberg/snowberg_114.jpg,37,snowberg
snowberg/snowberg_115.jpg,37,snowberg
snowberg/snowberg_116.jpg,37,snowberg
snowberg/snowberg_118.jpg,37,snowberg
snowberg/snowberg_119.jpg,37,snowberg
snowberg/snowberg_120.jpg,37,snowberg
snowberg/snowberg_121.jpg,37,snowberg
snowberg/snowberg_122.jpg,37,snowberg
snowberg/snowberg_126.jpg,37,snowberg
snowberg/snowberg_127.jpg,37,snowberg
snowberg/snowberg_128.jpg,37,snowberg
snowberg/snowberg_129.jpg,37,snowberg
snowberg/snowberg_130.jpg,37,snowberg
snowberg/snowberg_131.jpg,37,snowberg
snowberg/snowberg_133.jpg,37,snowberg
snowberg/snowberg_134.jpg,37,snowberg
snowberg/snowberg_135.jpg,37,snowberg
snowberg/snowberg_137.jpg,37,snowberg
snowberg/snowberg_139.jpg,37,snowberg
snowberg/snowberg_140.jpg,37,snowberg
snowberg/snowberg_141.jpg,37,snowberg
snowberg/snowberg_142.jpg,37,snowberg
snowberg/snowberg_143.jpg,37,snowberg
snowberg/snowberg_144.jpg,37,snowberg
snowberg/snowberg_145.jpg,37,snowberg
snowberg/snowberg_146.jpg,37,snowberg
snowberg/snowberg_147.jpg,37,snowberg
snowberg/snowberg_148.jpg,37,snowberg
snowberg/snowberg_149.jpg,37,snowberg
snowberg/snowberg_150.jpg,37,snowberg
snowberg/snowberg_151.jpg,37,snowberg
snowberg/snowberg_152.jpg,37,snowberg
snowberg/snowberg_153.jpg,37,snowberg
snowberg/snowberg_154.jpg,37,snowberg
snowberg/snowberg_155.jpg,37,snowberg
snowberg/snowberg_156.jpg,37,snowberg
snowberg/snowberg_157.jpg,37,snowberg
snowberg/snowberg_158.jpg,37,snowberg
snowberg/snowberg_159.jpg,37,snowberg
snowberg/snowberg_161.jpg,37,snowberg
snowberg/snowberg_162.jpg,37,snowberg
snowberg/snowberg_163.jpg,37,snowberg
snowberg/snowberg_164.jpg,37,snowberg
snowberg/snowberg_166.jpg,37,snowberg
snowberg/snowberg_167.jpg,37,snowberg
snowberg/snowberg_168.jpg,37,snowberg
snowberg/snowberg_170.jpg,37,snowberg
snowberg/snowberg_171.jpg,37,snowberg
snowberg/snowberg_172.jpg,37,snowberg
snowberg/snowberg_174.jpg,37,snowberg
snowberg/snowberg_175.jpg,37,snowberg
snowberg/snowberg_177.jpg,37,snowberg
snowberg/snowberg_178.jpg,37,snowberg
snowberg/snowberg_179.jpg,37,snowberg
snowberg/snowberg_180.jpg,37,snowberg
snowberg/snowberg_181.jpg,37,snowberg
snowberg/snowberg_182.jpg,37,snowberg
snowberg/snowberg_183.jpg,37,snowberg
snowberg/snowberg_185.jpg,37,snowberg
snowberg/snowberg_186.jpg,37,snowberg
snowberg/snowberg_187.jpg,37,snowberg
snowberg/snowberg_188.jpg,37,snowberg
snowberg/snowberg_189.jpg,37,snowberg
snowberg/snowberg_190.jpg,37,snowberg
snowberg/snowberg_192.jpg,37,snowberg
snowberg/snowberg_194.jpg,37,snowberg
snowberg/snowberg_195.jpg,37,snowberg
snowberg/snowberg_196.jpg,37,snowberg
snowberg/snowberg_197.jpg,37,snowberg
snowberg/snowberg_198.jpg,37,snowberg
snowberg/snowberg_199.jpg,37,snowberg
snowberg/snowberg_201.jpg,37,snowberg
snowberg/snowberg_202.jpg,37,snowberg
snowberg/snowberg_203.jpg,37,snowberg
snowberg/snowberg_204.jpg,37,snowberg
snowberg/snowberg_205.jpg,37,snowberg
snowberg/snowberg_206.jpg,37,snowberg
snowberg/snowberg_207.jpg,37,snowberg
snowberg/snowberg_209.jpg,37,snowberg
snowberg/snowberg_210.jpg,37,snowberg
snowberg/snowberg_211.jpg,37,snowberg
snowberg/snowberg_212.jpg,37,snowberg
snowberg/snowberg_214.jpg,37,snowberg
snowberg/snowberg_215.jpg,37,snowberg
snowberg/snowberg_216.jpg,37,snowberg
snowberg/snowberg_217.jpg,37,snowberg
snowberg/snowberg_218.jpg,37,snowberg
snowberg/snowberg_222.jpg,37,snowberg
snowberg/snowberg_223.jpg,37,snowberg
snowberg/snowberg_224.jpg,37,snowberg
snowberg/snowberg_226.jpg,37,snowberg
snowberg/snowberg_227.jpg,37,snowberg
snowberg/snowberg_229.jpg,37,snowberg
snowberg/snowberg_230.jpg,37,snowberg
snowberg/snowberg_232.jpg,37,snowberg
snowberg/snowberg_233.jpg,37,snowberg
snowberg/snowberg_234.jpg,37,snowberg
snowberg/snowberg_235.jpg,37,snowberg
snowberg/snowberg_237.jpg,37,snowberg
snowberg/snowberg_240.jpg,37,snowberg
snowberg/snowberg_245.jpg,37,snowberg
snowberg/snowberg_249.jpg,37,snowberg
snowberg/snowberg_251.jpg,37,snowberg
snowberg/snowberg_252.jpg,37,snowberg
snowberg/snowberg_256.jpg,37,snowberg
snowberg/snowberg_257.jpg,37,snowberg
snowberg/snowberg_258.jpg,37,snowberg
snowberg/snowberg_261.jpg,37,snowberg
snowberg/snowberg_262.jpg,37,snowberg
snowberg/snowberg_264.jpg,37,snowberg
snowberg/snowberg_265.jpg,37,snowberg
snowberg/snowberg_266.jpg,37,snowberg
snowberg/snowberg_267.jpg,37,snowberg
snowberg/snowberg_268.jpg,37,snowberg
snowberg/snowberg_269.jpg,37,snowberg
snowberg/snowberg_270.jpg,37,snowberg
snowberg/snowberg_272.jpg,37,snowberg
snowberg/snowberg_273.jpg,37,snowberg
snowberg/snowberg_274.jpg,37,snowberg
snowberg/snowberg_275.jpg,37,snowberg
snowberg/snowberg_277.jpg,37,snowberg
snowberg/snowberg_279.jpg,37,snowberg
snowberg/snowberg_280.jpg,37,snowberg
snowberg/snowberg_281.jpg,37,snowberg
snowberg/snowberg_283.jpg,37,snowberg
snowberg/snowberg_285.jpg,37,snowberg
snowberg/snowberg_286.jpg,37,snowberg
snowberg/snowberg_287.jpg,37,snowberg
snowberg/snowberg_288.jpg,37,snowberg
snowberg/snowberg_291.jpg,37,snowberg
snowberg/snowberg_293.jpg,37,snowberg
snowberg/snowberg_297.jpg,37,snowberg
snowberg/snowberg_298.jpg,37,snowberg
snowberg/snowberg_299.jpg,37,snowberg
snowberg/snowberg_302.jpg,37,snowberg
snowberg/snowberg_304.jpg,37,snowberg
snowberg/snowberg_305.jpg,37,snowberg
snowberg/snowberg_306.jpg,37,snowberg
snowberg/snowberg_307.jpg,37,snowberg
snowberg/snowberg_308.jpg,37,snowberg
snowberg/snowberg_309.jpg,37,snowberg
snowberg/snowberg_311.jpg,37,snowberg
snowberg/snowberg_312.jpg,37,snowberg
snowberg/snowberg_313.jpg,37,snowberg
snowberg/snowberg_314.jpg,37,snowberg
snowberg/snowberg_315.jpg,37,snowberg
snowberg/snowberg_316.jpg,37,snowberg
snowberg/snowberg_317.jpg,37,snowberg
snowberg/snowberg_319.jpg,37,snowberg
snowberg/snowberg_320.jpg,37,snowberg
snowberg/snowberg_322.jpg,37,snowberg
snowberg/snowberg_323.jpg,37,snowberg
snowberg/snowberg_324.jpg,37,snowberg
snowberg/snowberg_325.jpg,37,snowberg
snowberg/snowberg_326.jpg,37,snowberg
snowberg/snowberg_328.jpg,37,snowberg
snowberg/snowberg_329.jpg,37,snowberg
snowberg/snowberg_330.jpg,37,snowberg
snowberg/snowberg_331.jpg,37,snowberg
snowberg/snowberg_332.jpg,37,snowberg
snowberg/snowberg_333.jpg,37,snowberg
snowberg/snowberg_337.jpg,37,snowberg
snowberg/snowberg_338.jpg,37,snowberg
snowberg/snowberg_339.jpg,37,snowberg
snowberg/snowberg_340.jpg,37,snowberg
snowberg/snowberg_342.jpg,37,snowberg
snowberg/snowberg_344.jpg,37,snowberg
snowberg/snowberg_346.jpg,37,snowberg
snowberg/snowberg_349.jpg,37,snowberg
snowberg/snowberg_351.jpg,37,snowberg
snowberg/snowberg_352.jpg,37,snowberg
snowberg/snowberg_353.jpg,37,snowberg
snowberg/snowberg_354.jpg,37,snowberg
snowberg/snowberg_355.jpg,37,snowberg
snowberg/snowberg_356.jpg,37,snowberg
snowberg/snowberg_357.jpg,37,snowberg
snowberg/snowberg_358.jpg,37,snowberg
snowberg/snowberg_359.jpg,37,snowberg
snowberg/snowberg_361.jpg,37,snowberg
snowberg/snowberg_362.jpg,37,snowberg
snowberg/snowberg_363.jpg,37,snowberg
snowberg/snowberg_364.jpg,37,snowberg
snowberg/snowberg_365.jpg,37,snowberg
snowberg/snowberg_366.jpg,37,snowberg
snowberg/snowberg_368.jpg,37,snowberg
snowberg/snowberg_369.jpg,37,snowberg
snowberg/snowberg_370.jpg,37,snowberg
snowberg/snowberg_371.jpg,37,snowberg
snowberg/snowberg_372.jpg,37,snowberg
snowberg/snowberg_373.jpg,37,snowberg
snowberg/snowberg_374.jpg,37,snowberg
snowberg/snowberg_375.jpg,37,snowberg
snowberg/snowberg_376.jpg,37,snowberg
snowberg/snowberg_377.jpg,37,snowberg
snowberg/snowberg_378.jpg,37,snowberg
snowberg/snowberg_379.jpg,37,snowberg
snowberg/snowberg_381.jpg,37,snowberg
snowberg/snowberg_384.jpg,37,snowberg
snowberg/snowberg_385.jpg,37,snowberg
snowberg/snowberg_386.jpg,37,snowberg
snowberg/snowberg_387.jpg,37,snowberg
snowberg/snowberg_388.jpg,37,snowberg
snowberg/snowberg_389.jpg,37,snowberg
snowberg/snowberg_390.jpg,37,snowberg
snowberg/snowberg_392.jpg,37,snowberg
snowberg/snowberg_393.jpg,37,snowberg
snowberg/snowberg_394.jpg,37,snowberg
snowberg/snowberg_395.jpg,37,snowberg
snowberg/snowberg_396.jpg,37,snowberg
snowberg/snowberg_397.jpg,37,snowberg
snowberg/snowberg_398.jpg,37,snowberg
snowberg/snowberg_400.jpg,37,snowberg
snowberg/snowberg_404.jpg,37,snowberg
snowberg/snowberg_405.jpg,37,snowberg
snowberg/snowberg_407.jpg,37,snowberg
snowberg/snowberg_408.jpg,37,snowberg
snowberg/snowberg_409.jpg,37,snowberg
snowberg/snowberg_410.jpg,37,snowberg
snowberg/snowberg_413.jpg,37,snowberg
snowberg/snowberg_414.jpg,37,snowberg
snowberg/snowberg_415.jpg,37,snowberg
snowberg/snowberg_417.jpg,37,snowberg
snowberg/snowberg_418.jpg,37,snowberg
snowberg/snowberg_419.jpg,37,snowberg
snowberg/snowberg_420.jpg,37,snowberg
snowberg/snowberg_422.jpg,37,snowberg
snowberg/snowberg_423.jpg,37,snowberg
snowberg/snowberg_425.jpg,37,snowberg
snowberg/snowberg_427.jpg,37,snowberg
snowberg/snowberg_429.jpg,37,snowberg
snowberg/snowberg_433.jpg,37,snowberg
snowberg/snowberg_434.jpg,37,snowberg
snowberg/snowberg_435.jpg,37,snowberg
snowberg/snowberg_436.jpg,37,snowberg
snowberg/snowberg_439.jpg,37,snowberg
snowberg/snowberg_440.jpg,37,snowberg
snowberg/snowberg_441.jpg,37,snowberg
snowberg/snowberg_442.jpg,37,snowberg
snowberg/snowberg_443.jpg,37,snowberg
snowberg/snowberg_445.jpg,37,snowberg
snowberg/snowberg_446.jpg,37,snowberg
snowberg/snowberg_450.jpg,37,snowberg
snowberg/snowberg_451.jpg,37,snowberg
snowberg/snowberg_452.jpg,37,snowberg
snowberg/snowberg_453.jpg,37,snowberg
snowberg/snowberg_454.jpg,37,snowberg
snowberg/snowberg_456.jpg,37,snowberg
snowberg/snowberg_457.jpg,37,snowberg
snowberg/snowberg_458.jpg,37,snowberg
snowberg/snowberg_460.jpg,37,snowberg
snowberg/snowberg_461.jpg,37,snowberg
snowberg/snowberg_462.jpg,37,snowberg
snowberg/snowberg_464.jpg,37,snowberg
snowberg/snowberg_467.jpg,37,snowberg
snowberg/snowberg_468.jpg,37,snowberg
snowberg/snowberg_469.jpg,37,snowberg
snowberg/snowberg_470.jpg,37,snowberg
snowberg/snowberg_471.jpg,37,snowberg
snowberg/snowberg_472.jpg,37,snowberg
snowberg/snowberg_474.jpg,37,snowberg
snowberg/snowberg_475.jpg,37,snowberg
snowberg/snowberg_476.jpg,37,snowberg
snowberg/snowberg_478.jpg,37,snowberg
snowberg/snowberg_480.jpg,37,snowberg
snowberg/snowberg_481.jpg,37,snowberg
snowberg/snowberg_482.jpg,37,snowberg
snowberg/snowberg_483.jpg,37,snowberg
snowberg/snowberg_485.jpg,37,snowberg
snowberg/snowberg_487.jpg,37,snowberg
snowberg/snowberg_488.jpg,37,snowberg
snowberg/snowberg_489.jpg,37,snowberg
snowberg/snowberg_490.jpg,37,snowberg
snowberg/snowberg_493.jpg,37,snowberg
snowberg/snowberg_495.jpg,37,snowberg
snowberg/snowberg_497.jpg,37,snowberg
snowberg/snowberg_498.jpg,37,snowberg
snowberg/snowberg_500.jpg,37,snowberg
snowberg/snowberg_501.jpg,37,snowberg
snowberg/snowberg_504.jpg,37,snowberg
snowberg/snowberg_505.jpg,37,snowberg
snowberg/snowberg_506.jpg,37,snowberg
snowberg/snowberg_507.jpg,37,snowberg
snowberg/snowberg_508.jpg,37,snowberg
snowberg/snowberg_511.jpg,37,snowberg
snowberg/snowberg_513.jpg,37,snowberg
snowberg/snowberg_514.jpg,37,snowberg
snowberg/snowberg_515.jpg,37,snowberg
snowberg/snowberg_518.jpg,37,snowberg
snowberg/snowberg_519.jpg,37,snowberg
snowberg/snowberg_520.jpg,37,snowberg
snowberg/snowberg_521.jpg,37,snowberg
snowberg/snowberg_522.jpg,37,snowberg
snowberg/snowberg_523.jpg,37,snowberg
snowberg/snowberg_524.jpg,37,snowberg
snowberg/snowberg_525.jpg,37,snowberg
snowberg/snowberg_526.jpg,37,snowberg
snowberg/snowberg_527.jpg,37,snowberg
snowberg/snowberg_531.jpg,37,snowberg
snowberg/snowberg_533.jpg,37,snowberg
snowberg/snowberg_534.jpg,37,snowberg
snowberg/snowberg_537.jpg,37,snowberg
snowberg/snowberg_538.jpg,37,snowberg
snowberg/snowberg_539.jpg,37,snowberg
snowberg/snowberg_540.jpg,37,snowberg
snowberg/snowberg_541.jpg,37,snowberg
snowberg/snowberg_542.jpg,37,snowberg
snowberg/snowberg_544.jpg,37,snowberg
snowberg/snowberg_545.jpg,37,snowberg
snowberg/snowberg_546.jpg,37,snowberg
snowberg/snowberg_547.jpg,37,snowberg
snowberg/snowberg_548.jpg,37,snowberg
snowberg/snowberg_550.jpg,37,snowberg
snowberg/snowberg_551.jpg,37,snowberg
snowberg/snowberg_552.jpg,37,snowberg
snowberg/snowberg_554.jpg,37,snowberg
snowberg/snowberg_557.jpg,37,snowberg
snowberg/snowberg_560.jpg,37,snowberg
snowberg/snowberg_564.jpg,37,snowberg
snowberg/snowberg_565.jpg,37,snowberg
snowberg/snowberg_567.jpg,37,snowberg
snowberg/snowberg_568.jpg,37,snowberg
snowberg/snowberg_569.jpg,37,snowberg
snowberg/snowberg_570.jpg,37,snowberg
snowberg/snowberg_571.jpg,37,snowberg
snowberg/snowberg_574.jpg,37,snowberg
snowberg/snowberg_576.jpg,37,snowberg
snowberg/snowberg_577.jpg,37,snowberg
snowberg/snowberg_579.jpg,37,snowberg
snowberg/snowberg_580.jpg,37,snowberg
snowberg/snowberg_581.jpg,37,snowberg
snowberg/snowberg_582.jpg,37,snowberg
snowberg/snowberg_584.jpg,37,snowberg
snowberg/snowberg_585.jpg,37,snowberg
snowberg/snowberg_587.jpg,37,snowberg
snowberg/snowberg_588.jpg,37,snowberg
snowberg/snowberg_589.jpg,37,snowberg
snowberg/snowberg_590.jpg,37,snowberg
snowberg/snowberg_592.jpg,37,snowberg
snowberg/snowberg_593.jpg,37,snowberg
snowberg/snowberg_594.jpg,37,snowberg
snowberg/snowberg_596.jpg,37,snowberg
snowberg/snowberg_597.jpg,37,snowberg
snowberg/snowberg_598.jpg,37,snowberg
snowberg/snowberg_600.jpg,37,snowberg
snowberg/snowberg_601.jpg,37,snowberg
snowberg/snowberg_603.jpg,37,snowberg
snowberg/snowberg_604.jpg,37,snowberg
snowberg/snowberg_606.jpg,37,snowberg
snowberg/snowberg_608.jpg,37,snowberg
snowberg/snowberg_609.jpg,37,snowberg
snowberg/snowberg_610.jpg,37,snowberg
snowberg/snowberg_611.jpg,37,snowberg
snowberg/snowberg_612.jpg,37,snowberg
snowberg/snowberg_613.jpg,37,snowberg
snowberg/snowberg_614.jpg,37,snowberg
snowberg/snowberg_617.jpg,37,snowberg
snowberg/snowberg_618.jpg,37,snowberg
snowberg/snowberg_622.jpg,37,snowberg
snowberg/snowberg_623.jpg,37,snowberg
snowberg/snowberg_624.jpg,37,snowberg
snowberg/snowberg_625.jpg,37,snowberg
snowberg/snowberg_626.jpg,37,snowberg
snowberg/snowberg_627.jpg,37,snowberg
snowberg/snowberg_628.jpg,37,snowberg
snowberg/snowberg_629.jpg,37,snowberg
snowberg/snowberg_630.jpg,37,snowberg
snowberg/snowberg_634.jpg,37,snowberg
snowberg/snowberg_635.jpg,37,snowberg
snowberg/snowberg_638.jpg,37,snowberg
snowberg/snowberg_639.jpg,37,snowberg
snowberg/snowberg_640.jpg,37,snowberg
snowberg/snowberg_642.jpg,37,snowberg
snowberg/snowberg_643.jpg,37,snowberg
snowberg/snowberg_645.jpg,37,snowberg
snowberg/snowberg_646.jpg,37,snowberg
snowberg/snowberg_649.jpg,37,snowberg
snowberg/snowberg_650.jpg,37,snowberg
snowberg/snowberg_651.jpg,37,snowberg
snowberg/snowberg_652.jpg,37,snowberg
snowberg/snowberg_653.jpg,37,snowberg
snowberg/snowberg_654.jpg,37,snowberg
snowberg/snowberg_655.jpg,37,snowberg
snowberg/snowberg_656.jpg,37,snowberg
snowberg/snowberg_659.jpg,37,snowberg
snowberg/snowberg_660.jpg,37,snowberg
snowberg/snowberg_661.jpg,37,snowberg
snowberg/snowberg_662.jpg,37,snowberg
snowberg/snowberg_664.jpg,37,snowberg
snowberg/snowberg_667.jpg,37,snowberg
snowberg/snowberg_668.jpg,37,snowberg
snowberg/snowberg_669.jpg,37,snowberg
snowberg/snowberg_671.jpg,37,snowberg
snowberg/snowberg_673.jpg,37,snowberg
snowberg/snowberg_674.jpg,37,snowberg
snowberg/snowberg_676.jpg,37,snowberg
snowberg/snowberg_677.jpg,37,snowberg
snowberg/snowberg_678.jpg,37,snowberg
snowberg/snowberg_680.jpg,37,snowberg
snowberg/snowberg_681.jpg,37,snowberg
snowberg/snowberg_685.jpg,37,snowberg
snowberg/snowberg_686.jpg,37,snowberg
snowberg/snowberg_687.jpg,37,snowberg
snowberg/snowberg_689.jpg,37,snowberg
snowberg/snowberg_690.jpg,37,snowberg
snowberg/snowberg_692.jpg,37,snowberg
snowberg/snowberg_693.jpg,37,snowberg
snowberg/snowberg_694.jpg,37,snowberg
snowberg/snowberg_697.jpg,37,snowberg
snowberg/snowberg_698.jpg,37,snowberg
snowberg/snowberg_699.jpg,37,snowberg
sparse_residential/sparse_residential_001.jpg,38,sparse_residential
sparse_residential/sparse_residential_002.jpg,38,sparse_residential
sparse_residential/sparse_residential_003.jpg,38,sparse_residential
sparse_residential/sparse_residential_004.jpg,38,sparse_residential
sparse_residential/sparse_residential_005.jpg,38,sparse_residential
sparse_residential/sparse_residential_006.jpg,38,sparse_residential
sparse_residential/sparse_residential_007.jpg,38,sparse_residential
sparse_residential/sparse_residential_013.jpg,38,sparse_residential
sparse_residential/sparse_residential_014.jpg,38,sparse_residential
sparse_residential/sparse_residential_015.jpg,38,sparse_residential
sparse_residential/sparse_residential_016.jpg,38,sparse_residential
sparse_residential/sparse_residential_018.jpg,38,sparse_residential
sparse_residential/sparse_residential_019.jpg,38,sparse_residential
sparse_residential/sparse_residential_021.jpg,38,sparse_residential
sparse_residential/sparse_residential_022.jpg,38,sparse_residential
sparse_residential/sparse_residential_023.jpg,38,sparse_residential
sparse_residential/sparse_residential_027.jpg,38,sparse_residential
sparse_residential/sparse_residential_028.jpg,38,sparse_residential
sparse_residential/sparse_residential_029.jpg,38,sparse_residential
sparse_residential/sparse_residential_030.jpg,38,sparse_residential
sparse_residential/sparse_residential_031.jpg,38,sparse_residential
sparse_residential/sparse_residential_033.jpg,38,sparse_residential
sparse_residential/sparse_residential_034.jpg,38,sparse_residential
sparse_residential/sparse_residential_035.jpg,38,sparse_residential
sparse_residential/sparse_residential_038.jpg,38,sparse_residential
sparse_residential/sparse_residential_039.jpg,38,sparse_residential
sparse_residential/sparse_residential_041.jpg,38,sparse_residential
sparse_residential/sparse_residential_042.jpg,38,sparse_residential
sparse_residential/sparse_residential_043.jpg,38,sparse_residential
sparse_residential/sparse_residential_044.jpg,38,sparse_residential
sparse_residential/sparse_residential_045.jpg,38,sparse_residential
sparse_residential/sparse_residential_047.jpg,38,sparse_residential
sparse_residential/sparse_residential_048.jpg,38,sparse_residential
sparse_residential/sparse_residential_049.jpg,38,sparse_residential
sparse_residential/sparse_residential_050.jpg,38,sparse_residential
sparse_residential/sparse_residential_052.jpg,38,sparse_residential
sparse_residential/sparse_residential_057.jpg,38,sparse_residential
sparse_residential/sparse_residential_058.jpg,38,sparse_residential
sparse_residential/sparse_residential_059.jpg,38,sparse_residential
sparse_residential/sparse_residential_060.jpg,38,sparse_residential
sparse_residential/sparse_residential_061.jpg,38,sparse_residential
sparse_residential/sparse_residential_062.jpg,38,sparse_residential
sparse_residential/sparse_residential_064.jpg,38,sparse_residential
sparse_residential/sparse_residential_066.jpg,38,sparse_residential
sparse_residential/sparse_residential_067.jpg,38,sparse_residential
sparse_residential/sparse_residential_068.jpg,38,sparse_residential
sparse_residential/sparse_residential_069.jpg,38,sparse_residential
sparse_residential/sparse_residential_070.jpg,38,sparse_residential
sparse_residential/sparse_residential_071.jpg,38,sparse_residential
sparse_residential/sparse_residential_073.jpg,38,sparse_residential
sparse_residential/sparse_residential_074.jpg,38,sparse_residential
sparse_residential/sparse_residential_075.jpg,38,sparse_residential
sparse_residential/sparse_residential_076.jpg,38,sparse_residential
sparse_residential/sparse_residential_077.jpg,38,sparse_residential
sparse_residential/sparse_residential_079.jpg,38,sparse_residential
sparse_residential/sparse_residential_080.jpg,38,sparse_residential
sparse_residential/sparse_residential_081.jpg,38,sparse_residential
sparse_residential/sparse_residential_083.jpg,38,sparse_residential
sparse_residential/sparse_residential_084.jpg,38,sparse_residential
sparse_residential/sparse_residential_085.jpg,38,sparse_residential
sparse_residential/sparse_residential_086.jpg,38,sparse_residential
sparse_residential/sparse_residential_087.jpg,38,sparse_residential
sparse_residential/sparse_residential_088.jpg,38,sparse_residential
sparse_residential/sparse_residential_089.jpg,38,sparse_residential
sparse_residential/sparse_residential_090.jpg,38,sparse_residential
sparse_residential/sparse_residential_091.jpg,38,sparse_residential
sparse_residential/sparse_residential_092.jpg,38,sparse_residential
sparse_residential/sparse_residential_093.jpg,38,sparse_residential
sparse_residential/sparse_residential_094.jpg,38,sparse_residential
sparse_residential/sparse_residential_095.jpg,38,sparse_residential
sparse_residential/sparse_residential_096.jpg,38,sparse_residential
sparse_residential/sparse_residential_097.jpg,38,sparse_residential
sparse_residential/sparse_residential_099.jpg,38,sparse_residential
sparse_residential/sparse_residential_100.jpg,38,sparse_residential
sparse_residential/sparse_residential_102.jpg,38,sparse_residential
sparse_residential/sparse_residential_103.jpg,38,sparse_residential
sparse_residential/sparse_residential_104.jpg,38,sparse_residential
sparse_residential/sparse_residential_106.jpg,38,sparse_residential
sparse_residential/sparse_residential_107.jpg,38,sparse_residential
sparse_residential/sparse_residential_108.jpg,38,sparse_residential
sparse_residential/sparse_residential_110.jpg,38,sparse_residential
sparse_residential/sparse_residential_112.jpg,38,sparse_residential
sparse_residential/sparse_residential_113.jpg,38,sparse_residential
sparse_residential/sparse_residential_114.jpg,38,sparse_residential
sparse_residential/sparse_residential_115.jpg,38,sparse_residential
sparse_residential/sparse_residential_117.jpg,38,sparse_residential
sparse_residential/sparse_residential_118.jpg,38,sparse_residential
sparse_residential/sparse_residential_120.jpg,38,sparse_residential
sparse_residential/sparse_residential_121.jpg,38,sparse_residential
sparse_residential/sparse_residential_123.jpg,38,sparse_residential
sparse_residential/sparse_residential_126.jpg,38,sparse_residential
sparse_residential/sparse_residential_127.jpg,38,sparse_residential
sparse_residential/sparse_residential_129.jpg,38,sparse_residential
sparse_residential/sparse_residential_130.jpg,38,sparse_residential
sparse_residential/sparse_residential_132.jpg,38,sparse_residential
sparse_residential/sparse_residential_133.jpg,38,sparse_residential
sparse_residential/sparse_residential_135.jpg,38,sparse_residential
sparse_residential/sparse_residential_137.jpg,38,sparse_residential
sparse_residential/sparse_residential_138.jpg,38,sparse_residential
sparse_residential/sparse_residential_139.jpg,38,sparse_residential
sparse_residential/sparse_residential_141.jpg,38,sparse_residential
sparse_residential/sparse_residential_142.jpg,38,sparse_residential
sparse_residential/sparse_residential_144.jpg,38,sparse_residential
sparse_residential/sparse_residential_145.jpg,38,sparse_residential
sparse_residential/sparse_residential_146.jpg,38,sparse_residential
sparse_residential/sparse_residential_147.jpg,38,sparse_residential
sparse_residential/sparse_residential_148.jpg,38,sparse_residential
sparse_residential/sparse_residential_150.jpg,38,sparse_residential
sparse_residential/sparse_residential_151.jpg,38,sparse_residential
sparse_residential/sparse_residential_152.jpg,38,sparse_residential
sparse_residential/sparse_residential_153.jpg,38,sparse_residential
sparse_residential/sparse_residential_154.jpg,38,sparse_residential
sparse_residential/sparse_residential_155.jpg,38,sparse_residential
sparse_residential/sparse_residential_156.jpg,38,sparse_residential
sparse_residential/sparse_residential_157.jpg,38,sparse_residential
sparse_residential/sparse_residential_158.jpg,38,sparse_residential
sparse_residential/sparse_residential_162.jpg,38,sparse_residential
sparse_residential/sparse_residential_165.jpg,38,sparse_residential
sparse_residential/sparse_residential_166.jpg,38,sparse_residential
sparse_residential/sparse_residential_167.jpg,38,sparse_residential
sparse_residential/sparse_residential_171.jpg,38,sparse_residential
sparse_residential/sparse_residential_172.jpg,38,sparse_residential
sparse_residential/sparse_residential_173.jpg,38,sparse_residential
sparse_residential/sparse_residential_176.jpg,38,sparse_residential
sparse_residential/sparse_residential_178.jpg,38,sparse_residential
sparse_residential/sparse_residential_181.jpg,38,sparse_residential
sparse_residential/sparse_residential_182.jpg,38,sparse_residential
sparse_residential/sparse_residential_184.jpg,38,sparse_residential
sparse_residential/sparse_residential_185.jpg,38,sparse_residential
sparse_residential/sparse_residential_186.jpg,38,sparse_residential
sparse_residential/sparse_residential_187.jpg,38,sparse_residential
sparse_residential/sparse_residential_188.jpg,38,sparse_residential
sparse_residential/sparse_residential_189.jpg,38,sparse_residential
sparse_residential/sparse_residential_190.jpg,38,sparse_residential
sparse_residential/sparse_residential_192.jpg,38,sparse_residential
sparse_residential/sparse_residential_193.jpg,38,sparse_residential
sparse_residential/sparse_residential_194.jpg,38,sparse_residential
sparse_residential/sparse_residential_195.jpg,38,sparse_residential
sparse_residential/sparse_residential_198.jpg,38,sparse_residential
sparse_residential/sparse_residential_200.jpg,38,sparse_residential
sparse_residential/sparse_residential_201.jpg,38,sparse_residential
sparse_residential/sparse_residential_204.jpg,38,sparse_residential
sparse_residential/sparse_residential_207.jpg,38,sparse_residential
sparse_residential/sparse_residential_208.jpg,38,sparse_residential
sparse_residential/sparse_residential_209.jpg,38,sparse_residential
sparse_residential/sparse_residential_210.jpg,38,sparse_residential
sparse_residential/sparse_residential_211.jpg,38,sparse_residential
sparse_residential/sparse_residential_212.jpg,38,sparse_residential
sparse_residential/sparse_residential_213.jpg,38,sparse_residential
sparse_residential/sparse_residential_215.jpg,38,sparse_residential
sparse_residential/sparse_residential_216.jpg,38,sparse_residential
sparse_residential/sparse_residential_219.jpg,38,sparse_residential
sparse_residential/sparse_residential_221.jpg,38,sparse_residential
sparse_residential/sparse_residential_222.jpg,38,sparse_residential
sparse_residential/sparse_residential_223.jpg,38,sparse_residential
sparse_residential/sparse_residential_225.jpg,38,sparse_residential
sparse_residential/sparse_residential_226.jpg,38,sparse_residential
sparse_residential/sparse_residential_227.jpg,38,sparse_residential
sparse_residential/sparse_residential_228.jpg,38,sparse_residential
sparse_residential/sparse_residential_230.jpg,38,sparse_residential
sparse_residential/sparse_residential_231.jpg,38,sparse_residential
sparse_residential/sparse_residential_233.jpg,38,sparse_residential
sparse_residential/sparse_residential_234.jpg,38,sparse_residential
sparse_residential/sparse_residential_235.jpg,38,sparse_residential
sparse_residential/sparse_residential_236.jpg,38,sparse_residential
sparse_residential/sparse_residential_237.jpg,38,sparse_residential
sparse_residential/sparse_residential_238.jpg,38,sparse_residential
sparse_residential/sparse_residential_240.jpg,38,sparse_residential
sparse_residential/sparse_residential_241.jpg,38,sparse_residential
sparse_residential/sparse_residential_242.jpg,38,sparse_residential
sparse_residential/sparse_residential_243.jpg,38,sparse_residential
sparse_residential/sparse_residential_245.jpg,38,sparse_residential
sparse_residential/sparse_residential_246.jpg,38,sparse_residential
sparse_residential/sparse_residential_247.jpg,38,sparse_residential
sparse_residential/sparse_residential_249.jpg,38,sparse_residential
sparse_residential/sparse_residential_252.jpg,38,sparse_residential
sparse_residential/sparse_residential_253.jpg,38,sparse_residential
sparse_residential/sparse_residential_254.jpg,38,sparse_residential
sparse_residential/sparse_residential_255.jpg,38,sparse_residential
sparse_residential/sparse_residential_257.jpg,38,sparse_residential
sparse_residential/sparse_residential_258.jpg,38,sparse_residential
sparse_residential/sparse_residential_261.jpg,38,sparse_residential
sparse_residential/sparse_residential_262.jpg,38,sparse_residential
sparse_residential/sparse_residential_265.jpg,38,sparse_residential
sparse_residential/sparse_residential_266.jpg,38,sparse_residential
sparse_residential/sparse_residential_267.jpg,38,sparse_residential
sparse_residential/sparse_residential_268.jpg,38,sparse_residential
sparse_residential/sparse_residential_270.jpg,38,sparse_residential
sparse_residential/sparse_residential_271.jpg,38,sparse_residential
sparse_residential/sparse_residential_272.jpg,38,sparse_residential
sparse_residential/sparse_residential_273.jpg,38,sparse_residential
sparse_residential/sparse_residential_274.jpg,38,sparse_residential
sparse_residential/sparse_residential_275.jpg,38,sparse_residential
sparse_residential/sparse_residential_276.jpg,38,sparse_residential
sparse_residential/sparse_residential_277.jpg,38,sparse_residential
sparse_residential/sparse_residential_278.jpg,38,sparse_residential
sparse_residential/sparse_residential_279.jpg,38,sparse_residential
sparse_residential/sparse_residential_280.jpg,38,sparse_residential
sparse_residential/sparse_residential_281.jpg,38,sparse_residential
sparse_residential/sparse_residential_282.jpg,38,sparse_residential
sparse_residential/sparse_residential_285.jpg,38,sparse_residential
sparse_residential/sparse_residential_286.jpg,38,sparse_residential
sparse_residential/sparse_residential_288.jpg,38,sparse_residential
sparse_residential/sparse_residential_290.jpg,38,sparse_residential
sparse_residential/sparse_residential_291.jpg,38,sparse_residential
sparse_residential/sparse_residential_292.jpg,38,sparse_residential
sparse_residential/sparse_residential_293.jpg,38,sparse_residential
sparse_residential/sparse_residential_294.jpg,38,sparse_residential
sparse_residential/sparse_residential_296.jpg,38,sparse_residential
sparse_residential/sparse_residential_297.jpg,38,sparse_residential
sparse_residential/sparse_residential_298.jpg,38,sparse_residential
sparse_residential/sparse_residential_299.jpg,38,sparse_residential
sparse_residential/sparse_residential_300.jpg,38,sparse_residential
sparse_residential/sparse_residential_301.jpg,38,sparse_residential
sparse_residential/sparse_residential_304.jpg,38,sparse_residential
sparse_residential/sparse_residential_305.jpg,38,sparse_residential
sparse_residential/sparse_residential_306.jpg,38,sparse_residential
sparse_residential/sparse_residential_307.jpg,38,sparse_residential
sparse_residential/sparse_residential_308.jpg,38,sparse_residential
sparse_residential/sparse_residential_309.jpg,38,sparse_residential
sparse_residential/sparse_residential_310.jpg,38,sparse_residential
sparse_residential/sparse_residential_311.jpg,38,sparse_residential
sparse_residential/sparse_residential_313.jpg,38,sparse_residential
sparse_residential/sparse_residential_314.jpg,38,sparse_residential
sparse_residential/sparse_residential_316.jpg,38,sparse_residential
sparse_residential/sparse_residential_320.jpg,38,sparse_residential
sparse_residential/sparse_residential_321.jpg,38,sparse_residential
sparse_residential/sparse_residential_323.jpg,38,sparse_residential
sparse_residential/sparse_residential_324.jpg,38,sparse_residential
sparse_residential/sparse_residential_326.jpg,38,sparse_residential
sparse_residential/sparse_residential_327.jpg,38,sparse_residential
sparse_residential/sparse_residential_328.jpg,38,sparse_residential
sparse_residential/sparse_residential_329.jpg,38,sparse_residential
sparse_residential/sparse_residential_330.jpg,38,sparse_residential
sparse_residential/sparse_residential_332.jpg,38,sparse_residential
sparse_residential/sparse_residential_333.jpg,38,sparse_residential
sparse_residential/sparse_residential_334.jpg,38,sparse_residential
sparse_residential/sparse_residential_335.jpg,38,sparse_residential
sparse_residential/sparse_residential_336.jpg,38,sparse_residential
sparse_residential/sparse_residential_337.jpg,38,sparse_residential
sparse_residential/sparse_residential_338.jpg,38,sparse_residential
sparse_residential/sparse_residential_339.jpg,38,sparse_residential
sparse_residential/sparse_residential_341.jpg,38,sparse_residential
sparse_residential/sparse_residential_343.jpg,38,sparse_residential
sparse_residential/sparse_residential_345.jpg,38,sparse_residential
sparse_residential/sparse_residential_346.jpg,38,sparse_residential
sparse_residential/sparse_residential_347.jpg,38,sparse_residential
sparse_residential/sparse_residential_349.jpg,38,sparse_residential
sparse_residential/sparse_residential_350.jpg,38,sparse_residential
sparse_residential/sparse_residential_351.jpg,38,sparse_residential
sparse_residential/sparse_residential_354.jpg,38,sparse_residential
sparse_residential/sparse_residential_357.jpg,38,sparse_residential
sparse_residential/sparse_residential_358.jpg,38,sparse_residential
sparse_residential/sparse_residential_359.jpg,38,sparse_residential
sparse_residential/sparse_residential_360.jpg,38,sparse_residential
sparse_residential/sparse_residential_361.jpg,38,sparse_residential
sparse_residential/sparse_residential_362.jpg,38,sparse_residential
sparse_residential/sparse_residential_363.jpg,38,sparse_residential
sparse_residential/sparse_residential_364.jpg,38,sparse_residential
sparse_residential/sparse_residential_365.jpg,38,sparse_residential
sparse_residential/sparse_residential_366.jpg,38,sparse_residential
sparse_residential/sparse_residential_368.jpg,38,sparse_residential
sparse_residential/sparse_residential_369.jpg,38,sparse_residential
sparse_residential/sparse_residential_371.jpg,38,sparse_residential
sparse_residential/sparse_residential_372.jpg,38,sparse_residential
sparse_residential/sparse_residential_374.jpg,38,sparse_residential
sparse_residential/sparse_residential_376.jpg,38,sparse_residential
sparse_residential/sparse_residential_380.jpg,38,sparse_residential
sparse_residential/sparse_residential_382.jpg,38,sparse_residential
sparse_residential/sparse_residential_384.jpg,38,sparse_residential
sparse_residential/sparse_residential_385.jpg,38,sparse_residential
sparse_residential/sparse_residential_386.jpg,38,sparse_residential
sparse_residential/sparse_residential_390.jpg,38,sparse_residential
sparse_residential/sparse_residential_391.jpg,38,sparse_residential
sparse_residential/sparse_residential_393.jpg,38,sparse_residential
sparse_residential/sparse_residential_395.jpg,38,sparse_residential
sparse_residential/sparse_residential_397.jpg,38,sparse_residential
sparse_residential/sparse_residential_398.jpg,38,sparse_residential
sparse_residential/sparse_residential_399.jpg,38,sparse_residential
sparse_residential/sparse_residential_400.jpg,38,sparse_residential
sparse_residential/sparse_residential_401.jpg,38,sparse_residential
sparse_residential/sparse_residential_402.jpg,38,sparse_residential
sparse_residential/sparse_residential_403.jpg,38,sparse_residential
sparse_residential/sparse_residential_405.jpg,38,sparse_residential
sparse_residential/sparse_residential_407.jpg,38,sparse_residential
sparse_residential/sparse_residential_408.jpg,38,sparse_residential
sparse_residential/sparse_residential_409.jpg,38,sparse_residential
sparse_residential/sparse_residential_410.jpg,38,sparse_residential
sparse_residential/sparse_residential_413.jpg,38,sparse_residential
sparse_residential/sparse_residential_415.jpg,38,sparse_residential
sparse_residential/sparse_residential_417.jpg,38,sparse_residential
sparse_residential/sparse_residential_420.jpg,38,sparse_residential
sparse_residential/sparse_residential_423.jpg,38,sparse_residential
sparse_residential/sparse_residential_424.jpg,38,sparse_residential
sparse_residential/sparse_residential_425.jpg,38,sparse_residential
sparse_residential/sparse_residential_426.jpg,38,sparse_residential
sparse_residential/sparse_residential_427.jpg,38,sparse_residential
sparse_residential/sparse_residential_428.jpg,38,sparse_residential
sparse_residential/sparse_residential_429.jpg,38,sparse_residential
sparse_residential/sparse_residential_430.jpg,38,sparse_residential
sparse_residential/sparse_residential_431.jpg,38,sparse_residential
sparse_residential/sparse_residential_433.jpg,38,sparse_residential
sparse_residential/sparse_residential_434.jpg,38,sparse_residential
sparse_residential/sparse_residential_437.jpg,38,sparse_residential
sparse_residential/sparse_residential_439.jpg,38,sparse_residential
sparse_residential/sparse_residential_440.jpg,38,sparse_residential
sparse_residential/sparse_residential_441.jpg,38,sparse_residential
sparse_residential/sparse_residential_443.jpg,38,sparse_residential
sparse_residential/sparse_residential_444.jpg,38,sparse_residential
sparse_residential/sparse_residential_445.jpg,38,sparse_residential
sparse_residential/sparse_residential_446.jpg,38,sparse_residential
sparse_residential/sparse_residential_447.jpg,38,sparse_residential
sparse_residential/sparse_residential_448.jpg,38,sparse_residential
sparse_residential/sparse_residential_449.jpg,38,sparse_residential
sparse_residential/sparse_residential_451.jpg,38,sparse_residential
sparse_residential/sparse_residential_452.jpg,38,sparse_residential
sparse_residential/sparse_residential_453.jpg,38,sparse_residential
sparse_residential/sparse_residential_454.jpg,38,sparse_residential
sparse_residential/sparse_residential_455.jpg,38,sparse_residential
sparse_residential/sparse_residential_456.jpg,38,sparse_residential
sparse_residential/sparse_residential_457.jpg,38,sparse_residential
sparse_residential/sparse_residential_458.jpg,38,sparse_residential
sparse_residential/sparse_residential_460.jpg,38,sparse_residential
sparse_residential/sparse_residential_463.jpg,38,sparse_residential
sparse_residential/sparse_residential_464.jpg,38,sparse_residential
sparse_residential/sparse_residential_465.jpg,38,sparse_residential
sparse_residential/sparse_residential_466.jpg,38,sparse_residential
sparse_residential/sparse_residential_467.jpg,38,sparse_residential
sparse_residential/sparse_residential_468.jpg,38,sparse_residential
sparse_residential/sparse_residential_469.jpg,38,sparse_residential
sparse_residential/sparse_residential_470.jpg,38,sparse_residential
sparse_residential/sparse_residential_471.jpg,38,sparse_residential
sparse_residential/sparse_residential_472.jpg,38,sparse_residential
sparse_residential/sparse_residential_475.jpg,38,sparse_residential
sparse_residential/sparse_residential_477.jpg,38,sparse_residential
sparse_residential/sparse_residential_478.jpg,38,sparse_residential
sparse_residential/sparse_residential_479.jpg,38,sparse_residential
sparse_residential/sparse_residential_480.jpg,38,sparse_residential
sparse_residential/sparse_residential_481.jpg,38,sparse_residential
sparse_residential/sparse_residential_482.jpg,38,sparse_residential
sparse_residential/sparse_residential_483.jpg,38,sparse_residential
sparse_residential/sparse_residential_484.jpg,38,sparse_residential
sparse_residential/sparse_residential_488.jpg,38,sparse_residential
sparse_residential/sparse_residential_493.jpg,38,sparse_residential
sparse_residential/sparse_residential_495.jpg,38,sparse_residential
sparse_residential/sparse_residential_496.jpg,38,sparse_residential
sparse_residential/sparse_residential_498.jpg,38,sparse_residential
sparse_residential/sparse_residential_499.jpg,38,sparse_residential
sparse_residential/sparse_residential_501.jpg,38,sparse_residential
sparse_residential/sparse_residential_502.jpg,38,sparse_residential
sparse_residential/sparse_residential_503.jpg,38,sparse_residential
sparse_residential/sparse_residential_504.jpg,38,sparse_residential
sparse_residential/sparse_residential_505.jpg,38,sparse_residential
sparse_residential/sparse_residential_506.jpg,38,sparse_residential
sparse_residential/sparse_residential_507.jpg,38,sparse_residential
sparse_residential/sparse_residential_508.jpg,38,sparse_residential
sparse_residential/sparse_residential_509.jpg,38,sparse_residential
sparse_residential/sparse_residential_510.jpg,38,sparse_residential
sparse_residential/sparse_residential_511.jpg,38,sparse_residential
sparse_residential/sparse_residential_512.jpg,38,sparse_residential
sparse_residential/sparse_residential_513.jpg,38,sparse_residential
sparse_residential/sparse_residential_514.jpg,38,sparse_residential
sparse_residential/sparse_residential_515.jpg,38,sparse_residential
sparse_residential/sparse_residential_516.jpg,38,sparse_residential
sparse_residential/sparse_residential_517.jpg,38,sparse_residential
sparse_residential/sparse_residential_518.jpg,38,sparse_residential
sparse_residential/sparse_residential_519.jpg,38,sparse_residential
sparse_residential/sparse_residential_520.jpg,38,sparse_residential
sparse_residential/sparse_residential_521.jpg,38,sparse_residential
sparse_residential/sparse_residential_525.jpg,38,sparse_residential
sparse_residential/sparse_residential_526.jpg,38,sparse_residential
sparse_residential/sparse_residential_531.jpg,38,sparse_residential
sparse_residential/sparse_residential_533.jpg,38,sparse_residential
sparse_residential/sparse_residential_534.jpg,38,sparse_residential
sparse_residential/sparse_residential_535.jpg,38,sparse_residential
sparse_residential/sparse_residential_536.jpg,38,sparse_residential
sparse_residential/sparse_residential_538.jpg,38,sparse_residential
sparse_residential/sparse_residential_539.jpg,38,sparse_residential
sparse_residential/sparse_residential_540.jpg,38,sparse_residential
sparse_residential/sparse_residential_541.jpg,38,sparse_residential
sparse_residential/sparse_residential_542.jpg,38,sparse_residential
sparse_residential/sparse_residential_543.jpg,38,sparse_residential
sparse_residential/sparse_residential_544.jpg,38,sparse_residential
sparse_residential/sparse_residential_545.jpg,38,sparse_residential
sparse_residential/sparse_residential_546.jpg,38,sparse_residential
sparse_residential/sparse_residential_547.jpg,38,sparse_residential
sparse_residential/sparse_residential_548.jpg,38,sparse_residential
sparse_residential/sparse_residential_549.jpg,38,sparse_residential
sparse_residential/sparse_residential_552.jpg,38,sparse_residential
sparse_residential/sparse_residential_553.jpg,38,sparse_residential
sparse_residential/sparse_residential_554.jpg,38,sparse_residential
sparse_residential/sparse_residential_556.jpg,38,sparse_residential
sparse_residential/sparse_residential_557.jpg,38,sparse_residential
sparse_residential/sparse_residential_558.jpg,38,sparse_residential
sparse_residential/sparse_residential_559.jpg,38,sparse_residential
sparse_residential/sparse_residential_560.jpg,38,sparse_residential
sparse_residential/sparse_residential_562.jpg,38,sparse_residential
sparse_residential/sparse_residential_563.jpg,38,sparse_residential
sparse_residential/sparse_residential_564.jpg,38,sparse_residential
sparse_residential/sparse_residential_565.jpg,38,sparse_residential
sparse_residential/sparse_residential_566.jpg,38,sparse_residential
sparse_residential/sparse_residential_567.jpg,38,sparse_residential
sparse_residential/sparse_residential_568.jpg,38,sparse_residential
sparse_residential/sparse_residential_570.jpg,38,sparse_residential
sparse_residential/sparse_residential_572.jpg,38,sparse_residential
sparse_residential/sparse_residential_573.jpg,38,sparse_residential
sparse_residential/sparse_residential_574.jpg,38,sparse_residential
sparse_residential/sparse_residential_575.jpg,38,sparse_residential
sparse_residential/sparse_residential_576.jpg,38,sparse_residential
sparse_residential/sparse_residential_577.jpg,38,sparse_residential
sparse_residential/sparse_residential_581.jpg,38,sparse_residential
sparse_residential/sparse_residential_582.jpg,38,sparse_residential
sparse_residential/sparse_residential_583.jpg,38,sparse_residential
sparse_residential/sparse_residential_584.jpg,38,sparse_residential
sparse_residential/sparse_residential_585.jpg,38,sparse_residential
sparse_residential/sparse_residential_586.jpg,38,sparse_residential
sparse_residential/sparse_residential_587.jpg,38,sparse_residential
sparse_residential/sparse_residential_588.jpg,38,sparse_residential
sparse_residential/sparse_residential_590.jpg,38,sparse_residential
sparse_residential/sparse_residential_591.jpg,38,sparse_residential
sparse_residential/sparse_residential_595.jpg,38,sparse_residential
sparse_residential/sparse_residential_596.jpg,38,sparse_residential
sparse_residential/sparse_residential_600.jpg,38,sparse_residential
sparse_residential/sparse_residential_601.jpg,38,sparse_residential
sparse_residential/sparse_residential_602.jpg,38,sparse_residential
sparse_residential/sparse_residential_603.jpg,38,sparse_residential
sparse_residential/sparse_residential_604.jpg,38,sparse_residential
sparse_residential/sparse_residential_605.jpg,38,sparse_residential
sparse_residential/sparse_residential_606.jpg,38,sparse_residential
sparse_residential/sparse_residential_607.jpg,38,sparse_residential
sparse_residential/sparse_residential_608.jpg,38,sparse_residential
sparse_residential/sparse_residential_609.jpg,38,sparse_residential
sparse_residential/sparse_residential_610.jpg,38,sparse_residential
sparse_residential/sparse_residential_611.jpg,38,sparse_residential
sparse_residential/sparse_residential_613.jpg,38,sparse_residential
sparse_residential/sparse_residential_614.jpg,38,sparse_residential
sparse_residential/sparse_residential_615.jpg,38,sparse_residential
sparse_residential/sparse_residential_622.jpg,38,sparse_residential
sparse_residential/sparse_residential_623.jpg,38,sparse_residential
sparse_residential/sparse_residential_624.jpg,38,sparse_residential
sparse_residential/sparse_residential_625.jpg,38,sparse_residential
sparse_residential/sparse_residential_626.jpg,38,sparse_residential
sparse_residential/sparse_residential_627.jpg,38,sparse_residential
sparse_residential/sparse_residential_628.jpg,38,sparse_residential
sparse_residential/sparse_residential_629.jpg,38,sparse_residential
sparse_residential/sparse_residential_630.jpg,38,sparse_residential
sparse_residential/sparse_residential_633.jpg,38,sparse_residential
sparse_residential/sparse_residential_635.jpg,38,sparse_residential
sparse_residential/sparse_residential_636.jpg,38,sparse_residential
sparse_residential/sparse_residential_637.jpg,38,sparse_residential
sparse_residential/sparse_residential_638.jpg,38,sparse_residential
sparse_residential/sparse_residential_639.jpg,38,sparse_residential
sparse_residential/sparse_residential_640.jpg,38,sparse_residential
sparse_residential/sparse_residential_642.jpg,38,sparse_residential
sparse_residential/sparse_residential_643.jpg,38,sparse_residential
sparse_residential/sparse_residential_646.jpg,38,sparse_residential
sparse_residential/sparse_residential_647.jpg,38,sparse_residential
sparse_residential/sparse_residential_649.jpg,38,sparse_residential
sparse_residential/sparse_residential_650.jpg,38,sparse_residential
sparse_residential/sparse_residential_651.jpg,38,sparse_residential
sparse_residential/sparse_residential_652.jpg,38,sparse_residential
sparse_residential/sparse_residential_653.jpg,38,sparse_residential
sparse_residential/sparse_residential_654.jpg,38,sparse_residential
sparse_residential/sparse_residential_655.jpg,38,sparse_residential
sparse_residential/sparse_residential_656.jpg,38,sparse_residential
sparse_residential/sparse_residential_658.jpg,38,sparse_residential
sparse_residential/sparse_residential_659.jpg,38,sparse_residential
sparse_residential/sparse_residential_663.jpg,38,sparse_residential
sparse_residential/sparse_residential_664.jpg,38,sparse_residential
sparse_residential/sparse_residential_667.jpg,38,sparse_residential
sparse_residential/sparse_residential_670.jpg,38,sparse_residential
sparse_residential/sparse_residential_673.jpg,38,sparse_residential
sparse_residential/sparse_residential_675.jpg,38,sparse_residential
sparse_residential/sparse_residential_676.jpg,38,sparse_residential
sparse_residential/sparse_residential_677.jpg,38,sparse_residential
sparse_residential/sparse_residential_678.jpg,38,sparse_residential
sparse_residential/sparse_residential_682.jpg,38,sparse_residential
sparse_residential/sparse_residential_683.jpg,38,sparse_residential
sparse_residential/sparse_residential_684.jpg,38,sparse_residential
sparse_residential/sparse_residential_685.jpg,38,sparse_residential
sparse_residential/sparse_residential_686.jpg,38,sparse_residential
sparse_residential/sparse_residential_687.jpg,38,sparse_residential
sparse_residential/sparse_residential_689.jpg,38,sparse_residential
sparse_residential/sparse_residential_690.jpg,38,sparse_residential
sparse_residential/sparse_residential_692.jpg,38,sparse_residential
sparse_residential/sparse_residential_693.jpg,38,sparse_residential
sparse_residential/sparse_residential_694.jpg,38,sparse_residential
sparse_residential/sparse_residential_696.jpg,38,sparse_residential
sparse_residential/sparse_residential_698.jpg,38,sparse_residential
sparse_residential/sparse_residential_699.jpg,38,sparse_residential
stadium/stadium_001.jpg,39,stadium
stadium/stadium_002.jpg,39,stadium
stadium/stadium_003.jpg,39,stadium
stadium/stadium_004.jpg,39,stadium
stadium/stadium_005.jpg,39,stadium
stadium/stadium_008.jpg,39,stadium
stadium/stadium_009.jpg,39,stadium
stadium/stadium_011.jpg,39,stadium
stadium/stadium_013.jpg,39,stadium
stadium/stadium_015.jpg,39,stadium
stadium/stadium_016.jpg,39,stadium
stadium/stadium_017.jpg,39,stadium
stadium/stadium_018.jpg,39,stadium
stadium/stadium_019.jpg,39,stadium
stadium/stadium_020.jpg,39,stadium
stadium/stadium_021.jpg,39,stadium
stadium/stadium_022.jpg,39,stadium
stadium/stadium_023.jpg,39,stadium
stadium/stadium_024.jpg,39,stadium
stadium/stadium_027.jpg,39,stadium
stadium/stadium_028.jpg,39,stadium
stadium/stadium_030.jpg,39,stadium
stadium/stadium_031.jpg,39,stadium
stadium/stadium_032.jpg,39,stadium
stadium/stadium_033.jpg,39,stadium
stadium/stadium_035.jpg,39,stadium
stadium/stadium_036.jpg,39,stadium
stadium/stadium_037.jpg,39,stadium
stadium/stadium_038.jpg,39,stadium
stadium/stadium_039.jpg,39,stadium
stadium/stadium_040.jpg,39,stadium
stadium/stadium_041.jpg,39,stadium
stadium/stadium_042.jpg,39,stadium
stadium/stadium_043.jpg,39,stadium
stadium/stadium_044.jpg,39,stadium
stadium/stadium_046.jpg,39,stadium
stadium/stadium_048.jpg,39,stadium
stadium/stadium_049.jpg,39,stadium
stadium/stadium_050.jpg,39,stadium
stadium/stadium_052.jpg,39,stadium
stadium/stadium_053.jpg,39,stadium
stadium/stadium_054.jpg,39,stadium
stadium/stadium_055.jpg,39,stadium
stadium/stadium_056.jpg,39,stadium
stadium/stadium_057.jpg,39,stadium
stadium/stadium_059.jpg,39,stadium
stadium/stadium_060.jpg,39,stadium
stadium/stadium_061.jpg,39,stadium
stadium/stadium_064.jpg,39,stadium
stadium/stadium_067.jpg,39,stadium
stadium/stadium_068.jpg,39,stadium
stadium/stadium_069.jpg,39,stadium
stadium/stadium_071.jpg,39,stadium
stadium/stadium_072.jpg,39,stadium
stadium/stadium_073.jpg,39,stadium
stadium/stadium_074.jpg,39,stadium
stadium/stadium_075.jpg,39,stadium
stadium/stadium_076.jpg,39,stadium
stadium/stadium_077.jpg,39,stadium
stadium/stadium_082.jpg,39,stadium
stadium/stadium_085.jpg,39,stadium
stadium/stadium_086.jpg,39,stadium
stadium/stadium_089.jpg,39,stadium
stadium/stadium_090.jpg,39,stadium
stadium/stadium_091.jpg,39,stadium
stadium/stadium_092.jpg,39,stadium
stadium/stadium_093.jpg,39,stadium
stadium/stadium_095.jpg,39,stadium
stadium/stadium_096.jpg,39,stadium
stadium/stadium_097.jpg,39,stadium
stadium/stadium_098.jpg,39,stadium
stadium/stadium_099.jpg,39,stadium
stadium/stadium_101.jpg,39,stadium
stadium/stadium_102.jpg,39,stadium
stadium/stadium_103.jpg,39,stadium
stadium/stadium_104.jpg,39,stadium
stadium/stadium_105.jpg,39,stadium
stadium/stadium_106.jpg,39,stadium
stadium/stadium_107.jpg,39,stadium
stadium/stadium_108.jpg,39,stadium
stadium/stadium_109.jpg,39,stadium
stadium/stadium_110.jpg,39,stadium
stadium/stadium_111.jpg,39,stadium
stadium/stadium_112.jpg,39,stadium
stadium/stadium_114.jpg,39,stadium
stadium/stadium_115.jpg,39,stadium
stadium/stadium_118.jpg,39,stadium
stadium/stadium_120.jpg,39,stadium
stadium/stadium_121.jpg,39,stadium
stadium/stadium_122.jpg,39,stadium
stadium/stadium_123.jpg,39,stadium
stadium/stadium_125.jpg,39,stadium
stadium/stadium_127.jpg,39,stadium
stadium/stadium_129.jpg,39,stadium
stadium/stadium_130.jpg,39,stadium
stadium/stadium_131.jpg,39,stadium
stadium/stadium_134.jpg,39,stadium
stadium/stadium_135.jpg,39,stadium
stadium/stadium_138.jpg,39,stadium
stadium/stadium_139.jpg,39,stadium
stadium/stadium_140.jpg,39,stadium
stadium/stadium_143.jpg,39,stadium
stadium/stadium_146.jpg,39,stadium
stadium/stadium_147.jpg,39,stadium
stadium/stadium_149.jpg,39,stadium
stadium/stadium_151.jpg,39,stadium
stadium/stadium_152.jpg,39,stadium
stadium/stadium_153.jpg,39,stadium
stadium/stadium_154.jpg,39,stadium
stadium/stadium_155.jpg,39,stadium
stadium/stadium_156.jpg,39,stadium
stadium/stadium_157.jpg,39,stadium
stadium/stadium_158.jpg,39,stadium
stadium/stadium_160.jpg,39,stadium
stadium/stadium_162.jpg,39,stadium
stadium/stadium_163.jpg,39,stadium
stadium/stadium_164.jpg,39,stadium
stadium/stadium_165.jpg,39,stadium
stadium/stadium_166.jpg,39,stadium
stadium/stadium_167.jpg,39,stadium
stadium/stadium_170.jpg,39,stadium
stadium/stadium_171.jpg,39,stadium
stadium/stadium_172.jpg,39,stadium
stadium/stadium_174.jpg,39,stadium
stadium/stadium_176.jpg,39,stadium
stadium/stadium_177.jpg,39,stadium
stadium/stadium_178.jpg,39,stadium
stadium/stadium_179.jpg,39,stadium
stadium/stadium_180.jpg,39,stadium
stadium/stadium_181.jpg,39,stadium
stadium/stadium_182.jpg,39,stadium
stadium/stadium_184.jpg,39,stadium
stadium/stadium_186.jpg,39,stadium
stadium/stadium_187.jpg,39,stadium
stadium/stadium_188.jpg,39,stadium
stadium/stadium_189.jpg,39,stadium
stadium/stadium_191.jpg,39,stadium
stadium/stadium_192.jpg,39,stadium
stadium/stadium_194.jpg,39,stadium
stadium/stadium_195.jpg,39,stadium
stadium/stadium_197.jpg,39,stadium
stadium/stadium_198.jpg,39,stadium
stadium/stadium_201.jpg,39,stadium
stadium/stadium_202.jpg,39,stadium
stadium/stadium_203.jpg,39,stadium
stadium/stadium_204.jpg,39,stadium
stadium/stadium_206.jpg,39,stadium
stadium/stadium_207.jpg,39,stadium
stadium/stadium_208.jpg,39,stadium
stadium/stadium_211.jpg,39,stadium
stadium/stadium_212.jpg,39,stadium
stadium/stadium_214.jpg,39,stadium
stadium/stadium_215.jpg,39,stadium
stadium/stadium_216.jpg,39,stadium
stadium/stadium_217.jpg,39,stadium
stadium/stadium_218.jpg,39,stadium
stadium/stadium_220.jpg,39,stadium
stadium/stadium_221.jpg,39,stadium
stadium/stadium_222.jpg,39,stadium
stadium/stadium_223.jpg,39,stadium
stadium/stadium_224.jpg,39,stadium
stadium/stadium_227.jpg,39,stadium
stadium/stadium_228.jpg,39,stadium
stadium/stadium_234.jpg,39,stadium
stadium/stadium_236.jpg,39,stadium
stadium/stadium_237.jpg,39,stadium
stadium/stadium_238.jpg,39,stadium
stadium/stadium_239.jpg,39,stadium
stadium/stadium_240.jpg,39,stadium
stadium/stadium_241.jpg,39,stadium
stadium/stadium_244.jpg,39,stadium
stadium/stadium_245.jpg,39,stadium
stadium/stadium_246.jpg,39,stadium
stadium/stadium_247.jpg,39,stadium
stadium/stadium_248.jpg,39,stadium
stadium/stadium_249.jpg,39,stadium
stadium/stadium_250.jpg,39,stadium
stadium/stadium_251.jpg,39,stadium
stadium/stadium_252.jpg,39,stadium
stadium/stadium_254.jpg,39,stadium
stadium/stadium_255.jpg,39,stadium
stadium/stadium_256.jpg,39,stadium
stadium/stadium_257.jpg,39,stadium
stadium/stadium_259.jpg,39,stadium
stadium/stadium_262.jpg,39,stadium
stadium/stadium_263.jpg,39,stadium
stadium/stadium_264.jpg,39,stadium
stadium/stadium_265.jpg,39,stadium
stadium/stadium_266.jpg,39,stadium
stadium/stadium_268.jpg,39,stadium
stadium/stadium_270.jpg,39,stadium
stadium/stadium_271.jpg,39,stadium
stadium/stadium_272.jpg,39,stadium
stadium/stadium_273.jpg,39,stadium
stadium/stadium_274.jpg,39,stadium
stadium/stadium_276.jpg,39,stadium
stadium/stadium_277.jpg,39,stadium
stadium/stadium_280.jpg,39,stadium
stadium/stadium_281.jpg,39,stadium
stadium/stadium_282.jpg,39,stadium
stadium/stadium_283.jpg,39,stadium
stadium/stadium_284.jpg,39,stadium
stadium/stadium_285.jpg,39,stadium
stadium/stadium_286.jpg,39,stadium
stadium/stadium_287.jpg,39,stadium
stadium/stadium_288.jpg,39,stadium
stadium/stadium_289.jpg,39,stadium
stadium/stadium_290.jpg,39,stadium
stadium/stadium_291.jpg,39,stadium
stadium/stadium_293.jpg,39,stadium
stadium/stadium_294.jpg,39,stadium
stadium/stadium_295.jpg,39,stadium
stadium/stadium_297.jpg,39,stadium
stadium/stadium_299.jpg,39,stadium
stadium/stadium_300.jpg,39,stadium
stadium/stadium_302.jpg,39,stadium
stadium/stadium_303.jpg,39,stadium
stadium/stadium_304.jpg,39,stadium
stadium/stadium_307.jpg,39,stadium
stadium/stadium_308.jpg,39,stadium
stadium/stadium_309.jpg,39,stadium
stadium/stadium_312.jpg,39,stadium
stadium/stadium_313.jpg,39,stadium
stadium/stadium_316.jpg,39,stadium
stadium/stadium_317.jpg,39,stadium
stadium/stadium_318.jpg,39,stadium
stadium/stadium_320.jpg,39,stadium
stadium/stadium_321.jpg,39,stadium
stadium/stadium_324.jpg,39,stadium
stadium/stadium_325.jpg,39,stadium
stadium/stadium_326.jpg,39,stadium
stadium/stadium_327.jpg,39,stadium
stadium/stadium_329.jpg,39,stadium
stadium/stadium_330.jpg,39,stadium
stadium/stadium_331.jpg,39,stadium
stadium/stadium_332.jpg,39,stadium
stadium/stadium_333.jpg,39,stadium
stadium/stadium_336.jpg,39,stadium
stadium/stadium_338.jpg,39,stadium
stadium/stadium_339.jpg,39,stadium
stadium/stadium_340.jpg,39,stadium
stadium/stadium_341.jpg,39,stadium
stadium/stadium_342.jpg,39,stadium
stadium/stadium_344.jpg,39,stadium
stadium/stadium_345.jpg,39,stadium
stadium/stadium_349.jpg,39,stadium
stadium/stadium_350.jpg,39,stadium
stadium/stadium_351.jpg,39,stadium
stadium/stadium_352.jpg,39,stadium
stadium/stadium_356.jpg,39,stadium
stadium/stadium_357.jpg,39,stadium
stadium/stadium_358.jpg,39,stadium
stadium/stadium_359.jpg,39,stadium
stadium/stadium_360.jpg,39,stadium
stadium/stadium_362.jpg,39,stadium
stadium/stadium_363.jpg,39,stadium
stadium/stadium_364.jpg,39,stadium
stadium/stadium_367.jpg,39,stadium
stadium/stadium_369.jpg,39,stadium
stadium/stadium_371.jpg,39,stadium
stadium/stadium_372.jpg,39,stadium
stadium/stadium_373.jpg,39,stadium
stadium/stadium_374.jpg,39,stadium
stadium/stadium_375.jpg,39,stadium
stadium/stadium_376.jpg,39,stadium
stadium/stadium_378.jpg,39,stadium
stadium/stadium_379.jpg,39,stadium
stadium/stadium_380.jpg,39,stadium
stadium/stadium_383.jpg,39,stadium
stadium/stadium_385.jpg,39,stadium
stadium/stadium_389.jpg,39,stadium
stadium/stadium_390.jpg,39,stadium
stadium/stadium_393.jpg,39,stadium
stadium/stadium_395.jpg,39,stadium
stadium/stadium_396.jpg,39,stadium
stadium/stadium_397.jpg,39,stadium
stadium/stadium_399.jpg,39,stadium
stadium/stadium_401.jpg,39,stadium
stadium/stadium_404.jpg,39,stadium
stadium/stadium_406.jpg,39,stadium
stadium/stadium_407.jpg,39,stadium
stadium/stadium_408.jpg,39,stadium
stadium/stadium_409.jpg,39,stadium
stadium/stadium_414.jpg,39,stadium
stadium/stadium_416.jpg,39,stadium
stadium/stadium_417.jpg,39,stadium
stadium/stadium_418.jpg,39,stadium
stadium/stadium_420.jpg,39,stadium
stadium/stadium_422.jpg,39,stadium
stadium/stadium_423.jpg,39,stadium
stadium/stadium_425.jpg,39,stadium
stadium/stadium_427.jpg,39,stadium
stadium/stadium_428.jpg,39,stadium
stadium/stadium_431.jpg,39,stadium
stadium/stadium_433.jpg,39,stadium
stadium/stadium_434.jpg,39,stadium
stadium/stadium_435.jpg,39,stadium
stadium/stadium_436.jpg,39,stadium
stadium/stadium_437.jpg,39,stadium
stadium/stadium_438.jpg,39,stadium
stadium/stadium_439.jpg,39,stadium
stadium/stadium_441.jpg,39,stadium
stadium/stadium_442.jpg,39,stadium
stadium/stadium_444.jpg,39,stadium
stadium/stadium_446.jpg,39,stadium
stadium/stadium_447.jpg,39,stadium
stadium/stadium_448.jpg,39,stadium
stadium/stadium_449.jpg,39,stadium
stadium/stadium_450.jpg,39,stadium
stadium/stadium_452.jpg,39,stadium
stadium/stadium_453.jpg,39,stadium
stadium/stadium_454.jpg,39,stadium
stadium/stadium_455.jpg,39,stadium
stadium/stadium_456.jpg,39,stadium
stadium/stadium_457.jpg,39,stadium
stadium/stadium_458.jpg,39,stadium
stadium/stadium_460.jpg,39,stadium
stadium/stadium_463.jpg,39,stadium
stadium/stadium_464.jpg,39,stadium
stadium/stadium_465.jpg,39,stadium
stadium/stadium_468.jpg,39,stadium
stadium/stadium_469.jpg,39,stadium
stadium/stadium_470.jpg,39,stadium
stadium/stadium_471.jpg,39,stadium
stadium/stadium_472.jpg,39,stadium
stadium/stadium_473.jpg,39,stadium
stadium/stadium_474.jpg,39,stadium
stadium/stadium_476.jpg,39,stadium
stadium/stadium_478.jpg,39,stadium
stadium/stadium_479.jpg,39,stadium
stadium/stadium_480.jpg,39,stadium
stadium/stadium_482.jpg,39,stadium
stadium/stadium_483.jpg,39,stadium
stadium/stadium_484.jpg,39,stadium
stadium/stadium_485.jpg,39,stadium
stadium/stadium_486.jpg,39,stadium
stadium/stadium_487.jpg,39,stadium
stadium/stadium_488.jpg,39,stadium
stadium/stadium_489.jpg,39,stadium
stadium/stadium_490.jpg,39,stadium
stadium/stadium_491.jpg,39,stadium
stadium/stadium_493.jpg,39,stadium
stadium/stadium_495.jpg,39,stadium
stadium/stadium_496.jpg,39,stadium
stadium/stadium_497.jpg,39,stadium
stadium/stadium_498.jpg,39,stadium
stadium/stadium_499.jpg,39,stadium
stadium/stadium_501.jpg,39,stadium
stadium/stadium_503.jpg,39,stadium
stadium/stadium_504.jpg,39,stadium
stadium/stadium_506.jpg,39,stadium
stadium/stadium_507.jpg,39,stadium
stadium/stadium_508.jpg,39,stadium
stadium/stadium_509.jpg,39,stadium
stadium/stadium_513.jpg,39,stadium
stadium/stadium_515.jpg,39,stadium
stadium/stadium_516.jpg,39,stadium
stadium/stadium_519.jpg,39,stadium
stadium/stadium_520.jpg,39,stadium
stadium/stadium_521.jpg,39,stadium
stadium/stadium_522.jpg,39,stadium
stadium/stadium_524.jpg,39,stadium
stadium/stadium_525.jpg,39,stadium
stadium/stadium_526.jpg,39,stadium
stadium/stadium_527.jpg,39,stadium
stadium/stadium_529.jpg,39,stadium
stadium/stadium_530.jpg,39,stadium
stadium/stadium_531.jpg,39,stadium
stadium/stadium_532.jpg,39,stadium
stadium/stadium_534.jpg,39,stadium
stadium/stadium_535.jpg,39,stadium
stadium/stadium_536.jpg,39,stadium
stadium/stadium_537.jpg,39,stadium
stadium/stadium_539.jpg,39,stadium
stadium/stadium_540.jpg,39,stadium
stadium/stadium_541.jpg,39,stadium
stadium/stadium_544.jpg,39,stadium
stadium/stadium_545.jpg,39,stadium
stadium/stadium_546.jpg,39,stadium
stadium/stadium_547.jpg,39,stadium
stadium/stadium_552.jpg,39,stadium
stadium/stadium_553.jpg,39,stadium
stadium/stadium_554.jpg,39,stadium
stadium/stadium_555.jpg,39,stadium
stadium/stadium_556.jpg,39,stadium
stadium/stadium_557.jpg,39,stadium
stadium/stadium_558.jpg,39,stadium
stadium/stadium_559.jpg,39,stadium
stadium/stadium_561.jpg,39,stadium
stadium/stadium_562.jpg,39,stadium
stadium/stadium_563.jpg,39,stadium
stadium/stadium_564.jpg,39,stadium
stadium/stadium_565.jpg,39,stadium
stadium/stadium_566.jpg,39,stadium
stadium/stadium_569.jpg,39,stadium
stadium/stadium_570.jpg,39,stadium
stadium/stadium_572.jpg,39,stadium
stadium/stadium_574.jpg,39,stadium
stadium/stadium_576.jpg,39,stadium
stadium/stadium_577.jpg,39,stadium
stadium/stadium_578.jpg,39,stadium
stadium/stadium_580.jpg,39,stadium
stadium/stadium_581.jpg,39,stadium
stadium/stadium_582.jpg,39,stadium
stadium/stadium_584.jpg,39,stadium
stadium/stadium_585.jpg,39,stadium
stadium/stadium_586.jpg,39,stadium
stadium/stadium_587.jpg,39,stadium
stadium/stadium_590.jpg,39,stadium
stadium/stadium_591.jpg,39,stadium
stadium/stadium_593.jpg,39,stadium
stadium/stadium_594.jpg,39,stadium
stadium/stadium_595.jpg,39,stadium
stadium/stadium_596.jpg,39,stadium
stadium/stadium_598.jpg,39,stadium
stadium/stadium_600.jpg,39,stadium
stadium/stadium_601.jpg,39,stadium
stadium/stadium_602.jpg,39,stadium
stadium/stadium_603.jpg,39,stadium
stadium/stadium_605.jpg,39,stadium
stadium/stadium_607.jpg,39,stadium
stadium/stadium_608.jpg,39,stadium
stadium/stadium_609.jpg,39,stadium
stadium/stadium_610.jpg,39,stadium
stadium/stadium_611.jpg,39,stadium
stadium/stadium_612.jpg,39,stadium
stadium/stadium_613.jpg,39,stadium
stadium/stadium_616.jpg,39,stadium
stadium/stadium_618.jpg,39,stadium
stadium/stadium_619.jpg,39,stadium
stadium/stadium_620.jpg,39,stadium
stadium/stadium_621.jpg,39,stadium
stadium/stadium_622.jpg,39,stadium
stadium/stadium_624.jpg,39,stadium
stadium/stadium_625.jpg,39,stadium
stadium/stadium_626.jpg,39,stadium
stadium/stadium_628.jpg,39,stadium
stadium/stadium_630.jpg,39,stadium
stadium/stadium_631.jpg,39,stadium
stadium/stadium_632.jpg,39,stadium
stadium/stadium_633.jpg,39,stadium
stadium/stadium_634.jpg,39,stadium
stadium/stadium_636.jpg,39,stadium
stadium/stadium_637.jpg,39,stadium
stadium/stadium_639.jpg,39,stadium
stadium/stadium_640.jpg,39,stadium
stadium/stadium_642.jpg,39,stadium
stadium/stadium_643.jpg,39,stadium
stadium/stadium_645.jpg,39,stadium
stadium/stadium_646.jpg,39,stadium
stadium/stadium_647.jpg,39,stadium
stadium/stadium_648.jpg,39,stadium
stadium/stadium_650.jpg,39,stadium
stadium/stadium_651.jpg,39,stadium
stadium/stadium_653.jpg,39,stadium
stadium/stadium_654.jpg,39,stadium
stadium/stadium_655.jpg,39,stadium
stadium/stadium_657.jpg,39,stadium
stadium/stadium_658.jpg,39,stadium
stadium/stadium_660.jpg,39,stadium
stadium/stadium_661.jpg,39,stadium
stadium/stadium_662.jpg,39,stadium
stadium/stadium_663.jpg,39,stadium
stadium/stadium_664.jpg,39,stadium
stadium/stadium_665.jpg,39,stadium
stadium/stadium_666.jpg,39,stadium
stadium/stadium_667.jpg,39,stadium
stadium/stadium_668.jpg,39,stadium
stadium/stadium_669.jpg,39,stadium
stadium/stadium_671.jpg,39,stadium
stadium/stadium_672.jpg,39,stadium
stadium/stadium_673.jpg,39,stadium
stadium/stadium_676.jpg,39,stadium
stadium/stadium_678.jpg,39,stadium
stadium/stadium_679.jpg,39,stadium
stadium/stadium_681.jpg,39,stadium
stadium/stadium_682.jpg,39,stadium
stadium/stadium_683.jpg,39,stadium
stadium/stadium_684.jpg,39,stadium
stadium/stadium_685.jpg,39,stadium
stadium/stadium_686.jpg,39,stadium
stadium/stadium_688.jpg,39,stadium
stadium/stadium_690.jpg,39,stadium
stadium/stadium_691.jpg,39,stadium
stadium/stadium_694.jpg,39,stadium
stadium/stadium_696.jpg,39,stadium
stadium/stadium_697.jpg,39,stadium
stadium/stadium_698.jpg,39,stadium
stadium/stadium_699.jpg,39,stadium
stadium/stadium_700.jpg,39,stadium
storage_tank/storage_tank_002.jpg,40,storage_tank
storage_tank/storage_tank_003.jpg,40,storage_tank
storage_tank/storage_tank_005.jpg,40,storage_tank
storage_tank/storage_tank_006.jpg,40,storage_tank
storage_tank/storage_tank_008.jpg,40,storage_tank
storage_tank/storage_tank_014.jpg,40,storage_tank
storage_tank/storage_tank_016.jpg,40,storage_tank
storage_tank/storage_tank_018.jpg,40,storage_tank
storage_tank/storage_tank_019.jpg,40,storage_tank
storage_tank/storage_tank_020.jpg,40,storage_tank
storage_tank/storage_tank_022.jpg,40,storage_tank
storage_tank/storage_tank_023.jpg,40,storage_tank
storage_tank/storage_tank_024.jpg,40,storage_tank
storage_tank/storage_tank_025.jpg,40,storage_tank
storage_tank/storage_tank_027.jpg,40,storage_tank
storage_tank/storage_tank_028.jpg,40,storage_tank
storage_tank/storage_tank_029.jpg,40,storage_tank
storage_tank/storage_tank_033.jpg,40,storage_tank
storage_tank/storage_tank_034.jpg,40,storage_tank
storage_tank/storage_tank_035.jpg,40,storage_tank
storage_tank/storage_tank_038.jpg,40,storage_tank
storage_tank/storage_tank_039.jpg,40,storage_tank
storage_tank/storage_tank_040.jpg,40,storage_tank
storage_tank/storage_tank_041.jpg,40,storage_tank
storage_tank/storage_tank_042.jpg,40,storage_tank
storage_tank/storage_tank_043.jpg,40,storage_tank
storage_tank/storage_tank_044.jpg,40,storage_tank
storage_tank/storage_tank_045.jpg,40,storage_tank
storage_tank/storage_tank_046.jpg,40,storage_tank
storage_tank/storage_tank_048.jpg,40,storage_tank
storage_tank/storage_tank_050.jpg,40,storage_tank
storage_tank/storage_tank_051.jpg,40,storage_tank
storage_tank/storage_tank_052.jpg,40,storage_tank
storage_tank/storage_tank_053.jpg,40,storage_tank
storage_tank/storage_tank_054.jpg,40,storage_tank
storage_tank/storage_tank_059.jpg,40,storage_tank
storage_tank/storage_tank_060.jpg,40,storage_tank
storage_tank/storage_tank_061.jpg,40,storage_tank
storage_tank/storage_tank_062.jpg,40,storage_tank
storage_tank/storage_tank_063.jpg,40,storage_tank
storage_tank/storage_tank_065.jpg,40,storage_tank
storage_tank/storage_tank_066.jpg,40,storage_tank
storage_tank/storage_tank_067.jpg,40,storage_tank
storage_tank/storage_tank_068.jpg,40,storage_tank
storage_tank/storage_tank_069.jpg,40,storage_tank
storage_tank/storage_tank_070.jpg,40,storage_tank
storage_tank/storage_tank_071.jpg,40,storage_tank
storage_tank/storage_tank_072.jpg,40,storage_tank
storage_tank/storage_tank_073.jpg,40,storage_tank
storage_tank/storage_tank_074.jpg,40,storage_tank
storage_tank/storage_tank_076.jpg,40,storage_tank
storage_tank/storage_tank_078.jpg,40,storage_tank
storage_tank/storage_tank_079.jpg,40,storage_tank
storage_tank/storage_tank_081.jpg,40,storage_tank
storage_tank/storage_tank_082.jpg,40,storage_tank
storage_tank/storage_tank_083.jpg,40,storage_tank
storage_tank/storage_tank_085.jpg,40,storage_tank
storage_tank/storage_tank_086.jpg,40,storage_tank
storage_tank/storage_tank_087.jpg,40,storage_tank
storage_tank/storage_tank_088.jpg,40,storage_tank
storage_tank/storage_tank_090.jpg,40,storage_tank
storage_tank/storage_tank_091.jpg,40,storage_tank
storage_tank/storage_tank_092.jpg,40,storage_tank
storage_tank/storage_tank_093.jpg,40,storage_tank
storage_tank/storage_tank_094.jpg,40,storage_tank
storage_tank/storage_tank_096.jpg,40,storage_tank
storage_tank/storage_tank_099.jpg,40,storage_tank
storage_tank/storage_tank_100.jpg,40,storage_tank
storage_tank/storage_tank_101.jpg,40,storage_tank
storage_tank/storage_tank_102.jpg,40,storage_tank
storage_tank/storage_tank_103.jpg,40,storage_tank
storage_tank/storage_tank_104.jpg,40,storage_tank
storage_tank/storage_tank_105.jpg,40,storage_tank
storage_tank/storage_tank_106.jpg,40,storage_tank
storage_tank/storage_tank_107.jpg,40,storage_tank
storage_tank/storage_tank_108.jpg,40,storage_tank
storage_tank/storage_tank_109.jpg,40,storage_tank
storage_tank/storage_tank_111.jpg,40,storage_tank
storage_tank/storage_tank_112.jpg,40,storage_tank
storage_tank/storage_tank_113.jpg,40,storage_tank
storage_tank/storage_tank_117.jpg,40,storage_tank
storage_tank/storage_tank_118.jpg,40,storage_tank
storage_tank/storage_tank_119.jpg,40,storage_tank
storage_tank/storage_tank_121.jpg,40,storage_tank
storage_tank/storage_tank_122.jpg,40,storage_tank
storage_tank/storage_tank_125.jpg,40,storage_tank
storage_tank/storage_tank_126.jpg,40,storage_tank
storage_tank/storage_tank_127.jpg,40,storage_tank
storage_tank/storage_tank_128.jpg,40,storage_tank
storage_tank/storage_tank_129.jpg,40,storage_tank
storage_tank/storage_tank_130.jpg,40,storage_tank
storage_tank/storage_tank_131.jpg,40,storage_tank
storage_tank/storage_tank_132.jpg,40,storage_tank
storage_tank/storage_tank_133.jpg,40,storage_tank
storage_tank/storage_tank_134.jpg,40,storage_tank
storage_tank/storage_tank_135.jpg,40,storage_tank
storage_tank/storage_tank_136.jpg,40,storage_tank
storage_tank/storage_tank_138.jpg,40,storage_tank
storage_tank/storage_tank_139.jpg,40,storage_tank
storage_tank/storage_tank_141.jpg,40,storage_tank
storage_tank/storage_tank_142.jpg,40,storage_tank
storage_tank/storage_tank_143.jpg,40,storage_tank
storage_tank/storage_tank_144.jpg,40,storage_tank
storage_tank/storage_tank_145.jpg,40,storage_tank
storage_tank/storage_tank_148.jpg,40,storage_tank
storage_tank/storage_tank_149.jpg,40,storage_tank
storage_tank/storage_tank_152.jpg,40,storage_tank
storage_tank/storage_tank_155.jpg,40,storage_tank
storage_tank/storage_tank_156.jpg,40,storage_tank
storage_tank/storage_tank_157.jpg,40,storage_tank
storage_tank/storage_tank_158.jpg,40,storage_tank
storage_tank/storage_tank_159.jpg,40,storage_tank
storage_tank/storage_tank_160.jpg,40,storage_tank
storage_tank/storage_tank_161.jpg,40,storage_tank
storage_tank/storage_tank_162.jpg,40,storage_tank
storage_tank/storage_tank_163.jpg,40,storage_tank
storage_tank/storage_tank_164.jpg,40,storage_tank
storage_tank/storage_tank_165.jpg,40,storage_tank
storage_tank/storage_tank_166.jpg,40,storage_tank
storage_tank/storage_tank_167.jpg,40,storage_tank
storage_tank/storage_tank_168.jpg,40,storage_tank
storage_tank/storage_tank_169.jpg,40,storage_tank
storage_tank/storage_tank_170.jpg,40,storage_tank
storage_tank/storage_tank_171.jpg,40,storage_tank
storage_tank/storage_tank_174.jpg,40,storage_tank
storage_tank/storage_tank_175.jpg,40,storage_tank
storage_tank/storage_tank_177.jpg,40,storage_tank
storage_tank/storage_tank_180.jpg,40,storage_tank
storage_tank/storage_tank_181.jpg,40,storage_tank
storage_tank/storage_tank_182.jpg,40,storage_tank
storage_tank/storage_tank_183.jpg,40,storage_tank
storage_tank/storage_tank_184.jpg,40,storage_tank
storage_tank/storage_tank_185.jpg,40,storage_tank
storage_tank/storage_tank_186.jpg,40,storage_tank
storage_tank/storage_tank_187.jpg,40,storage_tank
storage_tank/storage_tank_188.jpg,40,storage_tank
storage_tank/storage_tank_189.jpg,40,storage_tank
storage_tank/storage_tank_190.jpg,40,storage_tank
storage_tank/storage_tank_191.jpg,40,storage_tank
storage_tank/storage_tank_192.jpg,40,storage_tank
storage_tank/storage_tank_193.jpg,40,storage_tank
storage_tank/storage_tank_194.jpg,40,storage_tank
storage_tank/storage_tank_195.jpg,40,storage_tank
storage_tank/storage_tank_196.jpg,40,storage_tank
storage_tank/storage_tank_197.jpg,40,storage_tank
storage_tank/storage_tank_198.jpg,40,storage_tank
storage_tank/storage_tank_199.jpg,40,storage_tank
storage_tank/storage_tank_200.jpg,40,storage_tank
storage_tank/storage_tank_202.jpg,40,storage_tank
storage_tank/storage_tank_203.jpg,40,storage_tank
storage_tank/storage_tank_204.jpg,40,storage_tank
storage_tank/storage_tank_205.jpg,40,storage_tank
storage_tank/storage_tank_206.jpg,40,storage_tank
storage_tank/storage_tank_207.jpg,40,storage_tank
storage_tank/storage_tank_209.jpg,40,storage_tank
storage_tank/storage_tank_210.jpg,40,storage_tank
storage_tank/storage_tank_211.jpg,40,storage_tank
storage_tank/storage_tank_212.jpg,40,storage_tank
storage_tank/storage_tank_213.jpg,40,storage_tank
storage_tank/storage_tank_214.jpg,40,storage_tank
storage_tank/storage_tank_215.jpg,40,storage_tank
storage_tank/storage_tank_216.jpg,40,storage_tank
storage_tank/storage_tank_217.jpg,40,storage_tank
storage_tank/storage_tank_218.jpg,40,storage_tank
storage_tank/storage_tank_220.jpg,40,storage_tank
storage_tank/storage_tank_222.jpg,40,storage_tank
storage_tank/storage_tank_223.jpg,40,storage_tank
storage_tank/storage_tank_224.jpg,40,storage_tank
storage_tank/storage_tank_225.jpg,40,storage_tank
storage_tank/storage_tank_226.jpg,40,storage_tank
storage_tank/storage_tank_227.jpg,40,storage_tank
storage_tank/storage_tank_228.jpg,40,storage_tank
storage_tank/storage_tank_229.jpg,40,storage_tank
storage_tank/storage_tank_230.jpg,40,storage_tank
storage_tank/storage_tank_231.jpg,40,storage_tank
storage_tank/storage_tank_232.jpg,40,storage_tank
storage_tank/storage_tank_238.jpg,40,storage_tank
storage_tank/storage_tank_239.jpg,40,storage_tank
storage_tank/storage_tank_240.jpg,40,storage_tank
storage_tank/storage_tank_241.jpg,40,storage_tank
storage_tank/storage_tank_242.jpg,40,storage_tank
storage_tank/storage_tank_244.jpg,40,storage_tank
storage_tank/storage_tank_245.jpg,40,storage_tank
storage_tank/storage_tank_247.jpg,40,storage_tank
storage_tank/storage_tank_248.jpg,40,storage_tank
storage_tank/storage_tank_250.jpg,40,storage_tank
storage_tank/storage_tank_251.jpg,40,storage_tank
storage_tank/storage_tank_252.jpg,40,storage_tank
storage_tank/storage_tank_255.jpg,40,storage_tank
storage_tank/storage_tank_257.jpg,40,storage_tank
storage_tank/storage_tank_259.jpg,40,storage_tank
storage_tank/storage_tank_262.jpg,40,storage_tank
storage_tank/storage_tank_263.jpg,40,storage_tank
storage_tank/storage_tank_264.jpg,40,storage_tank
storage_tank/storage_tank_266.jpg,40,storage_tank
storage_tank/storage_tank_267.jpg,40,storage_tank
storage_tank/storage_tank_268.jpg,40,storage_tank
storage_tank/storage_tank_269.jpg,40,storage_tank
storage_tank/storage_tank_271.jpg,40,storage_tank
storage_tank/storage_tank_273.jpg,40,storage_tank
storage_tank/storage_tank_274.jpg,40,storage_tank
storage_tank/storage_tank_275.jpg,40,storage_tank
storage_tank/storage_tank_277.jpg,40,storage_tank
storage_tank/storage_tank_278.jpg,40,storage_tank
storage_tank/storage_tank_280.jpg,40,storage_tank
storage_tank/storage_tank_281.jpg,40,storage_tank
storage_tank/storage_tank_282.jpg,40,storage_tank
storage_tank/storage_tank_283.jpg,40,storage_tank
storage_tank/storage_tank_284.jpg,40,storage_tank
storage_tank/storage_tank_285.jpg,40,storage_tank
storage_tank/storage_tank_287.jpg,40,storage_tank
storage_tank/storage_tank_288.jpg,40,storage_tank
storage_tank/storage_tank_289.jpg,40,storage_tank
storage_tank/storage_tank_290.jpg,40,storage_tank
storage_tank/storage_tank_292.jpg,40,storage_tank
storage_tank/storage_tank_294.jpg,40,storage_tank
storage_tank/storage_tank_295.jpg,40,storage_tank
storage_tank/storage_tank_297.jpg,40,storage_tank
storage_tank/storage_tank_298.jpg,40,storage_tank
storage_tank/storage_tank_300.jpg,40,storage_tank
storage_tank/storage_tank_301.jpg,40,storage_tank
storage_tank/storage_tank_302.jpg,40,storage_tank
storage_tank/storage_tank_303.jpg,40,storage_tank
storage_tank/storage_tank_305.jpg,40,storage_tank
storage_tank/storage_tank_306.jpg,40,storage_tank
storage_tank/storage_tank_308.jpg,40,storage_tank
storage_tank/storage_tank_309.jpg,40,storage_tank
storage_tank/storage_tank_312.jpg,40,storage_tank
storage_tank/storage_tank_313.jpg,40,storage_tank
storage_tank/storage_tank_314.jpg,40,storage_tank
storage_tank/storage_tank_317.jpg,40,storage_tank
storage_tank/storage_tank_318.jpg,40,storage_tank
storage_tank/storage_tank_319.jpg,40,storage_tank
storage_tank/storage_tank_321.jpg,40,storage_tank
storage_tank/storage_tank_324.jpg,40,storage_tank
storage_tank/storage_tank_328.jpg,40,storage_tank
storage_tank/storage_tank_329.jpg,40,storage_tank
storage_tank/storage_tank_331.jpg,40,storage_tank
storage_tank/storage_tank_332.jpg,40,storage_tank
storage_tank/storage_tank_333.jpg,40,storage_tank
storage_tank/storage_tank_335.jpg,40,storage_tank
storage_tank/storage_tank_336.jpg,40,storage_tank
storage_tank/storage_tank_341.jpg,40,storage_tank
storage_tank/storage_tank_342.jpg,40,storage_tank
storage_tank/storage_tank_343.jpg,40,storage_tank
storage_tank/storage_tank_344.jpg,40,storage_tank
storage_tank/storage_tank_347.jpg,40,storage_tank
storage_tank/storage_tank_348.jpg,40,storage_tank
storage_tank/storage_tank_352.jpg,40,storage_tank
storage_tank/storage_tank_354.jpg,40,storage_tank
storage_tank/storage_tank_355.jpg,40,storage_tank
storage_tank/storage_tank_356.jpg,40,storage_tank
storage_tank/storage_tank_358.jpg,40,storage_tank
storage_tank/storage_tank_359.jpg,40,storage_tank
storage_tank/storage_tank_360.jpg,40,storage_tank
storage_tank/storage_tank_361.jpg,40,storage_tank
storage_tank/storage_tank_362.jpg,40,storage_tank
storage_tank/storage_tank_365.jpg,40,storage_tank
storage_tank/storage_tank_366.jpg,40,storage_tank
storage_tank/storage_tank_372.jpg,40,storage_tank
storage_tank/storage_tank_373.jpg,40,storage_tank
storage_tank/storage_tank_374.jpg,40,storage_tank
storage_tank/storage_tank_375.jpg,40,storage_tank
storage_tank/storage_tank_377.jpg,40,storage_tank
storage_tank/storage_tank_378.jpg,40,storage_tank
storage_tank/storage_tank_379.jpg,40,storage_tank
storage_tank/storage_tank_380.jpg,40,storage_tank
storage_tank/storage_tank_381.jpg,40,storage_tank
storage_tank/storage_tank_383.jpg,40,storage_tank
storage_tank/storage_tank_385.jpg,40,storage_tank
storage_tank/storage_tank_386.jpg,40,storage_tank
storage_tank/storage_tank_387.jpg,40,storage_tank
storage_tank/storage_tank_388.jpg,40,storage_tank
storage_tank/storage_tank_389.jpg,40,storage_tank
storage_tank/storage_tank_390.jpg,40,storage_tank
storage_tank/storage_tank_391.jpg,40,storage_tank
storage_tank/storage_tank_392.jpg,40,storage_tank
storage_tank/storage_tank_393.jpg,40,storage_tank
storage_tank/storage_tank_395.jpg,40,storage_tank
storage_tank/storage_tank_396.jpg,40,storage_tank
storage_tank/storage_tank_397.jpg,40,storage_tank
storage_tank/storage_tank_398.jpg,40,storage_tank
storage_tank/storage_tank_399.jpg,40,storage_tank
storage_tank/storage_tank_401.jpg,40,storage_tank
storage_tank/storage_tank_402.jpg,40,storage_tank
storage_tank/storage_tank_403.jpg,40,storage_tank
storage_tank/storage_tank_404.jpg,40,storage_tank
storage_tank/storage_tank_405.jpg,40,storage_tank
storage_tank/storage_tank_406.jpg,40,storage_tank
storage_tank/storage_tank_409.jpg,40,storage_tank
storage_tank/storage_tank_410.jpg,40,storage_tank
storage_tank/storage_tank_411.jpg,40,storage_tank
storage_tank/storage_tank_412.jpg,40,storage_tank
storage_tank/storage_tank_413.jpg,40,storage_tank
storage_tank/storage_tank_414.jpg,40,storage_tank
storage_tank/storage_tank_415.jpg,40,storage_tank
storage_tank/storage_tank_416.jpg,40,storage_tank
storage_tank/storage_tank_417.jpg,40,storage_tank
storage_tank/storage_tank_419.jpg,40,storage_tank
storage_tank/storage_tank_421.jpg,40,storage_tank
storage_tank/storage_tank_422.jpg,40,storage_tank
storage_tank/storage_tank_424.jpg,40,storage_tank
storage_tank/storage_tank_425.jpg,40,storage_tank
storage_tank/storage_tank_426.jpg,40,storage_tank
storage_tank/storage_tank_427.jpg,40,storage_tank
storage_tank/storage_tank_428.jpg,40,storage_tank
storage_tank/storage_tank_429.jpg,40,storage_tank
storage_tank/storage_tank_430.jpg,40,storage_tank
storage_tank/storage_tank_431.jpg,40,storage_tank
storage_tank/storage_tank_432.jpg,40,storage_tank
storage_tank/storage_tank_433.jpg,40,storage_tank
storage_tank/storage_tank_435.jpg,40,storage_tank
storage_tank/storage_tank_436.jpg,40,storage_tank
storage_tank/storage_tank_437.jpg,40,storage_tank
storage_tank/storage_tank_438.jpg,40,storage_tank
storage_tank/storage_tank_439.jpg,40,storage_tank
storage_tank/storage_tank_440.jpg,40,storage_tank
storage_tank/storage_tank_442.jpg,40,storage_tank
storage_tank/storage_tank_444.jpg,40,storage_tank
storage_tank/storage_tank_446.jpg,40,storage_tank
storage_tank/storage_tank_447.jpg,40,storage_tank
storage_tank/storage_tank_449.jpg,40,storage_tank
storage_tank/storage_tank_450.jpg,40,storage_tank
storage_tank/storage_tank_451.jpg,40,storage_tank
storage_tank/storage_tank_454.jpg,40,storage_tank
storage_tank/storage_tank_455.jpg,40,storage_tank
storage_tank/storage_tank_457.jpg,40,storage_tank
storage_tank/storage_tank_458.jpg,40,storage_tank
storage_tank/storage_tank_459.jpg,40,storage_tank
storage_tank/storage_tank_461.jpg,40,storage_tank
storage_tank/storage_tank_462.jpg,40,storage_tank
storage_tank/storage_tank_464.jpg,40,storage_tank
storage_tank/storage_tank_466.jpg,40,storage_tank
storage_tank/storage_tank_467.jpg,40,storage_tank
storage_tank/storage_tank_468.jpg,40,storage_tank
storage_tank/storage_tank_469.jpg,40,storage_tank
storage_tank/storage_tank_470.jpg,40,storage_tank
storage_tank/storage_tank_471.jpg,40,storage_tank
storage_tank/storage_tank_472.jpg,40,storage_tank
storage_tank/storage_tank_476.jpg,40,storage_tank
storage_tank/storage_tank_477.jpg,40,storage_tank
storage_tank/storage_tank_478.jpg,40,storage_tank
storage_tank/storage_tank_480.jpg,40,storage_tank
storage_tank/storage_tank_482.jpg,40,storage_tank
storage_tank/storage_tank_483.jpg,40,storage_tank
storage_tank/storage_tank_484.jpg,40,storage_tank
storage_tank/storage_tank_487.jpg,40,storage_tank
storage_tank/storage_tank_488.jpg,40,storage_tank
storage_tank/storage_tank_489.jpg,40,storage_tank
storage_tank/storage_tank_493.jpg,40,storage_tank
storage_tank/storage_tank_494.jpg,40,storage_tank
storage_tank/storage_tank_495.jpg,40,storage_tank
storage_tank/storage_tank_497.jpg,40,storage_tank
storage_tank/storage_tank_498.jpg,40,storage_tank
storage_tank/storage_tank_499.jpg,40,storage_tank
storage_tank/storage_tank_501.jpg,40,storage_tank
storage_tank/storage_tank_502.jpg,40,storage_tank
storage_tank/storage_tank_503.jpg,40,storage_tank
storage_tank/storage_tank_505.jpg,40,storage_tank
storage_tank/storage_tank_506.jpg,40,storage_tank
storage_tank/storage_tank_507.jpg,40,storage_tank
storage_tank/storage_tank_509.jpg,40,storage_tank
storage_tank/storage_tank_510.jpg,40,storage_tank
storage_tank/storage_tank_511.jpg,40,storage_tank
storage_tank/storage_tank_512.jpg,40,storage_tank
storage_tank/storage_tank_515.jpg,40,storage_tank
storage_tank/storage_tank_517.jpg,40,storage_tank
storage_tank/storage_tank_518.jpg,40,storage_tank
storage_tank/storage_tank_519.jpg,40,storage_tank
storage_tank/storage_tank_522.jpg,40,storage_tank
storage_tank/storage_tank_523.jpg,40,storage_tank
storage_tank/storage_tank_525.jpg,40,storage_tank
storage_tank/storage_tank_526.jpg,40,storage_tank
storage_tank/storage_tank_527.jpg,40,storage_tank
storage_tank/storage_tank_528.jpg,40,storage_tank
storage_tank/storage_tank_529.jpg,40,storage_tank
storage_tank/storage_tank_531.jpg,40,storage_tank
storage_tank/storage_tank_532.jpg,40,storage_tank
storage_tank/storage_tank_533.jpg,40,storage_tank
storage_tank/storage_tank_534.jpg,40,storage_tank
storage_tank/storage_tank_535.jpg,40,storage_tank
storage_tank/storage_tank_536.jpg,40,storage_tank
storage_tank/storage_tank_537.jpg,40,storage_tank
storage_tank/storage_tank_539.jpg,40,storage_tank
storage_tank/storage_tank_540.jpg,40,storage_tank
storage_tank/storage_tank_541.jpg,40,storage_tank
storage_tank/storage_tank_542.jpg,40,storage_tank
storage_tank/storage_tank_543.jpg,40,storage_tank
storage_tank/storage_tank_550.jpg,40,storage_tank
storage_tank/storage_tank_551.jpg,40,storage_tank
storage_tank/storage_tank_553.jpg,40,storage_tank
storage_tank/storage_tank_556.jpg,40,storage_tank
storage_tank/storage_tank_557.jpg,40,storage_tank
storage_tank/storage_tank_559.jpg,40,storage_tank
storage_tank/storage_tank_560.jpg,40,storage_tank
storage_tank/storage_tank_561.jpg,40,storage_tank
storage_tank/storage_tank_564.jpg,40,storage_tank
storage_tank/storage_tank_565.jpg,40,storage_tank
storage_tank/storage_tank_567.jpg,40,storage_tank
storage_tank/storage_tank_568.jpg,40,storage_tank
storage_tank/storage_tank_569.jpg,40,storage_tank
storage_tank/storage_tank_573.jpg,40,storage_tank
storage_tank/storage_tank_576.jpg,40,storage_tank
storage_tank/storage_tank_577.jpg,40,storage_tank
storage_tank/storage_tank_579.jpg,40,storage_tank
storage_tank/storage_tank_580.jpg,40,storage_tank
storage_tank/storage_tank_581.jpg,40,storage_tank
storage_tank/storage_tank_583.jpg,40,storage_tank
storage_tank/storage_tank_586.jpg,40,storage_tank
storage_tank/storage_tank_589.jpg,40,storage_tank
storage_tank/storage_tank_591.jpg,40,storage_tank
storage_tank/storage_tank_593.jpg,40,storage_tank
storage_tank/storage_tank_594.jpg,40,storage_tank
storage_tank/storage_tank_596.jpg,40,storage_tank
storage_tank/storage_tank_598.jpg,40,storage_tank
storage_tank/storage_tank_599.jpg,40,storage_tank
storage_tank/storage_tank_601.jpg,40,storage_tank
storage_tank/storage_tank_603.jpg,40,storage_tank
storage_tank/storage_tank_604.jpg,40,storage_tank
storage_tank/storage_tank_605.jpg,40,storage_tank
storage_tank/storage_tank_606.jpg,40,storage_tank
storage_tank/storage_tank_607.jpg,40,storage_tank
storage_tank/storage_tank_608.jpg,40,storage_tank
storage_tank/storage_tank_609.jpg,40,storage_tank
storage_tank/storage_tank_610.jpg,40,storage_tank
storage_tank/storage_tank_611.jpg,40,storage_tank
storage_tank/storage_tank_612.jpg,40,storage_tank
storage_tank/storage_tank_614.jpg,40,storage_tank
storage_tank/storage_tank_615.jpg,40,storage_tank
storage_tank/storage_tank_616.jpg,40,storage_tank
storage_tank/storage_tank_617.jpg,40,storage_tank
storage_tank/storage_tank_618.jpg,40,storage_tank
storage_tank/storage_tank_619.jpg,40,storage_tank
storage_tank/storage_tank_620.jpg,40,storage_tank
storage_tank/storage_tank_621.jpg,40,storage_tank
storage_tank/storage_tank_622.jpg,40,storage_tank
storage_tank/storage_tank_625.jpg,40,storage_tank
storage_tank/storage_tank_627.jpg,40,storage_tank
storage_tank/storage_tank_629.jpg,40,storage_tank
storage_tank/storage_tank_630.jpg,40,storage_tank
storage_tank/storage_tank_631.jpg,40,storage_tank
storage_tank/storage_tank_632.jpg,40,storage_tank
storage_tank/storage_tank_634.jpg,40,storage_tank
storage_tank/storage_tank_637.jpg,40,storage_tank
storage_tank/storage_tank_639.jpg,40,storage_tank
storage_tank/storage_tank_640.jpg,40,storage_tank
storage_tank/storage_tank_642.jpg,40,storage_tank
storage_tank/storage_tank_644.jpg,40,storage_tank
storage_tank/storage_tank_645.jpg,40,storage_tank
storage_tank/storage_tank_646.jpg,40,storage_tank
storage_tank/storage_tank_647.jpg,40,storage_tank
storage_tank/storage_tank_648.jpg,40,storage_tank
storage_tank/storage_tank_650.jpg,40,storage_tank
storage_tank/storage_tank_651.jpg,40,storage_tank
storage_tank/storage_tank_652.jpg,40,storage_tank
storage_tank/storage_tank_654.jpg,40,storage_tank
storage_tank/storage_tank_655.jpg,40,storage_tank
storage_tank/storage_tank_657.jpg,40,storage_tank
storage_tank/storage_tank_658.jpg,40,storage_tank
storage_tank/storage_tank_659.jpg,40,storage_tank
storage_tank/storage_tank_660.jpg,40,storage_tank
storage_tank/storage_tank_661.jpg,40,storage_tank
storage_tank/storage_tank_662.jpg,40,storage_tank
storage_tank/storage_tank_663.jpg,40,storage_tank
storage_tank/storage_tank_664.jpg,40,storage_tank
storage_tank/storage_tank_665.jpg,40,storage_tank
storage_tank/storage_tank_667.jpg,40,storage_tank
storage_tank/storage_tank_669.jpg,40,storage_tank
storage_tank/storage_tank_670.jpg,40,storage_tank
storage_tank/storage_tank_671.jpg,40,storage_tank
storage_tank/storage_tank_672.jpg,40,storage_tank
storage_tank/storage_tank_673.jpg,40,storage_tank
storage_tank/storage_tank_674.jpg,40,storage_tank
storage_tank/storage_tank_675.jpg,40,storage_tank
storage_tank/storage_tank_676.jpg,40,storage_tank
storage_tank/storage_tank_678.jpg,40,storage_tank
storage_tank/storage_tank_681.jpg,40,storage_tank
storage_tank/storage_tank_682.jpg,40,storage_tank
storage_tank/storage_tank_683.jpg,40,storage_tank
storage_tank/storage_tank_684.jpg,40,storage_tank
storage_tank/storage_tank_686.jpg,40,storage_tank
storage_tank/storage_tank_687.jpg,40,storage_tank
storage_tank/storage_tank_688.jpg,40,storage_tank
storage_tank/storage_tank_689.jpg,40,storage_tank
storage_tank/storage_tank_691.jpg,40,storage_tank
storage_tank/storage_tank_693.jpg,40,storage_tank
storage_tank/storage_tank_694.jpg,40,storage_tank
storage_tank/storage_tank_696.jpg,40,storage_tank
storage_tank/storage_tank_698.jpg,40,storage_tank
storage_tank/storage_tank_699.jpg,40,storage_tank
tennis_court/tennis_court_001.jpg,41,tennis_court
tennis_court/tennis_court_002.jpg,41,tennis_court
tennis_court/tennis_court_003.jpg,41,tennis_court
tennis_court/tennis_court_004.jpg,41,tennis_court
tennis_court/tennis_court_005.jpg,41,tennis_court
tennis_court/tennis_court_006.jpg,41,tennis_court
tennis_court/tennis_court_007.jpg,41,tennis_court
tennis_court/tennis_court_008.jpg,41,tennis_court
tennis_court/tennis_court_010.jpg,41,tennis_court
tennis_court/tennis_court_011.jpg,41,tennis_court
tennis_court/tennis_court_012.jpg,41,tennis_court
tennis_court/tennis_court_013.jpg,41,tennis_court
tennis_court/tennis_court_014.jpg,41,tennis_court
tennis_court/tennis_court_015.jpg,41,tennis_court
tennis_court/tennis_court_016.jpg,41,tennis_court
tennis_court/tennis_court_017.jpg,41,tennis_court
tennis_court/tennis_court_018.jpg,41,tennis_court
tennis_court/tennis_court_020.jpg,41,tennis_court
tennis_court/tennis_court_021.jpg,41,tennis_court
tennis_court/tennis_court_022.jpg,41,tennis_court
tennis_court/tennis_court_024.jpg,41,tennis_court
tennis_court/tennis_court_025.jpg,41,tennis_court
tennis_court/tennis_court_027.jpg,41,tennis_court
tennis_court/tennis_court_028.jpg,41,tennis_court
tennis_court/tennis_court_029.jpg,41,tennis_court
tennis_court/tennis_court_030.jpg,41,tennis_court
tennis_court/tennis_court_031.jpg,41,tennis_court
tennis_court/tennis_court_033.jpg,41,tennis_court
tennis_court/tennis_court_034.jpg,41,tennis_court
tennis_court/tennis_court_036.jpg,41,tennis_court
tennis_court/tennis_court_037.jpg,41,tennis_court
tennis_court/tennis_court_038.jpg,41,tennis_court
tennis_court/tennis_court_039.jpg,41,tennis_court
tennis_court/tennis_court_040.jpg,41,tennis_court
tennis_court/tennis_court_041.jpg,41,tennis_court
tennis_court/tennis_court_043.jpg,41,tennis_court
tennis_court/tennis_court_045.jpg,41,tennis_court
tennis_court/tennis_court_046.jpg,41,tennis_court
tennis_court/tennis_court_047.jpg,41,tennis_court
tennis_court/tennis_court_048.jpg,41,tennis_court
tennis_court/tennis_court_049.jpg,41,tennis_court
tennis_court/tennis_court_050.jpg,41,tennis_court
tennis_court/tennis_court_051.jpg,41,tennis_court
tennis_court/tennis_court_052.jpg,41,tennis_court
tennis_court/tennis_court_053.jpg,41,tennis_court
tennis_court/tennis_court_054.jpg,41,tennis_court
tennis_court/tennis_court_057.jpg,41,tennis_court
tennis_court/tennis_court_059.jpg,41,tennis_court
tennis_court/tennis_court_061.jpg,41,tennis_court
tennis_court/tennis_court_062.jpg,41,tennis_court
tennis_court/tennis_court_063.jpg,41,tennis_court
tennis_court/tennis_court_065.jpg,41,tennis_court
tennis_court/tennis_court_066.jpg,41,tennis_court
tennis_court/tennis_court_067.jpg,41,tennis_court
tennis_court/tennis_court_068.jpg,41,tennis_court
tennis_court/tennis_court_069.jpg,41,tennis_court
tennis_court/tennis_court_070.jpg,41,tennis_court
tennis_court/tennis_court_071.jpg,41,tennis_court
tennis_court/tennis_court_072.jpg,41,tennis_court
tennis_court/tennis_court_074.jpg,41,tennis_court
tennis_court/tennis_court_075.jpg,41,tennis_court
tennis_court/tennis_court_076.jpg,41,tennis_court
tennis_court/tennis_court_077.jpg,41,tennis_court
tennis_court/tennis_court_078.jpg,41,tennis_court
tennis_court/tennis_court_079.jpg,41,tennis_court
tennis_court/tennis_court_080.jpg,41,tennis_court
tennis_court/tennis_court_081.jpg,41,tennis_court
tennis_court/tennis_court_082.jpg,41,tennis_court
tennis_court/tennis_court_085.jpg,41,tennis_court
tennis_court/tennis_court_088.jpg,41,tennis_court
tennis_court/tennis_court_089.jpg,41,tennis_court
tennis_court/tennis_court_090.jpg,41,tennis_court
tennis_court/tennis_court_091.jpg,41,tennis_court
tennis_court/tennis_court_093.jpg,41,tennis_court
tennis_court/tennis_court_095.jpg,41,tennis_court
tennis_court/tennis_court_097.jpg,41,tennis_court
tennis_court/tennis_court_098.jpg,41,tennis_court
tennis_court/tennis_court_099.jpg,41,tennis_court
tennis_court/tennis_court_107.jpg,41,tennis_court
tennis_court/tennis_court_108.jpg,41,tennis_court
tennis_court/tennis_court_109.jpg,41,tennis_court
tennis_court/tennis_court_111.jpg,41,tennis_court
tennis_court/tennis_court_112.jpg,41,tennis_court
tennis_court/tennis_court_113.jpg,41,tennis_court
tennis_court/tennis_court_114.jpg,41,tennis_court
tennis_court/tennis_court_115.jpg,41,tennis_court
tennis_court/tennis_court_116.jpg,41,tennis_court
tennis_court/tennis_court_119.jpg,41,tennis_court
tennis_court/tennis_court_120.jpg,41,tennis_court
tennis_court/tennis_court_121.jpg,41,tennis_court
tennis_court/tennis_court_123.jpg,41,tennis_court
tennis_court/tennis_court_125.jpg,41,tennis_court
tennis_court/tennis_court_127.jpg,41,tennis_court
tennis_court/tennis_court_129.jpg,41,tennis_court
tennis_court/tennis_court_130.jpg,41,tennis_court
tennis_court/tennis_court_131.jpg,41,tennis_court
tennis_court/tennis_court_134.jpg,41,tennis_court
tennis_court/tennis_court_137.jpg,41,tennis_court
tennis_court/tennis_court_138.jpg,41,tennis_court
tennis_court/tennis_court_140.jpg,41,tennis_court
tennis_court/tennis_court_142.jpg,41,tennis_court
tennis_court/tennis_court_144.jpg,41,tennis_court
tennis_court/tennis_court_145.jpg,41,tennis_court
tennis_court/tennis_court_146.jpg,41,tennis_court
tennis_court/tennis_court_147.jpg,41,tennis_court
tennis_court/tennis_court_150.jpg,41,tennis_court
tennis_court/tennis_court_151.jpg,41,tennis_court
tennis_court/tennis_court_152.jpg,41,tennis_court
tennis_court/tennis_court_154.jpg,41,tennis_court
tennis_court/tennis_court_158.jpg,41,tennis_court
tennis_court/tennis_court_159.jpg,41,tennis_court
tennis_court/tennis_court_160.jpg,41,tennis_court
tennis_court/tennis_court_161.jpg,41,tennis_court
tennis_court/tennis_court_162.jpg,41,tennis_court
tennis_court/tennis_court_163.jpg,41,tennis_court
tennis_court/tennis_court_164.jpg,41,tennis_court
tennis_court/tennis_court_165.jpg,41,tennis_court
tennis_court/tennis_court_166.jpg,41,tennis_court
tennis_court/tennis_court_167.jpg,41,tennis_court
tennis_court/tennis_court_168.jpg,41,tennis_court
tennis_court/tennis_court_169.jpg,41,tennis_court
tennis_court/tennis_court_170.jpg,41,tennis_court
tennis_court/tennis_court_171.jpg,41,tennis_court
tennis_court/tennis_court_172.jpg,41,tennis_court
tennis_court/tennis_court_173.jpg,41,tennis_court
tennis_court/tennis_court_174.jpg,41,tennis_court
tennis_court/tennis_court_176.jpg,41,tennis_court
tennis_court/tennis_court_177.jpg,41,tennis_court
tennis_court/tennis_court_178.jpg,41,tennis_court
tennis_court/tennis_court_180.jpg,41,tennis_court
tennis_court/tennis_court_181.jpg,41,tennis_court
tennis_court/tennis_court_182.jpg,41,tennis_court
tennis_court/tennis_court_184.jpg,41,tennis_court
tennis_court/tennis_court_185.jpg,41,tennis_court
tennis_court/tennis_court_186.jpg,41,tennis_court
tennis_court/tennis_court_187.jpg,41,tennis_court
tennis_court/tennis_court_189.jpg,41,tennis_court
tennis_court/tennis_court_190.jpg,41,tennis_court
tennis_court/tennis_court_191.jpg,41,tennis_court
tennis_court/tennis_court_193.jpg,41,tennis_court
tennis_court/tennis_court_194.jpg,41,tennis_court
tennis_court/tennis_court_195.jpg,41,tennis_court
tennis_court/tennis_court_196.jpg,41,tennis_court
tennis_court/tennis_court_198.jpg,41,tennis_court
tennis_court/tennis_court_199.jpg,41,tennis_court
tennis_court/tennis_court_200.jpg,41,tennis_court
tennis_court/tennis_court_201.jpg,41,tennis_court
tennis_court/tennis_court_202.jpg,41,tennis_court
tennis_court/tennis_court_204.jpg,41,tennis_court
tennis_court/tennis_court_205.jpg,41,tennis_court
tennis_court/tennis_court_206.jpg,41,tennis_court
tennis_court/tennis_court_210.jpg,41,tennis_court
tennis_court/tennis_court_211.jpg,41,tennis_court
tennis_court/tennis_court_213.jpg,41,tennis_court
tennis_court/tennis_court_214.jpg,41,tennis_court
tennis_court/tennis_court_215.jpg,41,tennis_court
tennis_court/tennis_court_216.jpg,41,tennis_court
tennis_court/tennis_court_217.jpg,41,tennis_court
tennis_court/tennis_court_218.jpg,41,tennis_court
tennis_court/tennis_court_221.jpg,41,tennis_court
tennis_court/tennis_court_222.jpg,41,tennis_court
tennis_court/tennis_court_223.jpg,41,tennis_court
tennis_court/tennis_court_224.jpg,41,tennis_court
tennis_court/tennis_court_225.jpg,41,tennis_court
tennis_court/tennis_court_226.jpg,41,tennis_court
tennis_court/tennis_court_228.jpg,41,tennis_court
tennis_court/tennis_court_229.jpg,41,tennis_court
tennis_court/tennis_court_230.jpg,41,tennis_court
tennis_court/tennis_court_231.jpg,41,tennis_court
tennis_court/tennis_court_232.jpg,41,tennis_court
tennis_court/tennis_court_233.jpg,41,tennis_court
tennis_court/tennis_court_235.jpg,41,tennis_court
tennis_court/tennis_court_236.jpg,41,tennis_court
tennis_court/tennis_court_237.jpg,41,tennis_court
tennis_court/tennis_court_238.jpg,41,tennis_court
tennis_court/tennis_court_239.jpg,41,tennis_court
tennis_court/tennis_court_241.jpg,41,tennis_court
tennis_court/tennis_court_242.jpg,41,tennis_court
tennis_court/tennis_court_243.jpg,41,tennis_court
tennis_court/tennis_court_246.jpg,41,tennis_court
tennis_court/tennis_court_247.jpg,41,tennis_court
tennis_court/tennis_court_248.jpg,41,tennis_court
tennis_court/tennis_court_249.jpg,41,tennis_court
tennis_court/tennis_court_250.jpg,41,tennis_court
tennis_court/tennis_court_251.jpg,41,tennis_court
tennis_court/tennis_court_254.jpg,41,tennis_court
tennis_court/tennis_court_255.jpg,41,tennis_court
tennis_court/tennis_court_256.jpg,41,tennis_court
tennis_court/tennis_court_257.jpg,41,tennis_court
tennis_court/tennis_court_259.jpg,41,tennis_court
tennis_court/tennis_court_261.jpg,41,tennis_court
tennis_court/tennis_court_262.jpg,41,tennis_court
tennis_court/tennis_court_263.jpg,41,tennis_court
tennis_court/tennis_court_264.jpg,41,tennis_court
tennis_court/tennis_court_265.jpg,41,tennis_court
tennis_court/tennis_court_266.jpg,41,tennis_court
tennis_court/tennis_court_268.jpg,41,tennis_court
tennis_court/tennis_court_269.jpg,41,tennis_court
tennis_court/tennis_court_272.jpg,41,tennis_court
tennis_court/tennis_court_274.jpg,41,tennis_court
tennis_court/tennis_court_275.jpg,41,tennis_court
tennis_court/tennis_court_276.jpg,41,tennis_court
tennis_court/tennis_court_278.jpg,41,tennis_court
tennis_court/tennis_court_279.jpg,41,tennis_court
tennis_court/tennis_court_280.jpg,41,tennis_court
tennis_court/tennis_court_281.jpg,41,tennis_court
tennis_court/tennis_court_283.jpg,41,tennis_court
tennis_court/tennis_court_285.jpg,41,tennis_court
tennis_court/tennis_court_286.jpg,41,tennis_court
tennis_court/tennis_court_287.jpg,41,tennis_court
tennis_court/tennis_court_288.jpg,41,tennis_court
tennis_court/tennis_court_290.jpg,41,tennis_court
tennis_court/tennis_court_291.jpg,41,tennis_court
tennis_court/tennis_court_292.jpg,41,tennis_court
tennis_court/tennis_court_295.jpg,41,tennis_court
tennis_court/tennis_court_299.jpg,41,tennis_court
tennis_court/tennis_court_300.jpg,41,tennis_court
tennis_court/tennis_court_301.jpg,41,tennis_court
tennis_court/tennis_court_303.jpg,41,tennis_court
tennis_court/tennis_court_304.jpg,41,tennis_court
tennis_court/tennis_court_305.jpg,41,tennis_court
tennis_court/tennis_court_307.jpg,41,tennis_court
tennis_court/tennis_court_309.jpg,41,tennis_court
tennis_court/tennis_court_310.jpg,41,tennis_court
tennis_court/tennis_court_311.jpg,41,tennis_court
tennis_court/tennis_court_313.jpg,41,tennis_court
tennis_court/tennis_court_314.jpg,41,tennis_court
tennis_court/tennis_court_315.jpg,41,tennis_court
tennis_court/tennis_court_316.jpg,41,tennis_court
tennis_court/tennis_court_318.jpg,41,tennis_court
tennis_court/tennis_court_319.jpg,41,tennis_court
tennis_court/tennis_court_321.jpg,41,tennis_court
tennis_court/tennis_court_322.jpg,41,tennis_court
tennis_court/tennis_court_323.jpg,41,tennis_court
tennis_court/tennis_court_324.jpg,41,tennis_court
tennis_court/tennis_court_325.jpg,41,tennis_court
tennis_court/tennis_court_326.jpg,41,tennis_court
tennis_court/tennis_court_328.jpg,41,tennis_court
tennis_court/tennis_court_330.jpg,41,tennis_court
tennis_court/tennis_court_332.jpg,41,tennis_court
tennis_court/tennis_court_334.jpg,41,tennis_court
tennis_court/tennis_court_335.jpg,41,tennis_court
tennis_court/tennis_court_336.jpg,41,tennis_court
tennis_court/tennis_court_337.jpg,41,tennis_court
tennis_court/tennis_court_338.jpg,41,tennis_court
tennis_court/tennis_court_341.jpg,41,tennis_court
tennis_court/tennis_court_343.jpg,41,tennis_court
tennis_court/tennis_court_344.jpg,41,tennis_court
tennis_court/tennis_court_347.jpg,41,tennis_court
tennis_court/tennis_court_348.jpg,41,tennis_court
tennis_court/tennis_court_349.jpg,41,tennis_court
tennis_court/tennis_court_350.jpg,41,tennis_court
tennis_court/tennis_court_351.jpg,41,tennis_court
tennis_court/tennis_court_352.jpg,41,tennis_court
tennis_court/tennis_court_353.jpg,41,tennis_court
tennis_court/tennis_court_354.jpg,41,tennis_court
tennis_court/tennis_court_356.jpg,41,tennis_court
tennis_court/tennis_court_358.jpg,41,tennis_court
tennis_court/tennis_court_361.jpg,41,tennis_court
tennis_court/tennis_court_362.jpg,41,tennis_court
tennis_court/tennis_court_364.jpg,41,tennis_court
tennis_court/tennis_court_365.jpg,41,tennis_court
tennis_court/tennis_court_366.jpg,41,tennis_court
tennis_court/tennis_court_367.jpg,41,tennis_court
tennis_court/tennis_court_368.jpg,41,tennis_court
tennis_court/tennis_court_369.jpg,41,tennis_court
tennis_court/tennis_court_370.jpg,41,tennis_court
tennis_court/tennis_court_371.jpg,41,tennis_court
tennis_court/tennis_court_372.jpg,41,tennis_court
tennis_court/tennis_court_376.jpg,41,tennis_court
tennis_court/tennis_court_378.jpg,41,tennis_court
tennis_court/tennis_court_379.jpg,41,tennis_court
tennis_court/tennis_court_381.jpg,41,tennis_court
tennis_court/tennis_court_382.jpg,41,tennis_court
tennis_court/tennis_court_383.jpg,41,tennis_court
tennis_court/tennis_court_384.jpg,41,tennis_court
tennis_court/tennis_court_385.jpg,41,tennis_court
tennis_court/tennis_court_386.jpg,41,tennis_court
tennis_court/tennis_court_387.jpg,41,tennis_court
tennis_court/tennis_court_388.jpg,41,tennis_court
tennis_court/tennis_court_389.jpg,41,tennis_court
tennis_court/tennis_court_391.jpg,41,tennis_court
tennis_court/tennis_court_394.jpg,41,tennis_court
tennis_court/tennis_court_397.jpg,41,tennis_court
tennis_court/tennis_court_398.jpg,41,tennis_court
tennis_court/tennis_court_400.jpg,41,tennis_court
tennis_court/tennis_court_402.jpg,41,tennis_court
tennis_court/tennis_court_403.jpg,41,tennis_court
tennis_court/tennis_court_404.jpg,41,tennis_court
tennis_court/tennis_court_406.jpg,41,tennis_court
tennis_court/tennis_court_407.jpg,41,tennis_court
tennis_court/tennis_court_409.jpg,41,tennis_court
tennis_court/tennis_court_410.jpg,41,tennis_court
tennis_court/tennis_court_411.jpg,41,tennis_court
tennis_court/tennis_court_412.jpg,41,tennis_court
tennis_court/tennis_court_414.jpg,41,tennis_court
tennis_court/tennis_court_415.jpg,41,tennis_court
tennis_court/tennis_court_417.jpg,41,tennis_court
tennis_court/tennis_court_418.jpg,41,tennis_court
tennis_court/tennis_court_419.jpg,41,tennis_court
tennis_court/tennis_court_421.jpg,41,tennis_court
tennis_court/tennis_court_423.jpg,41,tennis_court
tennis_court/tennis_court_424.jpg,41,tennis_court
tennis_court/tennis_court_426.jpg,41,tennis_court
tennis_court/tennis_court_427.jpg,41,tennis_court
tennis_court/tennis_court_428.jpg,41,tennis_court
tennis_court/tennis_court_429.jpg,41,tennis_court
tennis_court/tennis_court_430.jpg,41,tennis_court
tennis_court/tennis_court_431.jpg,41,tennis_court
tennis_court/tennis_court_432.jpg,41,tennis_court
tennis_court/tennis_court_433.jpg,41,tennis_court
tennis_court/tennis_court_434.jpg,41,tennis_court
tennis_court/tennis_court_435.jpg,41,tennis_court
tennis_court/tennis_court_438.jpg,41,tennis_court
tennis_court/tennis_court_439.jpg,41,tennis_court
tennis_court/tennis_court_440.jpg,41,tennis_court
tennis_court/tennis_court_441.jpg,41,tennis_court
tennis_court/tennis_court_442.jpg,41,tennis_court
tennis_court/tennis_court_443.jpg,41,tennis_court
tennis_court/tennis_court_444.jpg,41,tennis_court
tennis_court/tennis_court_446.jpg,41,tennis_court
tennis_court/tennis_court_447.jpg,41,tennis_court
tennis_court/tennis_court_448.jpg,41,tennis_court
tennis_court/tennis_court_449.jpg,41,tennis_court
tennis_court/tennis_court_451.jpg,41,tennis_court
tennis_court/tennis_court_454.jpg,41,tennis_court
tennis_court/tennis_court_455.jpg,41,tennis_court
tennis_court/tennis_court_458.jpg,41,tennis_court
tennis_court/tennis_court_459.jpg,41,tennis_court
tennis_court/tennis_court_460.jpg,41,tennis_court
tennis_court/tennis_court_461.jpg,41,tennis_court
tennis_court/tennis_court_465.jpg,41,tennis_court
tennis_court/tennis_court_467.jpg,41,tennis_court
tennis_court/tennis_court_468.jpg,41,tennis_court
tennis_court/tennis_court_469.jpg,41,tennis_court
tennis_court/tennis_court_471.jpg,41,tennis_court
tennis_court/tennis_court_472.jpg,41,tennis_court
tennis_court/tennis_court_473.jpg,41,tennis_court
tennis_court/tennis_court_475.jpg,41,tennis_court
tennis_court/tennis_court_476.jpg,41,tennis_court
tennis_court/tennis_court_477.jpg,41,tennis_court
tennis_court/tennis_court_478.jpg,41,tennis_court
tennis_court/tennis_court_479.jpg,41,tennis_court
tennis_court/tennis_court_480.jpg,41,tennis_court
tennis_court/tennis_court_481.jpg,41,tennis_court
tennis_court/tennis_court_482.jpg,41,tennis_court
tennis_court/tennis_court_483.jpg,41,tennis_court
tennis_court/tennis_court_486.jpg,41,tennis_court
tennis_court/tennis_court_487.jpg,41,tennis_court
tennis_court/tennis_court_489.jpg,41,tennis_court
tennis_court/tennis_court_490.jpg,41,tennis_court
tennis_court/tennis_court_492.jpg,41,tennis_court
tennis_court/tennis_court_494.jpg,41,tennis_court
tennis_court/tennis_court_495.jpg,41,tennis_court
tennis_court/tennis_court_496.jpg,41,tennis_court
tennis_court/tennis_court_497.jpg,41,tennis_court
tennis_court/tennis_court_498.jpg,41,tennis_court
tennis_court/tennis_court_499.jpg,41,tennis_court
tennis_court/tennis_court_500.jpg,41,tennis_court
tennis_court/tennis_court_501.jpg,41,tennis_court
tennis_court/tennis_court_502.jpg,41,tennis_court
tennis_court/tennis_court_504.jpg,41,tennis_court
tennis_court/tennis_court_505.jpg,41,tennis_court
tennis_court/tennis_court_506.jpg,41,tennis_court
tennis_court/tennis_court_508.jpg,41,tennis_court
tennis_court/tennis_court_509.jpg,41,tennis_court
tennis_court/tennis_court_510.jpg,41,tennis_court
tennis_court/tennis_court_511.jpg,41,tennis_court
tennis_court/tennis_court_512.jpg,41,tennis_court
tennis_court/tennis_court_515.jpg,41,tennis_court
tennis_court/tennis_court_516.jpg,41,tennis_court
tennis_court/tennis_court_518.jpg,41,tennis_court
tennis_court/tennis_court_519.jpg,41,tennis_court
tennis_court/tennis_court_520.jpg,41,tennis_court
tennis_court/tennis_court_521.jpg,41,tennis_court
tennis_court/tennis_court_523.jpg,41,tennis_court
tennis_court/tennis_court_524.jpg,41,tennis_court
tennis_court/tennis_court_527.jpg,41,tennis_court
tennis_court/tennis_court_528.jpg,41,tennis_court
tennis_court/tennis_court_530.jpg,41,tennis_court
tennis_court/tennis_court_531.jpg,41,tennis_court
tennis_court/tennis_court_532.jpg,41,tennis_court
tennis_court/tennis_court_533.jpg,41,tennis_court
tennis_court/tennis_court_536.jpg,41,tennis_court
tennis_court/tennis_court_537.jpg,41,tennis_court
tennis_court/tennis_court_538.jpg,41,tennis_court
tennis_court/tennis_court_539.jpg,41,tennis_court
tennis_court/tennis_court_541.jpg,41,tennis_court
tennis_court/tennis_court_542.jpg,41,tennis_court
tennis_court/tennis_court_543.jpg,41,tennis_court
tennis_court/tennis_court_544.jpg,41,tennis_court
tennis_court/tennis_court_545.jpg,41,tennis_court
tennis_court/tennis_court_547.jpg,41,tennis_court
tennis_court/tennis_court_548.jpg,41,tennis_court
tennis_court/tennis_court_549.jpg,41,tennis_court
tennis_court/tennis_court_553.jpg,41,tennis_court
tennis_court/tennis_court_555.jpg,41,tennis_court
tennis_court/tennis_court_556.jpg,41,tennis_court
tennis_court/tennis_court_558.jpg,41,tennis_court
tennis_court/tennis_court_559.jpg,41,tennis_court
tennis_court/tennis_court_560.jpg,41,tennis_court
tennis_court/tennis_court_563.jpg,41,tennis_court
tennis_court/tennis_court_564.jpg,41,tennis_court
tennis_court/tennis_court_565.jpg,41,tennis_court
tennis_court/tennis_court_567.jpg,41,tennis_court
tennis_court/tennis_court_569.jpg,41,tennis_court
tennis_court/tennis_court_570.jpg,41,tennis_court
tennis_court/tennis_court_571.jpg,41,tennis_court
tennis_court/tennis_court_574.jpg,41,tennis_court
tennis_court/tennis_court_575.jpg,41,tennis_court
tennis_court/tennis_court_576.jpg,41,tennis_court
tennis_court/tennis_court_577.jpg,41,tennis_court
tennis_court/tennis_court_579.jpg,41,tennis_court
tennis_court/tennis_court_580.jpg,41,tennis_court
tennis_court/tennis_court_581.jpg,41,tennis_court
tennis_court/tennis_court_583.jpg,41,tennis_court
tennis_court/tennis_court_584.jpg,41,tennis_court
tennis_court/tennis_court_586.jpg,41,tennis_court
tennis_court/tennis_court_587.jpg,41,tennis_court
tennis_court/tennis_court_590.jpg,41,tennis_court
tennis_court/tennis_court_591.jpg,41,tennis_court
tennis_court/tennis_court_595.jpg,41,tennis_court
tennis_court/tennis_court_596.jpg,41,tennis_court
tennis_court/tennis_court_597.jpg,41,tennis_court
tennis_court/tennis_court_598.jpg,41,tennis_court
tennis_court/tennis_court_599.jpg,41,tennis_court
tennis_court/tennis_court_602.jpg,41,tennis_court
tennis_court/tennis_court_603.jpg,41,tennis_court
tennis_court/tennis_court_604.jpg,41,tennis_court
tennis_court/tennis_court_605.jpg,41,tennis_court
tennis_court/tennis_court_607.jpg,41,tennis_court
tennis_court/tennis_court_608.jpg,41,tennis_court
tennis_court/tennis_court_609.jpg,41,tennis_court
tennis_court/tennis_court_610.jpg,41,tennis_court
tennis_court/tennis_court_615.jpg,41,tennis_court
tennis_court/tennis_court_617.jpg,41,tennis_court
tennis_court/tennis_court_619.jpg,41,tennis_court
tennis_court/tennis_court_620.jpg,41,tennis_court
tennis_court/tennis_court_621.jpg,41,tennis_court
tennis_court/tennis_court_622.jpg,41,tennis_court
tennis_court/tennis_court_623.jpg,41,tennis_court
tennis_court/tennis_court_624.jpg,41,tennis_court
tennis_court/tennis_court_626.jpg,41,tennis_court
tennis_court/tennis_court_627.jpg,41,tennis_court
tennis_court/tennis_court_629.jpg,41,tennis_court
tennis_court/tennis_court_630.jpg,41,tennis_court
tennis_court/tennis_court_631.jpg,41,tennis_court
tennis_court/tennis_court_633.jpg,41,tennis_court
tennis_court/tennis_court_635.jpg,41,tennis_court
tennis_court/tennis_court_636.jpg,41,tennis_court
tennis_court/tennis_court_638.jpg,41,tennis_court
tennis_court/tennis_court_639.jpg,41,tennis_court
tennis_court/tennis_court_640.jpg,41,tennis_court
tennis_court/tennis_court_642.jpg,41,tennis_court
tennis_court/tennis_court_643.jpg,41,tennis_court
tennis_court/tennis_court_644.jpg,41,tennis_court
tennis_court/tennis_court_645.jpg,41,tennis_court
tennis_court/tennis_court_646.jpg,41,tennis_court
tennis_court/tennis_court_647.jpg,41,tennis_court
tennis_court/tennis_court_648.jpg,41,tennis_court
tennis_court/tennis_court_649.jpg,41,tennis_court
tennis_court/tennis_court_651.jpg,41,tennis_court
tennis_court/tennis_court_652.jpg,41,tennis_court
tennis_court/tennis_court_653.jpg,41,tennis_court
tennis_court/tennis_court_656.jpg,41,tennis_court
tennis_court/tennis_court_659.jpg,41,tennis_court
tennis_court/tennis_court_661.jpg,41,tennis_court
tennis_court/tennis_court_662.jpg,41,tennis_court
tennis_court/tennis_court_664.jpg,41,tennis_court
tennis_court/tennis_court_665.jpg,41,tennis_court
tennis_court/tennis_court_667.jpg,41,tennis_court
tennis_court/tennis_court_668.jpg,41,tennis_court
tennis_court/tennis_court_669.jpg,41,tennis_court
tennis_court/tennis_court_671.jpg,41,tennis_court
tennis_court/tennis_court_673.jpg,41,tennis_court
tennis_court/tennis_court_676.jpg,41,tennis_court
tennis_court/tennis_court_677.jpg,41,tennis_court
tennis_court/tennis_court_679.jpg,41,tennis_court
tennis_court/tennis_court_680.jpg,41,tennis_court
tennis_court/tennis_court_682.jpg,41,tennis_court
tennis_court/tennis_court_683.jpg,41,tennis_court
tennis_court/tennis_court_684.jpg,41,tennis_court
tennis_court/tennis_court_687.jpg,41,tennis_court
tennis_court/tennis_court_688.jpg,41,tennis_court
tennis_court/tennis_court_689.jpg,41,tennis_court
tennis_court/tennis_court_690.jpg,41,tennis_court
tennis_court/tennis_court_691.jpg,41,tennis_court
tennis_court/tennis_court_692.jpg,41,tennis_court
tennis_court/tennis_court_693.jpg,41,tennis_court
tennis_court/tennis_court_694.jpg,41,tennis_court
terrace/terrace_001.jpg,42,terrace
terrace/terrace_002.jpg,42,terrace
terrace/terrace_003.jpg,42,terrace
terrace/terrace_004.jpg,42,terrace
terrace/terrace_005.jpg,42,terrace
terrace/terrace_006.jpg,42,terrace
terrace/terrace_007.jpg,42,terrace
terrace/terrace_008.jpg,42,terrace
terrace/terrace_009.jpg,42,terrace
terrace/terrace_010.jpg,42,terrace
terrace/terrace_011.jpg,42,terrace
terrace/terrace_013.jpg,42,terrace
terrace/terrace_014.jpg,42,terrace
terrace/terrace_017.jpg,42,terrace
terrace/terrace_018.jpg,42,terrace
terrace/terrace_019.jpg,42,terrace
terrace/terrace_020.jpg,42,terrace
terrace/terrace_023.jpg,42,terrace
terrace/terrace_024.jpg,42,terrace
terrace/terrace_026.jpg,42,terrace
terrace/terrace_027.jpg,42,terrace
terrace/terrace_028.jpg,42,terrace
terrace/terrace_029.jpg,42,terrace
terrace/terrace_031.jpg,42,terrace
terrace/terrace_032.jpg,42,terrace
terrace/terrace_033.jpg,42,terrace
terrace/terrace_034.jpg,42,terrace
terrace/terrace_036.jpg,42,terrace
terrace/terrace_037.jpg,42,terrace
terrace/terrace_038.jpg,42,terrace
terrace/terrace_040.jpg,42,terrace
terrace/terrace_041.jpg,42,terrace
terrace/terrace_043.jpg,42,terrace
terrace/terrace_045.jpg,42,terrace
terrace/terrace_046.jpg,42,terrace
terrace/terrace_047.jpg,42,terrace
terrace/terrace_048.jpg,42,terrace
terrace/terrace_049.jpg,42,terrace
terrace/terrace_050.jpg,42,terrace
terrace/terrace_051.jpg,42,terrace
terrace/terrace_053.jpg,42,terrace
terrace/terrace_054.jpg,42,terrace
terrace/terrace_055.jpg,42,terrace
terrace/terrace_056.jpg,42,terrace
terrace/terrace_060.jpg,42,terrace
terrace/terrace_062.jpg,42,terrace
terrace/terrace_063.jpg,42,terrace
terrace/terrace_064.jpg,42,terrace
terrace/terrace_065.jpg,42,terrace
terrace/terrace_067.jpg,42,terrace
terrace/terrace_068.jpg,42,terrace
terrace/terrace_070.jpg,42,terrace
terrace/terrace_071.jpg,42,terrace
terrace/terrace_072.jpg,42,terrace
terrace/terrace_076.jpg,42,terrace
terrace/terrace_078.jpg,42,terrace
terrace/terrace_079.jpg,42,terrace
terrace/terrace_080.jpg,42,terrace
terrace/terrace_081.jpg,42,terrace
terrace/terrace_082.jpg,42,terrace
terrace/terrace_084.jpg,42,terrace
terrace/terrace_086.jpg,42,terrace
terrace/terrace_088.jpg,42,terrace
terrace/terrace_093.jpg,42,terrace
terrace/terrace_094.jpg,42,terrace
terrace/terrace_095.jpg,42,terrace
terrace/terrace_096.jpg,42,terrace
terrace/terrace_097.jpg,42,terrace
terrace/terrace_099.jpg,42,terrace
terrace/terrace_100.jpg,42,terrace
terrace/terrace_101.jpg,42,terrace
terrace/terrace_102.jpg,42,terrace
terrace/terrace_104.jpg,42,terrace
terrace/terrace_107.jpg,42,terrace
terrace/terrace_108.jpg,42,terrace
terrace/terrace_109.jpg,42,terrace
terrace/terrace_110.jpg,42,terrace
terrace/terrace_111.jpg,42,terrace
terrace/terrace_112.jpg,42,terrace
terrace/terrace_113.jpg,42,terrace
terrace/terrace_114.jpg,42,terrace
terrace/terrace_116.jpg,42,terrace
terrace/terrace_119.jpg,42,terrace
terrace/terrace_120.jpg,42,terrace
terrace/terrace_122.jpg,42,terrace
terrace/terrace_124.jpg,42,terrace
terrace/terrace_125.jpg,42,terrace
terrace/terrace_128.jpg,42,terrace
terrace/terrace_129.jpg,42,terrace
terrace/terrace_131.jpg,42,terrace
terrace/terrace_132.jpg,42,terrace
terrace/terrace_133.jpg,42,terrace
terrace/terrace_134.jpg,42,terrace
terrace/terrace_135.jpg,42,terrace
terrace/terrace_136.jpg,42,terrace
terrace/terrace_137.jpg,42,terrace
terrace/terrace_139.jpg,42,terrace
terrace/terrace_141.jpg,42,terrace
terrace/terrace_142.jpg,42,terrace
terrace/terrace_145.jpg,42,terrace
terrace/terrace_146.jpg,42,terrace
terrace/terrace_147.jpg,42,terrace
terrace/terrace_148.jpg,42,terrace
terrace/terrace_149.jpg,42,terrace
terrace/terrace_150.jpg,42,terrace
terrace/terrace_151.jpg,42,terrace
terrace/terrace_152.jpg,42,terrace
terrace/terrace_155.jpg,42,terrace
terrace/terrace_158.jpg,42,terrace
terrace/terrace_159.jpg,42,terrace
terrace/terrace_160.jpg,42,terrace
terrace/terrace_162.jpg,42,terrace
terrace/terrace_163.jpg,42,terrace
terrace/terrace_164.jpg,42,terrace
terrace/terrace_165.jpg,42,terrace
terrace/terrace_166.jpg,42,terrace
terrace/terrace_167.jpg,42,terrace
terrace/terrace_169.jpg,42,terrace
terrace/terrace_170.jpg,42,terrace
terrace/terrace_172.jpg,42,terrace
terrace/terrace_173.jpg,42,terrace
terrace/terrace_174.jpg,42,terrace
terrace/terrace_175.jpg,42,terrace
terrace/terrace_179.jpg,42,terrace
terrace/terrace_181.jpg,42,terrace
terrace/terrace_183.jpg,42,terrace
terrace/terrace_185.jpg,42,terrace
terrace/terrace_187.jpg,42,terrace
terrace/terrace_188.jpg,42,terrace
terrace/terrace_189.jpg,42,terrace
terrace/terrace_190.jpg,42,terrace
terrace/terrace_191.jpg,42,terrace
terrace/terrace_193.jpg,42,terrace
terrace/terrace_194.jpg,42,terrace
terrace/terrace_195.jpg,42,terrace
terrace/terrace_197.jpg,42,terrace
terrace/terrace_198.jpg,42,terrace
terrace/terrace_199.jpg,42,terrace
terrace/terrace_200.jpg,42,terrace
terrace/terrace_202.jpg,42,terrace
terrace/terrace_203.jpg,42,terrace
terrace/terrace_205.jpg,42,terrace
terrace/terrace_206.jpg,42,terrace
terrace/terrace_207.jpg,42,terrace
terrace/terrace_211.jpg,42,terrace
terrace/terrace_212.jpg,42,terrace
terrace/terrace_213.jpg,42,terrace
terrace/terrace_214.jpg,42,terrace
terrace/terrace_215.jpg,42,terrace
terrace/terrace_216.jpg,42,terrace
terrace/terrace_217.jpg,42,terrace
terrace/terrace_219.jpg,42,terrace
terrace/terrace_220.jpg,42,terrace
terrace/terrace_221.jpg,42,terrace
terrace/terrace_223.jpg,42,terrace
terrace/terrace_225.jpg,42,terrace
terrace/terrace_226.jpg,42,terrace
terrace/terrace_227.jpg,42,terrace
terrace/terrace_228.jpg,42,terrace
terrace/terrace_229.jpg,42,terrace
terrace/terrace_230.jpg,42,terrace
terrace/terrace_231.jpg,42,terrace
terrace/terrace_232.jpg,42,terrace
terrace/terrace_233.jpg,42,terrace
terrace/terrace_234.jpg,42,terrace
terrace/terrace_235.jpg,42,terrace
terrace/terrace_236.jpg,42,terrace
terrace/terrace_237.jpg,42,terrace
terrace/terrace_238.jpg,42,terrace
terrace/terrace_241.jpg,42,terrace
terrace/terrace_242.jpg,42,terrace
terrace/terrace_243.jpg,42,terrace
terrace/terrace_244.jpg,42,terrace
terrace/terrace_245.jpg,42,terrace
terrace/terrace_247.jpg,42,terrace
terrace/terrace_252.jpg,42,terrace
terrace/terrace_254.jpg,42,terrace
terrace/terrace_255.jpg,42,terrace
terrace/terrace_256.jpg,42,terrace
terrace/terrace_257.jpg,42,terrace
terrace/terrace_258.jpg,42,terrace
terrace/terrace_260.jpg,42,terrace
terrace/terrace_262.jpg,42,terrace
terrace/terrace_263.jpg,42,terrace
terrace/terrace_265.jpg,42,terrace
terrace/terrace_267.jpg,42,terrace
terrace/terrace_269.jpg,42,terrace
terrace/terrace_272.jpg,42,terrace
terrace/terrace_273.jpg,42,terrace
terrace/terrace_276.jpg,42,terrace
terrace/terrace_278.jpg,42,terrace
terrace/terrace_279.jpg,42,terrace
terrace/terrace_280.jpg,42,terrace
terrace/terrace_281.jpg,42,terrace
terrace/terrace_282.jpg,42,terrace
terrace/terrace_283.jpg,42,terrace
terrace/terrace_285.jpg,42,terrace
terrace/terrace_286.jpg,42,terrace
terrace/terrace_287.jpg,42,terrace
terrace/terrace_289.jpg,42,terrace
terrace/terrace_290.jpg,42,terrace
terrace/terrace_291.jpg,42,terrace
terrace/terrace_295.jpg,42,terrace
terrace/terrace_296.jpg,42,terrace
terrace/terrace_301.jpg,42,terrace
terrace/terrace_303.jpg,42,terrace
terrace/terrace_305.jpg,42,terrace
terrace/terrace_308.jpg,42,terrace
terrace/terrace_309.jpg,42,terrace
terrace/terrace_310.jpg,42,terrace
terrace/terrace_311.jpg,42,terrace
terrace/terrace_312.jpg,42,terrace
terrace/terrace_315.jpg,42,terrace
terrace/terrace_317.jpg,42,terrace
terrace/terrace_318.jpg,42,terrace
terrace/terrace_319.jpg,42,terrace
terrace/terrace_320.jpg,42,terrace
terrace/terrace_321.jpg,42,terrace
terrace/terrace_322.jpg,42,terrace
terrace/terrace_324.jpg,42,terrace
terrace/terrace_325.jpg,42,terrace
terrace/terrace_326.jpg,42,terrace
terrace/terrace_327.jpg,42,terrace
terrace/terrace_329.jpg,42,terrace
terrace/terrace_330.jpg,42,terrace
terrace/terrace_331.jpg,42,terrace
terrace/terrace_335.jpg,42,terrace
terrace/terrace_336.jpg,42,terrace
terrace/terrace_337.jpg,42,terrace
terrace/terrace_339.jpg,42,terrace
terrace/terrace_340.jpg,42,terrace
terrace/terrace_345.jpg,42,terrace
terrace/terrace_346.jpg,42,terrace
terrace/terrace_347.jpg,42,terrace
terrace/terrace_348.jpg,42,terrace
terrace/terrace_349.jpg,42,terrace
terrace/terrace_350.jpg,42,terrace
terrace/terrace_351.jpg,42,terrace
terrace/terrace_352.jpg,42,terrace
terrace/terrace_353.jpg,42,terrace
terrace/terrace_354.jpg,42,terrace
terrace/terrace_355.jpg,42,terrace
terrace/terrace_356.jpg,42,terrace
terrace/terrace_358.jpg,42,terrace
terrace/terrace_359.jpg,42,terrace
terrace/terrace_361.jpg,42,terrace
terrace/terrace_364.jpg,42,terrace
terrace/terrace_365.jpg,42,terrace
terrace/terrace_366.jpg,42,terrace
terrace/terrace_367.jpg,42,terrace
terrace/terrace_368.jpg,42,terrace
terrace/terrace_369.jpg,42,terrace
terrace/terrace_370.jpg,42,terrace
terrace/terrace_371.jpg,42,terrace
terrace/terrace_372.jpg,42,terrace
terrace/terrace_374.jpg,42,terrace
terrace/terrace_375.jpg,42,terrace
terrace/terrace_376.jpg,42,terrace
terrace/terrace_378.jpg,42,terrace
terrace/terrace_379.jpg,42,terrace
terrace/terrace_381.jpg,42,terrace
terrace/terrace_383.jpg,42,terrace
terrace/terrace_385.jpg,42,terrace
terrace/terrace_387.jpg,42,terrace
terrace/terrace_389.jpg,42,terrace
terrace/terrace_390.jpg,42,terrace
terrace/terrace_391.jpg,42,terrace
terrace/terrace_392.jpg,42,terrace
terrace/terrace_395.jpg,42,terrace
terrace/terrace_396.jpg,42,terrace
terrace/terrace_397.jpg,42,terrace
terrace/terrace_398.jpg,42,terrace
terrace/terrace_401.jpg,42,terrace
terrace/terrace_402.jpg,42,terrace
terrace/terrace_403.jpg,42,terrace
terrace/terrace_404.jpg,42,terrace
terrace/terrace_405.jpg,42,terrace
terrace/terrace_410.jpg,42,terrace
terrace/terrace_412.jpg,42,terrace
terrace/terrace_413.jpg,42,terrace
terrace/terrace_414.jpg,42,terrace
terrace/terrace_415.jpg,42,terrace
terrace/terrace_417.jpg,42,terrace
terrace/terrace_418.jpg,42,terrace
terrace/terrace_420.jpg,42,terrace
terrace/terrace_421.jpg,42,terrace
terrace/terrace_423.jpg,42,terrace
terrace/terrace_425.jpg,42,terrace
terrace/terrace_426.jpg,42,terrace
terrace/terrace_427.jpg,42,terrace
terrace/terrace_428.jpg,42,terrace
terrace/terrace_429.jpg,42,terrace
terrace/terrace_430.jpg,42,terrace
terrace/terrace_431.jpg,42,terrace
terrace/terrace_432.jpg,42,terrace
terrace/terrace_433.jpg,42,terrace
terrace/terrace_436.jpg,42,terrace
terrace/terrace_438.jpg,42,terrace
terrace/terrace_439.jpg,42,terrace
terrace/terrace_440.jpg,42,terrace
terrace/terrace_441.jpg,42,terrace
terrace/terrace_442.jpg,42,terrace
terrace/terrace_443.jpg,42,terrace
terrace/terrace_448.jpg,42,terrace
terrace/terrace_449.jpg,42,terrace
terrace/terrace_450.jpg,42,terrace
terrace/terrace_452.jpg,42,terrace
terrace/terrace_453.jpg,42,terrace
terrace/terrace_455.jpg,42,terrace
terrace/terrace_457.jpg,42,terrace
terrace/terrace_458.jpg,42,terrace
terrace/terrace_459.jpg,42,terrace
terrace/terrace_462.jpg,42,terrace
terrace/terrace_463.jpg,42,terrace
terrace/terrace_464.jpg,42,terrace
terrace/terrace_465.jpg,42,terrace
terrace/terrace_466.jpg,42,terrace
terrace/terrace_467.jpg,42,terrace
terrace/terrace_468.jpg,42,terrace
terrace/terrace_469.jpg,42,terrace
terrace/terrace_470.jpg,42,terrace
terrace/terrace_472.jpg,42,terrace
terrace/terrace_473.jpg,42,terrace
terrace/terrace_475.jpg,42,terrace
terrace/terrace_476.jpg,42,terrace
terrace/terrace_477.jpg,42,terrace
terrace/terrace_478.jpg,42,terrace
terrace/terrace_479.jpg,42,terrace
terrace/terrace_482.jpg,42,terrace
terrace/terrace_483.jpg,42,terrace
terrace/terrace_484.jpg,42,terrace
terrace/terrace_489.jpg,42,terrace
terrace/terrace_490.jpg,42,terrace
terrace/terrace_492.jpg,42,terrace
terrace/terrace_493.jpg,42,terrace
terrace/terrace_494.jpg,42,terrace
terrace/terrace_495.jpg,42,terrace
terrace/terrace_497.jpg,42,terrace
terrace/terrace_498.jpg,42,terrace
terrace/terrace_499.jpg,42,terrace
terrace/terrace_500.jpg,42,terrace
terrace/terrace_501.jpg,42,terrace
terrace/terrace_502.jpg,42,terrace
terrace/terrace_504.jpg,42,terrace
terrace/terrace_507.jpg,42,terrace
terrace/terrace_508.jpg,42,terrace
terrace/terrace_509.jpg,42,terrace
terrace/terrace_510.jpg,42,terrace
terrace/terrace_512.jpg,42,terrace
terrace/terrace_513.jpg,42,terrace
terrace/terrace_514.jpg,42,terrace
terrace/terrace_515.jpg,42,terrace
terrace/terrace_516.jpg,42,terrace
terrace/terrace_518.jpg,42,terrace
terrace/terrace_520.jpg,42,terrace
terrace/terrace_521.jpg,42,terrace
terrace/terrace_522.jpg,42,terrace
terrace/terrace_524.jpg,42,terrace
terrace/terrace_525.jpg,42,terrace
terrace/terrace_527.jpg,42,terrace
terrace/terrace_528.jpg,42,terrace
terrace/terrace_529.jpg,42,terrace
terrace/terrace_530.jpg,42,terrace
terrace/terrace_531.jpg,42,terrace
terrace/terrace_532.jpg,42,terrace
terrace/terrace_534.jpg,42,terrace
terrace/terrace_535.jpg,42,terrace
terrace/terrace_538.jpg,42,terrace
terrace/terrace_539.jpg,42,terrace
terrace/terrace_540.jpg,42,terrace
terrace/terrace_542.jpg,42,terrace
terrace/terrace_543.jpg,42,terrace
terrace/terrace_544.jpg,42,terrace
terrace/terrace_545.jpg,42,terrace
terrace/terrace_546.jpg,42,terrace
terrace/terrace_547.jpg,42,terrace
terrace/terrace_549.jpg,42,terrace
terrace/terrace_550.jpg,42,terrace
terrace/terrace_551.jpg,42,terrace
terrace/terrace_552.jpg,42,terrace
terrace/terrace_553.jpg,42,terrace
terrace/terrace_554.jpg,42,terrace
terrace/terrace_555.jpg,42,terrace
terrace/terrace_556.jpg,42,terrace
terrace/terrace_557.jpg,42,terrace
terrace/terrace_558.jpg,42,terrace
terrace/terrace_559.jpg,42,terrace
terrace/terrace_560.jpg,42,terrace
terrace/terrace_561.jpg,42,terrace
terrace/terrace_563.jpg,42,terrace
terrace/terrace_564.jpg,42,terrace
terrace/terrace_565.jpg,42,terrace
terrace/terrace_566.jpg,42,terrace
terrace/terrace_567.jpg,42,terrace
terrace/terrace_568.jpg,42,terrace
terrace/terrace_569.jpg,42,terrace
terrace/terrace_571.jpg,42,terrace
terrace/terrace_572.jpg,42,terrace
terrace/terrace_573.jpg,42,terrace
terrace/terrace_574.jpg,42,terrace
terrace/terrace_576.jpg,42,terrace
terrace/terrace_578.jpg,42,terrace
terrace/terrace_579.jpg,42,terrace
terrace/terrace_580.jpg,42,terrace
terrace/terrace_581.jpg,42,terrace
terrace/terrace_582.jpg,42,terrace
terrace/terrace_584.jpg,42,terrace
terrace/terrace_585.jpg,42,terrace
terrace/terrace_587.jpg,42,terrace
terrace/terrace_589.jpg,42,terrace
terrace/terrace_590.jpg,42,terrace
terrace/terrace_592.jpg,42,terrace
terrace/terrace_593.jpg,42,terrace
terrace/terrace_594.jpg,42,terrace
terrace/terrace_595.jpg,42,terrace
terrace/terrace_596.jpg,42,terrace
terrace/terrace_598.jpg,42,terrace
terrace/terrace_599.jpg,42,terrace
terrace/terrace_602.jpg,42,terrace
terrace/terrace_603.jpg,42,terrace
terrace/terrace_604.jpg,42,terrace
terrace/terrace_605.jpg,42,terrace
terrace/terrace_607.jpg,42,terrace
terrace/terrace_608.jpg,42,terrace
terrace/terrace_613.jpg,42,terrace
terrace/terrace_614.jpg,42,terrace
terrace/terrace_615.jpg,42,terrace
terrace/terrace_616.jpg,42,terrace
terrace/terrace_617.jpg,42,terrace
terrace/terrace_619.jpg,42,terrace
terrace/terrace_620.jpg,42,terrace
terrace/terrace_622.jpg,42,terrace
terrace/terrace_623.jpg,42,terrace
terrace/terrace_624.jpg,42,terrace
terrace/terrace_625.jpg,42,terrace
terrace/terrace_626.jpg,42,terrace
terrace/terrace_627.jpg,42,terrace
terrace/terrace_628.jpg,42,terrace
terrace/terrace_630.jpg,42,terrace
terrace/terrace_636.jpg,42,terrace
terrace/terrace_637.jpg,42,terrace
terrace/terrace_638.jpg,42,terrace
terrace/terrace_639.jpg,42,terrace
terrace/terrace_640.jpg,42,terrace
terrace/terrace_641.jpg,42,terrace
terrace/terrace_643.jpg,42,terrace
terrace/terrace_644.jpg,42,terrace
terrace/terrace_646.jpg,42,terrace
terrace/terrace_647.jpg,42,terrace
terrace/terrace_648.jpg,42,terrace
terrace/terrace_649.jpg,42,terrace
terrace/terrace_650.jpg,42,terrace
terrace/terrace_651.jpg,42,terrace
terrace/terrace_652.jpg,42,terrace
terrace/terrace_654.jpg,42,terrace
terrace/terrace_655.jpg,42,terrace
terrace/terrace_656.jpg,42,terrace
terrace/terrace_657.jpg,42,terrace
terrace/terrace_658.jpg,42,terrace
terrace/terrace_659.jpg,42,terrace
terrace/terrace_660.jpg,42,terrace
terrace/terrace_665.jpg,42,terrace
terrace/terrace_666.jpg,42,terrace
terrace/terrace_667.jpg,42,terrace
terrace/terrace_670.jpg,42,terrace
terrace/terrace_672.jpg,42,terrace
terrace/terrace_673.jpg,42,terrace
terrace/terrace_674.jpg,42,terrace
terrace/terrace_675.jpg,42,terrace
terrace/terrace_677.jpg,42,terrace
terrace/terrace_678.jpg,42,terrace
terrace/terrace_679.jpg,42,terrace
terrace/terrace_680.jpg,42,terrace
terrace/terrace_681.jpg,42,terrace
terrace/terrace_682.jpg,42,terrace
terrace/terrace_683.jpg,42,terrace
terrace/terrace_684.jpg,42,terrace
terrace/terrace_685.jpg,42,terrace
terrace/terrace_687.jpg,42,terrace
terrace/terrace_688.jpg,42,terrace
terrace/terrace_689.jpg,42,terrace
terrace/terrace_690.jpg,42,terrace
terrace/terrace_691.jpg,42,terrace
terrace/terrace_692.jpg,42,terrace
terrace/terrace_693.jpg,42,terrace
terrace/terrace_694.jpg,42,terrace
terrace/terrace_696.jpg,42,terrace
terrace/terrace_697.jpg,42,terrace
terrace/terrace_698.jpg,42,terrace
terrace/terrace_699.jpg,42,terrace
thermal_power_station/thermal_power_station_001.jpg,43,thermal_power_station
thermal_power_station/thermal_power_station_002.jpg,43,thermal_power_station
thermal_power_station/thermal_power_station_004.jpg,43,thermal_power_station
thermal_power_station/thermal_power_station_005.jpg,43,thermal_power_station
thermal_power_station/thermal_power_station_006.jpg,43,thermal_power_station
thermal_power_station/thermal_power_station_007.jpg,43,thermal_power_station
thermal_power_station/thermal_power_station_009.jpg,43,thermal_power_station
thermal_power_station/thermal_power_station_010.jpg,43,thermal_power_station
thermal_power_station/thermal_power_station_011.jpg,43,thermal_power_station
thermal_power_station/thermal_power_station_012.jpg,43,thermal_power_station
thermal_power_station/thermal_power_station_015.jpg,43,thermal_power_station
thermal_power_station/thermal_power_station_016.jpg,43,thermal_power_station
thermal_power_station/thermal_power_station_017.jpg,43,thermal_power_station
thermal_power_station/thermal_power_station_018.jpg,43,thermal_power_station
thermal_power_station/thermal_power_station_019.jpg,43,thermal_power_station
thermal_power_station/thermal_power_station_020.jpg,43,thermal_power_station
thermal_power_station/thermal_power_station_022.jpg,43,thermal_power_station
thermal_power_station/thermal_power_station_023.jpg,43,thermal_power_station
thermal_power_station/thermal_power_station_024.jpg,43,thermal_power_station
thermal_power_station/thermal_power_station_025.jpg,43,thermal_power_station
thermal_power_station/thermal_power_station_026.jpg,43,thermal_power_station
thermal_power_station/thermal_power_station_027.jpg,43,thermal_power_station
thermal_power_station/thermal_power_station_029.jpg,43,thermal_power_station
thermal_power_station/thermal_power_station_030.jpg,43,thermal_power_station
thermal_power_station/thermal_power_station_031.jpg,43,thermal_power_station
thermal_power_station/thermal_power_station_032.jpg,43,thermal_power_station
thermal_power_station/thermal_power_station_033.jpg,43,thermal_power_station
thermal_power_station/thermal_power_station_034.jpg,43,thermal_power_station
thermal_power_station/thermal_power_station_035.jpg,43,thermal_power_station
thermal_power_station/thermal_power_station_036.jpg,43,thermal_power_station
thermal_power_station/thermal_power_station_037.jpg,43,thermal_power_station
thermal_power_station/thermal_power_station_038.jpg,43,thermal_power_station
thermal_power_station/thermal_power_station_039.jpg,43,thermal_power_station
thermal_power_station/thermal_power_station_040.jpg,43,thermal_power_station
thermal_power_station/thermal_power_station_041.jpg,43,thermal_power_station
thermal_power_station/thermal_power_station_042.jpg,43,thermal_power_station
thermal_power_station/thermal_power_station_045.jpg,43,thermal_power_station
thermal_power_station/thermal_power_station_046.jpg,43,thermal_power_station
thermal_power_station/thermal_power_station_047.jpg,43,thermal_power_station
thermal_power_station/thermal_power_station_049.jpg,43,thermal_power_station
thermal_power_station/thermal_power_station_053.jpg,43,thermal_power_station
thermal_power_station/thermal_power_station_054.jpg,43,thermal_power_station
thermal_power_station/thermal_power_station_056.jpg,43,thermal_power_station
thermal_power_station/thermal_power_station_058.jpg,43,thermal_power_station
thermal_power_station/thermal_power_station_059.jpg,43,thermal_power_station
thermal_power_station/thermal_power_station_060.jpg,43,thermal_power_station
thermal_power_station/thermal_power_station_061.jpg,43,thermal_power_station
thermal_power_station/thermal_power_station_062.jpg,43,thermal_power_station
thermal_power_station/thermal_power_station_063.jpg,43,thermal_power_station
thermal_power_station/thermal_power_station_064.jpg,43,thermal_power_station
thermal_power_station/thermal_power_station_065.jpg,43,thermal_power_station
thermal_power_station/thermal_power_station_068.jpg,43,thermal_power_station
thermal_power_station/thermal_power_station_069.jpg,43,thermal_power_station
thermal_power_station/thermal_power_station_071.jpg,43,thermal_power_station
thermal_power_station/thermal_power_station_072.jpg,43,thermal_power_station
thermal_power_station/thermal_power_station_074.jpg,43,thermal_power_station
thermal_power_station/thermal_power_station_075.jpg,43,thermal_power_station
thermal_power_station/thermal_power_station_076.jpg,43,thermal_power_station
thermal_power_station/thermal_power_station_077.jpg,43,thermal_power_station
thermal_power_station/thermal_power_station_078.jpg,43,thermal_power_station
thermal_power_station/thermal_power_station_080.jpg,43,thermal_power_station
thermal_power_station/thermal_power_station_081.jpg,43,thermal_power_station
thermal_power_station/thermal_power_station_082.jpg,43,thermal_power_station
thermal_power_station/thermal_power_station_083.jpg,43,thermal_power_station
thermal_power_station/thermal_power_station_084.jpg,43,thermal_power_station
thermal_power_station/thermal_power_station_085.jpg,43,thermal_power_station
thermal_power_station/thermal_power_station_086.jpg,43,thermal_power_station
thermal_power_station/thermal_power_station_087.jpg,43,thermal_power_station
thermal_power_station/thermal_power_station_088.jpg,43,thermal_power_station
thermal_power_station/thermal_power_station_090.jpg,43,thermal_power_station
thermal_power_station/thermal_power_station_091.jpg,43,thermal_power_station
thermal_power_station/thermal_power_station_092.jpg,43,thermal_power_station
thermal_power_station/thermal_power_station_093.jpg,43,thermal_power_station
thermal_power_station/thermal_power_station_094.jpg,43,thermal_power_station
thermal_power_station/thermal_power_station_095.jpg,43,thermal_power_station
thermal_power_station/thermal_power_station_098.jpg,43,thermal_power_station
thermal_power_station/thermal_power_station_099.jpg,43,thermal_power_station
thermal_power_station/thermal_power_station_100.jpg,43,thermal_power_station
thermal_power_station/thermal_power_station_102.jpg,43,thermal_power_station
thermal_power_station/thermal_power_station_104.jpg,43,thermal_power_station
thermal_power_station/thermal_power_station_106.jpg,43,thermal_power_station
thermal_power_station/thermal_power_station_107.jpg,43,thermal_power_station
thermal_power_station/thermal_power_station_108.jpg,43,thermal_power_station
thermal_power_station/thermal_power_station_109.jpg,43,thermal_power_station
thermal_power_station/thermal_power_station_112.jpg,43,thermal_power_station
thermal_power_station/thermal_power_station_113.jpg,43,thermal_power_station
thermal_power_station/thermal_power_station_114.jpg,43,thermal_power_station
thermal_power_station/thermal_power_station_115.jpg,43,thermal_power_station
thermal_power_station/thermal_power_station_117.jpg,43,thermal_power_station
thermal_power_station/thermal_power_station_118.jpg,43,thermal_power_station
thermal_power_station/thermal_power_station_120.jpg,43,thermal_power_station
thermal_power_station/thermal_power_station_121.jpg,43,thermal_power_station
thermal_power_station/thermal_power_station_122.jpg,43,thermal_power_station
thermal_power_station/thermal_power_station_123.jpg,43,thermal_power_station
thermal_power_station/thermal_power_station_124.jpg,43,thermal_power_station
thermal_power_station/thermal_power_station_126.jpg,43,thermal_power_station
thermal_power_station/thermal_power_station_127.jpg,43,thermal_power_station
thermal_power_station/thermal_power_station_128.jpg,43,thermal_power_station
thermal_power_station/thermal_power_station_130.jpg,43,thermal_power_station
thermal_power_station/thermal_power_station_132.jpg,43,thermal_power_station
thermal_power_station/thermal_power_station_133.jpg,43,thermal_power_station
thermal_power_station/thermal_power_station_134.jpg,43,thermal_power_station
thermal_power_station/thermal_power_station_136.jpg,43,thermal_power_station
thermal_power_station/thermal_power_station_138.jpg,43,thermal_power_station
thermal_power_station/thermal_power_station_140.jpg,43,thermal_power_station
thermal_power_station/thermal_power_station_141.jpg,43,thermal_power_station
thermal_power_station/thermal_power_station_143.jpg,43,thermal_power_station
thermal_power_station/thermal_power_station_144.jpg,43,thermal_power_station
thermal_power_station/thermal_power_station_145.jpg,43,thermal_power_station
thermal_power_station/thermal_power_station_146.jpg,43,thermal_power_station
thermal_power_station/thermal_power_station_147.jpg,43,thermal_power_station
thermal_power_station/thermal_power_station_149.jpg,43,thermal_power_station
thermal_power_station/thermal_power_station_150.jpg,43,thermal_power_station
thermal_power_station/thermal_power_station_152.jpg,43,thermal_power_station
thermal_power_station/thermal_power_station_154.jpg,43,thermal_power_station
thermal_power_station/thermal_power_station_156.jpg,43,thermal_power_station
thermal_power_station/thermal_power_station_159.jpg,43,thermal_power_station
thermal_power_station/thermal_power_station_161.jpg,43,thermal_power_station
thermal_power_station/thermal_power_station_162.jpg,43,thermal_power_station
thermal_power_station/thermal_power_station_165.jpg,43,thermal_power_station
thermal_power_station/thermal_power_station_166.jpg,43,thermal_power_station
thermal_power_station/thermal_power_station_168.jpg,43,thermal_power_station
thermal_power_station/thermal_power_station_169.jpg,43,thermal_power_station
thermal_power_station/thermal_power_station_170.jpg,43,thermal_power_station
thermal_power_station/thermal_power_station_171.jpg,43,thermal_power_station
thermal_power_station/thermal_power_station_173.jpg,43,thermal_power_station
thermal_power_station/thermal_power_station_174.jpg,43,thermal_power_station
thermal_power_station/thermal_power_station_176.jpg,43,thermal_power_station
thermal_power_station/thermal_power_station_177.jpg,43,thermal_power_station
thermal_power_station/thermal_power_station_178.jpg,43,thermal_power_station
thermal_power_station/thermal_power_station_179.jpg,43,thermal_power_station
thermal_power_station/thermal_power_station_180.jpg,43,thermal_power_station
thermal_power_station/thermal_power_station_181.jpg,43,thermal_power_station
thermal_power_station/thermal_power_station_182.jpg,43,thermal_power_station
thermal_power_station/thermal_power_station_183.jpg,43,thermal_power_station
thermal_power_station/thermal_power_station_184.jpg,43,thermal_power_station
thermal_power_station/thermal_power_station_186.jpg,43,thermal_power_station
thermal_power_station/thermal_power_station_187.jpg,43,thermal_power_station
thermal_power_station/thermal_power_station_188.jpg,43,thermal_power_station
thermal_power_station/thermal_power_station_189.jpg,43,thermal_power_station
thermal_power_station/thermal_power_station_190.jpg,43,thermal_power_station
thermal_power_station/thermal_power_station_191.jpg,43,thermal_power_station
thermal_power_station/thermal_power_station_192.jpg,43,thermal_power_station
thermal_power_station/thermal_power_station_194.jpg,43,thermal_power_station
thermal_power_station/thermal_power_station_195.jpg,43,thermal_power_station
thermal_power_station/thermal_power_station_196.jpg,43,thermal_power_station
thermal_power_station/thermal_power_station_197.jpg,43,thermal_power_station
thermal_power_station/thermal_power_station_198.jpg,43,thermal_power_station
thermal_power_station/thermal_power_station_199.jpg,43,thermal_power_station
thermal_power_station/thermal_power_station_200.jpg,43,thermal_power_station
thermal_power_station/thermal_power_station_201.jpg,43,thermal_power_station
thermal_power_station/thermal_power_station_203.jpg,43,thermal_power_station
thermal_power_station/thermal_power_station_205.jpg,43,thermal_power_station
thermal_power_station/thermal_power_station_207.jpg,43,thermal_power_station
thermal_power_station/thermal_power_station_208.jpg,43,thermal_power_station
thermal_power_station/thermal_power_station_209.jpg,43,thermal_power_station
thermal_power_station/thermal_power_station_210.jpg,43,thermal_power_station
thermal_power_station/thermal_power_station_212.jpg,43,thermal_power_station
thermal_power_station/thermal_power_station_213.jpg,43,thermal_power_station
thermal_power_station/thermal_power_station_214.jpg,43,thermal_power_station
thermal_power_station/thermal_power_station_215.jpg,43,thermal_power_station
thermal_power_station/thermal_power_station_217.jpg,43,thermal_power_station
thermal_power_station/thermal_power_station_218.jpg,43,thermal_power_station
thermal_power_station/thermal_power_station_219.jpg,43,thermal_power_station
thermal_power_station/thermal_power_station_220.jpg,43,thermal_power_station
thermal_power_station/thermal_power_station_221.jpg,43,thermal_power_station
thermal_power_station/thermal_power_station_222.jpg,43,thermal_power_station
thermal_power_station/thermal_power_station_223.jpg,43,thermal_power_station
thermal_power_station/thermal_power_station_227.jpg,43,thermal_power_station
thermal_power_station/thermal_power_station_229.jpg,43,thermal_power_station
thermal_power_station/thermal_power_station_230.jpg,43,thermal_power_station
thermal_power_station/thermal_power_station_231.jpg,43,thermal_power_station
thermal_power_station/thermal_power_station_232.jpg,43,thermal_power_station
thermal_power_station/thermal_power_station_235.jpg,43,thermal_power_station
thermal_power_station/thermal_power_station_236.jpg,43,thermal_power_station
thermal_power_station/thermal_power_station_237.jpg,43,thermal_power_station
thermal_power_station/thermal_power_station_238.jpg,43,thermal_power_station
thermal_power_station/thermal_power_station_239.jpg,43,thermal_power_station
thermal_power_station/thermal_power_station_240.jpg,43,thermal_power_station
thermal_power_station/thermal_power_station_241.jpg,43,thermal_power_station
thermal_power_station/thermal_power_station_243.jpg,43,thermal_power_station
thermal_power_station/thermal_power_station_244.jpg,43,thermal_power_station
thermal_power_station/thermal_power_station_247.jpg,43,thermal_power_station
thermal_power_station/thermal_power_station_248.jpg,43,thermal_power_station
thermal_power_station/thermal_power_station_249.jpg,43,thermal_power_station
thermal_power_station/thermal_power_station_250.jpg,43,thermal_power_station
thermal_power_station/thermal_power_station_252.jpg,43,thermal_power_station
thermal_power_station/thermal_power_station_253.jpg,43,thermal_power_station
thermal_power_station/thermal_power_station_255.jpg,43,thermal_power_station
thermal_power_station/thermal_power_station_260.jpg,43,thermal_power_station
thermal_power_station/thermal_power_station_262.jpg,43,thermal_power_station
thermal_power_station/thermal_power_station_263.jpg,43,thermal_power_station
thermal_power_station/thermal_power_station_264.jpg,43,thermal_power_station
thermal_power_station/thermal_power_station_265.jpg,43,thermal_power_station
thermal_power_station/thermal_power_station_266.jpg,43,thermal_power_station
thermal_power_station/thermal_power_station_267.jpg,43,thermal_power_station
thermal_power_station/thermal_power_station_269.jpg,43,thermal_power_station
thermal_power_station/thermal_power_station_270.jpg,43,thermal_power_station
thermal_power_station/thermal_power_station_271.jpg,43,thermal_power_station
thermal_power_station/thermal_power_station_272.jpg,43,thermal_power_station
thermal_power_station/thermal_power_station_273.jpg,43,thermal_power_station
thermal_power_station/thermal_power_station_276.jpg,43,thermal_power_station
thermal_power_station/thermal_power_station_277.jpg,43,thermal_power_station
thermal_power_station/thermal_power_station_278.jpg,43,thermal_power_station
thermal_power_station/thermal_power_station_280.jpg,43,thermal_power_station
thermal_power_station/thermal_power_station_281.jpg,43,thermal_power_station
thermal_power_station/thermal_power_station_282.jpg,43,thermal_power_station
thermal_power_station/thermal_power_station_283.jpg,43,thermal_power_station
thermal_power_station/thermal_power_station_284.jpg,43,thermal_power_station
thermal_power_station/thermal_power_station_285.jpg,43,thermal_power_station
thermal_power_station/thermal_power_station_287.jpg,43,thermal_power_station
thermal_power_station/thermal_power_station_288.jpg,43,thermal_power_station
thermal_power_station/thermal_power_station_289.jpg,43,thermal_power_station
thermal_power_station/thermal_power_station_290.jpg,43,thermal_power_station
thermal_power_station/thermal_power_station_291.jpg,43,thermal_power_station
thermal_power_station/thermal_power_station_293.jpg,43,thermal_power_station
thermal_power_station/thermal_power_station_295.jpg,43,thermal_power_station
thermal_power_station/thermal_power_station_297.jpg,43,thermal_power_station
thermal_power_station/thermal_power_station_298.jpg,43,thermal_power_station
thermal_power_station/thermal_power_station_299.jpg,43,thermal_power_station
thermal_power_station/thermal_power_station_301.jpg,43,thermal_power_station
thermal_power_station/thermal_power_station_302.jpg,43,thermal_power_station
thermal_power_station/thermal_power_station_303.jpg,43,thermal_power_station
thermal_power_station/thermal_power_station_305.jpg,43,thermal_power_station
thermal_power_station/thermal_power_station_307.jpg,43,thermal_power_station
thermal_power_station/thermal_power_station_308.jpg,43,thermal_power_station
thermal_power_station/thermal_power_station_309.jpg,43,thermal_power_station
thermal_power_station/thermal_power_station_310.jpg,43,thermal_power_station
thermal_power_station/thermal_power_station_312.jpg,43,thermal_power_station
thermal_power_station/thermal_power_station_313.jpg,43,thermal_power_station
thermal_power_station/thermal_power_station_314.jpg,43,thermal_power_station
thermal_power_station/thermal_power_station_315.jpg,43,thermal_power_station
thermal_power_station/thermal_power_station_316.jpg,43,thermal_power_station
thermal_power_station/thermal_power_station_317.jpg,43,thermal_power_station
thermal_power_station/thermal_power_station_319.jpg,43,thermal_power_station
thermal_power_station/thermal_power_station_320.jpg,43,thermal_power_station
thermal_power_station/thermal_power_station_321.jpg,43,thermal_power_station
thermal_power_station/thermal_power_station_322.jpg,43,thermal_power_station
thermal_power_station/thermal_power_station_325.jpg,43,thermal_power_station
thermal_power_station/thermal_power_station_326.jpg,43,thermal_power_station
thermal_power_station/thermal_power_station_327.jpg,43,thermal_power_station
thermal_power_station/thermal_power_station_330.jpg,43,thermal_power_station
thermal_power_station/thermal_power_station_331.jpg,43,thermal_power_station
thermal_power_station/thermal_power_station_332.jpg,43,thermal_power_station
thermal_power_station/thermal_power_station_333.jpg,43,thermal_power_station
thermal_power_station/thermal_power_station_334.jpg,43,thermal_power_station
thermal_power_station/thermal_power_station_335.jpg,43,thermal_power_station
thermal_power_station/thermal_power_station_336.jpg,43,thermal_power_station
thermal_power_station/thermal_power_station_337.jpg,43,thermal_power_station
thermal_power_station/thermal_power_station_338.jpg,43,thermal_power_station
thermal_power_station/thermal_power_station_339.jpg,43,thermal_power_station
thermal_power_station/thermal_power_station_341.jpg,43,thermal_power_station
thermal_power_station/thermal_power_station_344.jpg,43,thermal_power_station
thermal_power_station/thermal_power_station_345.jpg,43,thermal_power_station
thermal_power_station/thermal_power_station_346.jpg,43,thermal_power_station
thermal_power_station/thermal_power_station_347.jpg,43,thermal_power_station
thermal_power_station/thermal_power_station_348.jpg,43,thermal_power_station
thermal_power_station/thermal_power_station_352.jpg,43,thermal_power_station
thermal_power_station/thermal_power_station_353.jpg,43,thermal_power_station
thermal_power_station/thermal_power_station_354.jpg,43,thermal_power_station
thermal_power_station/thermal_power_station_355.jpg,43,thermal_power_station
thermal_power_station/thermal_power_station_359.jpg,43,thermal_power_station
thermal_power_station/thermal_power_station_360.jpg,43,thermal_power_station
thermal_power_station/thermal_power_station_364.jpg,43,thermal_power_station
thermal_power_station/thermal_power_station_366.jpg,43,thermal_power_station
thermal_power_station/thermal_power_station_367.jpg,43,thermal_power_station
thermal_power_station/thermal_power_station_368.jpg,43,thermal_power_station
thermal_power_station/thermal_power_station_369.jpg,43,thermal_power_station
thermal_power_station/thermal_power_station_370.jpg,43,thermal_power_station
thermal_power_station/thermal_power_station_371.jpg,43,thermal_power_station
thermal_power_station/thermal_power_station_372.jpg,43,thermal_power_station
thermal_power_station/thermal_power_station_373.jpg,43,thermal_power_station
thermal_power_station/thermal_power_station_374.jpg,43,thermal_power_station
thermal_power_station/thermal_power_station_375.jpg,43,thermal_power_station
thermal_power_station/thermal_power_station_376.jpg,43,thermal_power_station
thermal_power_station/thermal_power_station_377.jpg,43,thermal_power_station
thermal_power_station/thermal_power_station_378.jpg,43,thermal_power_station
thermal_power_station/thermal_power_station_379.jpg,43,thermal_power_station
thermal_power_station/thermal_power_station_383.jpg,43,thermal_power_station
thermal_power_station/thermal_power_station_384.jpg,43,thermal_power_station
thermal_power_station/thermal_power_station_385.jpg,43,thermal_power_station
thermal_power_station/thermal_power_station_387.jpg,43,thermal_power_station
thermal_power_station/thermal_power_station_388.jpg,43,thermal_power_station
thermal_power_station/thermal_power_station_389.jpg,43,thermal_power_station
thermal_power_station/thermal_power_station_390.jpg,43,thermal_power_station
thermal_power_station/thermal_power_station_391.jpg,43,thermal_power_station
thermal_power_station/thermal_power_station_392.jpg,43,thermal_power_station
thermal_power_station/thermal_power_station_393.jpg,43,thermal_power_station
thermal_power_station/thermal_power_station_394.jpg,43,thermal_power_station
thermal_power_station/thermal_power_station_396.jpg,43,thermal_power_station
thermal_power_station/thermal_power_station_398.jpg,43,thermal_power_station
thermal_power_station/thermal_power_station_399.jpg,43,thermal_power_station
thermal_power_station/thermal_power_station_400.jpg,43,thermal_power_station
thermal_power_station/thermal_power_station_402.jpg,43,thermal_power_station
thermal_power_station/thermal_power_station_406.jpg,43,thermal_power_station
thermal_power_station/thermal_power_station_409.jpg,43,thermal_power_station
thermal_power_station/thermal_power_station_410.jpg,43,thermal_power_station
thermal_power_station/thermal_power_station_411.jpg,43,thermal_power_station
thermal_power_station/thermal_power_station_412.jpg,43,thermal_power_station
thermal_power_station/thermal_power_station_413.jpg,43,thermal_power_station
thermal_power_station/thermal_power_station_414.jpg,43,thermal_power_station
thermal_power_station/thermal_power_station_415.jpg,43,thermal_power_station
thermal_power_station/thermal_power_station_416.jpg,43,thermal_power_station
thermal_power_station/thermal_power_station_417.jpg,43,thermal_power_station
thermal_power_station/thermal_power_station_418.jpg,43,thermal_power_station
thermal_power_station/thermal_power_station_420.jpg,43,thermal_power_station
thermal_power_station/thermal_power_station_421.jpg,43,thermal_power_station
thermal_power_station/thermal_power_station_422.jpg,43,thermal_power_station
thermal_power_station/thermal_power_station_425.jpg,43,thermal_power_station
thermal_power_station/thermal_power_station_426.jpg,43,thermal_power_station
thermal_power_station/thermal_power_station_427.jpg,43,thermal_power_station
thermal_power_station/thermal_power_station_428.jpg,43,thermal_power_station
thermal_power_station/thermal_power_station_429.jpg,43,thermal_power_station
thermal_power_station/thermal_power_station_430.jpg,43,thermal_power_station
thermal_power_station/thermal_power_station_432.jpg,43,thermal_power_station
thermal_power_station/thermal_power_station_433.jpg,43,thermal_power_station
thermal_power_station/thermal_power_station_434.jpg,43,thermal_power_station
thermal_power_station/thermal_power_station_436.jpg,43,thermal_power_station
thermal_power_station/thermal_power_station_437.jpg,43,thermal_power_station
thermal_power_station/thermal_power_station_438.jpg,43,thermal_power_station
thermal_power_station/thermal_power_station_439.jpg,43,thermal_power_station
thermal_power_station/thermal_power_station_440.jpg,43,thermal_power_station
thermal_power_station/thermal_power_station_441.jpg,43,thermal_power_station
thermal_power_station/thermal_power_station_444.jpg,43,thermal_power_station
thermal_power_station/thermal_power_station_446.jpg,43,thermal_power_station
thermal_power_station/thermal_power_station_448.jpg,43,thermal_power_station
thermal_power_station/thermal_power_station_449.jpg,43,thermal_power_station
thermal_power_station/thermal_power_station_451.jpg,43,thermal_power_station
thermal_power_station/thermal_power_station_452.jpg,43,thermal_power_station
thermal_power_station/thermal_power_station_455.jpg,43,thermal_power_station
thermal_power_station/thermal_power_station_456.jpg,43,thermal_power_station
thermal_power_station/thermal_power_station_460.jpg,43,thermal_power_station
thermal_power_station/thermal_power_station_461.jpg,43,thermal_power_station
thermal_power_station/thermal_power_station_464.jpg,43,thermal_power_station
thermal_power_station/thermal_power_station_466.jpg,43,thermal_power_station
thermal_power_station/thermal_power_station_467.jpg,43,thermal_power_station
thermal_power_station/thermal_power_station_473.jpg,43,thermal_power_station
thermal_power_station/thermal_power_station_475.jpg,43,thermal_power_station
thermal_power_station/thermal_power_station_477.jpg,43,thermal_power_station
thermal_power_station/thermal_power_station_478.jpg,43,thermal_power_station
thermal_power_station/thermal_power_station_479.jpg,43,thermal_power_station
thermal_power_station/thermal_power_station_482.jpg,43,thermal_power_station
thermal_power_station/thermal_power_station_484.jpg,43,thermal_power_station
thermal_power_station/thermal_power_station_485.jpg,43,thermal_power_station
thermal_power_station/thermal_power_station_486.jpg,43,thermal_power_station
thermal_power_station/thermal_power_station_488.jpg,43,thermal_power_station
thermal_power_station/thermal_power_station_489.jpg,43,thermal_power_station
thermal_power_station/thermal_power_station_490.jpg,43,thermal_power_station
thermal_power_station/thermal_power_station_493.jpg,43,thermal_power_station
thermal_power_station/thermal_power_station_496.jpg,43,thermal_power_station
thermal_power_station/thermal_power_station_497.jpg,43,thermal_power_station
thermal_power_station/thermal_power_station_500.jpg,43,thermal_power_station
thermal_power_station/thermal_power_station_502.jpg,43,thermal_power_station
thermal_power_station/thermal_power_station_503.jpg,43,thermal_power_station
thermal_power_station/thermal_power_station_505.jpg,43,thermal_power_station
thermal_power_station/thermal_power_station_507.jpg,43,thermal_power_station
thermal_power_station/thermal_power_station_508.jpg,43,thermal_power_station
thermal_power_station/thermal_power_station_509.jpg,43,thermal_power_station
thermal_power_station/thermal_power_station_510.jpg,43,thermal_power_station
thermal_power_station/thermal_power_station_511.jpg,43,thermal_power_station
thermal_power_station/thermal_power_station_512.jpg,43,thermal_power_station
thermal_power_station/thermal_power_station_513.jpg,43,thermal_power_station
thermal_power_station/thermal_power_station_514.jpg,43,thermal_power_station
thermal_power_station/thermal_power_station_515.jpg,43,thermal_power_station
thermal_power_station/thermal_power_station_516.jpg,43,thermal_power_station
thermal_power_station/thermal_power_station_517.jpg,43,thermal_power_station
thermal_power_station/thermal_power_station_518.jpg,43,thermal_power_station
thermal_power_station/thermal_power_station_519.jpg,43,thermal_power_station
thermal_power_station/thermal_power_station_520.jpg,43,thermal_power_station
thermal_power_station/thermal_power_station_523.jpg,43,thermal_power_station
thermal_power_station/thermal_power_station_525.jpg,43,thermal_power_station
thermal_power_station/thermal_power_station_526.jpg,43,thermal_power_station
thermal_power_station/thermal_power_station_528.jpg,43,thermal_power_station
thermal_power_station/thermal_power_station_529.jpg,43,thermal_power_station
thermal_power_station/thermal_power_station_530.jpg,43,thermal_power_station
thermal_power_station/thermal_power_station_532.jpg,43,thermal_power_station
thermal_power_station/thermal_power_station_533.jpg,43,thermal_power_station
thermal_power_station/thermal_power_station_535.jpg,43,thermal_power_station
thermal_power_station/thermal_power_station_537.jpg,43,thermal_power_station
thermal_power_station/thermal_power_station_539.jpg,43,thermal_power_station
thermal_power_station/thermal_power_station_540.jpg,43,thermal_power_station
thermal_power_station/thermal_power_station_541.jpg,43,thermal_power_station
thermal_power_station/thermal_power_station_542.jpg,43,thermal_power_station
thermal_power_station/thermal_power_station_544.jpg,43,thermal_power_station
thermal_power_station/thermal_power_station_545.jpg,43,thermal_power_station
thermal_power_station/thermal_power_station_546.jpg,43,thermal_power_station
thermal_power_station/thermal_power_station_547.jpg,43,thermal_power_station
thermal_power_station/thermal_power_station_548.jpg,43,thermal_power_station
thermal_power_station/thermal_power_station_550.jpg,43,thermal_power_station
thermal_power_station/thermal_power_station_552.jpg,43,thermal_power_station
thermal_power_station/thermal_power_station_553.jpg,43,thermal_power_station
thermal_power_station/thermal_power_station_554.jpg,43,thermal_power_station
thermal_power_station/thermal_power_station_555.jpg,43,thermal_power_station
thermal_power_station/thermal_power_station_558.jpg,43,thermal_power_station
thermal_power_station/thermal_power_station_559.jpg,43,thermal_power_station
thermal_power_station/thermal_power_station_560.jpg,43,thermal_power_station
thermal_power_station/thermal_power_station_561.jpg,43,thermal_power_station
thermal_power_station/thermal_power_station_563.jpg,43,thermal_power_station
thermal_power_station/thermal_power_station_565.jpg,43,thermal_power_station
thermal_power_station/thermal_power_station_566.jpg,43,thermal_power_station
thermal_power_station/thermal_power_station_567.jpg,43,thermal_power_station
thermal_power_station/thermal_power_station_568.jpg,43,thermal_power_station
thermal_power_station/thermal_power_station_570.jpg,43,thermal_power_station
thermal_power_station/thermal_power_station_574.jpg,43,thermal_power_station
thermal_power_station/thermal_power_station_576.jpg,43,thermal_power_station
thermal_power_station/thermal_power_station_577.jpg,43,thermal_power_station
thermal_power_station/thermal_power_station_578.jpg,43,thermal_power_station
thermal_power_station/thermal_power_station_579.jpg,43,thermal_power_station
thermal_power_station/thermal_power_station_580.jpg,43,thermal_power_station
thermal_power_station/thermal_power_station_581.jpg,43,thermal_power_station
thermal_power_station/thermal_power_station_582.jpg,43,thermal_power_station
thermal_power_station/thermal_power_station_583.jpg,43,thermal_power_station
thermal_power_station/thermal_power_station_584.jpg,43,thermal_power_station
thermal_power_station/thermal_power_station_585.jpg,43,thermal_power_station
thermal_power_station/thermal_power_station_586.jpg,43,thermal_power_station
thermal_power_station/thermal_power_station_590.jpg,43,thermal_power_station
thermal_power_station/thermal_power_station_593.jpg,43,thermal_power_station
thermal_power_station/thermal_power_station_594.jpg,43,thermal_power_station
thermal_power_station/thermal_power_station_595.jpg,43,thermal_power_station
thermal_power_station/thermal_power_station_596.jpg,43,thermal_power_station
thermal_power_station/thermal_power_station_597.jpg,43,thermal_power_station
thermal_power_station/thermal_power_station_599.jpg,43,thermal_power_station
thermal_power_station/thermal_power_station_600.jpg,43,thermal_power_station
thermal_power_station/thermal_power_station_603.jpg,43,thermal_power_station
thermal_power_station/thermal_power_station_604.jpg,43,thermal_power_station
thermal_power_station/thermal_power_station_606.jpg,43,thermal_power_station
thermal_power_station/thermal_power_station_608.jpg,43,thermal_power_station
thermal_power_station/thermal_power_station_610.jpg,43,thermal_power_station
thermal_power_station/thermal_power_station_611.jpg,43,thermal_power_station
thermal_power_station/thermal_power_station_612.jpg,43,thermal_power_station
thermal_power_station/thermal_power_station_613.jpg,43,thermal_power_station
thermal_power_station/thermal_power_station_614.jpg,43,thermal_power_station
thermal_power_station/thermal_power_station_615.jpg,43,thermal_power_station
thermal_power_station/thermal_power_station_617.jpg,43,thermal_power_station
thermal_power_station/thermal_power_station_619.jpg,43,thermal_power_station
thermal_power_station/thermal_power_station_622.jpg,43,thermal_power_station
thermal_power_station/thermal_power_station_623.jpg,43,thermal_power_station
thermal_power_station/thermal_power_station_624.jpg,43,thermal_power_station
thermal_power_station/thermal_power_station_626.jpg,43,thermal_power_station
thermal_power_station/thermal_power_station_627.jpg,43,thermal_power_station
thermal_power_station/thermal_power_station_628.jpg,43,thermal_power_station
thermal_power_station/thermal_power_station_630.jpg,43,thermal_power_station
thermal_power_station/thermal_power_station_632.jpg,43,thermal_power_station
thermal_power_station/thermal_power_station_633.jpg,43,thermal_power_station
thermal_power_station/thermal_power_station_634.jpg,43,thermal_power_station
thermal_power_station/thermal_power_station_635.jpg,43,thermal_power_station
thermal_power_station/thermal_power_station_638.jpg,43,thermal_power_station
thermal_power_station/thermal_power_station_639.jpg,43,thermal_power_station
thermal_power_station/thermal_power_station_640.jpg,43,thermal_power_station
thermal_power_station/thermal_power_station_641.jpg,43,thermal_power_station
thermal_power_station/thermal_power_station_642.jpg,43,thermal_power_station
thermal_power_station/thermal_power_station_643.jpg,43,thermal_power_station
thermal_power_station/thermal_power_station_645.jpg,43,thermal_power_station
thermal_power_station/thermal_power_station_646.jpg,43,thermal_power_station
thermal_power_station/thermal_power_station_648.jpg,43,thermal_power_station
thermal_power_station/thermal_power_station_650.jpg,43,thermal_power_station
thermal_power_station/thermal_power_station_651.jpg,43,thermal_power_station
thermal_power_station/thermal_power_station_652.jpg,43,thermal_power_station
thermal_power_station/thermal_power_station_654.jpg,43,thermal_power_station
thermal_power_station/thermal_power_station_655.jpg,43,thermal_power_station
thermal_power_station/thermal_power_station_657.jpg,43,thermal_power_station
thermal_power_station/thermal_power_station_658.jpg,43,thermal_power_station
thermal_power_station/thermal_power_station_659.jpg,43,thermal_power_station
thermal_power_station/thermal_power_station_660.jpg,43,thermal_power_station
thermal_power_station/thermal_power_station_661.jpg,43,thermal_power_station
thermal_power_station/thermal_power_station_663.jpg,43,thermal_power_station
thermal_power_station/thermal_power_station_665.jpg,43,thermal_power_station
thermal_power_station/thermal_power_station_667.jpg,43,thermal_power_station
thermal_power_station/thermal_power_station_668.jpg,43,thermal_power_station
thermal_power_station/thermal_power_station_669.jpg,43,thermal_power_station
thermal_power_station/thermal_power_station_670.jpg,43,thermal_power_station
thermal_power_station/thermal_power_station_672.jpg,43,thermal_power_station
thermal_power_station/thermal_power_station_675.jpg,43,thermal_power_station
thermal_power_station/thermal_power_station_676.jpg,43,thermal_power_station
thermal_power_station/thermal_power_station_677.jpg,43,thermal_power_station
thermal_power_station/thermal_power_station_678.jpg,43,thermal_power_station
thermal_power_station/thermal_power_station_682.jpg,43,thermal_power_station
thermal_power_station/thermal_power_station_683.jpg,43,thermal_power_station
thermal_power_station/thermal_power_station_684.jpg,43,thermal_power_station
thermal_power_station/thermal_power_station_685.jpg,43,thermal_power_station
thermal_power_station/thermal_power_station_686.jpg,43,thermal_power_station
thermal_power_station/thermal_power_station_687.jpg,43,thermal_power_station
thermal_power_station/thermal_power_station_689.jpg,43,thermal_power_station
thermal_power_station/thermal_power_station_690.jpg,43,thermal_power_station
thermal_power_station/thermal_power_station_691.jpg,43,thermal_power_station
thermal_power_station/thermal_power_station_693.jpg,43,thermal_power_station
thermal_power_station/thermal_power_station_694.jpg,43,thermal_power_station
thermal_power_station/thermal_power_station_697.jpg,43,thermal_power_station
thermal_power_station/thermal_power_station_699.jpg,43,thermal_power_station
thermal_power_station/thermal_power_station_700.jpg,43,thermal_power_station
wetland/wetland_001.jpg,44,wetland
wetland/wetland_002.jpg,44,wetland
wetland/wetland_004.jpg,44,wetland
wetland/wetland_006.jpg,44,wetland
wetland/wetland_007.jpg,44,wetland
wetland/wetland_008.jpg,44,wetland
wetland/wetland_009.jpg,44,wetland
wetland/wetland_010.jpg,44,wetland
wetland/wetland_012.jpg,44,wetland
wetland/wetland_014.jpg,44,wetland
wetland/wetland_015.jpg,44,wetland
wetland/wetland_016.jpg,44,wetland
wetland/wetland_017.jpg,44,wetland
wetland/wetland_018.jpg,44,wetland
wetland/wetland_019.jpg,44,wetland
wetland/wetland_021.jpg,44,wetland
wetland/wetland_022.jpg,44,wetland
wetland/wetland_023.jpg,44,wetland
wetland/wetland_024.jpg,44,wetland
wetland/wetland_027.jpg,44,wetland
wetland/wetland_028.jpg,44,wetland
wetland/wetland_029.jpg,44,wetland
wetland/wetland_032.jpg,44,wetland
wetland/wetland_033.jpg,44,wetland
wetland/wetland_035.jpg,44,wetland
wetland/wetland_036.jpg,44,wetland
wetland/wetland_038.jpg,44,wetland
wetland/wetland_039.jpg,44,wetland
wetland/wetland_040.jpg,44,wetland
wetland/wetland_041.jpg,44,wetland
wetland/wetland_042.jpg,44,wetland
wetland/wetland_043.jpg,44,wetland
wetland/wetland_045.jpg,44,wetland
wetland/wetland_046.jpg,44,wetland
wetland/wetland_047.jpg,44,wetland
wetland/wetland_048.jpg,44,wetland
wetland/wetland_050.jpg,44,wetland
wetland/wetland_052.jpg,44,wetland
wetland/wetland_053.jpg,44,wetland
wetland/wetland_054.jpg,44,wetland
wetland/wetland_055.jpg,44,wetland
wetland/wetland_056.jpg,44,wetland
wetland/wetland_057.jpg,44,wetland
wetland/wetland_058.jpg,44,wetland
wetland/wetland_059.jpg,44,wetland
wetland/wetland_060.jpg,44,wetland
wetland/wetland_062.jpg,44,wetland
wetland/wetland_063.jpg,44,wetland
wetland/wetland_064.jpg,44,wetland
wetland/wetland_066.jpg,44,wetland
wetland/wetland_067.jpg,44,wetland
wetland/wetland_068.jpg,44,wetland
wetland/wetland_069.jpg,44,wetland
wetland/wetland_070.jpg,44,wetland
wetland/wetland_071.jpg,44,wetland
wetland/wetland_072.jpg,44,wetland
wetland/wetland_073.jpg,44,wetland
wetland/wetland_075.jpg,44,wetland
wetland/wetland_076.jpg,44,wetland
wetland/wetland_078.jpg,44,wetland
wetland/wetland_079.jpg,44,wetland
wetland/wetland_080.jpg,44,wetland
wetland/wetland_081.jpg,44,wetland
wetland/wetland_082.jpg,44,wetland
wetland/wetland_083.jpg,44,wetland
wetland/wetland_085.jpg,44,wetland
wetland/wetland_086.jpg,44,wetland
wetland/wetland_089.jpg,44,wetland
wetland/wetland_091.jpg,44,wetland
wetland/wetland_092.jpg,44,wetland
wetland/wetland_093.jpg,44,wetland
wetland/wetland_094.jpg,44,wetland
wetland/wetland_095.jpg,44,wetland
wetland/wetland_096.jpg,44,wetland
wetland/wetland_097.jpg,44,wetland
wetland/wetland_098.jpg,44,wetland
wetland/wetland_100.jpg,44,wetland
wetland/wetland_101.jpg,44,wetland
wetland/wetland_102.jpg,44,wetland
wetland/wetland_104.jpg,44,wetland
wetland/wetland_105.jpg,44,wetland
wetland/wetland_106.jpg,44,wetland
wetland/wetland_108.jpg,44,wetland
wetland/wetland_109.jpg,44,wetland
wetland/wetland_110.jpg,44,wetland
wetland/wetland_112.jpg,44,wetland
wetland/wetland_113.jpg,44,wetland
wetland/wetland_115.jpg,44,wetland
wetland/wetland_116.jpg,44,wetland
wetland/wetland_118.jpg,44,wetland
wetland/wetland_119.jpg,44,wetland
wetland/wetland_122.jpg,44,wetland
wetland/wetland_123.jpg,44,wetland
wetland/wetland_124.jpg,44,wetland
wetland/wetland_126.jpg,44,wetland
wetland/wetland_127.jpg,44,wetland
wetland/wetland_130.jpg,44,wetland
wetland/wetland_131.jpg,44,wetland
wetland/wetland_132.jpg,44,wetland
wetland/wetland_135.jpg,44,wetland
wetland/wetland_137.jpg,44,wetland
wetland/wetland_138.jpg,44,wetland
wetland/wetland_142.jpg,44,wetland
wetland/wetland_143.jpg,44,wetland
wetland/wetland_144.jpg,44,wetland
wetland/wetland_145.jpg,44,wetland
wetland/wetland_146.jpg,44,wetland
wetland/wetland_148.jpg,44,wetland
wetland/wetland_149.jpg,44,wetland
wetland/wetland_150.jpg,44,wetland
wetland/wetland_151.jpg,44,wetland
wetland/wetland_152.jpg,44,wetland
wetland/wetland_153.jpg,44,wetland
wetland/wetland_154.jpg,44,wetland
wetland/wetland_157.jpg,44,wetland
wetland/wetland_159.jpg,44,wetland
wetland/wetland_160.jpg,44,wetland
wetland/wetland_162.jpg,44,wetland
wetland/wetland_164.jpg,44,wetland
wetland/wetland_165.jpg,44,wetland
wetland/wetland_166.jpg,44,wetland
wetland/wetland_168.jpg,44,wetland
wetland/wetland_169.jpg,44,wetland
wetland/wetland_170.jpg,44,wetland
wetland/wetland_171.jpg,44,wetland
wetland/wetland_173.jpg,44,wetland
wetland/wetland_176.jpg,44,wetland
wetland/wetland_177.jpg,44,wetland
wetland/wetland_178.jpg,44,wetland
wetland/wetland_179.jpg,44,wetland
wetland/wetland_180.jpg,44,wetland
wetland/wetland_181.jpg,44,wetland
wetland/wetland_182.jpg,44,wetland
wetland/wetland_183.jpg,44,wetland
wetland/wetland_184.jpg,44,wetland
wetland/wetland_185.jpg,44,wetland
wetland/wetland_187.jpg,44,wetland
wetland/wetland_188.jpg,44,wetland
wetland/wetland_189.jpg,44,wetland
wetland/wetland_190.jpg,44,wetland
wetland/wetland_192.jpg,44,wetland
wetland/wetland_193.jpg,44,wetland
wetland/wetland_194.jpg,44,wetland
wetland/wetland_195.jpg,44,wetland
wetland/wetland_196.jpg,44,wetland
wetland/wetland_197.jpg,44,wetland
wetland/wetland_198.jpg,44,wetland
wetland/wetland_199.jpg,44,wetland
wetland/wetland_201.jpg,44,wetland
wetland/wetland_202.jpg,44,wetland
wetland/wetland_203.jpg,44,wetland
wetland/wetland_206.jpg,44,wetland
wetland/wetland_207.jpg,44,wetland
wetland/wetland_208.jpg,44,wetland
wetland/wetland_210.jpg,44,wetland
wetland/wetland_211.jpg,44,wetland
wetland/wetland_213.jpg,44,wetland
wetland/wetland_214.jpg,44,wetland
wetland/wetland_219.jpg,44,wetland
wetland/wetland_227.jpg,44,wetland
wetland/wetland_228.jpg,44,wetland
wetland/wetland_229.jpg,44,wetland
wetland/wetland_230.jpg,44,wetland
wetland/wetland_232.jpg,44,wetland
wetland/wetland_233.jpg,44,wetland
wetland/wetland_234.jpg,44,wetland
wetland/wetland_235.jpg,44,wetland
wetland/wetland_236.jpg,44,wetland
wetland/wetland_237.jpg,44,wetland
wetland/wetland_238.jpg,44,wetland
wetland/wetland_239.jpg,44,wetland
wetland/wetland_240.jpg,44,wetland
wetland/wetland_241.jpg,44,wetland
wetland/wetland_242.jpg,44,wetland
wetland/wetland_243.jpg,44,wetland
wetland/wetland_245.jpg,44,wetland
wetland/wetland_247.jpg,44,wetland
wetland/wetland_249.jpg,44,wetland
wetland/wetland_250.jpg,44,wetland
wetland/wetland_251.jpg,44,wetland
wetland/wetland_255.jpg,44,wetland
wetland/wetland_256.jpg,44,wetland
wetland/wetland_257.jpg,44,wetland
wetland/wetland_258.jpg,44,wetland
wetland/wetland_259.jpg,44,wetland
wetland/wetland_260.jpg,44,wetland
wetland/wetland_262.jpg,44,wetland
wetland/wetland_266.jpg,44,wetland
wetland/wetland_267.jpg,44,wetland
wetland/wetland_268.jpg,44,wetland
wetland/wetland_270.jpg,44,wetland
wetland/wetland_271.jpg,44,wetland
wetland/wetland_273.jpg,44,wetland
wetland/wetland_274.jpg,44,wetland
wetland/wetland_276.jpg,44,wetland
wetland/wetland_277.jpg,44,wetland
wetland/wetland_278.jpg,44,wetland
wetland/wetland_279.jpg,44,wetland
wetland/wetland_280.jpg,44,wetland
wetland/wetland_281.jpg,44,wetland
wetland/wetland_282.jpg,44,wetland
wetland/wetland_283.jpg,44,wetland
wetland/wetland_284.jpg,44,wetland
wetland/wetland_285.jpg,44,wetland
wetland/wetland_286.jpg,44,wetland
wetland/wetland_289.jpg,44,wetland
wetland/wetland_290.jpg,44,wetland
wetland/wetland_291.jpg,44,wetland
wetland/wetland_293.jpg,44,wetland
wetland/wetland_294.jpg,44,wetland
wetland/wetland_295.jpg,44,wetland
wetland/wetland_296.jpg,44,wetland
wetland/wetland_297.jpg,44,wetland
wetland/wetland_299.jpg,44,wetland
wetland/wetland_301.jpg,44,wetland
wetland/wetland_302.jpg,44,wetland
wetland/wetland_303.jpg,44,wetland
wetland/wetland_304.jpg,44,wetland
wetland/wetland_305.jpg,44,wetland
wetland/wetland_307.jpg,44,wetland
wetland/wetland_308.jpg,44,wetland
wetland/wetland_311.jpg,44,wetland
wetland/wetland_312.jpg,44,wetland
wetland/wetland_313.jpg,44,wetland
wetland/wetland_314.jpg,44,wetland
wetland/wetland_315.jpg,44,wetland
wetland/wetland_317.jpg,44,wetland
wetland/wetland_321.jpg,44,wetland
wetland/wetland_324.jpg,44,wetland
wetland/wetland_325.jpg,44,wetland
wetland/wetland_326.jpg,44,wetland
wetland/wetland_328.jpg,44,wetland
wetland/wetland_329.jpg,44,wetland
wetland/wetland_332.jpg,44,wetland
wetland/wetland_333.jpg,44,wetland
wetland/wetland_336.jpg,44,wetland
wetland/wetland_337.jpg,44,wetland
wetland/wetland_338.jpg,44,wetland
wetland/wetland_339.jpg,44,wetland
wetland/wetland_340.jpg,44,wetland
wetland/wetland_341.jpg,44,wetland
wetland/wetland_343.jpg,44,wetland
wetland/wetland_345.jpg,44,wetland
wetland/wetland_346.jpg,44,wetland
wetland/wetland_348.jpg,44,wetland
wetland/wetland_349.jpg,44,wetland
wetland/wetland_352.jpg,44,wetland
wetland/wetland_354.jpg,44,wetland
wetland/wetland_356.jpg,44,wetland
wetland/wetland_360.jpg,44,wetland
wetland/wetland_361.jpg,44,wetland
wetland/wetland_362.jpg,44,wetland
wetland/wetland_363.jpg,44,wetland
wetland/wetland_365.jpg,44,wetland
wetland/wetland_366.jpg,44,wetland
wetland/wetland_368.jpg,44,wetland
wetland/wetland_371.jpg,44,wetland
wetland/wetland_372.jpg,44,wetland
wetland/wetland_374.jpg,44,wetland
wetland/wetland_375.jpg,44,wetland
wetland/wetland_376.jpg,44,wetland
wetland/wetland_377.jpg,44,wetland
wetland/wetland_378.jpg,44,wetland
wetland/wetland_384.jpg,44,wetland
wetland/wetland_386.jpg,44,wetland
wetland/wetland_387.jpg,44,wetland
wetland/wetland_390.jpg,44,wetland
wetland/wetland_391.jpg,44,wetland
wetland/wetland_392.jpg,44,wetland
wetland/wetland_393.jpg,44,wetland
wetland/wetland_394.jpg,44,wetland
wetland/wetland_395.jpg,44,wetland
wetland/wetland_396.jpg,44,wetland
wetland/wetland_398.jpg,44,wetland
wetland/wetland_400.jpg,44,wetland
wetland/wetland_401.jpg,44,wetland
wetland/wetland_403.jpg,44,wetland
wetland/wetland_404.jpg,44,wetland
wetland/wetland_405.jpg,44,wetland
wetland/wetland_406.jpg,44,wetland
wetland/wetland_408.jpg,44,wetland
wetland/wetland_410.jpg,44,wetland
wetland/wetland_411.jpg,44,wetland
wetland/wetland_413.jpg,44,wetland
wetland/wetland_414.jpg,44,wetland
wetland/wetland_415.jpg,44,wetland
wetland/wetland_416.jpg,44,wetland
wetland/wetland_417.jpg,44,wetland
wetland/wetland_418.jpg,44,wetland
wetland/wetland_419.jpg,44,wetland
wetland/wetland_422.jpg,44,wetland
wetland/wetland_423.jpg,44,wetland
wetland/wetland_424.jpg,44,wetland
wetland/wetland_425.jpg,44,wetland
wetland/wetland_426.jpg,44,wetland
wetland/wetland_427.jpg,44,wetland
wetland/wetland_428.jpg,44,wetland
wetland/wetland_429.jpg,44,wetland
wetland/wetland_430.jpg,44,wetland
wetland/wetland_431.jpg,44,wetland
wetland/wetland_432.jpg,44,wetland
wetland/wetland_434.jpg,44,wetland
wetland/wetland_435.jpg,44,wetland
wetland/wetland_436.jpg,44,wetland
wetland/wetland_437.jpg,44,wetland
wetland/wetland_438.jpg,44,wetland
wetland/wetland_439.jpg,44,wetland
wetland/wetland_440.jpg,44,wetland
wetland/wetland_441.jpg,44,wetland
wetland/wetland_442.jpg,44,wetland
wetland/wetland_443.jpg,44,wetland
wetland/wetland_446.jpg,44,wetland
wetland/wetland_447.jpg,44,wetland
wetland/wetland_448.jpg,44,wetland
wetland/wetland_449.jpg,44,wetland
wetland/wetland_450.jpg,44,wetland
wetland/wetland_452.jpg,44,wetland
wetland/wetland_453.jpg,44,wetland
wetland/wetland_454.jpg,44,wetland
wetland/wetland_455.jpg,44,wetland
wetland/wetland_457.jpg,44,wetland
wetland/wetland_458.jpg,44,wetland
wetland/wetland_461.jpg,44,wetland
wetland/wetland_462.jpg,44,wetland
wetland/wetland_465.jpg,44,wetland
wetland/wetland_466.jpg,44,wetland
wetland/wetland_467.jpg,44,wetland
wetland/wetland_468.jpg,44,wetland
wetland/wetland_469.jpg,44,wetland
wetland/wetland_470.jpg,44,wetland
wetland/wetland_471.jpg,44,wetland
wetland/wetland_472.jpg,44,wetland
wetland/wetland_473.jpg,44,wetland
wetland/wetland_474.jpg,44,wetland
wetland/wetland_476.jpg,44,wetland
wetland/wetland_477.jpg,44,wetland
wetland/wetland_478.jpg,44,wetland
wetland/wetland_479.jpg,44,wetland
wetland/wetland_481.jpg,44,wetland
wetland/wetland_482.jpg,44,wetland
wetland/wetland_483.jpg,44,wetland
wetland/wetland_484.jpg,44,wetland
wetland/wetland_485.jpg,44,wetland
wetland/wetland_486.jpg,44,wetland
wetland/wetland_487.jpg,44,wetland
wetland/wetland_490.jpg,44,wetland
wetland/wetland_492.jpg,44,wetland
wetland/wetland_494.jpg,44,wetland
wetland/wetland_496.jpg,44,wetland
wetland/wetland_497.jpg,44,wetland
wetland/wetland_498.jpg,44,wetland
wetland/wetland_501.jpg,44,wetland
wetland/wetland_502.jpg,44,wetland
wetland/wetland_503.jpg,44,wetland
wetland/wetland_504.jpg,44,wetland
wetland/wetland_506.jpg,44,wetland
wetland/wetland_508.jpg,44,wetland
wetland/wetland_511.jpg,44,wetland
wetland/wetland_513.jpg,44,wetland
wetland/wetland_514.jpg,44,wetland
wetland/wetland_515.jpg,44,wetland
wetland/wetland_516.jpg,44,wetland
wetland/wetland_518.jpg,44,wetland
wetland/wetland_520.jpg,44,wetland
wetland/wetland_521.jpg,44,wetland
wetland/wetland_522.jpg,44,wetland
wetland/wetland_523.jpg,44,wetland
wetland/wetland_524.jpg,44,wetland
wetland/wetland_525.jpg,44,wetland
wetland/wetland_526.jpg,44,wetland
wetland/wetland_527.jpg,44,wetland
wetland/wetland_529.jpg,44,wetland
wetland/wetland_530.jpg,44,wetland
wetland/wetland_532.jpg,44,wetland
wetland/wetland_533.jpg,44,wetland
wetland/wetland_534.jpg,44,wetland
wetland/wetland_535.jpg,44,wetland
wetland/wetland_536.jpg,44,wetland
wetland/wetland_537.jpg,44,wetland
wetland/wetland_538.jpg,44,wetland
wetland/wetland_539.jpg,44,wetland
wetland/wetland_540.jpg,44,wetland
wetland/wetland_541.jpg,44,wetland
wetland/wetland_542.jpg,44,wetland
wetland/wetland_543.jpg,44,wetland
wetland/wetland_544.jpg,44,wetland
wetland/wetland_549.jpg,44,wetland
wetland/wetland_552.jpg,44,wetland
wetland/wetland_553.jpg,44,wetland
wetland/wetland_554.jpg,44,wetland
wetland/wetland_555.jpg,44,wetland
wetland/wetland_556.jpg,44,wetland
wetland/wetland_558.jpg,44,wetland
wetland/wetland_559.jpg,44,wetland
wetland/wetland_561.jpg,44,wetland
wetland/wetland_564.jpg,44,wetland
wetland/wetland_565.jpg,44,wetland
wetland/wetland_566.jpg,44,wetland
wetland/wetland_567.jpg,44,wetland
wetland/wetland_568.jpg,44,wetland
wetland/wetland_571.jpg,44,wetland
wetland/wetland_572.jpg,44,wetland
wetland/wetland_573.jpg,44,wetland
wetland/wetland_574.jpg,44,wetland
wetland/wetland_575.jpg,44,wetland
wetland/wetland_577.jpg,44,wetland
wetland/wetland_578.jpg,44,wetland
wetland/wetland_580.jpg,44,wetland
wetland/wetland_581.jpg,44,wetland
wetland/wetland_584.jpg,44,wetland
wetland/wetland_587.jpg,44,wetland
wetland/wetland_588.jpg,44,wetland
wetland/wetland_589.jpg,44,wetland
wetland/wetland_592.jpg,44,wetland
wetland/wetland_593.jpg,44,wetland
wetland/wetland_595.jpg,44,wetland
wetland/wetland_596.jpg,44,wetland
wetland/wetland_598.jpg,44,wetland
wetland/wetland_599.jpg,44,wetland
wetland/wetland_600.jpg,44,wetland
wetland/wetland_601.jpg,44,wetland
wetland/wetland_603.jpg,44,wetland
wetland/wetland_605.jpg,44,wetland
wetland/wetland_606.jpg,44,wetland
wetland/wetland_607.jpg,44,wetland
wetland/wetland_608.jpg,44,wetland
wetland/wetland_609.jpg,44,wetland
wetland/wetland_612.jpg,44,wetland
wetland/wetland_613.jpg,44,wetland
wetland/wetland_614.jpg,44,wetland
wetland/wetland_615.jpg,44,wetland
wetland/wetland_616.jpg,44,wetland
wetland/wetland_617.jpg,44,wetland
wetland/wetland_619.jpg,44,wetland
wetland/wetland_621.jpg,44,wetland
wetland/wetland_622.jpg,44,wetland
wetland/wetland_627.jpg,44,wetland
wetland/wetland_628.jpg,44,wetland
wetland/wetland_629.jpg,44,wetland
wetland/wetland_631.jpg,44,wetland
wetland/wetland_632.jpg,44,wetland
wetland/wetland_633.jpg,44,wetland
wetland/wetland_634.jpg,44,wetland
wetland/wetland_635.jpg,44,wetland
wetland/wetland_637.jpg,44,wetland
wetland/wetland_638.jpg,44,wetland
wetland/wetland_639.jpg,44,wetland
wetland/wetland_640.jpg,44,wetland
wetland/wetland_641.jpg,44,wetland
wetland/wetland_642.jpg,44,wetland
wetland/wetland_644.jpg,44,wetland
wetland/wetland_645.jpg,44,wetland
wetland/wetland_646.jpg,44,wetland
wetland/wetland_648.jpg,44,wetland
wetland/wetland_652.jpg,44,wetland
wetland/wetland_653.jpg,44,wetland
wetland/wetland_655.jpg,44,wetland
wetland/wetland_656.jpg,44,wetland
wetland/wetland_657.jpg,44,wetland
wetland/wetland_659.jpg,44,wetland
wetland/wetland_660.jpg,44,wetland
wetland/wetland_661.jpg,44,wetland
wetland/wetland_662.jpg,44,wetland
wetland/wetland_663.jpg,44,wetland
wetland/wetland_666.jpg,44,wetland
wetland/wetland_670.jpg,44,wetland
wetland/wetland_672.jpg,44,wetland
wetland/wetland_673.jpg,44,wetland
wetland/wetland_674.jpg,44,wetland
wetland/wetland_676.jpg,44,wetland
wetland/wetland_677.jpg,44,wetland
wetland/wetland_678.jpg,44,wetland
wetland/wetland_681.jpg,44,wetland
wetland/wetland_682.jpg,44,wetland
wetland/wetland_683.jpg,44,wetland
wetland/wetland_684.jpg,44,wetland
wetland/wetland_685.jpg,44,wetland
wetland/wetland_686.jpg,44,wetland
wetland/wetland_687.jpg,44,wetland
wetland/wetland_688.jpg,44,wetland
wetland/wetland_689.jpg,44,wetland
wetland/wetland_690.jpg,44,wetland
wetland/wetland_691.jpg,44,wetland
wetland/wetland_692.jpg,44,wetland
wetland/wetland_694.jpg,44,wetland
wetland/wetland_695.jpg,44,wetland
wetland/wetland_696.jpg,44,wetland
wetland/wetland_697.jpg,44,wetland
wetland/wetland_698.jpg,44,wetland
wetland/wetland_699.jpg,44,wetland
